curve_id,configuration_block,airfoil_label,builder,reynolds_actual,point_index,alpha_deg,cl,cd,source_file,source_line
ST8-PD-001-01,1,AQUILA,OSTRANDER,59400.,1,-1.86,0.261,0.0238,polars/raw/ALL.PD,6
ST8-PD-001-01,1,AQUILA,OSTRANDER,59400.,2,-0.83,0.352,0.0224,polars/raw/ALL.PD,7
ST8-PD-001-01,1,AQUILA,OSTRANDER,59400.,3,0.18,0.445,0.0213,polars/raw/ALL.PD,8
ST8-PD-001-01,1,AQUILA,OSTRANDER,59400.,4,1.20,0.525,0.0224,polars/raw/ALL.PD,9
ST8-PD-001-01,1,AQUILA,OSTRANDER,59400.,5,2.23,0.607,0.0298,polars/raw/ALL.PD,10
ST8-PD-001-01,1,AQUILA,OSTRANDER,59400.,6,3.23,0.686,0.0291,polars/raw/ALL.PD,11
ST8-PD-001-01,1,AQUILA,OSTRANDER,59400.,7,4.26,0.764,0.0354,polars/raw/ALL.PD,12
ST8-PD-001-01,1,AQUILA,OSTRANDER,59400.,8,5.27,0.839,0.0358,polars/raw/ALL.PD,13
ST8-PD-001-01,1,AQUILA,OSTRANDER,59400.,9,6.28,0.911,0.0404,polars/raw/ALL.PD,14
ST8-PD-001-01,1,AQUILA,OSTRANDER,59400.,10,7.30,0.989,0.0373,polars/raw/ALL.PD,15
ST8-PD-001-01,1,AQUILA,OSTRANDER,59400.,11,8.33,1.061,0.0383,polars/raw/ALL.PD,16
ST8-PD-001-01,1,AQUILA,OSTRANDER,59400.,12,9.34,1.120,0.0422,polars/raw/ALL.PD,17
ST8-PD-001-01,1,AQUILA,OSTRANDER,59400.,13,10.34,1.148,0.0507,polars/raw/ALL.PD,18
ST8-PD-001-02,1,AQUILA,OSTRANDER,101100.,1,-1.86,0.251,0.0196,polars/raw/ALL.PD,21
ST8-PD-001-02,1,AQUILA,OSTRANDER,101100.,2,-0.84,0.340,0.0179,polars/raw/ALL.PD,22
ST8-PD-001-02,1,AQUILA,OSTRANDER,101100.,3,0.18,0.450,0.0152,polars/raw/ALL.PD,23
ST8-PD-001-02,1,AQUILA,OSTRANDER,101100.,4,1.21,0.538,0.0153,polars/raw/ALL.PD,24
ST8-PD-001-02,1,AQUILA,OSTRANDER,101100.,5,2.22,0.625,0.0166,polars/raw/ALL.PD,25
ST8-PD-001-02,1,AQUILA,OSTRANDER,101100.,6,3.24,0.726,0.0184,polars/raw/ALL.PD,26
ST8-PD-001-02,1,AQUILA,OSTRANDER,101100.,7,4.27,0.815,0.0197,polars/raw/ALL.PD,27
ST8-PD-001-02,1,AQUILA,OSTRANDER,101100.,8,5.28,0.899,0.0206,polars/raw/ALL.PD,28
ST8-PD-001-02,1,AQUILA,OSTRANDER,101100.,9,6.29,0.984,0.0215,polars/raw/ALL.PD,29
ST8-PD-001-02,1,AQUILA,OSTRANDER,101100.,10,7.33,1.069,0.0239,polars/raw/ALL.PD,30
ST8-PD-001-02,1,AQUILA,OSTRANDER,101100.,11,8.33,1.146,0.0251,polars/raw/ALL.PD,31
ST8-PD-001-02,1,AQUILA,OSTRANDER,101100.,12,9.35,1.215,0.0285,polars/raw/ALL.PD,32
ST8-PD-001-02,1,AQUILA,OSTRANDER,101100.,13,10.36,1.241,0.0359,polars/raw/ALL.PD,33
ST8-PD-001-02,1,AQUILA,OSTRANDER,101100.,14,11.36,1.280,0.0385,polars/raw/ALL.PD,34
ST8-PD-001-02,1,AQUILA,OSTRANDER,101100.,15,12.37,1.298,0.0471,polars/raw/ALL.PD,35
ST8-PD-001-02,1,AQUILA,OSTRANDER,101100.,16,13.37,1.295,0.0573,polars/raw/ALL.PD,36
ST8-PD-001-03,1,AQUILA,OSTRANDER,150500.,1,1.19,0.537,0.0128,polars/raw/ALL.PD,39
ST8-PD-001-03,1,AQUILA,OSTRANDER,150500.,2,3.24,0.732,0.0154,polars/raw/ALL.PD,40
ST8-PD-001-03,1,AQUILA,OSTRANDER,150500.,3,5.28,0.916,0.0176,polars/raw/ALL.PD,41
ST8-PD-001-03,1,AQUILA,OSTRANDER,150500.,4,7.32,1.087,0.0214,polars/raw/ALL.PD,42
ST8-PD-001-03,1,AQUILA,OSTRANDER,150500.,5,8.34,1.159,0.0221,polars/raw/ALL.PD,43
ST8-PD-001-03,1,AQUILA,OSTRANDER,150500.,6,9.36,1.217,0.0245,polars/raw/ALL.PD,44
ST8-PD-001-03,1,AQUILA,OSTRANDER,150500.,7,11.37,1.292,0.0346,polars/raw/ALL.PD,45
ST8-PD-001-04,1,AQUILA,OSTRANDER,203900.,1,-1.89,0.235,0.0162,polars/raw/ALL.PD,48
ST8-PD-001-04,1,AQUILA,OSTRANDER,203900.,2,-0.85,0.336,0.0141,polars/raw/ALL.PD,49
ST8-PD-001-04,1,AQUILA,OSTRANDER,203900.,3,0.17,0.439,0.0128,polars/raw/ALL.PD,50
ST8-PD-001-04,1,AQUILA,OSTRANDER,203900.,4,1.19,0.541,0.0113,polars/raw/ALL.PD,51
ST8-PD-001-04,1,AQUILA,OSTRANDER,203900.,5,2.22,0.641,0.0124,polars/raw/ALL.PD,52
ST8-PD-001-04,1,AQUILA,OSTRANDER,203900.,6,3.26,0.741,0.0130,polars/raw/ALL.PD,53
ST8-PD-001-04,1,AQUILA,OSTRANDER,203900.,7,4.26,0.833,0.0138,polars/raw/ALL.PD,54
ST8-PD-001-04,1,AQUILA,OSTRANDER,203900.,8,5.28,0.921,0.0150,polars/raw/ALL.PD,55
ST8-PD-001-04,1,AQUILA,OSTRANDER,203900.,9,6.31,1.006,0.0170,polars/raw/ALL.PD,56
ST8-PD-001-04,1,AQUILA,OSTRANDER,203900.,10,7.32,1.085,0.0182,polars/raw/ALL.PD,57
ST8-PD-001-04,1,AQUILA,OSTRANDER,203900.,11,8.34,1.156,0.0193,polars/raw/ALL.PD,58
ST8-PD-001-04,1,AQUILA,OSTRANDER,203900.,12,9.35,1.216,0.0222,polars/raw/ALL.PD,59
ST8-PD-001-04,1,AQUILA,OSTRANDER,203900.,13,10.37,1.268,0.0265,polars/raw/ALL.PD,60
ST8-PD-001-04,1,AQUILA,OSTRANDER,203900.,14,11.35,1.302,0.0314,polars/raw/ALL.PD,61
ST8-PD-001-04,1,AQUILA,OSTRANDER,203900.,15,12.37,1.312,0.0356,polars/raw/ALL.PD,62
ST8-PD-001-04,1,AQUILA,OSTRANDER,203900.,16,13.38,1.305,0.0475,polars/raw/ALL.PD,63
ST8-PD-001-04,1,AQUILA,OSTRANDER,203900.,17,14.36,1.292,0.0670,polars/raw/ALL.PD,64
ST8-PD-001-05,1,AQUILA,OSTRANDER,301100.,1,-3.93,0.041,0.0254,polars/raw/ALL.PD,67
ST8-PD-001-05,1,AQUILA,OSTRANDER,301100.,2,-2.91,0.143,0.0187,polars/raw/ALL.PD,68
ST8-PD-001-05,1,AQUILA,OSTRANDER,301100.,3,-1.87,0.248,0.0143,polars/raw/ALL.PD,69
ST8-PD-001-05,1,AQUILA,OSTRANDER,301100.,4,-0.89,0.346,0.0122,polars/raw/ALL.PD,70
ST8-PD-001-05,1,AQUILA,OSTRANDER,301100.,5,0.14,0.448,0.0113,polars/raw/ALL.PD,71
ST8-PD-001-05,1,AQUILA,OSTRANDER,301100.,6,1.13,0.545,0.0091,polars/raw/ALL.PD,72
ST8-PD-001-05,1,AQUILA,OSTRANDER,301100.,7,2.18,0.646,0.0099,polars/raw/ALL.PD,73
ST8-PD-001-05,1,AQUILA,OSTRANDER,301100.,8,3.21,0.742,0.0111,polars/raw/ALL.PD,74
ST8-PD-001-05,1,AQUILA,OSTRANDER,301100.,9,4.23,0.834,0.0119,polars/raw/ALL.PD,75
ST8-PD-001-05,1,AQUILA,OSTRANDER,301100.,10,5.28,0.925,0.0131,polars/raw/ALL.PD,76
ST8-PD-001-05,1,AQUILA,OSTRANDER,301100.,11,6.30,1.010,0.0139,polars/raw/ALL.PD,77
ST8-PD-001-05,1,AQUILA,OSTRANDER,301100.,12,7.32,1.088,0.0152,polars/raw/ALL.PD,78
ST8-PD-002-01,2,CLARK-Y,WATSON/BOREN,61300.,1,-3.95,-.210,0.0282,polars/raw/ALL.PD,87
ST8-PD-002-01,2,CLARK-Y,WATSON/BOREN,61300.,2,-2.92,-.100,0.0269,polars/raw/ALL.PD,88
ST8-PD-002-01,2,CLARK-Y,WATSON/BOREN,61300.,3,-1.90,0.006,0.0223,polars/raw/ALL.PD,89
ST8-PD-002-01,2,CLARK-Y,WATSON/BOREN,61300.,4,-0.88,0.113,0.0252,polars/raw/ALL.PD,90
ST8-PD-002-01,2,CLARK-Y,WATSON/BOREN,61300.,5,0.15,0.245,0.0278,polars/raw/ALL.PD,91
ST8-PD-002-01,2,CLARK-Y,WATSON/BOREN,61300.,6,1.18,0.365,0.0313,polars/raw/ALL.PD,92
ST8-PD-002-01,2,CLARK-Y,WATSON/BOREN,61300.,7,2.20,0.522,0.0324,polars/raw/ALL.PD,93
ST8-PD-002-01,2,CLARK-Y,WATSON/BOREN,61300.,8,3.24,0.646,0.0303,polars/raw/ALL.PD,94
ST8-PD-002-01,2,CLARK-Y,WATSON/BOREN,61300.,9,4.26,0.744,0.0284,polars/raw/ALL.PD,95
ST8-PD-002-01,2,CLARK-Y,WATSON/BOREN,61300.,10,5.28,0.836,0.0271,polars/raw/ALL.PD,96
ST8-PD-002-01,2,CLARK-Y,WATSON/BOREN,61300.,11,6.29,0.918,0.0266,polars/raw/ALL.PD,97
ST8-PD-002-01,2,CLARK-Y,WATSON/BOREN,61300.,12,7.32,1.005,0.0283,polars/raw/ALL.PD,98
ST8-PD-002-01,2,CLARK-Y,WATSON/BOREN,61300.,13,8.33,1.079,0.0305,polars/raw/ALL.PD,99
ST8-PD-002-01,2,CLARK-Y,WATSON/BOREN,61300.,14,9.34,1.152,0.0326,polars/raw/ALL.PD,100
ST8-PD-002-01,2,CLARK-Y,WATSON/BOREN,61300.,15,10.35,1.172,0.0332,polars/raw/ALL.PD,101
ST8-PD-002-01,2,CLARK-Y,WATSON/BOREN,61300.,16,11.34,1.172,0.0364,polars/raw/ALL.PD,102
ST8-PD-002-02,2,CLARK-Y,WATSON/BOREN,102600.,1,-3.94,-.137,0.0228,polars/raw/ALL.PD,105
ST8-PD-002-02,2,CLARK-Y,WATSON/BOREN,102600.,2,-2.92,0.002,0.0208,polars/raw/ALL.PD,106
ST8-PD-002-02,2,CLARK-Y,WATSON/BOREN,102600.,3,-1.87,0.137,0.0198,polars/raw/ALL.PD,107
ST8-PD-002-02,2,CLARK-Y,WATSON/BOREN,102600.,4,-0.85,0.287,0.0189,polars/raw/ALL.PD,108
ST8-PD-002-02,2,CLARK-Y,WATSON/BOREN,102600.,5,0.17,0.399,0.0192,polars/raw/ALL.PD,109
ST8-PD-002-02,2,CLARK-Y,WATSON/BOREN,102600.,6,1.20,0.501,0.0179,polars/raw/ALL.PD,110
ST8-PD-002-02,2,CLARK-Y,WATSON/BOREN,102600.,7,2.21,0.595,0.0184,polars/raw/ALL.PD,111
ST8-PD-002-02,2,CLARK-Y,WATSON/BOREN,102600.,8,3.25,0.691,0.0179,polars/raw/ALL.PD,112
ST8-PD-002-02,2,CLARK-Y,WATSON/BOREN,102600.,9,4.25,0.782,0.0186,polars/raw/ALL.PD,113
ST8-PD-002-02,2,CLARK-Y,WATSON/BOREN,102600.,10,5.28,0.876,0.0190,polars/raw/ALL.PD,114
ST8-PD-002-02,2,CLARK-Y,WATSON/BOREN,102600.,11,6.29,0.963,0.0209,polars/raw/ALL.PD,115
ST8-PD-002-02,2,CLARK-Y,WATSON/BOREN,102600.,12,7.32,1.043,0.0214,polars/raw/ALL.PD,116
ST8-PD-002-02,2,CLARK-Y,WATSON/BOREN,102600.,13,8.34,1.126,0.0225,polars/raw/ALL.PD,117
ST8-PD-002-02,2,CLARK-Y,WATSON/BOREN,102600.,14,9.36,1.198,0.0259,polars/raw/ALL.PD,118
ST8-PD-002-02,2,CLARK-Y,WATSON/BOREN,102600.,15,10.36,1.213,0.0299,polars/raw/ALL.PD,119
ST8-PD-002-02,2,CLARK-Y,WATSON/BOREN,102600.,16,11.35,1.210,0.0383,polars/raw/ALL.PD,120
ST8-PD-002-03,2,CLARK-Y,WATSON/BOREN,203800.,1,-3.96,-.011,0.0143,polars/raw/ALL.PD,123
ST8-PD-002-03,2,CLARK-Y,WATSON/BOREN,203800.,2,-2.90,0.086,0.0128,polars/raw/ALL.PD,124
ST8-PD-002-03,2,CLARK-Y,WATSON/BOREN,203800.,3,-1.91,0.176,0.0120,polars/raw/ALL.PD,125
ST8-PD-002-03,2,CLARK-Y,WATSON/BOREN,203800.,4,-0.85,0.272,0.0097,polars/raw/ALL.PD,126
ST8-PD-002-03,2,CLARK-Y,WATSON/BOREN,203800.,5,0.17,0.399,0.0098,polars/raw/ALL.PD,127
ST8-PD-002-03,2,CLARK-Y,WATSON/BOREN,203800.,6,1.19,0.496,0.0098,polars/raw/ALL.PD,128
ST8-PD-002-03,2,CLARK-Y,WATSON/BOREN,203800.,7,2.22,0.596,0.0104,polars/raw/ALL.PD,129
ST8-PD-002-03,2,CLARK-Y,WATSON/BOREN,203800.,8,3.24,0.691,0.0114,polars/raw/ALL.PD,130
ST8-PD-002-03,2,CLARK-Y,WATSON/BOREN,203800.,9,4.27,0.788,0.0124,polars/raw/ALL.PD,131
ST8-PD-002-03,2,CLARK-Y,WATSON/BOREN,203800.,10,5.28,0.874,0.0134,polars/raw/ALL.PD,132
ST8-PD-002-03,2,CLARK-Y,WATSON/BOREN,203800.,11,6.30,0.960,0.0151,polars/raw/ALL.PD,133
ST8-PD-002-03,2,CLARK-Y,WATSON/BOREN,203800.,12,7.31,1.041,0.0162,polars/raw/ALL.PD,134
ST8-PD-002-03,2,CLARK-Y,WATSON/BOREN,203800.,13,8.34,1.109,0.0187,polars/raw/ALL.PD,135
ST8-PD-002-03,2,CLARK-Y,WATSON/BOREN,203800.,14,9.34,1.147,0.0216,polars/raw/ALL.PD,136
ST8-PD-002-03,2,CLARK-Y,WATSON/BOREN,203800.,15,10.34,1.163,0.0271,polars/raw/ALL.PD,137
ST8-PD-002-03,2,CLARK-Y,WATSON/BOREN,203800.,16,11.35,1.168,0.0349,polars/raw/ALL.PD,138
ST8-PD-002-03,2,CLARK-Y,WATSON/BOREN,203800.,17,12.34,1.170,0.0427,polars/raw/ALL.PD,139
ST8-PD-002-03,2,CLARK-Y,WATSON/BOREN,203800.,18,13.36,1.166,0.0539,polars/raw/ALL.PD,140
ST8-PD-002-03,2,CLARK-Y,WATSON/BOREN,203800.,19,14.35,1.148,0.0724,polars/raw/ALL.PD,141
ST8-PD-002-04,2,CLARK-Y,WATSON/BOREN,301200.,1,-4.93,-.098,0.0136,polars/raw/ALL.PD,144
ST8-PD-002-04,2,CLARK-Y,WATSON/BOREN,301200.,2,-3.91,-.007,0.0120,polars/raw/ALL.PD,145
ST8-PD-002-04,2,CLARK-Y,WATSON/BOREN,301200.,3,-2.90,0.088,0.0110,polars/raw/ALL.PD,146
ST8-PD-002-04,2,CLARK-Y,WATSON/BOREN,301200.,4,-1.87,0.188,0.0103,polars/raw/ALL.PD,147
ST8-PD-002-04,2,CLARK-Y,WATSON/BOREN,301200.,5,-0.86,0.283,0.0092,polars/raw/ALL.PD,148
ST8-PD-002-04,2,CLARK-Y,WATSON/BOREN,301200.,6,0.16,0.407,0.0084,polars/raw/ALL.PD,149
ST8-PD-002-04,2,CLARK-Y,WATSON/BOREN,301200.,7,1.20,0.510,0.0087,polars/raw/ALL.PD,150
ST8-PD-002-04,2,CLARK-Y,WATSON/BOREN,301200.,8,2.23,0.605,0.0095,polars/raw/ALL.PD,151
ST8-PD-002-04,2,CLARK-Y,WATSON/BOREN,301200.,9,3.24,0.699,0.0101,polars/raw/ALL.PD,152
ST8-PD-002-04,2,CLARK-Y,WATSON/BOREN,301200.,10,4.26,0.791,0.0112,polars/raw/ALL.PD,153
ST8-PD-002-04,2,CLARK-Y,WATSON/BOREN,301200.,11,5.29,0.882,0.0120,polars/raw/ALL.PD,154
ST8-PD-003-01,3,DAE51,ILLICK,60400.,1,-2.91,0.041,0.0296,polars/raw/ALL.PD,163
ST8-PD-003-01,3,DAE51,ILLICK,60400.,2,-1.89,0.157,0.0246,polars/raw/ALL.PD,164
ST8-PD-003-01,3,DAE51,ILLICK,60400.,3,-0.87,0.299,0.0227,polars/raw/ALL.PD,165
ST8-PD-003-01,3,DAE51,ILLICK,60400.,4,0.18,0.402,0.0256,polars/raw/ALL.PD,166
ST8-PD-003-01,3,DAE51,ILLICK,60400.,5,1.20,0.481,0.0273,polars/raw/ALL.PD,167
ST8-PD-003-01,3,DAE51,ILLICK,60400.,6,2.22,0.600,0.0281,polars/raw/ALL.PD,168
ST8-PD-003-01,3,DAE51,ILLICK,60400.,7,3.24,0.711,0.0286,polars/raw/ALL.PD,169
ST8-PD-003-01,3,DAE51,ILLICK,60400.,8,4.25,0.794,0.0279,polars/raw/ALL.PD,170
ST8-PD-003-01,3,DAE51,ILLICK,60400.,9,5.29,0.896,0.0247,polars/raw/ALL.PD,171
ST8-PD-003-01,3,DAE51,ILLICK,60400.,10,6.28,0.944,0.0238,polars/raw/ALL.PD,172
ST8-PD-003-01,3,DAE51,ILLICK,60400.,11,7.31,1.015,0.0248,polars/raw/ALL.PD,173
ST8-PD-003-01,3,DAE51,ILLICK,60400.,12,8.31,1.064,0.0399,polars/raw/ALL.PD,174
ST8-PD-003-02,3,DAE51,ILLICK,101400.,1,-2.90,0.116,0.0224,polars/raw/ALL.PD,177
ST8-PD-003-02,3,DAE51,ILLICK,101400.,2,-1.87,0.233,0.0205,polars/raw/ALL.PD,178
ST8-PD-003-02,3,DAE51,ILLICK,101400.,3,-0.84,0.346,0.0197,polars/raw/ALL.PD,179
ST8-PD-003-02,3,DAE51,ILLICK,101400.,4,0.18,0.448,0.0175,polars/raw/ALL.PD,180
ST8-PD-003-02,3,DAE51,ILLICK,101400.,5,1.22,0.546,0.0172,polars/raw/ALL.PD,181
ST8-PD-003-02,3,DAE51,ILLICK,101400.,6,2.22,0.644,0.0190,polars/raw/ALL.PD,182
ST8-PD-003-02,3,DAE51,ILLICK,101400.,7,3.25,0.742,0.0191,polars/raw/ALL.PD,183
ST8-PD-003-02,3,DAE51,ILLICK,101400.,8,4.25,0.834,0.0196,polars/raw/ALL.PD,184
ST8-PD-003-02,3,DAE51,ILLICK,101400.,9,5.29,0.922,0.0198,polars/raw/ALL.PD,185
ST8-PD-003-02,3,DAE51,ILLICK,101400.,10,6.30,1.004,0.0191,polars/raw/ALL.PD,186
ST8-PD-003-02,3,DAE51,ILLICK,101400.,11,7.33,1.065,0.0233,polars/raw/ALL.PD,187
ST8-PD-003-02,3,DAE51,ILLICK,101400.,12,8.32,1.120,0.0311,polars/raw/ALL.PD,188
ST8-PD-003-02,3,DAE51,ILLICK,101400.,13,9.33,1.145,0.0352,polars/raw/ALL.PD,189
ST8-PD-003-02,3,DAE51,ILLICK,101400.,14,10.33,1.166,0.0390,polars/raw/ALL.PD,190
ST8-PD-003-03,3,DAE51,ILLICK,153500.,1,-2.87,0.240,0.0166,polars/raw/ALL.PD,193
ST8-PD-003-03,3,DAE51,ILLICK,153500.,2,-1.84,0.337,0.0134,polars/raw/ALL.PD,194
ST8-PD-003-03,3,DAE51,ILLICK,153500.,3,-0.82,0.426,0.0120,polars/raw/ALL.PD,195
ST8-PD-003-03,3,DAE51,ILLICK,153500.,4,0.20,0.526,0.0115,polars/raw/ALL.PD,196
ST8-PD-003-03,3,DAE51,ILLICK,153500.,5,1.20,0.627,0.0125,polars/raw/ALL.PD,197
ST8-PD-003-03,3,DAE51,ILLICK,153500.,6,2.23,0.730,0.0130,polars/raw/ALL.PD,198
ST8-PD-003-03,3,DAE51,ILLICK,153500.,7,3.27,0.829,0.0145,polars/raw/ALL.PD,199
ST8-PD-003-03,3,DAE51,ILLICK,153500.,8,4.28,0.924,0.0152,polars/raw/ALL.PD,200
ST8-PD-003-03,3,DAE51,ILLICK,153500.,9,5.31,1.014,0.0151,polars/raw/ALL.PD,201
ST8-PD-003-03,3,DAE51,ILLICK,153500.,10,6.31,1.069,0.0194,polars/raw/ALL.PD,202
ST8-PD-003-03,3,DAE51,ILLICK,153500.,11,7.32,1.104,0.0246,polars/raw/ALL.PD,203
ST8-PD-003-03,3,DAE51,ILLICK,153500.,12,8.34,1.135,0.0313,polars/raw/ALL.PD,204
ST8-PD-003-03,3,DAE51,ILLICK,153500.,13,9.35,1.161,0.0388,polars/raw/ALL.PD,205
ST8-PD-003-03,3,DAE51,ILLICK,153500.,14,10.33,1.181,0.0500,polars/raw/ALL.PD,206
ST8-PD-003-03,3,DAE51,ILLICK,153500.,15,11.34,1.191,0.0640,polars/raw/ALL.PD,207
ST8-PD-003-04,3,DAE51,ILLICK,203200.,1,-2.92,0.235,0.0140,polars/raw/ALL.PD,210
ST8-PD-003-04,3,DAE51,ILLICK,203200.,2,-1.86,0.336,0.0121,polars/raw/ALL.PD,211
ST8-PD-003-04,3,DAE51,ILLICK,203200.,3,-0.83,0.427,0.0090,polars/raw/ALL.PD,212
ST8-PD-003-04,3,DAE51,ILLICK,203200.,4,0.17,0.529,0.0099,polars/raw/ALL.PD,213
ST8-PD-003-04,3,DAE51,ILLICK,203200.,5,1.21,0.637,0.0099,polars/raw/ALL.PD,214
ST8-PD-003-04,3,DAE51,ILLICK,203200.,6,2.23,0.740,0.0109,polars/raw/ALL.PD,215
ST8-PD-003-04,3,DAE51,ILLICK,203200.,7,3.27,0.841,0.0119,polars/raw/ALL.PD,216
ST8-PD-003-04,3,DAE51,ILLICK,203200.,8,4.26,0.934,0.0127,polars/raw/ALL.PD,217
ST8-PD-003-04,3,DAE51,ILLICK,203200.,9,5.30,1.015,0.0141,polars/raw/ALL.PD,218
ST8-PD-003-04,3,DAE51,ILLICK,203200.,10,6.31,1.064,0.0184,polars/raw/ALL.PD,219
ST8-PD-003-04,3,DAE51,ILLICK,203200.,11,7.31,1.102,0.0239,polars/raw/ALL.PD,220
ST8-PD-003-04,3,DAE51,ILLICK,203200.,12,8.33,1.138,0.0294,polars/raw/ALL.PD,221
ST8-PD-003-04,3,DAE51,ILLICK,203200.,13,9.35,1.166,0.0372,polars/raw/ALL.PD,222
ST8-PD-003-04,3,DAE51,ILLICK,203200.,14,10.33,1.184,0.0458,polars/raw/ALL.PD,223
ST8-PD-003-04,3,DAE51,ILLICK,203200.,15,11.34,1.186,0.0651,polars/raw/ALL.PD,224
ST8-PD-003-05,3,DAE51,ILLICK,310400.,1,-2.88,0.232,0.0118,polars/raw/ALL.PD,227
ST8-PD-003-05,3,DAE51,ILLICK,310400.,2,-1.84,0.340,0.0104,polars/raw/ALL.PD,228
ST8-PD-003-05,3,DAE51,ILLICK,310400.,3,-0.82,0.438,0.0081,polars/raw/ALL.PD,229
ST8-PD-003-05,3,DAE51,ILLICK,310400.,4,0.17,0.542,0.0078,polars/raw/ALL.PD,230
ST8-PD-003-05,3,DAE51,ILLICK,310400.,5,1.22,0.648,0.0085,polars/raw/ALL.PD,231
ST8-PD-003-05,3,DAE51,ILLICK,310400.,6,2.22,0.748,0.0091,polars/raw/ALL.PD,232
ST8-PD-003-05,3,DAE51,ILLICK,310400.,7,3.26,0.844,0.0101,polars/raw/ALL.PD,233
ST8-PD-003-05,3,DAE51,ILLICK,310400.,8,4.24,0.929,0.0108,polars/raw/ALL.PD,234
ST8-PD-003-05,3,DAE51,ILLICK,310400.,9,5.18,0.991,0.0132,polars/raw/ALL.PD,235
ST8-PD-003-05,3,DAE51,ILLICK,310400.,10,6.28,1.043,0.0181,polars/raw/ALL.PD,236
ST8-PD-003-05,3,DAE51,ILLICK,310400.,11,7.31,1.092,0.0230,polars/raw/ALL.PD,237
ST8-PD-003-05,3,DAE51,ILLICK,310400.,12,8.33,1.133,0.0272,polars/raw/ALL.PD,238
ST8-PD-003-05,3,DAE51,ILLICK,310400.,13,9.34,1.159,0.0344,polars/raw/ALL.PD,239
ST8-PD-003-05,3,DAE51,ILLICK,310400.,14,10.34,1.174,0.0474,polars/raw/ALL.PD,240
ST8-PD-004-01,4,DAE51 THICK T.E.,ILLICK,100100.,1,-2.90,0.177,0.0218,polars/raw/ALL.PD,249
ST8-PD-004-01,4,DAE51 THICK T.E.,ILLICK,100100.,2,-1.37,0.340,0.0164,polars/raw/ALL.PD,250
ST8-PD-004-01,4,DAE51 THICK T.E.,ILLICK,100100.,3,0.18,0.490,0.0179,polars/raw/ALL.PD,251
ST8-PD-004-01,4,DAE51 THICK T.E.,ILLICK,100100.,4,1.72,0.637,0.0188,polars/raw/ALL.PD,252
ST8-PD-004-01,4,DAE51 THICK T.E.,ILLICK,100100.,5,3.26,0.778,0.0208,polars/raw/ALL.PD,253
ST8-PD-004-01,4,DAE51 THICK T.E.,ILLICK,100100.,6,4.77,0.916,0.0209,polars/raw/ALL.PD,254
ST8-PD-004-01,4,DAE51 THICK T.E.,ILLICK,100100.,7,6.31,1.047,0.0202,polars/raw/ALL.PD,255
ST8-PD-004-01,4,DAE51 THICK T.E.,ILLICK,100100.,8,7.82,1.116,0.0268,polars/raw/ALL.PD,256
ST8-PD-004-01,4,DAE51 THICK T.E.,ILLICK,100100.,9,9.34,1.157,0.0367,polars/raw/ALL.PD,257
ST8-PD-004-02,4,DAE51 THICK T.E.,ILLICK,148600.,1,-2.87,0.198,0.0180,polars/raw/ALL.PD,260
ST8-PD-004-02,4,DAE51 THICK T.E.,ILLICK,148600.,2,-1.33,0.337,0.0134,polars/raw/ALL.PD,261
ST8-PD-004-02,4,DAE51 THICK T.E.,ILLICK,148600.,3,0.17,0.481,0.0128,polars/raw/ALL.PD,262
ST8-PD-004-02,4,DAE51 THICK T.E.,ILLICK,148600.,4,1.74,0.638,0.0136,polars/raw/ALL.PD,263
ST8-PD-004-02,4,DAE51 THICK T.E.,ILLICK,148600.,5,3.25,0.787,0.0149,polars/raw/ALL.PD,264
ST8-PD-004-02,4,DAE51 THICK T.E.,ILLICK,148600.,6,4.78,0.932,0.0157,polars/raw/ALL.PD,265
ST8-PD-004-02,4,DAE51 THICK T.E.,ILLICK,148600.,7,6.31,1.045,0.0184,polars/raw/ALL.PD,266
ST8-PD-004-02,4,DAE51 THICK T.E.,ILLICK,148600.,8,7.83,1.117,0.0275,polars/raw/ALL.PD,267
ST8-PD-004-02,4,DAE51 THICK T.E.,ILLICK,148600.,9,9.34,1.167,0.0367,polars/raw/ALL.PD,268
ST8-PD-004-02,4,DAE51 THICK T.E.,ILLICK,148600.,10,10.86,1.194,0.0502,polars/raw/ALL.PD,269
ST8-PD-004-03,4,DAE51 THICK T.E.,ILLICK,197900.,1,-2.89,0.185,0.0158,polars/raw/ALL.PD,272
ST8-PD-004-03,4,DAE51 THICK T.E.,ILLICK,197900.,2,-1.34,0.339,0.0128,polars/raw/ALL.PD,273
ST8-PD-004-03,4,DAE51 THICK T.E.,ILLICK,197900.,3,0.19,0.485,0.0109,polars/raw/ALL.PD,274
ST8-PD-004-03,4,DAE51 THICK T.E.,ILLICK,197900.,4,1.73,0.646,0.0113,polars/raw/ALL.PD,275
ST8-PD-004-03,4,DAE51 THICK T.E.,ILLICK,197900.,5,3.24,0.800,0.0124,polars/raw/ALL.PD,276
ST8-PD-004-03,4,DAE51 THICK T.E.,ILLICK,197900.,6,4.80,0.947,0.0136,polars/raw/ALL.PD,277
ST8-PD-004-03,4,DAE51 THICK T.E.,ILLICK,197900.,7,6.31,1.052,0.0189,polars/raw/ALL.PD,278
ST8-PD-004-03,4,DAE51 THICK T.E.,ILLICK,197900.,8,7.82,1.129,0.0265,polars/raw/ALL.PD,279
ST8-PD-004-03,4,DAE51 THICK T.E.,ILLICK,197900.,9,9.33,1.179,0.0362,polars/raw/ALL.PD,280
ST8-PD-004-04,4,DAE51 THICK T.E.,ILLICK,301600.,1,-2.88,0.175,0.0137,polars/raw/ALL.PD,283
ST8-PD-004-04,4,DAE51 THICK T.E.,ILLICK,301600.,2,-1.36,0.336,0.0115,polars/raw/ALL.PD,284
ST8-PD-004-04,4,DAE51 THICK T.E.,ILLICK,301600.,3,0.17,0.489,0.0087,polars/raw/ALL.PD,285
ST8-PD-004-04,4,DAE51 THICK T.E.,ILLICK,301600.,4,1.71,0.652,0.0094,polars/raw/ALL.PD,286
ST8-PD-004-04,4,DAE51 THICK T.E.,ILLICK,301600.,5,3.23,0.807,0.0103,polars/raw/ALL.PD,287
ST8-PD-004-04,4,DAE51 THICK T.E.,ILLICK,301600.,6,4.78,0.947,0.0126,polars/raw/ALL.PD,288
ST8-PD-004-04,4,DAE51 THICK T.E.,ILLICK,301600.,7,6.29,1.042,0.0188,polars/raw/ALL.PD,289
ST8-PD-004-04,4,DAE51 THICK T.E.,ILLICK,301600.,8,7.81,1.123,0.0245,polars/raw/ALL.PD,290
ST8-PD-004-04,4,DAE51 THICK T.E.,ILLICK,301600.,9,9.34,1.171,0.0350,polars/raw/ALL.PD,291
ST8-PD-004-04,4,DAE51 THICK T.E.,ILLICK,301600.,10,10.85,1.186,0.0550,polars/raw/ALL.PD,292
ST8-PD-004-04,4,DAE51 THICK T.E.,ILLICK,301600.,11,12.34,1.181,0.0757,polars/raw/ALL.PD,293
ST8-PD-005-01,5,DF101,FRASER,58100.,1,-4.99,-.360,0.0240,polars/raw/ALL.PD,302
ST8-PD-005-01,5,DF101,FRASER,58100.,2,-3.97,-.293,0.0195,polars/raw/ALL.PD,303
ST8-PD-005-01,5,DF101,FRASER,58100.,3,-2.95,-.226,0.0174,polars/raw/ALL.PD,304
ST8-PD-005-01,5,DF101,FRASER,58100.,4,-1.92,-.112,0.0173,polars/raw/ALL.PD,305
ST8-PD-005-01,5,DF101,FRASER,58100.,5,-0.89,0.035,0.0175,polars/raw/ALL.PD,306
ST8-PD-005-01,5,DF101,FRASER,58100.,6,0.14,0.202,0.0211,polars/raw/ALL.PD,307
ST8-PD-005-01,5,DF101,FRASER,58100.,7,1.17,0.354,0.0218,polars/raw/ALL.PD,308
ST8-PD-005-01,5,DF101,FRASER,58100.,8,2.20,0.458,0.0221,polars/raw/ALL.PD,309
ST8-PD-005-01,5,DF101,FRASER,58100.,9,3.21,0.541,0.0218,polars/raw/ALL.PD,310
ST8-PD-005-01,5,DF101,FRASER,58100.,10,4.23,0.624,0.0245,polars/raw/ALL.PD,311
ST8-PD-005-01,5,DF101,FRASER,58100.,11,5.24,0.701,0.0270,polars/raw/ALL.PD,312
ST8-PD-005-01,5,DF101,FRASER,58100.,12,6.26,0.775,0.0262,polars/raw/ALL.PD,313
ST8-PD-005-01,5,DF101,FRASER,58100.,13,7.28,0.842,0.0344,polars/raw/ALL.PD,314
ST8-PD-005-01,5,DF101,FRASER,58100.,14,8.29,0.909,0.0358,polars/raw/ALL.PD,315
ST8-PD-005-01,5,DF101,FRASER,58100.,15,9.31,0.970,0.0429,polars/raw/ALL.PD,316
ST8-PD-005-01,5,DF101,FRASER,58100.,16,10.31,1.016,0.0463,polars/raw/ALL.PD,317
ST8-PD-005-02,5,DF101,FRASER,101700.,1,-6.00,-.414,0.0214,polars/raw/ALL.PD,320
ST8-PD-005-02,5,DF101,FRASER,101700.,2,-4.97,-.351,0.0170,polars/raw/ALL.PD,321
ST8-PD-005-02,5,DF101,FRASER,101700.,3,-3.97,-.250,0.0174,polars/raw/ALL.PD,322
ST8-PD-005-02,5,DF101,FRASER,101700.,4,-2.95,-.124,0.0149,polars/raw/ALL.PD,323
ST8-PD-005-02,5,DF101,FRASER,101700.,5,-1.91,0.012,0.0138,polars/raw/ALL.PD,324
ST8-PD-005-02,5,DF101,FRASER,101700.,6,-0.87,0.187,0.0143,polars/raw/ALL.PD,325
ST8-PD-005-02,5,DF101,FRASER,101700.,7,0.16,0.293,0.0152,polars/raw/ALL.PD,326
ST8-PD-005-02,5,DF101,FRASER,101700.,8,1.17,0.375,0.0150,polars/raw/ALL.PD,327
ST8-PD-005-02,5,DF101,FRASER,101700.,9,2.19,0.463,0.0144,polars/raw/ALL.PD,328
ST8-PD-005-02,5,DF101,FRASER,101700.,10,3.21,0.551,0.0159,polars/raw/ALL.PD,329
ST8-PD-005-02,5,DF101,FRASER,101700.,11,4.24,0.640,0.0157,polars/raw/ALL.PD,330
ST8-PD-005-02,5,DF101,FRASER,101700.,12,5.25,0.721,0.0179,polars/raw/ALL.PD,331
ST8-PD-005-02,5,DF101,FRASER,101700.,13,6.26,0.799,0.0184,polars/raw/ALL.PD,332
ST8-PD-005-02,5,DF101,FRASER,101700.,14,7.28,0.875,0.0220,polars/raw/ALL.PD,333
ST8-PD-005-02,5,DF101,FRASER,101700.,15,8.30,0.950,0.0268,polars/raw/ALL.PD,334
ST8-PD-005-02,5,DF101,FRASER,101700.,16,9.32,1.022,0.0297,polars/raw/ALL.PD,335
ST8-PD-005-02,5,DF101,FRASER,101700.,17,10.33,1.074,0.0321,polars/raw/ALL.PD,336
ST8-PD-005-02,5,DF101,FRASER,101700.,18,11.33,1.093,0.0379,polars/raw/ALL.PD,337
ST8-PD-005-02,5,DF101,FRASER,101700.,19,12.33,1.083,0.0500,polars/raw/ALL.PD,338
ST8-PD-005-02,5,DF101,FRASER,101700.,20,13.29,0.841,0.1833,polars/raw/ALL.PD,339
ST8-PD-005-03,5,DF101,FRASER,153700.,1,-5.99,-.417,0.0195,polars/raw/ALL.PD,342
ST8-PD-005-03,5,DF101,FRASER,153700.,2,-4.97,-.331,0.0155,polars/raw/ALL.PD,343
ST8-PD-005-03,5,DF101,FRASER,153700.,3,-3.95,-.194,0.0137,polars/raw/ALL.PD,344
ST8-PD-005-03,5,DF101,FRASER,153700.,4,-2.93,-.067,0.0127,polars/raw/ALL.PD,345
ST8-PD-005-03,5,DF101,FRASER,153700.,5,-1.90,0.036,0.0110,polars/raw/ALL.PD,346
ST8-PD-005-03,5,DF101,FRASER,153700.,6,-0.87,0.167,0.0108,polars/raw/ALL.PD,347
ST8-PD-005-03,5,DF101,FRASER,153700.,7,0.16,0.283,0.0107,polars/raw/ALL.PD,348
ST8-PD-005-03,5,DF101,FRASER,153700.,8,1.17,0.375,0.0110,polars/raw/ALL.PD,349
ST8-PD-005-03,5,DF101,FRASER,153700.,9,2.19,0.469,0.0115,polars/raw/ALL.PD,350
ST8-PD-005-03,5,DF101,FRASER,153700.,10,3.22,0.563,0.0118,polars/raw/ALL.PD,351
ST8-PD-005-03,5,DF101,FRASER,153700.,11,4.23,0.648,0.0126,polars/raw/ALL.PD,352
ST8-PD-005-03,5,DF101,FRASER,153700.,12,5.26,0.730,0.0144,polars/raw/ALL.PD,353
ST8-PD-005-03,5,DF101,FRASER,153700.,13,6.27,0.814,0.0163,polars/raw/ALL.PD,354
ST8-PD-005-03,5,DF101,FRASER,153700.,14,7.29,0.896,0.0182,polars/raw/ALL.PD,355
ST8-PD-005-03,5,DF101,FRASER,153700.,15,8.31,0.974,0.0204,polars/raw/ALL.PD,356
ST8-PD-005-03,5,DF101,FRASER,153700.,16,9.32,1.049,0.0217,polars/raw/ALL.PD,357
ST8-PD-005-03,5,DF101,FRASER,153700.,17,10.33,1.110,0.0238,polars/raw/ALL.PD,358
ST8-PD-005-03,5,DF101,FRASER,153700.,18,11.34,1.141,0.0273,polars/raw/ALL.PD,359
ST8-PD-005-03,5,DF101,FRASER,153700.,19,12.34,1.131,0.0333,polars/raw/ALL.PD,360
ST8-PD-005-03,5,DF101,FRASER,153700.,20,13.34,1.101,0.0420,polars/raw/ALL.PD,361
ST8-PD-005-04,5,DF101,FRASER,201400.,1,-5.99,-.395,0.0152,polars/raw/ALL.PD,364
ST8-PD-005-04,5,DF101,FRASER,201400.,2,-4.97,-.265,0.0126,polars/raw/ALL.PD,365
ST8-PD-005-04,5,DF101,FRASER,201400.,3,-3.93,-.149,0.0102,polars/raw/ALL.PD,366
ST8-PD-005-04,5,DF101,FRASER,201400.,4,-2.92,-.050,0.0105,polars/raw/ALL.PD,367
ST8-PD-005-04,5,DF101,FRASER,201400.,5,-1.89,0.040,0.0100,polars/raw/ALL.PD,368
ST8-PD-005-04,5,DF101,FRASER,201400.,6,-0.88,0.135,0.0093,polars/raw/ALL.PD,369
ST8-PD-005-04,5,DF101,FRASER,201400.,7,0.15,0.283,0.0092,polars/raw/ALL.PD,370
ST8-PD-005-04,5,DF101,FRASER,201400.,8,1.18,0.379,0.0096,polars/raw/ALL.PD,371
ST8-PD-005-04,5,DF101,FRASER,201400.,9,2.20,0.473,0.0103,polars/raw/ALL.PD,372
ST8-PD-005-04,5,DF101,FRASER,201400.,10,3.22,0.564,0.0107,polars/raw/ALL.PD,373
ST8-PD-005-04,5,DF101,FRASER,201400.,11,4.24,0.651,0.0123,polars/raw/ALL.PD,374
ST8-PD-005-04,5,DF101,FRASER,201400.,12,5.25,0.737,0.0139,polars/raw/ALL.PD,375
ST8-PD-005-04,5,DF101,FRASER,201400.,13,6.26,0.819,0.0152,polars/raw/ALL.PD,376
ST8-PD-005-04,5,DF101,FRASER,201400.,14,7.29,0.900,0.0170,polars/raw/ALL.PD,377
ST8-PD-005-04,5,DF101,FRASER,201400.,15,8.30,0.980,0.0188,polars/raw/ALL.PD,378
ST8-PD-005-04,5,DF101,FRASER,201400.,16,9.32,1.055,0.0201,polars/raw/ALL.PD,379
ST8-PD-005-04,5,DF101,FRASER,201400.,17,10.33,1.112,0.0228,polars/raw/ALL.PD,380
ST8-PD-005-04,5,DF101,FRASER,201400.,18,11.34,1.143,0.0275,polars/raw/ALL.PD,381
ST8-PD-005-04,5,DF101,FRASER,201400.,19,12.34,1.134,0.0335,polars/raw/ALL.PD,382
ST8-PD-005-04,5,DF101,FRASER,201400.,20,13.31,1.106,0.0418,polars/raw/ALL.PD,383
ST8-PD-005-04,5,DF101,FRASER,201400.,21,14.31,1.060,0.0603,polars/raw/ALL.PD,384
ST8-PD-005-05,5,DF101,FRASER,305500.,1,-6.00,-.351,0.0145,polars/raw/ALL.PD,387
ST8-PD-005-05,5,DF101,FRASER,305500.,2,-4.96,-.238,0.0118,polars/raw/ALL.PD,388
ST8-PD-005-05,5,DF101,FRASER,305500.,3,-3.94,-.145,0.0106,polars/raw/ALL.PD,389
ST8-PD-005-05,5,DF101,FRASER,305500.,4,-2.93,-.055,0.0101,polars/raw/ALL.PD,390
ST8-PD-005-05,5,DF101,FRASER,305500.,5,-1.90,0.037,0.0094,polars/raw/ALL.PD,391
ST8-PD-005-05,5,DF101,FRASER,305500.,6,-0.88,0.132,0.0086,polars/raw/ALL.PD,392
ST8-PD-005-05,5,DF101,FRASER,305500.,7,0.14,0.235,0.0078,polars/raw/ALL.PD,393
ST8-PD-005-05,5,DF101,FRASER,305500.,8,1.17,0.380,0.0083,polars/raw/ALL.PD,394
ST8-PD-005-05,5,DF101,FRASER,305500.,9,2.19,0.474,0.0089,polars/raw/ALL.PD,395
ST8-PD-005-05,5,DF101,FRASER,305500.,10,3.21,0.562,0.0099,polars/raw/ALL.PD,396
ST8-PD-005-05,5,DF101,FRASER,305500.,11,4.24,0.649,0.0110,polars/raw/ALL.PD,397
ST8-PD-005-05,5,DF101,FRASER,305500.,12,5.25,0.731,0.0123,polars/raw/ALL.PD,398
ST8-PD-005-05,5,DF101,FRASER,305500.,13,6.26,0.815,0.0136,polars/raw/ALL.PD,399
ST8-PD-005-05,5,DF101,FRASER,305500.,14,7.29,0.896,0.0147,polars/raw/ALL.PD,400
ST8-PD-005-05,5,DF101,FRASER,305500.,15,8.31,0.976,0.0162,polars/raw/ALL.PD,401
ST8-PD-005-05,5,DF101,FRASER,305500.,16,9.31,1.048,0.0177,polars/raw/ALL.PD,402
ST8-PD-005-05,5,DF101,FRASER,305500.,17,10.34,1.104,0.0201,polars/raw/ALL.PD,403
ST8-PD-006-01,6,DF102,FRASER,59100.,1,-3.98,-.323,0.0214,polars/raw/ALL.PD,412
ST8-PD-006-01,6,DF102,FRASER,59100.,2,-2.96,-.245,0.0196,polars/raw/ALL.PD,413
ST8-PD-006-01,6,DF102,FRASER,59100.,3,-1.93,-.135,0.0204,polars/raw/ALL.PD,414
ST8-PD-006-01,6,DF102,FRASER,59100.,4,-0.93,-.022,0.0214,polars/raw/ALL.PD,415
ST8-PD-006-01,6,DF102,FRASER,59100.,5,0.12,0.156,0.0227,polars/raw/ALL.PD,416
ST8-PD-006-01,6,DF102,FRASER,59100.,6,1.15,0.338,0.0231,polars/raw/ALL.PD,417
ST8-PD-006-01,6,DF102,FRASER,59100.,7,2.18,0.450,0.0219,polars/raw/ALL.PD,418
ST8-PD-006-01,6,DF102,FRASER,59100.,8,3.19,0.505,0.0223,polars/raw/ALL.PD,419
ST8-PD-006-01,6,DF102,FRASER,59100.,9,4.22,0.598,0.0195,polars/raw/ALL.PD,420
ST8-PD-006-01,6,DF102,FRASER,59100.,10,5.23,0.679,0.0242,polars/raw/ALL.PD,421
ST8-PD-006-01,6,DF102,FRASER,59100.,11,6.25,0.759,0.0322,polars/raw/ALL.PD,422
ST8-PD-006-01,6,DF102,FRASER,59100.,12,7.27,0.826,0.0395,polars/raw/ALL.PD,423
ST8-PD-006-01,6,DF102,FRASER,59100.,13,8.28,0.872,0.0456,polars/raw/ALL.PD,424
ST8-PD-006-01,6,DF102,FRASER,59100.,14,9.27,0.882,0.0455,polars/raw/ALL.PD,425
ST8-PD-006-01,6,DF102,FRASER,59100.,15,10.25,0.767,0.1178,polars/raw/ALL.PD,426
ST8-PD-006-02,6,DF102,FRASER,100200.,1,-3.97,-.294,0.0178,polars/raw/ALL.PD,429
ST8-PD-006-02,6,DF102,FRASER,100200.,2,-2.95,-.181,0.0169,polars/raw/ALL.PD,430
ST8-PD-006-02,6,DF102,FRASER,100200.,3,-1.92,-.047,0.0155,polars/raw/ALL.PD,431
ST8-PD-006-02,6,DF102,FRASER,100200.,4,-0.89,0.136,0.0131,polars/raw/ALL.PD,432
ST8-PD-006-02,6,DF102,FRASER,100200.,5,0.13,0.260,0.0144,polars/raw/ALL.PD,433
ST8-PD-006-02,6,DF102,FRASER,100200.,6,1.16,0.354,0.0146,polars/raw/ALL.PD,434
ST8-PD-006-02,6,DF102,FRASER,100200.,7,2.18,0.440,0.0148,polars/raw/ALL.PD,435
ST8-PD-006-02,6,DF102,FRASER,100200.,8,3.20,0.524,0.0149,polars/raw/ALL.PD,436
ST8-PD-006-02,6,DF102,FRASER,100200.,9,4.23,0.613,0.0160,polars/raw/ALL.PD,437
ST8-PD-006-02,6,DF102,FRASER,100200.,10,5.22,0.688,0.0177,polars/raw/ALL.PD,438
ST8-PD-006-02,6,DF102,FRASER,100200.,11,6.26,0.766,0.0211,polars/raw/ALL.PD,439
ST8-PD-006-02,6,DF102,FRASER,100200.,12,7.26,0.841,0.0242,polars/raw/ALL.PD,440
ST8-PD-006-02,6,DF102,FRASER,100200.,13,8.28,0.908,0.0284,polars/raw/ALL.PD,441
ST8-PD-006-02,6,DF102,FRASER,100200.,14,9.29,0.973,0.0307,polars/raw/ALL.PD,442
ST8-PD-006-02,6,DF102,FRASER,100200.,15,10.32,1.027,0.0401,polars/raw/ALL.PD,443
ST8-PD-006-02,6,DF102,FRASER,100200.,16,11.31,0.938,0.0826,polars/raw/ALL.PD,444
ST8-PD-006-03,6,DF102,FRASER,149100.,1,-3.95,-.235,0.0156,polars/raw/ALL.PD,447
ST8-PD-006-03,6,DF102,FRASER,149100.,2,-2.43,-.053,0.0127,polars/raw/ALL.PD,448
ST8-PD-006-03,6,DF102,FRASER,149100.,3,-0.89,0.115,0.0118,polars/raw/ALL.PD,449
ST8-PD-006-03,6,DF102,FRASER,149100.,4,0.65,0.295,0.0119,polars/raw/ALL.PD,450
ST8-PD-006-03,6,DF102,FRASER,149100.,5,2.17,0.435,0.0122,polars/raw/ALL.PD,451
ST8-PD-006-03,6,DF102,FRASER,149100.,6,3.70,0.571,0.0128,polars/raw/ALL.PD,452
ST8-PD-006-03,6,DF102,FRASER,149100.,7,5.24,0.691,0.0160,polars/raw/ALL.PD,453
ST8-PD-006-03,6,DF102,FRASER,149100.,8,6.76,0.808,0.0193,polars/raw/ALL.PD,454
ST8-PD-006-03,6,DF102,FRASER,149100.,9,8.29,0.923,0.0248,polars/raw/ALL.PD,455
ST8-PD-006-03,6,DF102,FRASER,149100.,10,9.81,1.029,0.0294,polars/raw/ALL.PD,456
ST8-PD-006-03,6,DF102,FRASER,149100.,11,11.32,1.126,0.0327,polars/raw/ALL.PD,457
ST8-PD-006-03,6,DF102,FRASER,149100.,12,12.84,1.202,0.0393,polars/raw/ALL.PD,458
ST8-PD-006-03,6,DF102,FRASER,149100.,13,14.35,1.214,0.0471,polars/raw/ALL.PD,459
ST8-PD-006-04,6,DF102,FRASER,200900.,1,-3.97,-.193,0.0129,polars/raw/ALL.PD,462
ST8-PD-006-04,6,DF102,FRASER,200900.,2,-2.96,-.097,0.0114,polars/raw/ALL.PD,463
ST8-PD-006-04,6,DF102,FRASER,200900.,3,-1.93,-.008,0.0109,polars/raw/ALL.PD,464
ST8-PD-006-04,6,DF102,FRASER,200900.,4,-0.91,0.079,0.0102,polars/raw/ALL.PD,465
ST8-PD-006-04,6,DF102,FRASER,200900.,5,0.13,0.229,0.0095,polars/raw/ALL.PD,466
ST8-PD-006-04,6,DF102,FRASER,200900.,6,1.16,0.338,0.0098,polars/raw/ALL.PD,467
ST8-PD-006-04,6,DF102,FRASER,200900.,7,2.17,0.435,0.0105,polars/raw/ALL.PD,468
ST8-PD-006-04,6,DF102,FRASER,200900.,8,3.19,0.526,0.0111,polars/raw/ALL.PD,469
ST8-PD-006-04,6,DF102,FRASER,200900.,9,4.22,0.612,0.0132,polars/raw/ALL.PD,470
ST8-PD-006-04,6,DF102,FRASER,200900.,10,5.23,0.695,0.0147,polars/raw/ALL.PD,471
ST8-PD-006-04,6,DF102,FRASER,200900.,11,6.26,0.777,0.0165,polars/raw/ALL.PD,472
ST8-PD-006-04,6,DF102,FRASER,200900.,12,7.27,0.855,0.0189,polars/raw/ALL.PD,473
ST8-PD-006-04,6,DF102,FRASER,200900.,13,8.28,0.932,0.0209,polars/raw/ALL.PD,474
ST8-PD-006-04,6,DF102,FRASER,200900.,14,9.31,1.008,0.0238,polars/raw/ALL.PD,475
ST8-PD-006-04,6,DF102,FRASER,200900.,15,10.32,1.079,0.0260,polars/raw/ALL.PD,476
ST8-PD-006-04,6,DF102,FRASER,200900.,16,11.34,1.144,0.0282,polars/raw/ALL.PD,477
ST8-PD-006-04,6,DF102,FRASER,200900.,17,12.34,1.201,0.0316,polars/raw/ALL.PD,478
ST8-PD-006-04,6,DF102,FRASER,200900.,18,13.35,1.237,0.0383,polars/raw/ALL.PD,479
ST8-PD-006-04,6,DF102,FRASER,200900.,19,14.34,1.226,0.0547,polars/raw/ALL.PD,480
ST8-PD-006-04,6,DF102,FRASER,200900.,20,15.33,1.176,0.0462,polars/raw/ALL.PD,481
ST8-PD-006-05,6,DF102,FRASER,300900.,1,-4.03,-.197,0.0107,polars/raw/ALL.PD,484
ST8-PD-006-05,6,DF102,FRASER,300900.,2,-2.97,-.107,0.0105,polars/raw/ALL.PD,485
ST8-PD-006-05,6,DF102,FRASER,300900.,3,-1.93,-.018,0.0095,polars/raw/ALL.PD,486
ST8-PD-006-05,6,DF102,FRASER,300900.,4,-0.91,0.076,0.0091,polars/raw/ALL.PD,487
ST8-PD-006-05,6,DF102,FRASER,300900.,5,0.12,0.171,0.0083,polars/raw/ALL.PD,488
ST8-PD-006-05,6,DF102,FRASER,300900.,6,1.12,0.325,0.0085,polars/raw/ALL.PD,489
ST8-PD-006-05,6,DF102,FRASER,300900.,7,2.16,0.434,0.0091,polars/raw/ALL.PD,490
ST8-PD-006-05,6,DF102,FRASER,300900.,8,3.18,0.525,0.0103,polars/raw/ALL.PD,491
ST8-PD-006-05,6,DF102,FRASER,300900.,9,4.21,0.613,0.0120,polars/raw/ALL.PD,492
ST8-PD-006-05,6,DF102,FRASER,300900.,10,5.24,0.699,0.0135,polars/raw/ALL.PD,493
ST8-PD-006-05,6,DF102,FRASER,300900.,11,6.24,0.780,0.0148,polars/raw/ALL.PD,494
ST8-PD-006-05,6,DF102,FRASER,300900.,12,7.27,0.861,0.0160,polars/raw/ALL.PD,495
ST8-PD-006-05,6,DF102,FRASER,300900.,13,8.28,0.939,0.0176,polars/raw/ALL.PD,496
ST8-PD-006-05,6,DF102,FRASER,300900.,14,9.31,1.016,0.0190,polars/raw/ALL.PD,497
ST8-PD-006-05,6,DF102,FRASER,300900.,15,10.31,1.088,0.0208,polars/raw/ALL.PD,498
ST8-PD-006-05,6,DF102,FRASER,300900.,16,11.34,1.154,0.0232,polars/raw/ALL.PD,499
ST8-PD-006-05,6,DF102,FRASER,300900.,17,12.34,1.213,0.0260,polars/raw/ALL.PD,500
ST8-PD-006-05,6,DF102,FRASER,300900.,18,13.35,1.243,0.0326,polars/raw/ALL.PD,501
ST8-PD-006-05,6,DF102,FRASER,300900.,19,14.35,1.232,0.0488,polars/raw/ALL.PD,502
ST8-PD-007-01,7,DF103,FRASER,62500.,1,-2.98,-.264,0.0184,polars/raw/ALL.PD,511
ST8-PD-007-01,7,DF103,FRASER,62500.,2,-1.43,-.121,0.0194,polars/raw/ALL.PD,512
ST8-PD-007-01,7,DF103,FRASER,62500.,3,0.09,0.137,0.0205,polars/raw/ALL.PD,513
ST8-PD-007-01,7,DF103,FRASER,62500.,4,1.66,0.306,0.0204,polars/raw/ALL.PD,514
ST8-PD-007-01,7,DF103,FRASER,62500.,5,3.19,0.424,0.0203,polars/raw/ALL.PD,515
ST8-PD-007-01,7,DF103,FRASER,62500.,6,4.71,0.556,0.0216,polars/raw/ALL.PD,516
ST8-PD-007-01,7,DF103,FRASER,62500.,7,6.22,0.649,0.0206,polars/raw/ALL.PD,517
ST8-PD-007-01,7,DF103,FRASER,62500.,8,7.77,0.786,0.0270,polars/raw/ALL.PD,518
ST8-PD-007-01,7,DF103,FRASER,62500.,9,9.27,0.856,0.0267,polars/raw/ALL.PD,519
ST8-PD-007-01,7,DF103,FRASER,62500.,10,10.77,0.888,0.0347,polars/raw/ALL.PD,520
ST8-PD-007-02,7,DF103,FRASER,99700.,1,-2.94,-.156,0.0143,polars/raw/ALL.PD,523
ST8-PD-007-02,7,DF103,FRASER,99700.,2,-1.41,0.064,0.0133,polars/raw/ALL.PD,524
ST8-PD-007-02,7,DF103,FRASER,99700.,3,0.13,0.248,0.0140,polars/raw/ALL.PD,525
ST8-PD-007-02,7,DF103,FRASER,99700.,4,1.66,0.381,0.0147,polars/raw/ALL.PD,526
ST8-PD-007-02,7,DF103,FRASER,99700.,5,3.18,0.512,0.0161,polars/raw/ALL.PD,527
ST8-PD-007-02,7,DF103,FRASER,99700.,6,4.73,0.645,0.0188,polars/raw/ALL.PD,528
ST8-PD-007-02,7,DF103,FRASER,99700.,7,6.23,0.763,0.0196,polars/raw/ALL.PD,529
ST8-PD-007-02,7,DF103,FRASER,99700.,8,7.76,0.863,0.0226,polars/raw/ALL.PD,530
ST8-PD-007-02,7,DF103,FRASER,99700.,9,9.29,0.926,0.0293,polars/raw/ALL.PD,531
ST8-PD-007-02,7,DF103,FRASER,99700.,10,10.79,0.961,0.0424,polars/raw/ALL.PD,532
ST8-PD-007-02,7,DF103,FRASER,99700.,11,12.30,0.962,0.0547,polars/raw/ALL.PD,533
ST8-PD-007-03,7,DF103,FRASER,148500.,1,-2.94,-.096,0.0130,polars/raw/ALL.PD,536
ST8-PD-007-03,7,DF103,FRASER,148500.,2,-1.42,0.046,0.0119,polars/raw/ALL.PD,537
ST8-PD-007-03,7,DF103,FRASER,148500.,3,0.13,0.234,0.0109,polars/raw/ALL.PD,538
ST8-PD-007-03,7,DF103,FRASER,148500.,4,1.67,0.373,0.0122,polars/raw/ALL.PD,539
ST8-PD-007-03,7,DF103,FRASER,148500.,5,3.21,0.515,0.0125,polars/raw/ALL.PD,540
ST8-PD-007-03,7,DF103,FRASER,148500.,6,4.74,0.651,0.0147,polars/raw/ALL.PD,541
ST8-PD-007-03,7,DF103,FRASER,148500.,7,6.23,0.771,0.0170,polars/raw/ALL.PD,542
ST8-PD-007-03,7,DF103,FRASER,148500.,8,7.77,0.860,0.0198,polars/raw/ALL.PD,543
ST8-PD-007-03,7,DF103,FRASER,148500.,9,9.27,0.924,0.0266,polars/raw/ALL.PD,544
ST8-PD-007-03,7,DF103,FRASER,148500.,10,10.80,0.960,0.0374,polars/raw/ALL.PD,545
ST8-PD-007-04,7,DF103,FRASER,203200.,1,-2.95,-.111,0.0118,polars/raw/ALL.PD,548
ST8-PD-007-04,7,DF103,FRASER,203200.,2,-1.43,0.021,0.0102,polars/raw/ALL.PD,549
ST8-PD-007-04,7,DF103,FRASER,203200.,3,0.14,0.218,0.0096,polars/raw/ALL.PD,550
ST8-PD-007-04,7,DF103,FRASER,203200.,5,3.18,0.516,0.0109,polars/raw/ALL.PD,552
ST8-PD-007-04,7,DF103,FRASER,203200.,6,4.72,0.657,0.0127,polars/raw/ALL.PD,553
ST8-PD-007-04,7,DF103,FRASER,203200.,7,6.26,0.775,0.0149,polars/raw/ALL.PD,554
ST8-PD-007-04,7,DF103,FRASER,203200.,8,7.77,0.858,0.0183,polars/raw/ALL.PD,555
ST8-PD-007-04,7,DF103,FRASER,203200.,9,9.27,0.923,0.0253,polars/raw/ALL.PD,556
ST8-PD-007-04,7,DF103,FRASER,203200.,10,10.80,0.959,0.0358,polars/raw/ALL.PD,557
ST8-PD-007-04,7,DF103,FRASER,203200.,11,12.28,0.965,0.0586,polars/raw/ALL.PD,558
ST8-PD-007-05,7,DF103,FRASER,304800.,1,-1.98,-.030,0.0096,polars/raw/ALL.PD,561
ST8-PD-007-05,7,DF103,FRASER,304800.,2,-0.44,0.109,0.0083,polars/raw/ALL.PD,562
ST8-PD-007-05,7,DF103,FRASER,304800.,3,1.12,0.314,0.0082,polars/raw/ALL.PD,563
ST8-PD-007-05,7,DF103,FRASER,304800.,4,2.69,0.477,0.0091,polars/raw/ALL.PD,564
ST8-PD-007-05,7,DF103,FRASER,304800.,5,4.21,0.618,0.0102,polars/raw/ALL.PD,565
ST8-PD-007-05,7,DF103,FRASER,304800.,6,5.74,0.740,0.0120,polars/raw/ALL.PD,566
ST8-PD-007-05,7,DF103,FRASER,304800.,7,7.25,0.828,0.0158,polars/raw/ALL.PD,567
ST8-PD-007-05,7,DF103,FRASER,304800.,8,8.78,0.906,0.0208,polars/raw/ALL.PD,568
ST8-PD-007-05,7,DF103,FRASER,304800.,9,10.29,0.960,0.0285,polars/raw/ALL.PD,569
ST8-PD-007-05,7,DF103,FRASER,304800.,10,11.79,0.991,0.0489,polars/raw/ALL.PD,570
ST8-PD-007-05,7,DF103,FRASER,304800.,11,13.29,1.018,0.0894,polars/raw/ALL.PD,571
ST8-PD-008-01,8,E193,KOCH,60200.,1,-3.95,-.202,0.0310,polars/raw/ALL.PD,580
ST8-PD-008-01,8,E193,KOCH,60200.,2,-2.93,-.079,0.0236,polars/raw/ALL.PD,581
ST8-PD-008-01,8,E193,KOCH,60200.,3,-1.90,0.063,0.0196,polars/raw/ALL.PD,582
ST8-PD-008-01,8,E193,KOCH,60200.,4,-0.87,0.211,0.0172,polars/raw/ALL.PD,583
ST8-PD-008-01,8,E193,KOCH,60200.,5,0.16,0.324,0.0197,polars/raw/ALL.PD,584
ST8-PD-008-01,8,E193,KOCH,60200.,6,1.19,0.414,0.0242,polars/raw/ALL.PD,585
ST8-PD-008-01,8,E193,KOCH,60200.,7,2.20,0.501,0.0265,polars/raw/ALL.PD,586
ST8-PD-008-01,8,E193,KOCH,60200.,8,3.21,0.583,0.0292,polars/raw/ALL.PD,587
ST8-PD-008-01,8,E193,KOCH,60200.,9,4.23,0.629,0.0402,polars/raw/ALL.PD,588
ST8-PD-008-01,8,E193,KOCH,60200.,10,5.25,0.741,0.0415,polars/raw/ALL.PD,589
ST8-PD-008-01,8,E193,KOCH,60200.,11,6.29,0.868,0.0388,polars/raw/ALL.PD,590
ST8-PD-008-01,8,E193,KOCH,60200.,12,7.30,0.972,0.0334,polars/raw/ALL.PD,591
ST8-PD-008-01,8,E193,KOCH,60200.,13,8.33,1.062,0.0279,polars/raw/ALL.PD,592
ST8-PD-008-01,8,E193,KOCH,60200.,14,9.33,1.111,0.0282,polars/raw/ALL.PD,593
ST8-PD-008-01,8,E193,KOCH,60200.,15,10.34,1.121,0.0339,polars/raw/ALL.PD,594
ST8-PD-008-01,8,E193,KOCH,60200.,16,11.33,1.128,0.0470,polars/raw/ALL.PD,595
ST8-PD-008-01,8,E193,KOCH,60200.,17,12.34,1.126,0.0560,polars/raw/ALL.PD,596
ST8-PD-008-01,8,E193,KOCH,60200.,18,13.32,1.047,0.0539,polars/raw/ALL.PD,597
ST8-PD-008-02,8,E193,KOCH,97500.,1,-3.95,-.125,0.0197,polars/raw/ALL.PD,600
ST8-PD-008-02,8,E193,KOCH,97500.,2,-2.91,0.004,0.0168,polars/raw/ALL.PD,601
ST8-PD-008-02,8,E193,KOCH,97500.,3,-1.88,0.104,0.0138,polars/raw/ALL.PD,602
ST8-PD-008-02,8,E193,KOCH,97500.,4,-0.87,0.223,0.0134,polars/raw/ALL.PD,603
ST8-PD-008-02,8,E193,KOCH,97500.,5,0.14,0.317,0.0141,polars/raw/ALL.PD,604
ST8-PD-008-02,8,E193,KOCH,97500.,6,1.19,0.412,0.0161,polars/raw/ALL.PD,605
ST8-PD-008-02,8,E193,KOCH,97500.,7,2.20,0.506,0.0190,polars/raw/ALL.PD,606
ST8-PD-008-02,8,E193,KOCH,97500.,8,3.21,0.599,0.0210,polars/raw/ALL.PD,607
ST8-PD-008-02,8,E193,KOCH,97500.,9,4.23,0.687,0.0226,polars/raw/ALL.PD,608
ST8-PD-008-02,8,E193,KOCH,97500.,10,5.26,0.780,0.0234,polars/raw/ALL.PD,609
ST8-PD-008-02,8,E193,KOCH,97500.,11,6.28,0.876,0.0217,polars/raw/ALL.PD,610
ST8-PD-008-02,8,E193,KOCH,97500.,12,7.30,0.972,0.0222,polars/raw/ALL.PD,611
ST8-PD-008-02,8,E193,KOCH,97500.,13,8.33,1.063,0.0216,polars/raw/ALL.PD,612
ST8-PD-008-02,8,E193,KOCH,97500.,14,9.32,1.110,0.0231,polars/raw/ALL.PD,613
ST8-PD-008-02,8,E193,KOCH,97500.,15,10.34,1.119,0.0334,polars/raw/ALL.PD,614
ST8-PD-008-02,8,E193,KOCH,97500.,16,11.34,1.125,0.0402,polars/raw/ALL.PD,615
ST8-PD-008-02,8,E193,KOCH,97500.,17,12.34,1.121,0.0519,polars/raw/ALL.PD,616
ST8-PD-008-03,8,E193,KOCH,204200.,1,-3.94,-.106,0.0148,polars/raw/ALL.PD,619
ST8-PD-008-03,8,E193,KOCH,204200.,2,-2.95,-.017,0.0129,polars/raw/ALL.PD,620
ST8-PD-008-03,8,E193,KOCH,204200.,3,-1.89,0.085,0.0123,polars/raw/ALL.PD,621
ST8-PD-008-03,8,E193,KOCH,204200.,4,-0.88,0.179,0.0106,polars/raw/ALL.PD,622
ST8-PD-008-03,8,E193,KOCH,204200.,5,0.15,0.298,0.0100,polars/raw/ALL.PD,623
ST8-PD-008-03,8,E193,KOCH,204200.,6,1.18,0.401,0.0107,polars/raw/ALL.PD,624
ST8-PD-008-03,8,E193,KOCH,204200.,7,2.19,0.505,0.0112,polars/raw/ALL.PD,625
ST8-PD-008-03,8,E193,KOCH,204200.,8,3.22,0.608,0.0122,polars/raw/ALL.PD,626
ST8-PD-008-03,8,E193,KOCH,204200.,9,4.24,0.706,0.0127,polars/raw/ALL.PD,627
ST8-PD-008-03,8,E193,KOCH,204200.,10,5.26,0.803,0.0134,polars/raw/ALL.PD,628
ST8-PD-008-03,8,E193,KOCH,204200.,11,6.28,0.898,0.0133,polars/raw/ALL.PD,629
ST8-PD-008-03,8,E193,KOCH,204200.,12,7.31,0.980,0.0147,polars/raw/ALL.PD,630
ST8-PD-008-03,8,E193,KOCH,204200.,13,8.31,1.040,0.0177,polars/raw/ALL.PD,631
ST8-PD-008-03,8,E193,KOCH,204200.,14,9.31,1.081,0.0221,polars/raw/ALL.PD,632
ST8-PD-008-03,8,E193,KOCH,204200.,15,10.33,1.103,0.0282,polars/raw/ALL.PD,633
ST8-PD-008-03,8,E193,KOCH,204200.,16,11.34,1.104,0.0326,polars/raw/ALL.PD,634
ST8-PD-008-03,8,E193,KOCH,204200.,17,12.33,1.100,0.0382,polars/raw/ALL.PD,635
ST8-PD-008-04,8,E193,KOCH,303100.,1,-2.92,-.006,0.0115,polars/raw/ALL.PD,638
ST8-PD-008-04,8,E193,KOCH,303100.,2,-1.89,0.097,0.0107,polars/raw/ALL.PD,639
ST8-PD-008-04,8,E193,KOCH,303100.,3,-0.88,0.198,0.0097,polars/raw/ALL.PD,640
ST8-PD-008-04,8,E193,KOCH,303100.,4,0.15,0.315,0.0085,polars/raw/ALL.PD,641
ST8-PD-008-04,8,E193,KOCH,303100.,5,1.16,0.416,0.0088,polars/raw/ALL.PD,642
ST8-PD-008-04,8,E193,KOCH,303100.,6,2.19,0.514,0.0092,polars/raw/ALL.PD,643
ST8-PD-008-04,8,E193,KOCH,303100.,7,3.20,0.616,0.0097,polars/raw/ALL.PD,644
ST8-PD-008-04,8,E193,KOCH,303100.,8,4.24,0.715,0.0107,polars/raw/ALL.PD,645
ST8-PD-008-04,8,E193,KOCH,303100.,9,5.25,0.811,0.0112,polars/raw/ALL.PD,646
ST8-PD-009-01,9,E193 MODIFIED,FOLKENING,100300.,1,-2.93,0.069,0.0192,polars/raw/ALL.PD,655
ST8-PD-009-01,9,E193 MODIFIED,FOLKENING,100300.,2,-0.87,0.262,0.0180,polars/raw/ALL.PD,656
ST8-PD-009-01,9,E193 MODIFIED,FOLKENING,100300.,3,0.15,0.364,0.0179,polars/raw/ALL.PD,657
ST8-PD-009-01,9,E193 MODIFIED,FOLKENING,100300.,4,2.20,0.555,0.0206,polars/raw/ALL.PD,658
ST8-PD-009-01,9,E193 MODIFIED,FOLKENING,100300.,5,4.24,0.745,0.0231,polars/raw/ALL.PD,659
ST8-PD-009-01,9,E193 MODIFIED,FOLKENING,100300.,6,6.29,0.944,0.0228,polars/raw/ALL.PD,660
ST8-PD-009-01,9,E193 MODIFIED,FOLKENING,100300.,7,7.32,1.045,0.0219,polars/raw/ALL.PD,661
ST8-PD-009-01,9,E193 MODIFIED,FOLKENING,100300.,8,8.33,1.133,0.0209,polars/raw/ALL.PD,662
ST8-PD-009-01,9,E193 MODIFIED,FOLKENING,100300.,9,9.35,1.210,0.0227,polars/raw/ALL.PD,663
ST8-PD-009-01,9,E193 MODIFIED,FOLKENING,100300.,10,10.35,1.238,0.0232,polars/raw/ALL.PD,664
ST8-PD-009-02,9,E193 MODIFIED,FOLKENING,149400.,1,-2.89,0.090,0.0143,polars/raw/ALL.PD,667
ST8-PD-009-02,9,E193 MODIFIED,FOLKENING,149400.,2,-0.85,0.277,0.0128,polars/raw/ALL.PD,668
ST8-PD-009-02,9,E193 MODIFIED,FOLKENING,149400.,3,0.18,0.388,0.0131,polars/raw/ALL.PD,669
ST8-PD-009-02,9,E193 MODIFIED,FOLKENING,149400.,4,2.22,0.594,0.0146,polars/raw/ALL.PD,670
ST8-PD-009-02,9,E193 MODIFIED,FOLKENING,149400.,5,4.26,0.795,0.0157,polars/raw/ALL.PD,671
ST8-PD-009-02,9,E193 MODIFIED,FOLKENING,149400.,6,6.30,0.985,0.0174,polars/raw/ALL.PD,672
ST8-PD-009-02,9,E193 MODIFIED,FOLKENING,149400.,7,7.31,1.078,0.0178,polars/raw/ALL.PD,673
ST8-PD-009-02,9,E193 MODIFIED,FOLKENING,149400.,8,8.34,1.164,0.0201,polars/raw/ALL.PD,674
ST8-PD-009-02,9,E193 MODIFIED,FOLKENING,149400.,9,9.36,1.203,0.0260,polars/raw/ALL.PD,675
ST8-PD-009-02,9,E193 MODIFIED,FOLKENING,149400.,10,10.34,1.219,0.0348,polars/raw/ALL.PD,676
ST8-PD-009-03,9,E193 MODIFIED,FOLKENING,207900.,1,-9.03,-.410,0.1195,polars/raw/ALL.PD,679
ST8-PD-009-03,9,E193 MODIFIED,FOLKENING,207900.,2,-8.00,-.366,0.0932,polars/raw/ALL.PD,680
ST8-PD-009-03,9,E193 MODIFIED,FOLKENING,207900.,3,-6.97,-.264,0.0414,polars/raw/ALL.PD,681
ST8-PD-009-03,9,E193 MODIFIED,FOLKENING,207900.,4,-5.97,-.188,0.0194,polars/raw/ALL.PD,682
ST8-PD-009-03,9,E193 MODIFIED,FOLKENING,207900.,5,-5.03,-.111,0.0160,polars/raw/ALL.PD,683
ST8-PD-009-03,9,E193 MODIFIED,FOLKENING,207900.,6,-3.94,-.013,0.0137,polars/raw/ALL.PD,684
ST8-PD-009-03,9,E193 MODIFIED,FOLKENING,207900.,7,-2.89,0.082,0.0122,polars/raw/ALL.PD,685
ST8-PD-009-03,9,E193 MODIFIED,FOLKENING,207900.,8,-1.88,0.181,0.0115,polars/raw/ALL.PD,686
ST8-PD-009-03,9,E193 MODIFIED,FOLKENING,207900.,9,-0.86,0.283,0.0102,polars/raw/ALL.PD,687
ST8-PD-009-03,9,E193 MODIFIED,FOLKENING,207900.,10,0.15,0.392,0.0099,polars/raw/ALL.PD,688
ST8-PD-009-03,9,E193 MODIFIED,FOLKENING,207900.,11,1.20,0.502,0.0101,polars/raw/ALL.PD,689
ST8-PD-009-03,9,E193 MODIFIED,FOLKENING,207900.,12,2.20,0.606,0.0105,polars/raw/ALL.PD,690
ST8-PD-009-03,9,E193 MODIFIED,FOLKENING,207900.,13,3.23,0.710,0.0120,polars/raw/ALL.PD,691
ST8-PD-009-03,9,E193 MODIFIED,FOLKENING,207900.,14,4.26,0.811,0.0127,polars/raw/ALL.PD,692
ST8-PD-009-03,9,E193 MODIFIED,FOLKENING,207900.,15,5.28,0.908,0.0135,polars/raw/ALL.PD,693
ST8-PD-009-03,9,E193 MODIFIED,FOLKENING,207900.,16,6.31,1.003,0.0141,polars/raw/ALL.PD,694
ST8-PD-009-03,9,E193 MODIFIED,FOLKENING,207900.,17,7.33,1.090,0.0158,polars/raw/ALL.PD,695
ST8-PD-009-03,9,E193 MODIFIED,FOLKENING,207900.,18,8.33,1.155,0.0179,polars/raw/ALL.PD,696
ST8-PD-009-03,9,E193 MODIFIED,FOLKENING,207900.,19,9.33,1.185,0.0231,polars/raw/ALL.PD,697
ST8-PD-009-03,9,E193 MODIFIED,FOLKENING,207900.,20,10.34,1.205,0.0287,polars/raw/ALL.PD,698
ST8-PD-009-03,9,E193 MODIFIED,FOLKENING,207900.,21,11.34,1.208,0.0338,polars/raw/ALL.PD,699
ST8-PD-009-04,9,E193 MODIFIED,FOLKENING,307800.,1,-2.91,0.090,0.0111,polars/raw/ALL.PD,702
ST8-PD-009-04,9,E193 MODIFIED,FOLKENING,307800.,2,-1.89,0.192,0.0104,polars/raw/ALL.PD,703
ST8-PD-009-04,9,E193 MODIFIED,FOLKENING,307800.,3,-0.89,0.295,0.0093,polars/raw/ALL.PD,704
ST8-PD-009-04,9,E193 MODIFIED,FOLKENING,307800.,4,0.13,0.397,0.0084,polars/raw/ALL.PD,705
ST8-PD-009-04,9,E193 MODIFIED,FOLKENING,307800.,5,1.17,0.514,0.0085,polars/raw/ALL.PD,706
ST8-PD-009-04,9,E193 MODIFIED,FOLKENING,307800.,6,2.20,0.619,0.0092,polars/raw/ALL.PD,707
ST8-PD-009-04,9,E193 MODIFIED,FOLKENING,307800.,7,3.24,0.720,0.0097,polars/raw/ALL.PD,708
ST8-PD-009-04,9,E193 MODIFIED,FOLKENING,307800.,8,4.25,0.817,0.0107,polars/raw/ALL.PD,709
ST8-PD-009-04,9,E193 MODIFIED,FOLKENING,307800.,9,5.28,0.914,0.0116,polars/raw/ALL.PD,710
ST8-PD-009-04,9,E193 MODIFIED,FOLKENING,307800.,10,6.30,1.004,0.0127,polars/raw/ALL.PD,711
ST8-PD-009-04,9,E193 MODIFIED,FOLKENING,307800.,11,7.31,1.081,0.0138,polars/raw/ALL.PD,712
ST8-PD-009-04,9,E193 MODIFIED,FOLKENING,307800.,12,8.32,1.135,0.0166,polars/raw/ALL.PD,713
ST8-PD-009-04,9,E193 MODIFIED,FOLKENING,307800.,13,9.34,1.164,0.0222,polars/raw/ALL.PD,714
ST8-PD-009-04,9,E193 MODIFIED,FOLKENING,307800.,14,10.35,1.186,0.0270,polars/raw/ALL.PD,715
ST8-PD-009-04,9,E193 MODIFIED,FOLKENING,307800.,15,11.34,1.199,0.0317,polars/raw/ALL.PD,716
ST8-PD-009-04,9,E193 MODIFIED,FOLKENING,307800.,16,12.34,1.212,0.0312,polars/raw/ALL.PD,717
ST8-PD-010-01,10,E205A,BATEY/KUNATH,59800.,1,-3.96,-.220,0.0241,polars/raw/ALL.PD,726
ST8-PD-010-01,10,E205A,BATEY/KUNATH,59800.,2,-2.92,-.101,0.0207,polars/raw/ALL.PD,727
ST8-PD-010-01,10,E205A,BATEY/KUNATH,59800.,3,-1.90,0.080,0.0166,polars/raw/ALL.PD,728
ST8-PD-010-01,10,E205A,BATEY/KUNATH,59800.,4,-0.85,0.207,0.0170,polars/raw/ALL.PD,729
ST8-PD-010-01,10,E205A,BATEY/KUNATH,59800.,5,0.16,0.294,0.0208,polars/raw/ALL.PD,730
ST8-PD-010-01,10,E205A,BATEY/KUNATH,59800.,6,1.17,0.373,0.0247,polars/raw/ALL.PD,731
ST8-PD-010-01,10,E205A,BATEY/KUNATH,59800.,7,2.18,0.449,0.0277,polars/raw/ALL.PD,732
ST8-PD-010-01,10,E205A,BATEY/KUNATH,59800.,8,3.21,0.524,0.0291,polars/raw/ALL.PD,733
ST8-PD-010-01,10,E205A,BATEY/KUNATH,59800.,9,4.22,0.598,0.0340,polars/raw/ALL.PD,734
ST8-PD-010-01,10,E205A,BATEY/KUNATH,59800.,10,5.24,0.665,0.0377,polars/raw/ALL.PD,735
ST8-PD-010-01,10,E205A,BATEY/KUNATH,59800.,11,6.25,0.727,0.0430,polars/raw/ALL.PD,736
ST8-PD-010-01,10,E205A,BATEY/KUNATH,59800.,12,7.28,0.830,0.0389,polars/raw/ALL.PD,737
ST8-PD-010-01,10,E205A,BATEY/KUNATH,59800.,13,8.29,0.915,0.0323,polars/raw/ALL.PD,738
ST8-PD-010-01,10,E205A,BATEY/KUNATH,59800.,14,9.31,0.987,0.0289,polars/raw/ALL.PD,739
ST8-PD-010-01,10,E205A,BATEY/KUNATH,59800.,15,10.32,1.021,0.0289,polars/raw/ALL.PD,740
ST8-PD-010-01,10,E205A,BATEY/KUNATH,59800.,16,11.32,1.034,0.0354,polars/raw/ALL.PD,741
ST8-PD-010-02,10,E205A,BATEY/KUNATH,99500.,1,-3.93,-.144,0.0198,polars/raw/ALL.PD,744
ST8-PD-010-02,10,E205A,BATEY/KUNATH,99500.,2,-2.92,-.019,0.0156,polars/raw/ALL.PD,745
ST8-PD-010-02,10,E205A,BATEY/KUNATH,99500.,3,-1.88,0.098,0.0139,polars/raw/ALL.PD,746
ST8-PD-010-02,10,E205A,BATEY/KUNATH,99500.,4,-0.86,0.197,0.0144,polars/raw/ALL.PD,747
ST8-PD-010-02,10,E205A,BATEY/KUNATH,99500.,5,0.16,0.289,0.0154,polars/raw/ALL.PD,748
ST8-PD-010-02,10,E205A,BATEY/KUNATH,99500.,6,1.18,0.380,0.0177,polars/raw/ALL.PD,749
ST8-PD-010-02,10,E205A,BATEY/KUNATH,99500.,7,2.20,0.468,0.0195,polars/raw/ALL.PD,750
ST8-PD-010-02,10,E205A,BATEY/KUNATH,99500.,8,3.21,0.557,0.0210,polars/raw/ALL.PD,751
ST8-PD-010-02,10,E205A,BATEY/KUNATH,99500.,9,4.23,0.645,0.0217,polars/raw/ALL.PD,752
ST8-PD-010-02,10,E205A,BATEY/KUNATH,99500.,10,5.25,0.732,0.0228,polars/raw/ALL.PD,753
ST8-PD-010-02,10,E205A,BATEY/KUNATH,99500.,11,6.27,0.821,0.0226,polars/raw/ALL.PD,754
ST8-PD-010-02,10,E205A,BATEY/KUNATH,99500.,12,7.29,0.911,0.0225,polars/raw/ALL.PD,755
ST8-PD-010-02,10,E205A,BATEY/KUNATH,99500.,13,8.32,0.993,0.0223,polars/raw/ALL.PD,756
ST8-PD-010-02,10,E205A,BATEY/KUNATH,99500.,14,9.32,1.047,0.0242,polars/raw/ALL.PD,757
ST8-PD-010-02,10,E205A,BATEY/KUNATH,99500.,15,10.33,1.074,0.0288,polars/raw/ALL.PD,758
ST8-PD-010-02,10,E205A,BATEY/KUNATH,99500.,16,11.32,1.083,0.0333,polars/raw/ALL.PD,759
ST8-PD-010-03,10,E205A,BATEY/KUNATH,150600.,1,-1.90,0.048,0.0126,polars/raw/ALL.PD,762
ST8-PD-010-03,10,E205A,BATEY/KUNATH,150600.,2,-0.86,0.180,0.0110,polars/raw/ALL.PD,763
ST8-PD-010-03,10,E205A,BATEY/KUNATH,150600.,3,0.15,0.276,0.0114,polars/raw/ALL.PD,764
ST8-PD-010-03,10,E205A,BATEY/KUNATH,150600.,4,1.16,0.372,0.0123,polars/raw/ALL.PD,765
ST8-PD-010-03,10,E205A,BATEY/KUNATH,150600.,5,3.22,0.564,0.0149,polars/raw/ALL.PD,766
ST8-PD-010-03,10,E205A,BATEY/KUNATH,150600.,6,5.25,0.750,0.0157,polars/raw/ALL.PD,767
ST8-PD-010-03,10,E205A,BATEY/KUNATH,150600.,7,7.30,0.930,0.0173,polars/raw/ALL.PD,768
ST8-PD-010-03,10,E205A,BATEY/KUNATH,150600.,8,8.31,0.996,0.0185,polars/raw/ALL.PD,769
ST8-PD-010-03,10,E205A,BATEY/KUNATH,150600.,9,9.33,1.045,0.0220,polars/raw/ALL.PD,770
ST8-PD-010-03,10,E205A,BATEY/KUNATH,150600.,10,10.33,1.076,0.0259,polars/raw/ALL.PD,771
ST8-PD-010-03,10,E205A,BATEY/KUNATH,150600.,11,11.32,1.076,0.0281,polars/raw/ALL.PD,772
ST8-PD-010-04,10,E205A,BATEY/KUNATH,202100.,1,-4.98,-.265,0.0195,polars/raw/ALL.PD,775
ST8-PD-010-04,10,E205A,BATEY/KUNATH,202100.,2,-3.94,-.161,0.0154,polars/raw/ALL.PD,776
ST8-PD-010-04,10,E205A,BATEY/KUNATH,202100.,3,-2.92,-.072,0.0129,polars/raw/ALL.PD,777
ST8-PD-010-04,10,E205A,BATEY/KUNATH,202100.,4,-1.89,0.024,0.0116,polars/raw/ALL.PD,778
ST8-PD-010-04,10,E205A,BATEY/KUNATH,202100.,5,-0.90,0.120,0.0108,polars/raw/ALL.PD,779
ST8-PD-010-04,10,E205A,BATEY/KUNATH,202100.,6,0.15,0.258,0.0098,polars/raw/ALL.PD,780
ST8-PD-010-04,10,E205A,BATEY/KUNATH,202100.,7,1.16,0.357,0.0106,polars/raw/ALL.PD,781
ST8-PD-010-04,10,E205A,BATEY/KUNATH,202100.,8,2.19,0.455,0.0109,polars/raw/ALL.PD,782
ST8-PD-010-04,10,E205A,BATEY/KUNATH,202100.,9,3.20,0.551,0.0119,polars/raw/ALL.PD,783
ST8-PD-010-04,10,E205A,BATEY/KUNATH,202100.,10,4.24,0.650,0.0128,polars/raw/ALL.PD,784
ST8-PD-010-04,10,E205A,BATEY/KUNATH,202100.,11,5.26,0.743,0.0131,polars/raw/ALL.PD,785
ST8-PD-010-04,10,E205A,BATEY/KUNATH,202100.,12,6.27,0.838,0.0135,polars/raw/ALL.PD,786
ST8-PD-010-04,10,E205A,BATEY/KUNATH,202100.,13,7.30,0.927,0.0143,polars/raw/ALL.PD,787
ST8-PD-010-04,10,E205A,BATEY/KUNATH,202100.,14,8.30,0.995,0.0161,polars/raw/ALL.PD,788
ST8-PD-010-04,10,E205A,BATEY/KUNATH,202100.,15,9.31,1.050,0.0192,polars/raw/ALL.PD,789
ST8-PD-010-04,10,E205A,BATEY/KUNATH,202100.,16,10.32,1.088,0.0230,polars/raw/ALL.PD,790
ST8-PD-010-04,10,E205A,BATEY/KUNATH,202100.,17,11.34,1.090,0.0256,polars/raw/ALL.PD,791
ST8-PD-010-04,10,E205A,BATEY/KUNATH,202100.,18,12.31,1.081,0.0278,polars/raw/ALL.PD,792
ST8-PD-010-05,10,E205A,BATEY/KUNATH,301800.,1,-1.92,0.019,0.0109,polars/raw/ALL.PD,795
ST8-PD-010-05,10,E205A,BATEY/KUNATH,301800.,2,-0.88,0.117,0.0101,polars/raw/ALL.PD,796
ST8-PD-010-05,10,E205A,BATEY/KUNATH,301800.,3,0.14,0.244,0.0084,polars/raw/ALL.PD,797
ST8-PD-010-05,10,E205A,BATEY/KUNATH,301800.,4,1.16,0.357,0.0091,polars/raw/ALL.PD,798
ST8-PD-010-05,10,E205A,BATEY/KUNATH,301800.,5,2.19,0.457,0.0093,polars/raw/ALL.PD,799
ST8-PD-010-05,10,E205A,BATEY/KUNATH,301800.,6,3.21,0.555,0.0099,polars/raw/ALL.PD,800
ST8-PD-010-05,10,E205A,BATEY/KUNATH,301800.,7,4.22,0.652,0.0103,polars/raw/ALL.PD,801
ST8-PD-010-05,10,E205A,BATEY/KUNATH,301800.,8,5.25,0.748,0.0112,polars/raw/ALL.PD,802
ST8-PD-010-05,10,E205A,BATEY/KUNATH,301800.,9,6.27,0.840,0.0118,polars/raw/ALL.PD,803
ST8-PD-010-05,10,E205A,BATEY/KUNATH,301800.,10,7.28,0.916,0.0133,polars/raw/ALL.PD,804
ST8-PD-010-05,10,E205A,BATEY/KUNATH,301800.,11,8.31,0.979,0.0160,polars/raw/ALL.PD,805
ST8-PD-011-01,11,E205B,REED,63600.,1,-4.94,-.193,0.0252,polars/raw/ALL.PD,814
ST8-PD-011-01,11,E205B,REED,63600.,2,-3.94,-.108,0.0186,polars/raw/ALL.PD,815
ST8-PD-011-01,11,E205B,REED,63600.,3,-2.92,0.014,0.0152,polars/raw/ALL.PD,816
ST8-PD-011-01,11,E205B,REED,63600.,4,-1.88,0.154,0.0126,polars/raw/ALL.PD,817
ST8-PD-011-01,11,E205B,REED,63600.,5,-0.84,0.279,0.0185,polars/raw/ALL.PD,818
ST8-PD-011-01,11,E205B,REED,63600.,6,0.16,0.372,0.0225,polars/raw/ALL.PD,819
ST8-PD-011-01,11,E205B,REED,63600.,7,1.18,0.456,0.0248,polars/raw/ALL.PD,820
ST8-PD-011-01,11,E205B,REED,63600.,8,2.21,0.532,0.0277,polars/raw/ALL.PD,821
ST8-PD-011-01,11,E205B,REED,63600.,9,3.22,0.625,0.0336,polars/raw/ALL.PD,822
ST8-PD-011-01,11,E205B,REED,63600.,10,4.24,0.718,0.0324,polars/raw/ALL.PD,823
ST8-PD-011-01,11,E205B,REED,63600.,11,5.26,0.809,0.0300,polars/raw/ALL.PD,824
ST8-PD-011-01,11,E205B,REED,63600.,12,6.28,0.882,0.0302,polars/raw/ALL.PD,825
ST8-PD-011-01,11,E205B,REED,63600.,13,7.29,0.967,0.0287,polars/raw/ALL.PD,826
ST8-PD-011-01,11,E205B,REED,63600.,14,8.32,1.031,0.0267,polars/raw/ALL.PD,827
ST8-PD-011-01,11,E205B,REED,63600.,15,9.32,1.054,0.0280,polars/raw/ALL.PD,828
ST8-PD-011-01,11,E205B,REED,63600.,16,10.33,1.061,0.0456,polars/raw/ALL.PD,829
ST8-PD-011-02,11,E205B,REED,105200.,1,-5.99,-.282,0.0277,polars/raw/ALL.PD,832
ST8-PD-011-02,11,E205B,REED,105200.,2,-4.95,-.172,0.0200,polars/raw/ALL.PD,833
ST8-PD-011-02,11,E205B,REED,105200.,3,-3.91,-.041,0.0154,polars/raw/ALL.PD,834
ST8-PD-011-02,11,E205B,REED,105200.,4,-2.89,0.082,0.0136,polars/raw/ALL.PD,835
ST8-PD-011-02,11,E205B,REED,105200.,5,-1.87,0.194,0.0135,polars/raw/ALL.PD,836
ST8-PD-011-02,11,E205B,REED,105200.,6,-0.85,0.294,0.0162,polars/raw/ALL.PD,837
ST8-PD-011-02,11,E205B,REED,105200.,7,0.17,0.378,0.0171,polars/raw/ALL.PD,838
ST8-PD-011-02,11,E205B,REED,105200.,8,1.19,0.464,0.0190,polars/raw/ALL.PD,839
ST8-PD-011-02,11,E205B,REED,105200.,9,2.22,0.563,0.0195,polars/raw/ALL.PD,840
ST8-PD-011-02,11,E205B,REED,105200.,10,3.23,0.651,0.0207,polars/raw/ALL.PD,841
ST8-PD-011-02,11,E205B,REED,105200.,11,4.25,0.736,0.0205,polars/raw/ALL.PD,842
ST8-PD-011-02,11,E205B,REED,105200.,12,5.28,0.817,0.0219,polars/raw/ALL.PD,843
ST8-PD-011-02,11,E205B,REED,105200.,13,6.28,0.912,0.0210,polars/raw/ALL.PD,844
ST8-PD-011-02,11,E205B,REED,105200.,14,7.31,1.005,0.0210,polars/raw/ALL.PD,845
ST8-PD-011-02,11,E205B,REED,105200.,15,8.31,1.049,0.0258,polars/raw/ALL.PD,846
ST8-PD-011-02,11,E205B,REED,105200.,16,9.31,1.059,0.0343,polars/raw/ALL.PD,847
ST8-PD-011-03,11,E205B,REED,151100.,1,-6.00,-.261,0.0235,polars/raw/ALL.PD,850
ST8-PD-011-03,11,E205B,REED,151100.,2,-4.94,-.137,0.0181,polars/raw/ALL.PD,851
ST8-PD-011-03,11,E205B,REED,151100.,3,-3.92,-.018,0.0138,polars/raw/ALL.PD,852
ST8-PD-011-03,11,E205B,REED,151100.,4,-2.89,0.070,0.0118,polars/raw/ALL.PD,853
ST8-PD-011-03,11,E205B,REED,151100.,5,-1.88,0.160,0.0099,polars/raw/ALL.PD,854
ST8-PD-011-03,11,E205B,REED,151100.,6,-0.87,0.268,0.0104,polars/raw/ALL.PD,855
ST8-PD-011-03,11,E205B,REED,151100.,7,0.15,0.366,0.0117,polars/raw/ALL.PD,856
ST8-PD-011-03,11,E205B,REED,151100.,8,1.19,0.468,0.0134,polars/raw/ALL.PD,857
ST8-PD-011-03,11,E205B,REED,151100.,9,2.21,0.569,0.0148,polars/raw/ALL.PD,858
ST8-PD-011-03,11,E205B,REED,151100.,10,3.22,0.662,0.0158,polars/raw/ALL.PD,859
ST8-PD-011-03,11,E205B,REED,151100.,11,4.24,0.763,0.0166,polars/raw/ALL.PD,860
ST8-PD-011-03,11,E205B,REED,151100.,12,5.27,0.861,0.0171,polars/raw/ALL.PD,861
ST8-PD-011-03,11,E205B,REED,151100.,13,6.30,0.956,0.0175,polars/raw/ALL.PD,862
ST8-PD-011-03,11,E205B,REED,151100.,14,7.30,1.027,0.0192,polars/raw/ALL.PD,863
ST8-PD-011-03,11,E205B,REED,151100.,15,8.33,1.065,0.0275,polars/raw/ALL.PD,864
ST8-PD-011-03,11,E205B,REED,151100.,16,9.33,1.082,0.0338,polars/raw/ALL.PD,865
ST8-PD-011-03,11,E205B,REED,151100.,17,10.32,1.076,0.0584,polars/raw/ALL.PD,866
ST8-PD-011-04,11,E205B,REED,206600.,1,-4.95,-.131,0.0149,polars/raw/ALL.PD,869
ST8-PD-011-04,11,E205B,REED,206600.,2,-3.91,-.031,0.0127,polars/raw/ALL.PD,870
ST8-PD-011-04,11,E205B,REED,206600.,3,-2.91,0.061,0.0108,polars/raw/ALL.PD,871
ST8-PD-011-04,11,E205B,REED,206600.,4,-1.88,0.149,0.0093,polars/raw/ALL.PD,872
ST8-PD-011-04,11,E205B,REED,206600.,5,-0.87,0.258,0.0092,polars/raw/ALL.PD,873
ST8-PD-011-04,11,E205B,REED,206600.,6,0.15,0.361,0.0098,polars/raw/ALL.PD,874
ST8-PD-011-04,11,E205B,REED,206600.,7,1.19,0.467,0.0111,polars/raw/ALL.PD,875
ST8-PD-011-04,11,E205B,REED,206600.,8,2.20,0.570,0.0120,polars/raw/ALL.PD,876
ST8-PD-011-04,11,E205B,REED,206600.,9,3.24,0.675,0.0132,polars/raw/ALL.PD,877
ST8-PD-011-04,11,E205B,REED,206600.,10,4.24,0.775,0.0136,polars/raw/ALL.PD,878
ST8-PD-011-04,11,E205B,REED,206600.,11,5.28,0.875,0.0138,polars/raw/ALL.PD,879
ST8-PD-011-04,11,E205B,REED,206600.,12,6.28,0.960,0.0145,polars/raw/ALL.PD,880
ST8-PD-011-04,11,E205B,REED,206600.,13,7.31,1.024,0.0175,polars/raw/ALL.PD,881
ST8-PD-011-04,11,E205B,REED,206600.,14,8.32,1.068,0.0242,polars/raw/ALL.PD,882
ST8-PD-011-04,11,E205B,REED,206600.,15,9.32,1.091,0.0313,polars/raw/ALL.PD,883
ST8-PD-011-04,11,E205B,REED,206600.,16,10.32,1.088,0.0439,polars/raw/ALL.PD,884
ST8-PD-011-04,11,E205B,REED,206600.,17,11.31,1.081,0.0588,polars/raw/ALL.PD,885
ST8-PD-011-05,11,E205B,REED,304300.,1,-5.98,-.221,0.0171,polars/raw/ALL.PD,888
ST8-PD-011-05,11,E205B,REED,304300.,2,-4.95,-.129,0.0136,polars/raw/ALL.PD,889
ST8-PD-011-05,11,E205B,REED,304300.,3,-3.95,-.040,0.0120,polars/raw/ALL.PD,890
ST8-PD-011-05,11,E205B,REED,304300.,4,-2.92,0.051,0.0106,polars/raw/ALL.PD,891
ST8-PD-011-05,11,E205B,REED,304300.,5,-1.90,0.156,0.0095,polars/raw/ALL.PD,892
ST8-PD-011-05,11,E205B,REED,304300.,6,-0.86,0.255,0.0081,polars/raw/ALL.PD,893
ST8-PD-011-05,11,E205B,REED,304300.,7,0.16,0.367,0.0082,polars/raw/ALL.PD,894
ST8-PD-011-05,11,E205B,REED,304300.,8,1.19,0.473,0.0089,polars/raw/ALL.PD,895
ST8-PD-011-05,11,E205B,REED,304300.,9,2.20,0.578,0.0094,polars/raw/ALL.PD,896
ST8-PD-011-05,11,E205B,REED,304300.,10,3.24,0.684,0.0104,polars/raw/ALL.PD,897
ST8-PD-011-05,11,E205B,REED,304300.,11,4.24,0.782,0.0110,polars/raw/ALL.PD,898
ST8-PD-011-05,11,E205B,REED,304300.,12,5.28,0.877,0.0116,polars/raw/ALL.PD,899
ST8-PD-011-05,11,E205B,REED,304300.,13,6.28,0.957,0.0134,polars/raw/ALL.PD,900
ST8-PD-011-05,11,E205B,REED,304300.,14,7.30,1.017,0.0172,polars/raw/ALL.PD,901
ST8-PD-011-05,11,E205B,REED,304300.,15,8.31,1.068,0.0222,polars/raw/ALL.PD,902
ST8-PD-011-05,11,E205B,REED,304300.,16,9.33,1.099,0.0280,polars/raw/ALL.PD,903
ST8-PD-011-05,11,E205B,REED,304300.,17,10.32,1.096,0.0463,polars/raw/ALL.PD,904
ST8-PD-011-05,11,E205B,REED,304300.,18,11.31,1.083,0.0758,polars/raw/ALL.PD,905
ST8-PD-011-05,11,E205B,REED,304300.,19,12.30,1.066,0.1016,polars/raw/ALL.PD,906
ST8-PD-012-01,12,E214A,LUCKENBACH,101600.,1,-7.00,-.398,0.0727,polars/raw/ALL.PD,915
ST8-PD-012-01,12,E214A,LUCKENBACH,101600.,2,-5.99,-.364,0.0582,polars/raw/ALL.PD,916
ST8-PD-012-01,12,E214A,LUCKENBACH,101600.,3,-4.97,-.271,0.0369,polars/raw/ALL.PD,917
ST8-PD-012-01,12,E214A,LUCKENBACH,101600.,4,-3.95,-.126,0.0293,polars/raw/ALL.PD,918
ST8-PD-012-01,12,E214A,LUCKENBACH,101600.,5,-2.91,0.006,0.0227,polars/raw/ALL.PD,919
ST8-PD-012-01,12,E214A,LUCKENBACH,101600.,6,-1.88,0.136,0.0200,polars/raw/ALL.PD,920
ST8-PD-012-01,12,E214A,LUCKENBACH,101600.,7,-0.86,0.260,0.0210,polars/raw/ALL.PD,921
ST8-PD-012-01,12,E214A,LUCKENBACH,101600.,8,0.17,0.392,0.0212,polars/raw/ALL.PD,922
ST8-PD-012-01,12,E214A,LUCKENBACH,101600.,9,1.20,0.523,0.0197,polars/raw/ALL.PD,923
ST8-PD-012-01,12,E214A,LUCKENBACH,101600.,10,2.23,0.636,0.0198,polars/raw/ALL.PD,924
ST8-PD-012-01,12,E214A,LUCKENBACH,101600.,11,3.25,0.734,0.0182,polars/raw/ALL.PD,925
ST8-PD-012-01,12,E214A,LUCKENBACH,101600.,12,4.26,0.828,0.0200,polars/raw/ALL.PD,926
ST8-PD-012-01,12,E214A,LUCKENBACH,101600.,13,5.28,0.917,0.0196,polars/raw/ALL.PD,927
ST8-PD-012-01,12,E214A,LUCKENBACH,101600.,14,6.30,1.002,0.0209,polars/raw/ALL.PD,928
ST8-PD-012-01,12,E214A,LUCKENBACH,101600.,15,7.33,1.094,0.0201,polars/raw/ALL.PD,929
ST8-PD-012-01,12,E214A,LUCKENBACH,101600.,16,8.34,1.176,0.0227,polars/raw/ALL.PD,930
ST8-PD-012-01,12,E214A,LUCKENBACH,101600.,17,9.35,1.230,0.0260,polars/raw/ALL.PD,931
ST8-PD-012-01,12,E214A,LUCKENBACH,101600.,18,10.35,1.247,0.0382,polars/raw/ALL.PD,932
ST8-PD-012-01,12,E214A,LUCKENBACH,101600.,19,11.37,1.255,0.0498,polars/raw/ALL.PD,933
ST8-PD-012-01,12,E214A,LUCKENBACH,101600.,20,12.37,1.247,0.0665,polars/raw/ALL.PD,934
ST8-PD-012-02,12,E214A,LUCKENBACH,146700.,1,-4.95,-.109,0.0263,polars/raw/ALL.PD,937
ST8-PD-012-02,12,E214A,LUCKENBACH,146700.,2,-3.39,0.084,0.0180,polars/raw/ALL.PD,938
ST8-PD-012-02,12,E214A,LUCKENBACH,146700.,3,-1.86,0.273,0.0139,polars/raw/ALL.PD,939
ST8-PD-012-02,12,E214A,LUCKENBACH,146700.,4,-0.34,0.417,0.0120,polars/raw/ALL.PD,940
ST8-PD-012-02,12,E214A,LUCKENBACH,146700.,5,1.20,0.566,0.0122,polars/raw/ALL.PD,941
ST8-PD-012-02,12,E214A,LUCKENBACH,146700.,6,2.75,0.728,0.0130,polars/raw/ALL.PD,942
ST8-PD-012-02,12,E214A,LUCKENBACH,146700.,7,4.27,0.882,0.0145,polars/raw/ALL.PD,943
ST8-PD-012-02,12,E214A,LUCKENBACH,146700.,8,5.79,1.025,0.0172,polars/raw/ALL.PD,944
ST8-PD-012-02,12,E214A,LUCKENBACH,146700.,9,7.33,1.163,0.0183,polars/raw/ALL.PD,945
ST8-PD-012-02,12,E214A,LUCKENBACH,146700.,10,8.86,1.264,0.0221,polars/raw/ALL.PD,946
ST8-PD-012-02,12,E214A,LUCKENBACH,146700.,11,10.37,1.305,0.0338,polars/raw/ALL.PD,947
ST8-PD-012-02,12,E214A,LUCKENBACH,146700.,12,11.86,1.303,0.0547,polars/raw/ALL.PD,948
ST8-PD-012-02,12,E214A,LUCKENBACH,146700.,13,13.36,1.267,0.0817,polars/raw/ALL.PD,949
ST8-PD-012-03,12,E214A,LUCKENBACH,201800.,1,-7.00,-.350,0.0864,polars/raw/ALL.PD,952
ST8-PD-012-03,12,E214A,LUCKENBACH,201800.,2,-6.02,-.209,0.0481,polars/raw/ALL.PD,953
ST8-PD-012-03,12,E214A,LUCKENBACH,201800.,3,-4.99,-.060,0.0227,polars/raw/ALL.PD,954
ST8-PD-012-03,12,E214A,LUCKENBACH,201800.,4,-3.94,0.070,0.0175,polars/raw/ALL.PD,955
ST8-PD-012-03,12,E214A,LUCKENBACH,201800.,5,-2.88,0.193,0.0146,polars/raw/ALL.PD,956
ST8-PD-012-03,12,E214A,LUCKENBACH,201800.,6,-1.89,0.301,0.0116,polars/raw/ALL.PD,957
ST8-PD-012-03,12,E214A,LUCKENBACH,201800.,7,-0.84,0.407,0.0113,polars/raw/ALL.PD,958
ST8-PD-012-03,12,E214A,LUCKENBACH,201800.,8,0.16,0.505,0.0108,polars/raw/ALL.PD,959
ST8-PD-012-03,12,E214A,LUCKENBACH,201800.,9,1.16,0.600,0.0101,polars/raw/ALL.PD,960
ST8-PD-012-03,12,E214A,LUCKENBACH,201800.,10,2.13,0.696,0.0108,polars/raw/ALL.PD,961
ST8-PD-012-03,12,E214A,LUCKENBACH,201800.,11,3.24,0.806,0.0112,polars/raw/ALL.PD,962
ST8-PD-012-03,12,E214A,LUCKENBACH,201800.,12,4.23,0.899,0.0115,polars/raw/ALL.PD,963
ST8-PD-012-03,12,E214A,LUCKENBACH,201800.,13,5.29,0.997,0.0128,polars/raw/ALL.PD,964
ST8-PD-012-03,12,E214A,LUCKENBACH,201800.,14,6.30,1.087,0.0141,polars/raw/ALL.PD,965
ST8-PD-012-03,12,E214A,LUCKENBACH,201800.,15,7.30,1.169,0.0159,polars/raw/ALL.PD,966
ST8-PD-012-03,12,E214A,LUCKENBACH,201800.,16,8.34,1.235,0.0178,polars/raw/ALL.PD,967
ST8-PD-012-03,12,E214A,LUCKENBACH,201800.,17,9.36,1.278,0.0244,polars/raw/ALL.PD,968
ST8-PD-012-03,12,E214A,LUCKENBACH,201800.,18,10.36,1.301,0.0302,polars/raw/ALL.PD,969
ST8-PD-012-03,12,E214A,LUCKENBACH,201800.,19,11.37,1.305,0.0423,polars/raw/ALL.PD,970
ST8-PD-012-03,12,E214A,LUCKENBACH,201800.,20,12.38,1.291,0.0674,polars/raw/ALL.PD,971
ST8-PD-012-04,12,E214A,LUCKENBACH,299000.,1,-4.93,-.029,0.0177,polars/raw/ALL.PD,974
ST8-PD-012-04,12,E214A,LUCKENBACH,299000.,2,-3.90,0.075,0.0133,polars/raw/ALL.PD,975
ST8-PD-012-04,12,E214A,LUCKENBACH,299000.,3,-2.89,0.176,0.0118,polars/raw/ALL.PD,976
ST8-PD-012-04,12,E214A,LUCKENBACH,299000.,4,-1.86,0.283,0.0106,polars/raw/ALL.PD,977
ST8-PD-012-04,12,E214A,LUCKENBACH,299000.,5,-0.84,0.392,0.0090,polars/raw/ALL.PD,978
ST8-PD-012-04,12,E214A,LUCKENBACH,299000.,6,0.19,0.496,0.0090,polars/raw/ALL.PD,979
ST8-PD-012-04,12,E214A,LUCKENBACH,299000.,7,1.19,0.594,0.0086,polars/raw/ALL.PD,980
ST8-PD-012-04,12,E214A,LUCKENBACH,299000.,8,2.23,0.692,0.0091,polars/raw/ALL.PD,981
ST8-PD-012-04,12,E214A,LUCKENBACH,299000.,9,3.25,0.795,0.0101,polars/raw/ALL.PD,982
ST8-PD-012-04,12,E214A,LUCKENBACH,299000.,10,4.26,0.893,0.0110,polars/raw/ALL.PD,983
ST8-PD-012-04,12,E214A,LUCKENBACH,299000.,11,5.28,0.988,0.0123,polars/raw/ALL.PD,984
ST8-PD-012-04,12,E214A,LUCKENBACH,299000.,12,6.30,1.076,0.0133,polars/raw/ALL.PD,985
ST8-PD-012-04,12,E214A,LUCKENBACH,299000.,13,7.28,1.147,0.0151,polars/raw/ALL.PD,986
ST8-PD-012-04,12,E214A,LUCKENBACH,299000.,14,8.31,1.209,0.0179,polars/raw/ALL.PD,987
ST8-PD-012-04,12,E214A,LUCKENBACH,299000.,15,9.32,1.255,0.0233,polars/raw/ALL.PD,988
ST8-PD-013-01,13,E214B,SAWYER,59800.,1,-5.98,-.383,0.0763,polars/raw/ALL.PD,997
ST8-PD-013-01,13,E214B,SAWYER,59800.,2,-4.97,-.243,0.0435,polars/raw/ALL.PD,998
ST8-PD-013-01,13,E214B,SAWYER,59800.,3,-3.94,-.108,0.0327,polars/raw/ALL.PD,999
ST8-PD-013-01,13,E214B,SAWYER,59800.,4,-2.90,0.010,0.0274,polars/raw/ALL.PD,1000
ST8-PD-013-01,13,E214B,SAWYER,59800.,5,-1.87,0.118,0.0235,polars/raw/ALL.PD,1001
ST8-PD-013-01,13,E214B,SAWYER,59800.,6,-0.86,0.199,0.0247,polars/raw/ALL.PD,1002
ST8-PD-013-01,13,E214B,SAWYER,59800.,7,0.16,0.327,0.0296,polars/raw/ALL.PD,1003
ST8-PD-013-01,13,E214B,SAWYER,59800.,8,1.19,0.493,0.0308,polars/raw/ALL.PD,1004
ST8-PD-013-01,13,E214B,SAWYER,59800.,9,2.22,0.567,0.0364,polars/raw/ALL.PD,1005
ST8-PD-013-01,13,E214B,SAWYER,59800.,10,3.23,0.672,0.0407,polars/raw/ALL.PD,1006
ST8-PD-013-01,13,E214B,SAWYER,59800.,11,4.27,0.844,0.0380,polars/raw/ALL.PD,1007
ST8-PD-013-01,13,E214B,SAWYER,59800.,12,5.30,0.988,0.0345,polars/raw/ALL.PD,1008
ST8-PD-013-01,13,E214B,SAWYER,59800.,13,6.33,1.101,0.0319,polars/raw/ALL.PD,1009
ST8-PD-013-01,13,E214B,SAWYER,59800.,14,7.35,1.186,0.0289,polars/raw/ALL.PD,1010
ST8-PD-013-01,13,E214B,SAWYER,59800.,15,8.37,1.257,0.0306,polars/raw/ALL.PD,1011
ST8-PD-013-01,13,E214B,SAWYER,59800.,16,9.38,1.324,0.0310,polars/raw/ALL.PD,1012
ST8-PD-013-01,13,E214B,SAWYER,59800.,17,10.39,1.344,0.0329,polars/raw/ALL.PD,1013
ST8-PD-013-01,13,E214B,SAWYER,59800.,18,11.38,1.318,0.0388,polars/raw/ALL.PD,1014
ST8-PD-013-02,13,E214B,SAWYER,99300.,1,-5.97,-.342,0.0694,polars/raw/ALL.PD,1017
ST8-PD-013-02,13,E214B,SAWYER,99300.,2,-4.95,-.182,0.0357,polars/raw/ALL.PD,1018
ST8-PD-013-02,13,E214B,SAWYER,99300.,3,-3.93,-.045,0.0276,polars/raw/ALL.PD,1019
ST8-PD-013-02,13,E214B,SAWYER,99300.,4,-2.89,0.096,0.0216,polars/raw/ALL.PD,1020
ST8-PD-013-02,13,E214B,SAWYER,99300.,5,-1.86,0.238,0.0216,polars/raw/ALL.PD,1021
ST8-PD-013-02,13,E214B,SAWYER,99300.,6,-0.84,0.349,0.0226,polars/raw/ALL.PD,1022
ST8-PD-013-02,13,E214B,SAWYER,99300.,7,0.19,0.473,0.0207,polars/raw/ALL.PD,1023
ST8-PD-013-02,13,E214B,SAWYER,99300.,8,1.22,0.614,0.0207,polars/raw/ALL.PD,1024
ST8-PD-013-02,13,E214B,SAWYER,99300.,9,2.25,0.733,0.0214,polars/raw/ALL.PD,1025
ST8-PD-013-02,13,E214B,SAWYER,99300.,10,3.28,0.836,0.0208,polars/raw/ALL.PD,1026
ST8-PD-013-02,13,E214B,SAWYER,99300.,11,4.30,0.935,0.0211,polars/raw/ALL.PD,1027
ST8-PD-013-02,13,E214B,SAWYER,99300.,12,5.32,1.029,0.0211,polars/raw/ALL.PD,1028
ST8-PD-013-02,13,E214B,SAWYER,99300.,13,6.33,1.118,0.0207,polars/raw/ALL.PD,1029
ST8-PD-013-02,13,E214B,SAWYER,99300.,14,7.35,1.206,0.0206,polars/raw/ALL.PD,1030
ST8-PD-013-02,13,E214B,SAWYER,99300.,15,8.37,1.281,0.0226,polars/raw/ALL.PD,1031
ST8-PD-013-02,13,E214B,SAWYER,99300.,16,9.38,1.331,0.0266,polars/raw/ALL.PD,1032
ST8-PD-013-02,13,E214B,SAWYER,99300.,17,10.39,1.335,0.0366,polars/raw/ALL.PD,1033
ST8-PD-013-02,13,E214B,SAWYER,99300.,18,11.39,1.317,0.0461,polars/raw/ALL.PD,1034
ST8-PD-013-03,13,E214B,SAWYER,202600.,1,-5.96,-.215,0.0421,polars/raw/ALL.PD,1037
ST8-PD-013-03,13,E214B,SAWYER,202600.,2,-5.01,-.083,0.0230,polars/raw/ALL.PD,1038
ST8-PD-013-03,13,E214B,SAWYER,202600.,3,-3.90,0.072,0.0172,polars/raw/ALL.PD,1039
ST8-PD-013-03,13,E214B,SAWYER,202600.,4,-2.88,0.219,0.0137,polars/raw/ALL.PD,1040
ST8-PD-013-03,13,E214B,SAWYER,202600.,5,-1.86,0.342,0.0112,polars/raw/ALL.PD,1041
ST8-PD-013-03,13,E214B,SAWYER,202600.,6,-0.84,0.444,0.0107,polars/raw/ALL.PD,1042
ST8-PD-013-03,13,E214B,SAWYER,202600.,7,0.19,0.541,0.0105,polars/raw/ALL.PD,1043
ST8-PD-013-03,13,E214B,SAWYER,202600.,8,1.20,0.622,0.0105,polars/raw/ALL.PD,1044
ST8-PD-013-03,13,E214B,SAWYER,202600.,9,2.24,0.735,0.0108,polars/raw/ALL.PD,1045
ST8-PD-013-03,13,E214B,SAWYER,202600.,10,3.26,0.836,0.0116,polars/raw/ALL.PD,1046
ST8-PD-013-03,13,E214B,SAWYER,202600.,11,4.27,0.931,0.0122,polars/raw/ALL.PD,1047
ST8-PD-013-03,13,E214B,SAWYER,202600.,12,5.29,1.026,0.0133,polars/raw/ALL.PD,1048
ST8-PD-013-03,13,E214B,SAWYER,202600.,13,6.32,1.112,0.0143,polars/raw/ALL.PD,1049
ST8-PD-013-03,13,E214B,SAWYER,202600.,14,7.34,1.178,0.0162,polars/raw/ALL.PD,1050
ST8-PD-013-03,13,E214B,SAWYER,202600.,15,8.35,1.232,0.0204,polars/raw/ALL.PD,1051
ST8-PD-013-03,13,E214B,SAWYER,202600.,16,9.36,1.271,0.0253,polars/raw/ALL.PD,1052
ST8-PD-013-03,13,E214B,SAWYER,202600.,17,10.36,1.276,0.0335,polars/raw/ALL.PD,1053
ST8-PD-013-03,13,E214B,SAWYER,202600.,18,11.37,1.270,0.0441,polars/raw/ALL.PD,1054
ST8-PD-013-04,13,E214B,SAWYER,301800.,1,-5.94,-.067,0.0200,polars/raw/ALL.PD,1057
ST8-PD-013-04,13,E214B,SAWYER,301800.,2,-4.89,0.057,0.0148,polars/raw/ALL.PD,1058
ST8-PD-013-04,13,E214B,SAWYER,301800.,3,-3.87,0.172,0.0120,polars/raw/ALL.PD,1059
ST8-PD-013-04,13,E214B,SAWYER,301800.,4,-2.85,0.286,0.0098,polars/raw/ALL.PD,1060
ST8-PD-013-04,13,E214B,SAWYER,301800.,5,-1.82,0.392,0.0089,polars/raw/ALL.PD,1061
ST8-PD-013-04,13,E214B,SAWYER,301800.,6,-0.80,0.492,0.0087,polars/raw/ALL.PD,1062
ST8-PD-013-04,13,E214B,SAWYER,301800.,7,0.21,0.590,0.0089,polars/raw/ALL.PD,1063
ST8-PD-013-04,13,E214B,SAWYER,301800.,8,1.23,0.683,0.0095,polars/raw/ALL.PD,1064
ST8-PD-013-04,13,E214B,SAWYER,301800.,9,2.24,0.779,0.0098,polars/raw/ALL.PD,1065
ST8-PD-014-01,14,E214C F0,SAWYER/BORDER,59700.,1,-3.92,-.103,0.0260,polars/raw/ALL.PD,1074
ST8-PD-014-01,14,E214C F0,SAWYER/BORDER,59700.,2,-2.91,0.002,0.0251,polars/raw/ALL.PD,1075
ST8-PD-014-01,14,E214C F0,SAWYER/BORDER,59700.,3,-1.89,0.086,0.0210,polars/raw/ALL.PD,1076
ST8-PD-014-01,14,E214C F0,SAWYER/BORDER,59700.,4,-0.87,0.194,0.0233,polars/raw/ALL.PD,1077
ST8-PD-014-01,14,E214C F0,SAWYER/BORDER,59700.,5,0.16,0.321,0.0294,polars/raw/ALL.PD,1078
ST8-PD-014-01,14,E214C F0,SAWYER/BORDER,59700.,6,1.19,0.460,0.0326,polars/raw/ALL.PD,1079
ST8-PD-014-01,14,E214C F0,SAWYER/BORDER,59700.,7,2.20,0.516,0.0354,polars/raw/ALL.PD,1080
ST8-PD-014-01,14,E214C F0,SAWYER/BORDER,59700.,8,3.23,0.623,0.0370,polars/raw/ALL.PD,1081
ST8-PD-014-01,14,E214C F0,SAWYER/BORDER,59700.,9,4.27,0.774,0.0369,polars/raw/ALL.PD,1082
ST8-PD-014-01,14,E214C F0,SAWYER/BORDER,59700.,10,5.29,0.899,0.0344,polars/raw/ALL.PD,1083
ST8-PD-014-01,14,E214C F0,SAWYER/BORDER,59700.,11,6.30,0.985,0.0316,polars/raw/ALL.PD,1084
ST8-PD-014-01,14,E214C F0,SAWYER/BORDER,59700.,12,7.33,1.075,0.0296,polars/raw/ALL.PD,1085
ST8-PD-014-01,14,E214C F0,SAWYER/BORDER,59700.,13,8.35,1.150,0.0271,polars/raw/ALL.PD,1086
ST8-PD-014-01,14,E214C F0,SAWYER/BORDER,59700.,14,9.36,1.217,0.0288,polars/raw/ALL.PD,1087
ST8-PD-014-01,14,E214C F0,SAWYER/BORDER,59700.,15,10.36,1.239,0.0335,polars/raw/ALL.PD,1088
ST8-PD-014-01,14,E214C F0,SAWYER/BORDER,59700.,16,11.37,1.246,0.0421,polars/raw/ALL.PD,1089
ST8-PD-014-01,14,E214C F0,SAWYER/BORDER,59700.,17,12.37,1.241,0.0569,polars/raw/ALL.PD,1090
ST8-PD-014-01,14,E214C F0,SAWYER/BORDER,59700.,18,13.36,1.232,0.0598,polars/raw/ALL.PD,1091
ST8-PD-014-01,14,E214C F0,SAWYER/BORDER,59700.,19,14.35,1.132,0.1175,polars/raw/ALL.PD,1092
ST8-PD-014-02,14,E214C F0,SAWYER/BORDER,100600.,1,-3.93,-.084,0.0256,polars/raw/ALL.PD,1095
ST8-PD-014-02,14,E214C F0,SAWYER/BORDER,100600.,2,-2.89,0.062,0.0202,polars/raw/ALL.PD,1096
ST8-PD-014-02,14,E214C F0,SAWYER/BORDER,100600.,3,-1.86,0.200,0.0208,polars/raw/ALL.PD,1097
ST8-PD-014-02,14,E214C F0,SAWYER/BORDER,100600.,4,-0.84,0.321,0.0208,polars/raw/ALL.PD,1098
ST8-PD-014-02,14,E214C F0,SAWYER/BORDER,100600.,5,0.18,0.433,0.0211,polars/raw/ALL.PD,1099
ST8-PD-014-02,14,E214C F0,SAWYER/BORDER,100600.,6,1.22,0.553,0.0204,polars/raw/ALL.PD,1100
ST8-PD-014-02,14,E214C F0,SAWYER/BORDER,100600.,7,2.23,0.668,0.0195,polars/raw/ALL.PD,1101
ST8-PD-014-02,14,E214C F0,SAWYER/BORDER,100600.,8,3.24,0.779,0.0190,polars/raw/ALL.PD,1102
ST8-PD-014-02,14,E214C F0,SAWYER/BORDER,100600.,9,4.28,0.878,0.0199,polars/raw/ALL.PD,1103
ST8-PD-014-02,14,E214C F0,SAWYER/BORDER,100600.,10,5.30,0.966,0.0203,polars/raw/ALL.PD,1104
ST8-PD-014-02,14,E214C F0,SAWYER/BORDER,100600.,11,6.31,1.044,0.0213,polars/raw/ALL.PD,1105
ST8-PD-014-02,14,E214C F0,SAWYER/BORDER,100600.,12,7.34,1.131,0.0207,polars/raw/ALL.PD,1106
ST8-PD-014-02,14,E214C F0,SAWYER/BORDER,100600.,13,8.35,1.194,0.0214,polars/raw/ALL.PD,1107
ST8-PD-014-02,14,E214C F0,SAWYER/BORDER,100600.,14,9.36,1.262,0.0233,polars/raw/ALL.PD,1108
ST8-PD-014-02,14,E214C F0,SAWYER/BORDER,100600.,15,10.38,1.287,0.0305,polars/raw/ALL.PD,1109
ST8-PD-014-02,14,E214C F0,SAWYER/BORDER,100600.,16,11.37,1.286,0.0407,polars/raw/ALL.PD,1110
ST8-PD-014-02,14,E214C F0,SAWYER/BORDER,100600.,17,12.36,1.280,0.0485,polars/raw/ALL.PD,1111
ST8-PD-014-02,14,E214C F0,SAWYER/BORDER,100600.,18,13.36,1.271,0.0561,polars/raw/ALL.PD,1112
ST8-PD-014-02,14,E214C F0,SAWYER/BORDER,100600.,19,14.37,1.248,0.0783,polars/raw/ALL.PD,1113
ST8-PD-014-03,14,E214C F0,SAWYER/BORDER,151300.,1,-4.95,-.125,0.0278,polars/raw/ALL.PD,1116
ST8-PD-014-03,14,E214C F0,SAWYER/BORDER,151300.,2,-3.92,0.002,0.0232,polars/raw/ALL.PD,1117
ST8-PD-014-03,14,E214C F0,SAWYER/BORDER,151300.,3,-2.90,0.134,0.0194,polars/raw/ALL.PD,1118
ST8-PD-014-03,14,E214C F0,SAWYER/BORDER,151300.,4,-1.88,0.289,0.0158,polars/raw/ALL.PD,1119
ST8-PD-014-03,14,E214C F0,SAWYER/BORDER,151300.,5,-0.85,0.416,0.0148,polars/raw/ALL.PD,1120
ST8-PD-014-03,14,E214C F0,SAWYER/BORDER,151300.,6,0.19,0.506,0.0128,polars/raw/ALL.PD,1121
ST8-PD-014-03,14,E214C F0,SAWYER/BORDER,151300.,7,1.21,0.598,0.0123,polars/raw/ALL.PD,1122
ST8-PD-014-03,14,E214C F0,SAWYER/BORDER,151300.,8,2.23,0.711,0.0125,polars/raw/ALL.PD,1123
ST8-PD-014-03,14,E214C F0,SAWYER/BORDER,151300.,9,3.26,0.804,0.0143,polars/raw/ALL.PD,1124
ST8-PD-014-03,14,E214C F0,SAWYER/BORDER,151300.,10,4.28,0.899,0.0145,polars/raw/ALL.PD,1125
ST8-PD-014-03,14,E214C F0,SAWYER/BORDER,151300.,11,5.31,1.008,0.0153,polars/raw/ALL.PD,1126
ST8-PD-014-03,14,E214C F0,SAWYER/BORDER,151300.,12,6.32,1.093,0.0157,polars/raw/ALL.PD,1127
ST8-PD-014-03,14,E214C F0,SAWYER/BORDER,151300.,13,7.33,1.172,0.0167,polars/raw/ALL.PD,1128
ST8-PD-014-03,14,E214C F0,SAWYER/BORDER,151300.,14,8.36,1.228,0.0200,polars/raw/ALL.PD,1129
ST8-PD-014-03,14,E214C F0,SAWYER/BORDER,151300.,15,9.36,1.271,0.0233,polars/raw/ALL.PD,1130
ST8-PD-014-03,14,E214C F0,SAWYER/BORDER,151300.,16,10.37,1.287,0.0307,polars/raw/ALL.PD,1131
ST8-PD-014-04,14,E214C F0,SAWYER/BORDER,201700.,1,-4.99,-.105,0.0257,polars/raw/ALL.PD,1134
ST8-PD-014-04,14,E214C F0,SAWYER/BORDER,201700.,2,-4.01,0.011,0.0204,polars/raw/ALL.PD,1135
ST8-PD-014-04,14,E214C F0,SAWYER/BORDER,201700.,3,-2.97,0.171,0.0156,polars/raw/ALL.PD,1136
ST8-PD-014-04,14,E214C F0,SAWYER/BORDER,201700.,4,-1.91,0.310,0.0123,polars/raw/ALL.PD,1137
ST8-PD-014-04,14,E214C F0,SAWYER/BORDER,201700.,5,-0.91,0.415,0.0109,polars/raw/ALL.PD,1138
ST8-PD-014-04,14,E214C F0,SAWYER/BORDER,201700.,6,0.12,0.515,0.0105,polars/raw/ALL.PD,1139
ST8-PD-014-04,14,E214C F0,SAWYER/BORDER,201700.,7,1.17,0.607,0.0103,polars/raw/ALL.PD,1140
ST8-PD-014-04,14,E214C F0,SAWYER/BORDER,201700.,8,2.17,0.705,0.0107,polars/raw/ALL.PD,1141
ST8-PD-014-04,14,E214C F0,SAWYER/BORDER,201700.,9,3.21,0.809,0.0117,polars/raw/ALL.PD,1142
ST8-PD-014-04,14,E214C F0,SAWYER/BORDER,201700.,10,4.26,0.908,0.0122,polars/raw/ALL.PD,1143
ST8-PD-014-04,14,E214C F0,SAWYER/BORDER,201700.,11,5.28,1.003,0.0133,polars/raw/ALL.PD,1144
ST8-PD-014-04,14,E214C F0,SAWYER/BORDER,201700.,12,6.30,1.089,0.0146,polars/raw/ALL.PD,1145
ST8-PD-014-04,14,E214C F0,SAWYER/BORDER,201700.,13,7.32,1.160,0.0156,polars/raw/ALL.PD,1146
ST8-PD-014-04,14,E214C F0,SAWYER/BORDER,201700.,14,8.35,1.217,0.0189,polars/raw/ALL.PD,1147
ST8-PD-014-04,14,E214C F0,SAWYER/BORDER,201700.,15,9.36,1.258,0.0241,polars/raw/ALL.PD,1148
ST8-PD-014-04,14,E214C F0,SAWYER/BORDER,201700.,16,10.37,1.272,0.0327,polars/raw/ALL.PD,1149
ST8-PD-014-05,14,E214C F0,SAWYER/BORDER,302800.,1,-4.93,-.008,0.0170,polars/raw/ALL.PD,1152
ST8-PD-014-05,14,E214C F0,SAWYER/BORDER,302800.,2,-3.89,0.114,0.0133,polars/raw/ALL.PD,1153
ST8-PD-014-05,14,E214C F0,SAWYER/BORDER,302800.,3,-2.86,0.230,0.0100,polars/raw/ALL.PD,1154
ST8-PD-014-05,14,E214C F0,SAWYER/BORDER,302800.,4,-1.84,0.337,0.0086,polars/raw/ALL.PD,1155
ST8-PD-014-05,14,E214C F0,SAWYER/BORDER,302800.,5,-0.82,0.440,0.0084,polars/raw/ALL.PD,1156
ST8-PD-014-05,14,E214C F0,SAWYER/BORDER,302800.,6,0.21,0.538,0.0089,polars/raw/ALL.PD,1157
ST8-PD-014-05,14,E214C F0,SAWYER/BORDER,302800.,7,1.23,0.634,0.0094,polars/raw/ALL.PD,1158
ST8-PD-014-05,14,E214C F0,SAWYER/BORDER,302800.,8,2.24,0.729,0.0096,polars/raw/ALL.PD,1159
ST8-PD-014-05,14,E214C F0,SAWYER/BORDER,302800.,9,3.27,0.829,0.0103,polars/raw/ALL.PD,1160
ST8-PD-014-05,14,E214C F0,SAWYER/BORDER,302800.,10,4.27,0.921,0.0112,polars/raw/ALL.PD,1161
ST8-PD-014-05,14,E214C F0,SAWYER/BORDER,302800.,11,5.28,1.011,0.0118,polars/raw/ALL.PD,1162
ST8-PD-014-05,14,E214C F0,SAWYER/BORDER,302800.,12,6.31,1.095,0.0127,polars/raw/ALL.PD,1163
ST8-PD-014-05,14,E214C F0,SAWYER/BORDER,302800.,13,7.30,1.160,0.0154,polars/raw/ALL.PD,1164
ST8-PD-014-05,14,E214C F0,SAWYER/BORDER,302800.,14,8.27,1.220,0.0184,polars/raw/ALL.PD,1165
ST8-PD-014-05,14,E214C F0,SAWYER/BORDER,302800.,15,9.27,1.261,0.0228,polars/raw/ALL.PD,1166
ST8-PD-015-01,15,"E214C F0, UST .020, .125, 20%",SAWYER/BORDER,97600.,1,-3.93,-.114,0.0291,polars/raw/ALL.PD,1175
ST8-PD-015-01,15,"E214C F0, UST .020, .125, 20%",SAWYER/BORDER,97600.,2,-2.41,0.103,0.0217,polars/raw/ALL.PD,1176
ST8-PD-015-01,15,"E214C F0, UST .020, .125, 20%",SAWYER/BORDER,97600.,3,-0.85,0.308,0.0160,polars/raw/ALL.PD,1177
ST8-PD-015-01,15,"E214C F0, UST .020, .125, 20%",SAWYER/BORDER,97600.,4,0.69,0.456,0.0135,polars/raw/ALL.PD,1178
ST8-PD-015-01,15,"E214C F0, UST .020, .125, 20%",SAWYER/BORDER,97600.,5,2.21,0.612,0.0140,polars/raw/ALL.PD,1179
ST8-PD-015-01,15,"E214C F0, UST .020, .125, 20%",SAWYER/BORDER,97600.,6,3.75,0.765,0.0167,polars/raw/ALL.PD,1180
ST8-PD-015-01,15,"E214C F0, UST .020, .125, 20%",SAWYER/BORDER,97600.,7,5.28,0.907,0.0180,polars/raw/ALL.PD,1181
ST8-PD-015-01,15,"E214C F0, UST .020, .125, 20%",SAWYER/BORDER,97600.,8,6.81,1.044,0.0184,polars/raw/ALL.PD,1182
ST8-PD-015-01,15,"E214C F0, UST .020, .125, 20%",SAWYER/BORDER,97600.,9,8.34,1.161,0.0222,polars/raw/ALL.PD,1183
ST8-PD-015-01,15,"E214C F0, UST .020, .125, 20%",SAWYER/BORDER,97600.,10,9.86,1.260,0.0261,polars/raw/ALL.PD,1184
ST8-PD-015-01,15,"E214C F0, UST .020, .125, 20%",SAWYER/BORDER,97600.,11,11.34,1.248,0.0309,polars/raw/ALL.PD,1185
ST8-PD-015-01,15,"E214C F0, UST .020, .125, 20%",SAWYER/BORDER,97600.,12,12.85,1.203,0.0555,polars/raw/ALL.PD,1186
ST8-PD-015-02,15,"E214C F0, UST .020, .125, 20%",SAWYER/BORDER,150200.,1,-3.93,-.060,0.0227,polars/raw/ALL.PD,1189
ST8-PD-015-02,15,"E214C F0, UST .020, .125, 20%",SAWYER/BORDER,150200.,2,-2.38,0.144,0.0142,polars/raw/ALL.PD,1190
ST8-PD-015-02,15,"E214C F0, UST .020, .125, 20%",SAWYER/BORDER,150200.,3,-0.85,0.313,0.0115,polars/raw/ALL.PD,1191
ST8-PD-015-02,15,"E214C F0, UST .020, .125, 20%",SAWYER/BORDER,150200.,4,0.69,0.451,0.0111,polars/raw/ALL.PD,1192
ST8-PD-015-02,15,"E214C F0, UST .020, .125, 20%",SAWYER/BORDER,150200.,5,2.21,0.609,0.0114,polars/raw/ALL.PD,1193
ST8-PD-015-02,15,"E214C F0, UST .020, .125, 20%",SAWYER/BORDER,150200.,6,3.75,0.766,0.0134,polars/raw/ALL.PD,1194
ST8-PD-015-02,15,"E214C F0, UST .020, .125, 20%",SAWYER/BORDER,150200.,7,5.29,0.911,0.0142,polars/raw/ALL.PD,1195
ST8-PD-015-02,15,"E214C F0, UST .020, .125, 20%",SAWYER/BORDER,150200.,8,6.80,1.046,0.0156,polars/raw/ALL.PD,1196
ST8-PD-015-02,15,"E214C F0, UST .020, .125, 20%",SAWYER/BORDER,150200.,9,8.34,1.167,0.0177,polars/raw/ALL.PD,1197
ST8-PD-015-02,15,"E214C F0, UST .020, .125, 20%",SAWYER/BORDER,150200.,10,9.86,1.246,0.0228,polars/raw/ALL.PD,1198
ST8-PD-015-02,15,"E214C F0, UST .020, .125, 20%",SAWYER/BORDER,150200.,11,11.37,1.261,0.0317,polars/raw/ALL.PD,1199
ST8-PD-015-03,15,"E214C F0, UST .020, .125, 20%",SAWYER/BORDER,199200.,1,-3.96,-.009,0.0180,polars/raw/ALL.PD,1202
ST8-PD-015-03,15,"E214C F0, UST .020, .125, 20%",SAWYER/BORDER,199200.,2,-2.42,0.166,0.0118,polars/raw/ALL.PD,1203
ST8-PD-015-03,15,"E214C F0, UST .020, .125, 20%",SAWYER/BORDER,199200.,3,-0.86,0.325,0.0105,polars/raw/ALL.PD,1204
ST8-PD-015-03,15,"E214C F0, UST .020, .125, 20%",SAWYER/BORDER,199200.,4,0.65,0.463,0.0102,polars/raw/ALL.PD,1205
ST8-PD-015-03,15,"E214C F0, UST .020, .125, 20%",SAWYER/BORDER,199200.,5,2.20,0.614,0.0109,polars/raw/ALL.PD,1206
ST8-PD-015-03,15,"E214C F0, UST .020, .125, 20%",SAWYER/BORDER,199200.,6,3.72,0.773,0.0120,polars/raw/ALL.PD,1207
ST8-PD-015-03,15,"E214C F0, UST .020, .125, 20%",SAWYER/BORDER,199200.,7,5.27,0.920,0.0139,polars/raw/ALL.PD,1208
ST8-PD-015-03,15,"E214C F0, UST .020, .125, 20%",SAWYER/BORDER,199200.,8,6.81,1.058,0.0155,polars/raw/ALL.PD,1209
ST8-PD-015-03,15,"E214C F0, UST .020, .125, 20%",SAWYER/BORDER,199200.,9,8.33,1.179,0.0180,polars/raw/ALL.PD,1210
ST8-PD-015-03,15,"E214C F0, UST .020, .125, 20%",SAWYER/BORDER,199200.,10,9.86,1.251,0.0263,polars/raw/ALL.PD,1211
ST8-PD-015-03,15,"E214C F0, UST .020, .125, 20%",SAWYER/BORDER,199200.,11,11.36,1.256,0.0351,polars/raw/ALL.PD,1212
ST8-PD-015-03,15,"E214C F0, UST .020, .125, 20%",SAWYER/BORDER,199200.,12,12.85,1.232,0.0494,polars/raw/ALL.PD,1213
ST8-PD-015-04,15,"E214C F0, UST .020, .125, 20%",SAWYER/BORDER,298800.,1,-3.91,0.025,0.0139,polars/raw/ALL.PD,1216
ST8-PD-015-04,15,"E214C F0, UST .020, .125, 20%",SAWYER/BORDER,298800.,2,-2.39,0.172,0.0117,polars/raw/ALL.PD,1217
ST8-PD-015-04,15,"E214C F0, UST .020, .125, 20%",SAWYER/BORDER,298800.,3,-0.86,0.330,0.0110,polars/raw/ALL.PD,1218
ST8-PD-015-04,15,"E214C F0, UST .020, .125, 20%",SAWYER/BORDER,298800.,4,0.68,0.484,0.0108,polars/raw/ALL.PD,1219
ST8-PD-015-04,15,"E214C F0, UST .020, .125, 20%",SAWYER/BORDER,298800.,5,2.20,0.626,0.0112,polars/raw/ALL.PD,1220
ST8-PD-015-04,15,"E214C F0, UST .020, .125, 20%",SAWYER/BORDER,298800.,6,3.70,0.774,0.0124,polars/raw/ALL.PD,1221
ST8-PD-015-04,15,"E214C F0, UST .020, .125, 20%",SAWYER/BORDER,298800.,7,5.24,0.923,0.0133,polars/raw/ALL.PD,1222
ST8-PD-015-04,15,"E214C F0, UST .020, .125, 20%",SAWYER/BORDER,298800.,8,6.78,1.062,0.0151,polars/raw/ALL.PD,1223
ST8-PD-015-04,15,"E214C F0, UST .020, .125, 20%",SAWYER/BORDER,298800.,9,8.32,1.184,0.0178,polars/raw/ALL.PD,1224
ST8-PD-015-04,15,"E214C F0, UST .020, .125, 20%",SAWYER/BORDER,298800.,10,9.84,1.243,0.0257,polars/raw/ALL.PD,1225
ST8-PD-015-04,15,"E214C F0, UST .020, .125, 20%",SAWYER/BORDER,298800.,11,11.36,1.254,0.0400,polars/raw/ALL.PD,1226
ST8-PD-016-01,16,E214C NF3,SAWYER/BORDER,104200.,1,-3.95,-.196,0.0269,polars/raw/ALL.PD,1235
ST8-PD-016-01,16,E214C NF3,SAWYER/BORDER,104200.,2,-2.93,-.042,0.0198,polars/raw/ALL.PD,1236
ST8-PD-016-01,16,E214C NF3,SAWYER/BORDER,104200.,3,-1.88,0.106,0.0162,polars/raw/ALL.PD,1237
ST8-PD-016-01,16,E214C NF3,SAWYER/BORDER,104200.,4,-0.85,0.236,0.0147,polars/raw/ALL.PD,1238
ST8-PD-016-01,16,E214C NF3,SAWYER/BORDER,104200.,5,0.17,0.345,0.0155,polars/raw/ALL.PD,1239
ST8-PD-016-01,16,E214C NF3,SAWYER/BORDER,104200.,6,1.20,0.457,0.0157,polars/raw/ALL.PD,1240
ST8-PD-016-01,16,E214C NF3,SAWYER/BORDER,104200.,7,2.20,0.565,0.0173,polars/raw/ALL.PD,1241
ST8-PD-016-01,16,E214C NF3,SAWYER/BORDER,104200.,8,3.25,0.672,0.0187,polars/raw/ALL.PD,1242
ST8-PD-016-01,16,E214C NF3,SAWYER/BORDER,104200.,9,4.25,0.771,0.0183,polars/raw/ALL.PD,1243
ST8-PD-016-01,16,E214C NF3,SAWYER/BORDER,104200.,10,5.27,0.876,0.0206,polars/raw/ALL.PD,1244
ST8-PD-016-01,16,E214C NF3,SAWYER/BORDER,104200.,11,6.30,0.978,0.0210,polars/raw/ALL.PD,1245
ST8-PD-016-01,16,E214C NF3,SAWYER/BORDER,104200.,12,7.31,1.077,0.0193,polars/raw/ALL.PD,1246
ST8-PD-016-01,16,E214C NF3,SAWYER/BORDER,104200.,13,8.35,1.166,0.0207,polars/raw/ALL.PD,1247
ST8-PD-016-01,16,E214C NF3,SAWYER/BORDER,104200.,14,9.36,1.237,0.0220,polars/raw/ALL.PD,1248
ST8-PD-016-01,16,E214C NF3,SAWYER/BORDER,104200.,15,10.35,1.267,0.0315,polars/raw/ALL.PD,1249
ST8-PD-016-02,16,E214C NF3,SAWYER/BORDER,149900.,1,-2.89,0.050,0.0172,polars/raw/ALL.PD,1252
ST8-PD-016-02,16,E214C NF3,SAWYER/BORDER,149900.,2,-0.84,0.278,0.0113,polars/raw/ALL.PD,1253
ST8-PD-016-02,16,E214C NF3,SAWYER/BORDER,149900.,3,0.19,0.362,0.0115,polars/raw/ALL.PD,1254
ST8-PD-016-02,16,E214C NF3,SAWYER/BORDER,149900.,4,1.18,0.462,0.0120,polars/raw/ALL.PD,1255
ST8-PD-016-02,16,E214C NF3,SAWYER/BORDER,149900.,5,3.23,0.666,0.0141,polars/raw/ALL.PD,1256
ST8-PD-016-02,16,E214C NF3,SAWYER/BORDER,149900.,6,5.28,0.866,0.0150,polars/raw/ALL.PD,1257
ST8-PD-016-02,16,E214C NF3,SAWYER/BORDER,149900.,7,7.32,1.056,0.0164,polars/raw/ALL.PD,1258
ST8-PD-016-02,16,E214C NF3,SAWYER/BORDER,149900.,8,9.36,1.195,0.0212,polars/raw/ALL.PD,1259
ST8-PD-016-02,16,E214C NF3,SAWYER/BORDER,149900.,9,10.37,1.230,0.0281,polars/raw/ALL.PD,1260
ST8-PD-016-02,16,E214C NF3,SAWYER/BORDER,149900.,10,11.36,1.230,0.0388,polars/raw/ALL.PD,1261
ST8-PD-016-02,16,E214C NF3,SAWYER/BORDER,149900.,11,12.36,1.218,0.0545,polars/raw/ALL.PD,1262
ST8-PD-016-02,16,E214C NF3,SAWYER/BORDER,149900.,12,13.36,1.210,0.0691,polars/raw/ALL.PD,1263
ST8-PD-016-03,16,E214C NF3,SAWYER/BORDER,198400.,1,-6.01,-.336,0.0561,polars/raw/ALL.PD,1266
ST8-PD-016-03,16,E214C NF3,SAWYER/BORDER,198400.,2,-4.97,-.202,0.0275,polars/raw/ALL.PD,1267
ST8-PD-016-03,16,E214C NF3,SAWYER/BORDER,198400.,3,-3.95,-.064,0.0189,polars/raw/ALL.PD,1268
ST8-PD-016-03,16,E214C NF3,SAWYER/BORDER,198400.,4,-2.93,0.064,0.0145,polars/raw/ALL.PD,1269
ST8-PD-016-03,16,E214C NF3,SAWYER/BORDER,198400.,5,-1.89,0.179,0.0109,polars/raw/ALL.PD,1270
ST8-PD-016-03,16,E214C NF3,SAWYER/BORDER,198400.,6,-0.89,0.276,0.0106,polars/raw/ALL.PD,1271
ST8-PD-016-03,16,E214C NF3,SAWYER/BORDER,198400.,7,0.15,0.369,0.0103,polars/raw/ALL.PD,1272
ST8-PD-016-03,16,E214C NF3,SAWYER/BORDER,198400.,8,1.17,0.463,0.0103,polars/raw/ALL.PD,1273
ST8-PD-016-03,16,E214C NF3,SAWYER/BORDER,198400.,9,2.20,0.573,0.0111,polars/raw/ALL.PD,1274
ST8-PD-016-03,16,E214C NF3,SAWYER/BORDER,198400.,10,3.22,0.678,0.0117,polars/raw/ALL.PD,1275
ST8-PD-016-03,16,E214C NF3,SAWYER/BORDER,198400.,11,4.25,0.781,0.0120,polars/raw/ALL.PD,1276
ST8-PD-016-03,16,E214C NF3,SAWYER/BORDER,198400.,12,5.28,0.880,0.0129,polars/raw/ALL.PD,1277
ST8-PD-016-03,16,E214C NF3,SAWYER/BORDER,198400.,13,6.29,0.975,0.0140,polars/raw/ALL.PD,1278
ST8-PD-016-03,16,E214C NF3,SAWYER/BORDER,198400.,14,7.32,1.060,0.0149,polars/raw/ALL.PD,1279
ST8-PD-016-03,16,E214C NF3,SAWYER/BORDER,198400.,15,8.34,1.131,0.0171,polars/raw/ALL.PD,1280
ST8-PD-016-03,16,E214C NF3,SAWYER/BORDER,198400.,16,9.35,1.190,0.0203,polars/raw/ALL.PD,1281
ST8-PD-016-03,16,E214C NF3,SAWYER/BORDER,198400.,17,10.36,1.223,0.0272,polars/raw/ALL.PD,1282
ST8-PD-016-04,16,E214C NF3,SAWYER/BORDER,303400.,1,-5.99,-.285,0.0480,polars/raw/ALL.PD,1285
ST8-PD-016-04,16,E214C NF3,SAWYER/BORDER,303400.,2,-4.96,-.152,0.0186,polars/raw/ALL.PD,1286
ST8-PD-016-04,16,E214C NF3,SAWYER/BORDER,303400.,3,-3.91,-.029,0.0134,polars/raw/ALL.PD,1287
ST8-PD-016-04,16,E214C NF3,SAWYER/BORDER,303400.,4,-2.89,0.083,0.0112,polars/raw/ALL.PD,1288
ST8-PD-016-04,16,E214C NF3,SAWYER/BORDER,303400.,5,-1.85,0.188,0.0097,polars/raw/ALL.PD,1289
ST8-PD-016-04,16,E214C NF3,SAWYER/BORDER,303400.,6,-0.85,0.291,0.0094,polars/raw/ALL.PD,1290
ST8-PD-016-04,16,E214C NF3,SAWYER/BORDER,303400.,7,0.17,0.392,0.0091,polars/raw/ALL.PD,1291
ST8-PD-016-04,16,E214C NF3,SAWYER/BORDER,303400.,8,1.19,0.489,0.0092,polars/raw/ALL.PD,1292
ST8-PD-016-04,16,E214C NF3,SAWYER/BORDER,303400.,9,2.21,0.588,0.0091,polars/raw/ALL.PD,1293
ST8-PD-016-04,16,E214C NF3,SAWYER/BORDER,303400.,10,3.24,0.692,0.0097,polars/raw/ALL.PD,1294
ST8-PD-016-04,16,E214C NF3,SAWYER/BORDER,303400.,11,4.24,0.790,0.0102,polars/raw/ALL.PD,1295
ST8-PD-017-01,17,E214C NF6,SAWYER/BORDER,100600.,1,-3.98,-.283,0.0317,polars/raw/ALL.PD,1304
ST8-PD-017-01,17,E214C NF6,SAWYER/BORDER,100600.,2,-2.44,-.082,0.0221,polars/raw/ALL.PD,1305
ST8-PD-017-01,17,E214C NF6,SAWYER/BORDER,100600.,3,-0.90,0.105,0.0146,polars/raw/ALL.PD,1306
ST8-PD-017-01,17,E214C NF6,SAWYER/BORDER,100600.,4,0.64,0.273,0.0155,polars/raw/ALL.PD,1307
ST8-PD-017-01,17,E214C NF6,SAWYER/BORDER,100600.,5,2.17,0.426,0.0185,polars/raw/ALL.PD,1308
ST8-PD-017-01,17,E214C NF6,SAWYER/BORDER,100600.,6,3.70,0.566,0.0214,polars/raw/ALL.PD,1309
ST8-PD-017-01,17,E214C NF6,SAWYER/BORDER,100600.,7,5.25,0.701,0.0216,polars/raw/ALL.PD,1310
ST8-PD-017-01,17,E214C NF6,SAWYER/BORDER,100600.,8,6.78,0.844,0.0215,polars/raw/ALL.PD,1311
ST8-PD-017-01,17,E214C NF6,SAWYER/BORDER,100600.,9,8.30,0.987,0.0205,polars/raw/ALL.PD,1312
ST8-PD-017-01,17,E214C NF6,SAWYER/BORDER,100600.,10,9.82,1.115,0.0208,polars/raw/ALL.PD,1313
ST8-PD-017-01,17,E214C NF6,SAWYER/BORDER,100600.,11,11.34,1.178,0.0296,polars/raw/ALL.PD,1314
ST8-PD-017-01,17,E214C NF6,SAWYER/BORDER,100600.,12,12.84,1.155,0.0481,polars/raw/ALL.PD,1315
ST8-PD-017-02,17,E214C NF6,SAWYER/BORDER,149400.,1,-3.99,-.242,0.0283,polars/raw/ALL.PD,1318
ST8-PD-017-02,17,E214C NF6,SAWYER/BORDER,149400.,2,-2.43,-.036,0.0163,polars/raw/ALL.PD,1319
ST8-PD-017-02,17,E214C NF6,SAWYER/BORDER,149400.,3,-0.89,0.125,0.0121,polars/raw/ALL.PD,1320
ST8-PD-017-02,17,E214C NF6,SAWYER/BORDER,149400.,4,0.63,0.248,0.0119,polars/raw/ALL.PD,1321
ST8-PD-017-02,17,E214C NF6,SAWYER/BORDER,149400.,5,2.17,0.406,0.0131,polars/raw/ALL.PD,1322
ST8-PD-017-02,17,E214C NF6,SAWYER/BORDER,149400.,6,3.70,0.564,0.0146,polars/raw/ALL.PD,1323
ST8-PD-017-02,17,E214C NF6,SAWYER/BORDER,149400.,7,5.22,0.718,0.0145,polars/raw/ALL.PD,1324
ST8-PD-017-02,17,E214C NF6,SAWYER/BORDER,149400.,8,6.78,0.869,0.0154,polars/raw/ALL.PD,1325
ST8-PD-017-02,17,E214C NF6,SAWYER/BORDER,149400.,9,8.29,1.012,0.0162,polars/raw/ALL.PD,1326
ST8-PD-017-02,17,E214C NF6,SAWYER/BORDER,149400.,10,9.83,1.125,0.0192,polars/raw/ALL.PD,1327
ST8-PD-017-02,17,E214C NF6,SAWYER/BORDER,149400.,11,11.34,1.183,0.0304,polars/raw/ALL.PD,1328
ST8-PD-017-02,17,E214C NF6,SAWYER/BORDER,149400.,12,12.84,1.164,0.0481,polars/raw/ALL.PD,1329
ST8-PD-017-03,17,E214C NF6,SAWYER/BORDER,196500.,1,-3.96,-.206,0.0231,polars/raw/ALL.PD,1332
ST8-PD-017-03,17,E214C NF6,SAWYER/BORDER,196500.,2,-2.44,-.024,0.0139,polars/raw/ALL.PD,1333
ST8-PD-017-03,17,E214C NF6,SAWYER/BORDER,196500.,3,-0.94,0.120,0.0113,polars/raw/ALL.PD,1334
ST8-PD-017-03,17,E214C NF6,SAWYER/BORDER,196500.,4,0.60,0.252,0.0113,polars/raw/ALL.PD,1335
ST8-PD-017-03,17,E214C NF6,SAWYER/BORDER,196500.,5,2.18,0.414,0.0115,polars/raw/ALL.PD,1336
ST8-PD-017-03,17,E214C NF6,SAWYER/BORDER,196500.,6,3.71,0.576,0.0115,polars/raw/ALL.PD,1337
ST8-PD-017-03,17,E214C NF6,SAWYER/BORDER,196500.,7,5.23,0.733,0.0124,polars/raw/ALL.PD,1338
ST8-PD-017-03,17,E214C NF6,SAWYER/BORDER,196500.,8,6.78,0.890,0.0138,polars/raw/ALL.PD,1339
ST8-PD-017-03,17,E214C NF6,SAWYER/BORDER,196500.,9,8.29,1.025,0.0147,polars/raw/ALL.PD,1340
ST8-PD-017-03,17,E214C NF6,SAWYER/BORDER,196500.,10,9.83,1.134,0.0186,polars/raw/ALL.PD,1341
ST8-PD-017-03,17,E214C NF6,SAWYER/BORDER,196500.,11,11.35,1.189,0.0296,polars/raw/ALL.PD,1342
ST8-PD-017-03,17,E214C NF6,SAWYER/BORDER,196500.,12,12.84,1.171,0.0495,polars/raw/ALL.PD,1343
ST8-PD-017-04,17,E214C NF6,SAWYER/BORDER,302500.,1,-3.97,-.184,0.0170,polars/raw/ALL.PD,1346
ST8-PD-017-04,17,E214C NF6,SAWYER/BORDER,302500.,2,-2.48,-.037,0.0128,polars/raw/ALL.PD,1347
ST8-PD-017-04,17,E214C NF6,SAWYER/BORDER,302500.,3,-0.90,0.119,0.0105,polars/raw/ALL.PD,1348
ST8-PD-017-04,17,E214C NF6,SAWYER/BORDER,302500.,4,0.62,0.271,0.0095,polars/raw/ALL.PD,1349
ST8-PD-017-04,17,E214C NF6,SAWYER/BORDER,302500.,5,2.15,0.415,0.0090,polars/raw/ALL.PD,1350
ST8-PD-017-04,17,E214C NF6,SAWYER/BORDER,302500.,6,3.68,0.578,0.0095,polars/raw/ALL.PD,1351
ST8-PD-017-04,17,E214C NF6,SAWYER/BORDER,302500.,7,5.20,0.737,0.0103,polars/raw/ALL.PD,1352
ST8-PD-017-04,17,E214C NF6,SAWYER/BORDER,302500.,8,6.76,0.888,0.0114,polars/raw/ALL.PD,1353
ST8-PD-017-04,17,E214C NF6,SAWYER/BORDER,302500.,9,8.30,1.016,0.0134,polars/raw/ALL.PD,1354
ST8-PD-017-04,17,E214C NF6,SAWYER/BORDER,302500.,10,9.82,1.124,0.0179,polars/raw/ALL.PD,1355
ST8-PD-017-04,17,E214C NF6,SAWYER/BORDER,302500.,11,11.34,1.183,0.0264,polars/raw/ALL.PD,1356
ST8-PD-018-01,18,E214C PF3,SAWYER/BORDER,102700.,1,-0.82,0.450,0.0269,polars/raw/ALL.PD,1365
ST8-PD-018-01,18,E214C PF3,SAWYER/BORDER,102700.,2,0.71,0.670,0.0235,polars/raw/ALL.PD,1366
ST8-PD-018-01,18,E214C PF3,SAWYER/BORDER,102700.,3,2.29,0.878,0.0202,polars/raw/ALL.PD,1367
ST8-PD-018-01,18,E214C PF3,SAWYER/BORDER,102700.,4,3.81,1.022,0.0193,polars/raw/ALL.PD,1368
ST8-PD-018-01,18,E214C PF3,SAWYER/BORDER,102700.,5,5.33,1.147,0.0213,polars/raw/ALL.PD,1369
ST8-PD-018-01,18,E214C PF3,SAWYER/BORDER,102700.,6,6.87,1.262,0.0209,polars/raw/ALL.PD,1370
ST8-PD-018-01,18,E214C PF3,SAWYER/BORDER,102700.,7,8.38,1.328,0.0268,polars/raw/ALL.PD,1371
ST8-PD-018-01,18,E214C PF3,SAWYER/BORDER,102700.,8,9.87,1.317,0.0385,polars/raw/ALL.PD,1372
ST8-PD-018-02,18,E214C PF3,SAWYER/BORDER,151100.,1,-0.80,0.586,0.0188,polars/raw/ALL.PD,1375
ST8-PD-018-02,18,E214C PF3,SAWYER/BORDER,151100.,2,0.74,0.763,0.0144,polars/raw/ALL.PD,1376
ST8-PD-018-02,18,E214C PF3,SAWYER/BORDER,151100.,3,2.27,0.916,0.0135,polars/raw/ALL.PD,1377
ST8-PD-018-02,18,E214C PF3,SAWYER/BORDER,151100.,4,3.82,1.060,0.0153,polars/raw/ALL.PD,1378
ST8-PD-018-02,18,E214C PF3,SAWYER/BORDER,151100.,5,5.34,1.195,0.0166,polars/raw/ALL.PD,1379
ST8-PD-018-02,18,E214C PF3,SAWYER/BORDER,151100.,6,6.87,1.293,0.0191,polars/raw/ALL.PD,1380
ST8-PD-018-02,18,E214C PF3,SAWYER/BORDER,151100.,7,8.39,1.347,0.0252,polars/raw/ALL.PD,1381
ST8-PD-018-02,18,E214C PF3,SAWYER/BORDER,151100.,8,9.87,1.338,0.0400,polars/raw/ALL.PD,1382
ST8-PD-018-02,18,E214C PF3,SAWYER/BORDER,151100.,9,11.38,1.316,0.0559,polars/raw/ALL.PD,1383
ST8-PD-018-02,18,E214C PF3,SAWYER/BORDER,151100.,10,12.88,1.281,0.0797,polars/raw/ALL.PD,1384
ST8-PD-018-03,18,E214C PF3,SAWYER/BORDER,200800.,1,-0.79,0.627,0.0142,polars/raw/ALL.PD,1387
ST8-PD-018-03,18,E214C PF3,SAWYER/BORDER,200800.,2,0.75,0.788,0.0115,polars/raw/ALL.PD,1388
ST8-PD-018-03,18,E214C PF3,SAWYER/BORDER,200800.,3,2.27,0.925,0.0121,polars/raw/ALL.PD,1389
ST8-PD-018-03,18,E214C PF3,SAWYER/BORDER,200800.,4,3.79,1.070,0.0136,polars/raw/ALL.PD,1390
ST8-PD-018-03,18,E214C PF3,SAWYER/BORDER,200800.,5,5.31,1.197,0.0153,polars/raw/ALL.PD,1391
ST8-PD-018-03,18,E214C PF3,SAWYER/BORDER,200800.,6,6.87,1.285,0.0187,polars/raw/ALL.PD,1392
ST8-PD-018-03,18,E214C PF3,SAWYER/BORDER,200800.,7,8.35,1.340,0.0250,polars/raw/ALL.PD,1393
ST8-PD-018-03,18,E214C PF3,SAWYER/BORDER,200800.,8,9.88,1.342,0.0373,polars/raw/ALL.PD,1394
ST8-PD-018-03,18,E214C PF3,SAWYER/BORDER,200800.,9,11.36,1.324,0.0548,polars/raw/ALL.PD,1395
ST8-PD-018-04,18,E214C PF3,SAWYER/BORDER,301000.,1,-0.78,0.643,0.0096,polars/raw/ALL.PD,1398
ST8-PD-018-04,18,E214C PF3,SAWYER/BORDER,301000.,2,0.77,0.789,0.0105,polars/raw/ALL.PD,1399
ST8-PD-018-04,18,E214C PF3,SAWYER/BORDER,301000.,3,2.28,0.931,0.0115,polars/raw/ALL.PD,1400
ST8-PD-018-04,18,E214C PF3,SAWYER/BORDER,301000.,4,3.82,1.067,0.0123,polars/raw/ALL.PD,1401
ST8-PD-018-04,18,E214C PF3,SAWYER/BORDER,301000.,5,5.34,1.187,0.0142,polars/raw/ALL.PD,1402
ST8-PD-018-04,18,E214C PF3,SAWYER/BORDER,301000.,6,6.82,1.266,0.0184,polars/raw/ALL.PD,1403
ST8-PD-018-04,18,E214C PF3,SAWYER/BORDER,301000.,7,8.29,1.324,0.0241,polars/raw/ALL.PD,1404
ST8-PD-018-04,18,E214C PF3,SAWYER/BORDER,301000.,8,9.88,1.345,0.0344,polars/raw/ALL.PD,1405
ST8-PD-018-04,18,E214C PF3,SAWYER/BORDER,301000.,9,11.35,1.332,0.0518,polars/raw/ALL.PD,1406
ST8-PD-018-04,18,E214C PF3,SAWYER/BORDER,301000.,10,12.86,1.295,0.0777,polars/raw/ALL.PD,1407
ST8-PD-019-01,19,E374A,FOX,58900.,1,-6.00,-.410,0.0303,polars/raw/ALL.PD,1416
ST8-PD-019-01,19,E374A,FOX,58900.,2,-4.97,-.355,0.0257,polars/raw/ALL.PD,1417
ST8-PD-019-01,19,E374A,FOX,58900.,3,-3.94,-.268,0.0194,polars/raw/ALL.PD,1418
ST8-PD-019-01,19,E374A,FOX,58900.,4,-2.95,-.175,0.0180,polars/raw/ALL.PD,1419
ST8-PD-019-01,19,E374A,FOX,58900.,5,-1.92,-.041,0.0197,polars/raw/ALL.PD,1420
ST8-PD-019-01,19,E374A,FOX,58900.,6,-0.89,0.098,0.0243,polars/raw/ALL.PD,1421
ST8-PD-019-01,19,E374A,FOX,58900.,7,0.13,0.198,0.0269,polars/raw/ALL.PD,1422
ST8-PD-019-01,19,E374A,FOX,58900.,8,1.16,0.310,0.0308,polars/raw/ALL.PD,1423
ST8-PD-019-01,19,E374A,FOX,58900.,9,2.17,0.412,0.0309,polars/raw/ALL.PD,1424
ST8-PD-019-01,19,E374A,FOX,58900.,10,3.20,0.546,0.0317,polars/raw/ALL.PD,1425
ST8-PD-019-01,19,E374A,FOX,58900.,11,4.24,0.649,0.0377,polars/raw/ALL.PD,1426
ST8-PD-019-01,19,E374A,FOX,58900.,12,5.25,0.751,0.0386,polars/raw/ALL.PD,1427
ST8-PD-019-01,19,E374A,FOX,58900.,13,6.28,0.843,0.0315,polars/raw/ALL.PD,1428
ST8-PD-019-01,19,E374A,FOX,58900.,14,7.29,0.929,0.0303,polars/raw/ALL.PD,1429
ST8-PD-019-01,19,E374A,FOX,58900.,15,8.31,0.979,0.0302,polars/raw/ALL.PD,1430
ST8-PD-019-01,19,E374A,FOX,58900.,16,9.30,0.994,0.0437,polars/raw/ALL.PD,1431
ST8-PD-019-01,19,E374A,FOX,58900.,17,10.31,1.006,0.0625,polars/raw/ALL.PD,1432
ST8-PD-019-01,19,E374A,FOX,58900.,18,11.31,1.023,0.0770,polars/raw/ALL.PD,1433
ST8-PD-019-02,19,E374A,FOX,97800.,1,-5.99,-.386,0.0298,polars/raw/ALL.PD,1436
ST8-PD-019-02,19,E374A,FOX,97800.,2,-4.98,-.321,0.0237,polars/raw/ALL.PD,1437
ST8-PD-019-02,19,E374A,FOX,97800.,3,-3.94,-.196,0.0183,polars/raw/ALL.PD,1438
ST8-PD-019-02,19,E374A,FOX,97800.,4,-2.94,-.083,0.0138,polars/raw/ALL.PD,1439
ST8-PD-019-02,19,E374A,FOX,97800.,5,-1.90,0.081,0.0164,polars/raw/ALL.PD,1440
ST8-PD-019-02,19,E374A,FOX,97800.,6,-0.86,0.218,0.0185,polars/raw/ALL.PD,1441
ST8-PD-019-02,19,E374A,FOX,97800.,7,0.17,0.303,0.0202,polars/raw/ALL.PD,1442
ST8-PD-019-02,19,E374A,FOX,97800.,8,1.18,0.392,0.0226,polars/raw/ALL.PD,1443
ST8-PD-019-02,19,E374A,FOX,97800.,9,2.19,0.483,0.0236,polars/raw/ALL.PD,1444
ST8-PD-019-02,19,E374A,FOX,97800.,10,3.21,0.576,0.0257,polars/raw/ALL.PD,1445
ST8-PD-019-02,19,E374A,FOX,97800.,11,4.24,0.671,0.0233,polars/raw/ALL.PD,1446
ST8-PD-019-02,19,E374A,FOX,97800.,12,5.25,0.764,0.0216,polars/raw/ALL.PD,1447
ST8-PD-019-02,19,E374A,FOX,97800.,13,6.27,0.863,0.0203,polars/raw/ALL.PD,1448
ST8-PD-019-02,19,E374A,FOX,97800.,14,7.30,0.953,0.0189,polars/raw/ALL.PD,1449
ST8-PD-019-02,19,E374A,FOX,97800.,15,8.31,0.993,0.0238,polars/raw/ALL.PD,1450
ST8-PD-019-02,19,E374A,FOX,97800.,16,9.31,1.010,0.0345,polars/raw/ALL.PD,1451
ST8-PD-019-03,19,E374A,FOX,151800.,1,-6.01,-.397,0.0264,polars/raw/ALL.PD,1454
ST8-PD-019-03,19,E374A,FOX,151800.,2,-4.97,-.274,0.0205,polars/raw/ALL.PD,1455
ST8-PD-019-03,19,E374A,FOX,151800.,3,-3.94,-.134,0.0145,polars/raw/ALL.PD,1456
ST8-PD-019-03,19,E374A,FOX,151800.,4,-2.92,-.034,0.0120,polars/raw/ALL.PD,1457
ST8-PD-019-03,19,E374A,FOX,151800.,5,-1.92,0.036,0.0118,polars/raw/ALL.PD,1458
ST8-PD-019-03,19,E374A,FOX,151800.,6,-0.88,0.166,0.0122,polars/raw/ALL.PD,1459
ST8-PD-019-03,19,E374A,FOX,151800.,7,0.14,0.278,0.0120,polars/raw/ALL.PD,1460
ST8-PD-019-03,19,E374A,FOX,151800.,8,1.16,0.368,0.0125,polars/raw/ALL.PD,1461
ST8-PD-019-03,19,E374A,FOX,151800.,9,2.20,0.467,0.0132,polars/raw/ALL.PD,1462
ST8-PD-019-03,19,E374A,FOX,151800.,10,3.20,0.563,0.0141,polars/raw/ALL.PD,1463
ST8-PD-019-03,19,E374A,FOX,151800.,11,4.22,0.660,0.0145,polars/raw/ALL.PD,1464
ST8-PD-019-03,19,E374A,FOX,151800.,12,5.26,0.759,0.0148,polars/raw/ALL.PD,1465
ST8-PD-019-03,19,E374A,FOX,151800.,13,6.28,0.853,0.0148,polars/raw/ALL.PD,1466
ST8-PD-019-03,19,E374A,FOX,151800.,14,7.28,0.924,0.0173,polars/raw/ALL.PD,1467
ST8-PD-019-03,19,E374A,FOX,151800.,15,8.29,0.965,0.0223,polars/raw/ALL.PD,1468
ST8-PD-019-03,19,E374A,FOX,151800.,16,9.31,0.993,0.0316,polars/raw/ALL.PD,1469
ST8-PD-019-03,19,E374A,FOX,151800.,17,10.30,1.013,0.0404,polars/raw/ALL.PD,1470
ST8-PD-019-03,19,E374A,FOX,151800.,18,11.31,1.020,0.0507,polars/raw/ALL.PD,1471
ST8-PD-019-03,19,E374A,FOX,151800.,19,12.31,1.012,0.0690,polars/raw/ALL.PD,1472
ST8-PD-019-03,19,E374A,FOX,151800.,20,13.30,1.014,0.1385,polars/raw/ALL.PD,1473
ST8-PD-019-04,19,E374A,FOX,201300.,1,-6.00,-.356,0.0220,polars/raw/ALL.PD,1476
ST8-PD-019-04,19,E374A,FOX,201300.,2,-4.96,-.220,0.0159,polars/raw/ALL.PD,1477
ST8-PD-019-04,19,E374A,FOX,201300.,3,-3.93,-.120,0.0127,polars/raw/ALL.PD,1478
ST8-PD-019-04,19,E374A,FOX,201300.,4,-2.92,-.037,0.0111,polars/raw/ALL.PD,1479
ST8-PD-019-04,19,E374A,FOX,201300.,5,-1.90,0.038,0.0102,polars/raw/ALL.PD,1480
ST8-PD-019-04,19,E374A,FOX,201300.,6,-0.90,0.136,0.0096,polars/raw/ALL.PD,1481
ST8-PD-019-04,19,E374A,FOX,201300.,7,0.16,0.275,0.0100,polars/raw/ALL.PD,1482
ST8-PD-019-04,19,E374A,FOX,201300.,8,1.18,0.370,0.0104,polars/raw/ALL.PD,1483
ST8-PD-019-04,19,E374A,FOX,201300.,9,2.19,0.469,0.0110,polars/raw/ALL.PD,1484
ST8-PD-019-04,19,E374A,FOX,201300.,10,3.22,0.573,0.0115,polars/raw/ALL.PD,1485
ST8-PD-019-04,19,E374A,FOX,201300.,11,4.23,0.673,0.0120,polars/raw/ALL.PD,1486
ST8-PD-019-04,19,E374A,FOX,201300.,12,5.25,0.773,0.0126,polars/raw/ALL.PD,1487
ST8-PD-019-04,19,E374A,FOX,201300.,13,6.27,0.855,0.0137,polars/raw/ALL.PD,1488
ST8-PD-019-04,19,E374A,FOX,201300.,14,7.29,0.912,0.0182,polars/raw/ALL.PD,1489
ST8-PD-019-04,19,E374A,FOX,201300.,15,8.29,0.954,0.0233,polars/raw/ALL.PD,1490
ST8-PD-019-04,19,E374A,FOX,201300.,16,9.29,0.984,0.0302,polars/raw/ALL.PD,1491
ST8-PD-019-04,19,E374A,FOX,201300.,17,10.30,0.999,0.0401,polars/raw/ALL.PD,1492
ST8-PD-019-04,19,E374A,FOX,201300.,18,11.31,1.000,0.0492,polars/raw/ALL.PD,1493
ST8-PD-019-05,19,E374A,FOX,300400.,1,-6.01,-.322,0.0186,polars/raw/ALL.PD,1496
ST8-PD-019-05,19,E374A,FOX,300400.,2,-4.98,-.225,0.0141,polars/raw/ALL.PD,1497
ST8-PD-019-05,19,E374A,FOX,300400.,3,-3.99,-.144,0.0114,polars/raw/ALL.PD,1498
ST8-PD-019-05,19,E374A,FOX,300400.,4,-2.95,-.052,0.0101,polars/raw/ALL.PD,1499
ST8-PD-019-05,19,E374A,FOX,300400.,5,-2.00,0.033,0.0084,polars/raw/ALL.PD,1500
ST8-PD-019-05,19,E374A,FOX,300400.,6,-0.94,0.127,0.0082,polars/raw/ALL.PD,1501
ST8-PD-019-05,19,E374A,FOX,300400.,7,0.10,0.243,0.0080,polars/raw/ALL.PD,1502
ST8-PD-019-05,19,E374A,FOX,300400.,8,1.14,0.371,0.0085,polars/raw/ALL.PD,1503
ST8-PD-019-05,19,E374A,FOX,300400.,9,2.17,0.473,0.0088,polars/raw/ALL.PD,1504
ST8-PD-019-05,19,E374A,FOX,300400.,10,3.20,0.579,0.0092,polars/raw/ALL.PD,1505
ST8-PD-019-05,19,E374A,FOX,300400.,11,4.24,0.681,0.0098,polars/raw/ALL.PD,1506
ST8-PD-019-05,19,E374A,FOX,300400.,12,5.26,0.776,0.0107,polars/raw/ALL.PD,1507
ST8-PD-019-05,19,E374A,FOX,300400.,13,6.27,0.852,0.0128,polars/raw/ALL.PD,1508
ST8-PD-019-05,19,E374A,FOX,300400.,14,7.28,0.910,0.0170,polars/raw/ALL.PD,1509
ST8-PD-020-01,20,E374B,BAME,59200.,1,-6.00,-.400,0.0343,polars/raw/ALL.PD,1518
ST8-PD-020-01,20,E374B,BAME,59200.,2,-4.98,-.350,0.0275,polars/raw/ALL.PD,1519
ST8-PD-020-01,20,E374B,BAME,59200.,3,-3.96,-.290,0.0196,polars/raw/ALL.PD,1520
ST8-PD-020-01,20,E374B,BAME,59200.,4,-2.94,-.184,0.0185,polars/raw/ALL.PD,1521
ST8-PD-020-01,20,E374B,BAME,59200.,5,-1.92,-.096,0.0188,polars/raw/ALL.PD,1522
ST8-PD-020-01,20,E374B,BAME,59200.,6,-0.90,0.034,0.0222,polars/raw/ALL.PD,1523
ST8-PD-020-01,20,E374B,BAME,59200.,7,0.13,0.174,0.0271,polars/raw/ALL.PD,1524
ST8-PD-020-01,20,E374B,BAME,59200.,8,1.15,0.271,0.0285,polars/raw/ALL.PD,1525
ST8-PD-020-01,20,E374B,BAME,59200.,9,2.18,0.364,0.0320,polars/raw/ALL.PD,1526
ST8-PD-020-01,20,E374B,BAME,59200.,10,3.19,0.433,0.0374,polars/raw/ALL.PD,1527
ST8-PD-020-01,20,E374B,BAME,59200.,11,4.21,0.545,0.0404,polars/raw/ALL.PD,1528
ST8-PD-020-01,20,E374B,BAME,59200.,12,5.25,0.703,0.0366,polars/raw/ALL.PD,1529
ST8-PD-020-01,20,E374B,BAME,59200.,13,6.27,0.817,0.0311,polars/raw/ALL.PD,1530
ST8-PD-020-01,20,E374B,BAME,59200.,14,7.29,0.906,0.0267,polars/raw/ALL.PD,1531
ST8-PD-020-01,20,E374B,BAME,59200.,15,8.30,0.957,0.0263,polars/raw/ALL.PD,1532
ST8-PD-020-01,20,E374B,BAME,59200.,16,9.30,0.973,0.0384,polars/raw/ALL.PD,1533
ST8-PD-020-01,20,E374B,BAME,59200.,17,10.30,1.006,0.0498,polars/raw/ALL.PD,1534
ST8-PD-020-02,20,E374B,BAME,97300.,1,-5.98,-.403,0.0278,polars/raw/ALL.PD,1537
ST8-PD-020-02,20,E374B,BAME,97300.,2,-4.98,-.327,0.0223,polars/raw/ALL.PD,1538
ST8-PD-020-02,20,E374B,BAME,97300.,3,-3.95,-.217,0.0173,polars/raw/ALL.PD,1539
ST8-PD-020-02,20,E374B,BAME,97300.,4,-2.93,-.093,0.0146,polars/raw/ALL.PD,1540
ST8-PD-020-02,20,E374B,BAME,97300.,5,-1.89,0.081,0.0162,polars/raw/ALL.PD,1541
ST8-PD-020-02,20,E374B,BAME,97300.,6,-0.87,0.190,0.0191,polars/raw/ALL.PD,1542
ST8-PD-020-02,20,E374B,BAME,97300.,7,0.14,0.276,0.0207,polars/raw/ALL.PD,1543
ST8-PD-020-02,20,E374B,BAME,97300.,8,1.17,0.360,0.0239,polars/raw/ALL.PD,1544
ST8-PD-020-02,20,E374B,BAME,97300.,9,2.18,0.446,0.0261,polars/raw/ALL.PD,1545
ST8-PD-020-02,20,E374B,BAME,97300.,10,3.21,0.532,0.0285,polars/raw/ALL.PD,1546
ST8-PD-020-02,20,E374B,BAME,97300.,11,4.23,0.632,0.0269,polars/raw/ALL.PD,1547
ST8-PD-020-02,20,E374B,BAME,97300.,12,5.24,0.733,0.0220,polars/raw/ALL.PD,1548
ST8-PD-020-02,20,E374B,BAME,97300.,13,6.27,0.824,0.0203,polars/raw/ALL.PD,1549
ST8-PD-020-02,20,E374B,BAME,97300.,14,7.30,0.917,0.0195,polars/raw/ALL.PD,1550
ST8-PD-020-02,20,E374B,BAME,97300.,15,8.30,0.934,0.0292,polars/raw/ALL.PD,1551
ST8-PD-020-02,20,E374B,BAME,97300.,16,9.30,0.963,0.0339,polars/raw/ALL.PD,1552
ST8-PD-020-02,20,E374B,BAME,97300.,17,10.32,0.996,0.0436,polars/raw/ALL.PD,1553
ST8-PD-020-03,20,E374B,BAME,151000.,1,-4.98,-.279,0.0186,polars/raw/ALL.PD,1556
ST8-PD-020-03,20,E374B,BAME,151000.,2,-3.93,-.146,0.0141,polars/raw/ALL.PD,1557
ST8-PD-020-03,20,E374B,BAME,151000.,3,-2.91,-.055,0.0112,polars/raw/ALL.PD,1558
ST8-PD-020-03,20,E374B,BAME,151000.,4,-1.90,0.022,0.0117,polars/raw/ALL.PD,1559
ST8-PD-020-03,20,E374B,BAME,151000.,5,-0.87,0.190,0.0118,polars/raw/ALL.PD,1560
ST8-PD-020-03,20,E374B,BAME,151000.,6,0.16,0.285,0.0127,polars/raw/ALL.PD,1561
ST8-PD-020-03,20,E374B,BAME,151000.,7,1.17,0.369,0.0140,polars/raw/ALL.PD,1562
ST8-PD-020-03,20,E374B,BAME,151000.,8,2.20,0.457,0.0140,polars/raw/ALL.PD,1563
ST8-PD-020-03,20,E374B,BAME,151000.,9,3.21,0.549,0.0150,polars/raw/ALL.PD,1564
ST8-PD-020-03,20,E374B,BAME,151000.,10,4.24,0.645,0.0149,polars/raw/ALL.PD,1565
ST8-PD-020-03,20,E374B,BAME,151000.,11,5.26,0.742,0.0144,polars/raw/ALL.PD,1566
ST8-PD-020-03,20,E374B,BAME,151000.,12,6.27,0.835,0.0150,polars/raw/ALL.PD,1567
ST8-PD-020-03,20,E374B,BAME,151000.,13,7.29,0.893,0.0190,polars/raw/ALL.PD,1568
ST8-PD-020-03,20,E374B,BAME,151000.,14,8.30,0.927,0.0258,polars/raw/ALL.PD,1569
ST8-PD-020-03,20,E374B,BAME,151000.,15,9.31,0.962,0.0328,polars/raw/ALL.PD,1570
ST8-PD-020-03,20,E374B,BAME,151000.,16,10.31,0.988,0.0426,polars/raw/ALL.PD,1571
ST8-PD-020-03,20,E374B,BAME,151000.,17,11.31,0.997,0.0509,polars/raw/ALL.PD,1572
ST8-PD-020-03,20,E374B,BAME,151000.,18,12.31,0.995,0.0684,polars/raw/ALL.PD,1573
ST8-PD-020-04,20,E374B,BAME,201600.,1,-6.00,-.365,0.0204,polars/raw/ALL.PD,1576
ST8-PD-020-04,20,E374B,BAME,201600.,2,-4.97,-.229,0.0153,polars/raw/ALL.PD,1577
ST8-PD-020-04,20,E374B,BAME,201600.,3,-3.94,-.136,0.0125,polars/raw/ALL.PD,1578
ST8-PD-020-04,20,E374B,BAME,201600.,4,-2.94,-.061,0.0108,polars/raw/ALL.PD,1579
ST8-PD-020-04,20,E374B,BAME,201600.,5,-1.90,0.019,0.0097,polars/raw/ALL.PD,1580
ST8-PD-020-04,20,E374B,BAME,201600.,6,-0.88,0.118,0.0105,polars/raw/ALL.PD,1581
ST8-PD-020-04,20,E374B,BAME,201600.,7,0.15,0.272,0.0108,polars/raw/ALL.PD,1582
ST8-PD-020-04,20,E374B,BAME,201600.,8,1.17,0.366,0.0115,polars/raw/ALL.PD,1583
ST8-PD-020-04,20,E374B,BAME,201600.,9,2.19,0.455,0.0119,polars/raw/ALL.PD,1584
ST8-PD-020-04,20,E374B,BAME,201600.,10,3.21,0.551,0.0124,polars/raw/ALL.PD,1585
ST8-PD-020-04,20,E374B,BAME,201600.,11,4.24,0.646,0.0124,polars/raw/ALL.PD,1586
ST8-PD-020-04,20,E374B,BAME,201600.,12,5.25,0.744,0.0124,polars/raw/ALL.PD,1587
ST8-PD-020-04,20,E374B,BAME,201600.,13,6.28,0.829,0.0141,polars/raw/ALL.PD,1588
ST8-PD-020-04,20,E374B,BAME,201600.,14,7.28,0.881,0.0196,polars/raw/ALL.PD,1589
ST8-PD-020-04,20,E374B,BAME,201600.,15,8.30,0.923,0.0248,polars/raw/ALL.PD,1590
ST8-PD-020-04,20,E374B,BAME,201600.,16,9.30,0.958,0.0319,polars/raw/ALL.PD,1591
ST8-PD-020-04,20,E374B,BAME,201600.,17,10.30,0.980,0.0405,polars/raw/ALL.PD,1592
ST8-PD-020-04,20,E374B,BAME,201600.,18,11.31,0.984,0.0564,polars/raw/ALL.PD,1593
ST8-PD-020-04,20,E374B,BAME,201600.,19,12.33,1.015,0.0793,polars/raw/ALL.PD,1594
ST8-PD-020-05,20,E374B,BAME,308600.,1,-5.98,-.334,0.0171,polars/raw/ALL.PD,1597
ST8-PD-020-05,20,E374B,BAME,308600.,2,-4.96,-.237,0.0136,polars/raw/ALL.PD,1598
ST8-PD-020-05,20,E374B,BAME,308600.,3,-3.94,-.157,0.0112,polars/raw/ALL.PD,1599
ST8-PD-020-05,20,E374B,BAME,308600.,4,-2.93,-.069,0.0100,polars/raw/ALL.PD,1600
ST8-PD-020-05,20,E374B,BAME,308600.,5,-1.91,0.018,0.0085,polars/raw/ALL.PD,1601
ST8-PD-020-05,20,E374B,BAME,308600.,6,-0.88,0.100,0.0085,polars/raw/ALL.PD,1602
ST8-PD-020-05,20,E374B,BAME,308600.,7,0.14,0.218,0.0088,polars/raw/ALL.PD,1603
ST8-PD-020-05,20,E374B,BAME,308600.,8,1.17,0.358,0.0090,polars/raw/ALL.PD,1604
ST8-PD-020-05,20,E374B,BAME,308600.,9,2.19,0.453,0.0092,polars/raw/ALL.PD,1605
ST8-PD-020-05,20,E374B,BAME,308600.,10,3.21,0.548,0.0097,polars/raw/ALL.PD,1606
ST8-PD-020-05,20,E374B,BAME,308600.,11,4.23,0.645,0.0099,polars/raw/ALL.PD,1607
ST8-PD-020-05,20,E374B,BAME,308600.,12,5.26,0.738,0.0105,polars/raw/ALL.PD,1608
ST8-PD-020-05,20,E374B,BAME,308600.,13,6.27,0.813,0.0133,polars/raw/ALL.PD,1609
ST8-PD-020-05,20,E374B,BAME,308600.,14,7.28,0.867,0.0180,polars/raw/ALL.PD,1610
ST8-PD-020-05,20,E374B,BAME,308600.,15,8.29,0.916,0.0227,polars/raw/ALL.PD,1611
ST8-PD-020-05,20,E374B,BAME,308600.,16,9.30,0.957,0.0285,polars/raw/ALL.PD,1612
ST8-PD-020-05,20,E374B,BAME,308600.,17,10.30,0.978,0.0371,polars/raw/ALL.PD,1613
ST8-PD-020-05,20,E374B,BAME,308600.,18,11.31,0.984,0.0492,polars/raw/ALL.PD,1614
ST8-PD-020-05,20,E374B,BAME,308600.,19,12.32,1.047,0.0878,polars/raw/ALL.PD,1615
ST8-PD-020-05,20,E374B,BAME,308600.,20,13.12,0.981,0.1619,polars/raw/ALL.PD,1616
ST8-PD-020-05,20,E374B,BAME,308600.,21,14.23,0.928,0.2177,polars/raw/ALL.PD,1617
ST8-PD-021-01,21,E374B BUMP SHOT TRIP 50%,BAME,100800.,1,-2.93,-.094,0.0125,polars/raw/ALL.PD,1626
ST8-PD-021-01,21,E374B BUMP SHOT TRIP 50%,BAME,100800.,2,-1.39,0.124,0.0118,polars/raw/ALL.PD,1627
ST8-PD-021-01,21,E374B BUMP SHOT TRIP 50%,BAME,100800.,3,0.14,0.271,0.0148,polars/raw/ALL.PD,1628
ST8-PD-021-01,21,E374B BUMP SHOT TRIP 50%,BAME,100800.,4,1.67,0.405,0.0213,polars/raw/ALL.PD,1629
ST8-PD-021-01,21,E374B BUMP SHOT TRIP 50%,BAME,100800.,5,3.19,0.519,0.0241,polars/raw/ALL.PD,1630
ST8-PD-021-01,21,E374B BUMP SHOT TRIP 50%,BAME,100800.,6,4.72,0.651,0.0200,polars/raw/ALL.PD,1631
ST8-PD-021-01,21,E374B BUMP SHOT TRIP 50%,BAME,100800.,7,6.27,0.802,0.0193,polars/raw/ALL.PD,1632
ST8-PD-021-01,21,E374B BUMP SHOT TRIP 50%,BAME,100800.,8,7.77,0.888,0.0231,polars/raw/ALL.PD,1633
ST8-PD-021-01,21,E374B BUMP SHOT TRIP 50%,BAME,100800.,9,9.29,0.932,0.0339,polars/raw/ALL.PD,1634
ST8-PD-021-01,21,E374B BUMP SHOT TRIP 50%,BAME,100800.,10,10.81,0.969,0.0443,polars/raw/ALL.PD,1635
ST8-PD-021-01,21,E374B BUMP SHOT TRIP 50%,BAME,100800.,11,11.81,0.970,0.0641,polars/raw/ALL.PD,1636
ST8-PD-021-02,21,E374B BUMP SHOT TRIP 50%,BAME,153400.,1,-3.95,-.181,0.0155,polars/raw/ALL.PD,1639
ST8-PD-021-02,21,E374B BUMP SHOT TRIP 50%,BAME,153400.,2,-2.94,-.093,0.0123,polars/raw/ALL.PD,1640
ST8-PD-021-02,21,E374B BUMP SHOT TRIP 50%,BAME,153400.,3,-1.92,-.005,0.0112,polars/raw/ALL.PD,1641
ST8-PD-021-02,21,E374B BUMP SHOT TRIP 50%,BAME,153400.,4,-0.87,0.162,0.0118,polars/raw/ALL.PD,1642
ST8-PD-021-02,21,E374B BUMP SHOT TRIP 50%,BAME,153400.,5,0.14,0.265,0.0115,polars/raw/ALL.PD,1643
ST8-PD-021-02,21,E374B BUMP SHOT TRIP 50%,BAME,153400.,6,1.16,0.357,0.0119,polars/raw/ALL.PD,1644
ST8-PD-021-02,21,E374B BUMP SHOT TRIP 50%,BAME,153400.,7,2.19,0.456,0.0123,polars/raw/ALL.PD,1645
ST8-PD-021-02,21,E374B BUMP SHOT TRIP 50%,BAME,153400.,8,3.22,0.557,0.0148,polars/raw/ALL.PD,1646
ST8-PD-021-02,21,E374B BUMP SHOT TRIP 50%,BAME,153400.,9,4.23,0.649,0.0147,polars/raw/ALL.PD,1647
ST8-PD-021-02,21,E374B BUMP SHOT TRIP 50%,BAME,153400.,10,5.26,0.742,0.0144,polars/raw/ALL.PD,1648
ST8-PD-021-02,21,E374B BUMP SHOT TRIP 50%,BAME,153400.,11,6.26,0.831,0.0149,polars/raw/ALL.PD,1649
ST8-PD-021-02,21,E374B BUMP SHOT TRIP 50%,BAME,153400.,12,7.29,0.886,0.0202,polars/raw/ALL.PD,1650
ST8-PD-021-02,21,E374B BUMP SHOT TRIP 50%,BAME,153400.,13,8.29,0.919,0.0264,polars/raw/ALL.PD,1651
ST8-PD-021-02,21,E374B BUMP SHOT TRIP 50%,BAME,153400.,14,9.30,0.953,0.0338,polars/raw/ALL.PD,1652
ST8-PD-021-02,21,E374B BUMP SHOT TRIP 50%,BAME,153400.,15,10.29,0.975,0.0435,polars/raw/ALL.PD,1653
ST8-PD-021-03,21,E374B BUMP SHOT TRIP 50%,BAME,202400.,1,-2.93,-.090,0.0118,polars/raw/ALL.PD,1656
ST8-PD-021-03,21,E374B BUMP SHOT TRIP 50%,BAME,202400.,2,-1.43,0.038,0.0101,polars/raw/ALL.PD,1657
ST8-PD-021-03,21,E374B BUMP SHOT TRIP 50%,BAME,202400.,3,0.16,0.259,0.0106,polars/raw/ALL.PD,1658
ST8-PD-021-03,21,E374B BUMP SHOT TRIP 50%,BAME,202400.,4,1.67,0.394,0.0106,polars/raw/ALL.PD,1659
ST8-PD-021-03,21,E374B BUMP SHOT TRIP 50%,BAME,202400.,5,3.20,0.539,0.0110,polars/raw/ALL.PD,1660
ST8-PD-021-03,21,E374B BUMP SHOT TRIP 50%,BAME,202400.,6,4.72,0.688,0.0121,polars/raw/ALL.PD,1661
ST8-PD-021-03,21,E374B BUMP SHOT TRIP 50%,BAME,202400.,7,6.25,0.823,0.0143,polars/raw/ALL.PD,1662
ST8-PD-021-03,21,E374B BUMP SHOT TRIP 50%,BAME,202400.,8,7.79,0.896,0.0227,polars/raw/ALL.PD,1663
ST8-PD-021-03,21,E374B BUMP SHOT TRIP 50%,BAME,202400.,9,9.29,0.949,0.0324,polars/raw/ALL.PD,1664
ST8-PD-021-03,21,E374B BUMP SHOT TRIP 50%,BAME,202400.,10,10.81,0.975,0.0485,polars/raw/ALL.PD,1665
ST8-PD-021-03,21,E374B BUMP SHOT TRIP 50%,BAME,202400.,11,11.82,0.983,0.0607,polars/raw/ALL.PD,1666
ST8-PD-021-04,21,E374B BUMP SHOT TRIP 50%,BAME,305000.,1,-2.94,-.088,0.0112,polars/raw/ALL.PD,1669
ST8-PD-021-04,21,E374B BUMP SHOT TRIP 50%,BAME,305000.,2,-1.41,0.045,0.0091,polars/raw/ALL.PD,1670
ST8-PD-021-04,21,E374B BUMP SHOT TRIP 50%,BAME,305000.,3,0.12,0.220,0.0091,polars/raw/ALL.PD,1671
ST8-PD-021-04,21,E374B BUMP SHOT TRIP 50%,BAME,305000.,4,1.66,0.399,0.0094,polars/raw/ALL.PD,1672
ST8-PD-021-04,21,E374B BUMP SHOT TRIP 50%,BAME,305000.,5,3.20,0.541,0.0097,polars/raw/ALL.PD,1673
ST8-PD-021-04,21,E374B BUMP SHOT TRIP 50%,BAME,305000.,6,4.72,0.689,0.0100,polars/raw/ALL.PD,1674
ST8-PD-021-04,21,E374B BUMP SHOT TRIP 50%,BAME,305000.,7,6.26,0.813,0.0144,polars/raw/ALL.PD,1675
ST8-PD-021-04,21,E374B BUMP SHOT TRIP 50%,BAME,305000.,8,7.77,0.893,0.0211,polars/raw/ALL.PD,1676
ST8-PD-021-04,21,E374B BUMP SHOT TRIP 50%,BAME,305000.,9,9.30,0.952,0.0297,polars/raw/ALL.PD,1677
ST8-PD-021-04,21,E374B BUMP SHOT TRIP 50%,BAME,305000.,10,10.79,0.975,0.0440,polars/raw/ALL.PD,1678
ST8-PD-021-04,21,E374B BUMP SHOT TRIP 50%,BAME,305000.,11,11.81,0.995,0.0540,polars/raw/ALL.PD,1679
ST8-PD-022-01,22,E374B CLAY L.E.,BAME,100600.,1,-3.97,-.276,0.0196,polars/raw/ALL.PD,1688
ST8-PD-022-01,22,E374B CLAY L.E.,BAME,100600.,2,-2.43,-.088,0.0148,polars/raw/ALL.PD,1689
ST8-PD-022-01,22,E374B CLAY L.E.,BAME,100600.,3,-0.89,0.146,0.0176,polars/raw/ALL.PD,1690
ST8-PD-022-01,22,E374B CLAY L.E.,BAME,100600.,4,0.64,0.284,0.0206,polars/raw/ALL.PD,1691
ST8-PD-022-01,22,E374B CLAY L.E.,BAME,100600.,5,2.18,0.409,0.0236,polars/raw/ALL.PD,1692
ST8-PD-022-01,22,E374B CLAY L.E.,BAME,100600.,6,3.71,0.547,0.0233,polars/raw/ALL.PD,1693
ST8-PD-022-01,22,E374B CLAY L.E.,BAME,100600.,7,5.22,0.681,0.0198,polars/raw/ALL.PD,1694
ST8-PD-022-01,22,E374B CLAY L.E.,BAME,100600.,8,6.77,0.815,0.0180,polars/raw/ALL.PD,1695
ST8-PD-022-01,22,E374B CLAY L.E.,BAME,100600.,9,8.29,0.897,0.0230,polars/raw/ALL.PD,1696
ST8-PD-022-01,22,E374B CLAY L.E.,BAME,100600.,10,9.80,0.948,0.0354,polars/raw/ALL.PD,1697
ST8-PD-022-01,22,E374B CLAY L.E.,BAME,100600.,11,11.31,0.975,0.0538,polars/raw/ALL.PD,1698
ST8-PD-022-02,22,E374B CLAY L.E.,BAME,149400.,1,-3.96,-.193,0.0161,polars/raw/ALL.PD,1701
ST8-PD-022-02,22,E374B CLAY L.E.,BAME,149400.,2,-2.42,-.043,0.0125,polars/raw/ALL.PD,1702
ST8-PD-022-02,22,E374B CLAY L.E.,BAME,149400.,3,-0.89,0.120,0.0120,polars/raw/ALL.PD,1703
ST8-PD-022-02,22,E374B CLAY L.E.,BAME,149400.,4,0.65,0.291,0.0130,polars/raw/ALL.PD,1704
ST8-PD-022-02,22,E374B CLAY L.E.,BAME,149400.,5,2.17,0.418,0.0140,polars/raw/ALL.PD,1705
ST8-PD-022-02,22,E374B CLAY L.E.,BAME,149400.,6,3.71,0.557,0.0143,polars/raw/ALL.PD,1706
ST8-PD-022-02,22,E374B CLAY L.E.,BAME,149400.,7,5.23,0.699,0.0142,polars/raw/ALL.PD,1707
ST8-PD-022-02,22,E374B CLAY L.E.,BAME,149400.,8,6.76,0.822,0.0161,polars/raw/ALL.PD,1708
ST8-PD-022-02,22,E374B CLAY L.E.,BAME,149400.,9,8.29,0.904,0.0233,polars/raw/ALL.PD,1709
ST8-PD-022-02,22,E374B CLAY L.E.,BAME,149400.,10,9.80,0.964,0.0348,polars/raw/ALL.PD,1710
ST8-PD-022-02,22,E374B CLAY L.E.,BAME,149400.,11,11.30,0.987,0.0539,polars/raw/ALL.PD,1711
ST8-PD-022-03,22,E374B CLAY L.E.,BAME,196300.,1,-3.96,-.168,0.0134,polars/raw/ALL.PD,1714
ST8-PD-022-03,22,E374B CLAY L.E.,BAME,196300.,2,-2.42,-.048,0.0102,polars/raw/ALL.PD,1715
ST8-PD-022-03,22,E374B CLAY L.E.,BAME,196300.,3,-0.89,0.079,0.0101,polars/raw/ALL.PD,1716
ST8-PD-022-03,22,E374B CLAY L.E.,BAME,196300.,4,0.66,0.287,0.0112,polars/raw/ALL.PD,1717
ST8-PD-022-03,22,E374B CLAY L.E.,BAME,196300.,5,2.17,0.421,0.0118,polars/raw/ALL.PD,1718
ST8-PD-022-03,22,E374B CLAY L.E.,BAME,196300.,6,3.70,0.562,0.0122,polars/raw/ALL.PD,1719
ST8-PD-022-03,22,E374B CLAY L.E.,BAME,196300.,7,5.23,0.707,0.0126,polars/raw/ALL.PD,1720
ST8-PD-022-03,22,E374B CLAY L.E.,BAME,196300.,8,6.76,0.822,0.0160,polars/raw/ALL.PD,1721
ST8-PD-022-03,22,E374B CLAY L.E.,BAME,196300.,9,8.30,0.914,0.0224,polars/raw/ALL.PD,1722
ST8-PD-022-03,22,E374B CLAY L.E.,BAME,196300.,10,9.80,0.975,0.0327,polars/raw/ALL.PD,1723
ST8-PD-022-03,22,E374B CLAY L.E.,BAME,196300.,11,11.30,0.996,0.0506,polars/raw/ALL.PD,1724
ST8-PD-022-03,22,E374B CLAY L.E.,BAME,196300.,12,12.81,1.013,0.1085,polars/raw/ALL.PD,1725
ST8-PD-022-04,22,E374B CLAY L.E.,BAME,300000.,1,-3.96,-.198,0.0122,polars/raw/ALL.PD,1728
ST8-PD-022-04,22,E374B CLAY L.E.,BAME,300000.,2,-2.44,-.065,0.0095,polars/raw/ALL.PD,1729
ST8-PD-022-04,22,E374B CLAY L.E.,BAME,300000.,3,-0.91,0.064,0.0079,polars/raw/ALL.PD,1730
ST8-PD-022-04,22,E374B CLAY L.E.,BAME,300000.,4,0.64,0.251,0.0089,polars/raw/ALL.PD,1731
ST8-PD-022-04,22,E374B CLAY L.E.,BAME,300000.,5,2.16,0.417,0.0094,polars/raw/ALL.PD,1732
ST8-PD-022-04,22,E374B CLAY L.E.,BAME,300000.,6,3.72,0.562,0.0097,polars/raw/ALL.PD,1733
ST8-PD-022-04,22,E374B CLAY L.E.,BAME,300000.,7,5.25,0.699,0.0110,polars/raw/ALL.PD,1734
ST8-PD-022-04,22,E374B CLAY L.E.,BAME,300000.,8,6.76,0.813,0.0150,polars/raw/ALL.PD,1735
ST8-PD-022-04,22,E374B CLAY L.E.,BAME,300000.,9,8.29,0.914,0.0205,polars/raw/ALL.PD,1736
ST8-PD-022-04,22,E374B CLAY L.E.,BAME,300000.,10,9.80,0.980,0.0305,polars/raw/ALL.PD,1737
ST8-PD-022-04,22,E374B CLAY L.E.,BAME,300000.,11,11.31,1.009,0.0466,polars/raw/ALL.PD,1738
ST8-PD-022-04,22,E374B CLAY L.E.,BAME,300000.,12,12.80,1.031,0.0997,polars/raw/ALL.PD,1739
ST8-PD-022-04,22,E374B CLAY L.E.,BAME,300000.,13,14.29,0.970,0.1964,polars/raw/ALL.PD,1740
ST8-PD-023-01,23,E374B THICK T.E.,BAME,147300.,1,-3.94,-.149,0.0143,polars/raw/ALL.PD,1749
ST8-PD-023-01,23,E374B THICK T.E.,BAME,147300.,2,-2.41,-.045,0.0124,polars/raw/ALL.PD,1750
ST8-PD-023-01,23,E374B THICK T.E.,BAME,147300.,3,-0.89,0.142,0.0133,polars/raw/ALL.PD,1751
ST8-PD-023-01,23,E374B THICK T.E.,BAME,147300.,4,0.65,0.270,0.0141,polars/raw/ALL.PD,1752
ST8-PD-023-01,23,E374B THICK T.E.,BAME,147300.,5,2.16,0.409,0.0153,polars/raw/ALL.PD,1753
ST8-PD-023-01,23,E374B THICK T.E.,BAME,147300.,6,3.69,0.555,0.0156,polars/raw/ALL.PD,1754
ST8-PD-023-01,23,E374B THICK T.E.,BAME,147300.,7,5.24,0.703,0.0152,polars/raw/ALL.PD,1755
ST8-PD-023-01,23,E374B THICK T.E.,BAME,147300.,8,6.78,0.844,0.0162,polars/raw/ALL.PD,1756
ST8-PD-023-01,23,E374B THICK T.E.,BAME,147300.,9,8.28,0.919,0.0260,polars/raw/ALL.PD,1757
ST8-PD-023-01,23,E374B THICK T.E.,BAME,147300.,10,9.81,0.973,0.0370,polars/raw/ALL.PD,1758
ST8-PD-023-01,23,E374B THICK T.E.,BAME,147300.,11,11.30,0.991,0.0564,polars/raw/ALL.PD,1759
ST8-PD-023-01,23,E374B THICK T.E.,BAME,147300.,12,12.79,0.982,0.1210,polars/raw/ALL.PD,1760
ST8-PD-023-02,23,E374B THICK T.E.,BAME,200700.,1,-3.96,-.188,0.0139,polars/raw/ALL.PD,1763
ST8-PD-023-02,23,E374B THICK T.E.,BAME,200700.,2,-2.42,-.065,0.0106,polars/raw/ALL.PD,1764
ST8-PD-023-02,23,E374B THICK T.E.,BAME,200700.,3,-0.90,0.071,0.0102,polars/raw/ALL.PD,1765
ST8-PD-023-02,23,E374B THICK T.E.,BAME,200700.,4,0.64,0.252,0.0113,polars/raw/ALL.PD,1766
ST8-PD-023-02,23,E374B THICK T.E.,BAME,200700.,5,2.18,0.403,0.0121,polars/raw/ALL.PD,1767
ST8-PD-023-02,23,E374B THICK T.E.,BAME,200700.,6,3.70,0.557,0.0129,polars/raw/ALL.PD,1768
ST8-PD-023-02,23,E374B THICK T.E.,BAME,200700.,7,5.23,0.708,0.0125,polars/raw/ALL.PD,1769
ST8-PD-023-02,23,E374B THICK T.E.,BAME,200700.,8,6.78,0.847,0.0155,polars/raw/ALL.PD,1770
ST8-PD-023-02,23,E374B THICK T.E.,BAME,200700.,9,8.30,0.929,0.0245,polars/raw/ALL.PD,1771
ST8-PD-023-02,23,E374B THICK T.E.,BAME,200700.,10,9.80,0.983,0.0351,polars/raw/ALL.PD,1772
ST8-PD-023-02,23,E374B THICK T.E.,BAME,200700.,11,11.30,0.996,0.0520,polars/raw/ALL.PD,1773
ST8-PD-023-02,23,E374B THICK T.E.,BAME,200700.,12,12.75,1.003,0.1213,polars/raw/ALL.PD,1774
ST8-PD-023-03,23,E374B THICK T.E.,BAME,300300.,1,-3.95,-.212,0.0120,polars/raw/ALL.PD,1777
ST8-PD-023-03,23,E374B THICK T.E.,BAME,300300.,2,-2.43,-.070,0.0097,polars/raw/ALL.PD,1778
ST8-PD-023-03,23,E374B THICK T.E.,BAME,300300.,3,-0.88,0.057,0.0086,polars/raw/ALL.PD,1779
ST8-PD-023-03,23,E374B THICK T.E.,BAME,300300.,4,0.63,0.241,0.0091,polars/raw/ALL.PD,1780
ST8-PD-023-03,23,E374B THICK T.E.,BAME,300300.,5,2.17,0.396,0.0095,polars/raw/ALL.PD,1781
ST8-PD-023-03,23,E374B THICK T.E.,BAME,300300.,6,3.71,0.558,0.0104,polars/raw/ALL.PD,1782
ST8-PD-023-03,23,E374B THICK T.E.,BAME,300300.,7,5.25,0.711,0.0108,polars/raw/ALL.PD,1783
ST8-PD-023-03,23,E374B THICK T.E.,BAME,300300.,8,6.77,0.842,0.0154,polars/raw/ALL.PD,1784
ST8-PD-023-03,23,E374B THICK T.E.,BAME,300300.,9,8.29,0.932,0.0224,polars/raw/ALL.PD,1785
ST8-PD-023-03,23,E374B THICK T.E.,BAME,300300.,10,9.81,0.986,0.0322,polars/raw/ALL.PD,1786
ST8-PD-023-03,23,E374B THICK T.E.,BAME,300300.,11,11.32,0.999,0.0483,polars/raw/ALL.PD,1787
ST8-PD-024-01,24,"E374B UST .020, .125, 20%",BAME,103600.,1,-2.94,-.058,0.0131,polars/raw/ALL.PD,1796
ST8-PD-024-01,24,"E374B UST .020, .125, 20%",BAME,103600.,2,-1.37,0.139,0.0123,polars/raw/ALL.PD,1797
ST8-PD-024-01,24,"E374B UST .020, .125, 20%",BAME,103600.,3,0.14,0.268,0.0123,polars/raw/ALL.PD,1798
ST8-PD-024-01,24,"E374B UST .020, .125, 20%",BAME,103600.,4,1.66,0.394,0.0136,polars/raw/ALL.PD,1799
ST8-PD-024-01,24,"E374B UST .020, .125, 20%",BAME,103600.,5,3.22,0.535,0.0142,polars/raw/ALL.PD,1800
ST8-PD-024-01,24,"E374B UST .020, .125, 20%",BAME,103600.,6,4.72,0.675,0.0153,polars/raw/ALL.PD,1801
ST8-PD-024-01,24,"E374B UST .020, .125, 20%",BAME,103600.,7,6.27,0.814,0.0164,polars/raw/ALL.PD,1802
ST8-PD-024-01,24,"E374B UST .020, .125, 20%",BAME,103600.,8,7.77,0.902,0.0193,polars/raw/ALL.PD,1803
ST8-PD-024-01,24,"E374B UST .020, .125, 20%",BAME,103600.,9,9.29,0.938,0.0300,polars/raw/ALL.PD,1804
ST8-PD-024-01,24,"E374B UST .020, .125, 20%",BAME,103600.,10,10.80,0.974,0.0434,polars/raw/ALL.PD,1805
ST8-PD-024-02,24,"E374B UST .020, .125, 20%",BAME,151300.,1,-2.93,-.069,0.0106,polars/raw/ALL.PD,1808
ST8-PD-024-02,24,"E374B UST .020, .125, 20%",BAME,151300.,2,-1.41,0.094,0.0113,polars/raw/ALL.PD,1809
ST8-PD-024-02,24,"E374B UST .020, .125, 20%",BAME,151300.,3,0.15,0.273,0.0105,polars/raw/ALL.PD,1810
ST8-PD-024-02,24,"E374B UST .020, .125, 20%",BAME,151300.,4,1.67,0.408,0.0115,polars/raw/ALL.PD,1811
ST8-PD-024-02,24,"E374B UST .020, .125, 20%",BAME,151300.,5,3.19,0.550,0.0121,polars/raw/ALL.PD,1812
ST8-PD-024-02,24,"E374B UST .020, .125, 20%",BAME,151300.,6,4.75,0.691,0.0134,polars/raw/ALL.PD,1813
ST8-PD-024-02,24,"E374B UST .020, .125, 20%",BAME,151300.,7,6.27,0.822,0.0154,polars/raw/ALL.PD,1814
ST8-PD-024-02,24,"E374B UST .020, .125, 20%",BAME,151300.,8,7.78,0.899,0.0246,polars/raw/ALL.PD,1815
ST8-PD-024-02,24,"E374B UST .020, .125, 20%",BAME,151300.,9,9.29,0.947,0.0363,polars/raw/ALL.PD,1816
ST8-PD-024-02,24,"E374B UST .020, .125, 20%",BAME,151300.,10,10.80,0.972,0.0539,polars/raw/ALL.PD,1817
ST8-PD-024-02,24,"E374B UST .020, .125, 20%",BAME,151300.,11,11.80,0.979,0.0668,polars/raw/ALL.PD,1818
ST8-PD-024-02,24,"E374B UST .020, .125, 20%",BAME,151300.,12,12.79,0.970,0.1307,polars/raw/ALL.PD,1819
ST8-PD-024-03,24,"E374B UST .020, .125, 20%",BAME,200700.,1,-2.94,-.069,0.0107,polars/raw/ALL.PD,1822
ST8-PD-024-03,24,"E374B UST .020, .125, 20%",BAME,200700.,2,-1.41,0.062,0.0093,polars/raw/ALL.PD,1823
ST8-PD-024-03,24,"E374B UST .020, .125, 20%",BAME,200700.,3,0.14,0.272,0.0101,polars/raw/ALL.PD,1824
ST8-PD-024-03,24,"E374B UST .020, .125, 20%",BAME,200700.,4,1.68,0.411,0.0102,polars/raw/ALL.PD,1825
ST8-PD-024-03,24,"E374B UST .020, .125, 20%",BAME,200700.,5,3.20,0.549,0.0112,polars/raw/ALL.PD,1826
ST8-PD-024-03,24,"E374B UST .020, .125, 20%",BAME,200700.,6,4.74,0.690,0.0128,polars/raw/ALL.PD,1827
ST8-PD-024-03,24,"E374B UST .020, .125, 20%",BAME,200700.,7,6.26,0.820,0.0153,polars/raw/ALL.PD,1828
ST8-PD-024-03,24,"E374B UST .020, .125, 20%",BAME,200700.,8,7.78,0.907,0.0248,polars/raw/ALL.PD,1829
ST8-PD-024-03,24,"E374B UST .020, .125, 20%",BAME,200700.,9,9.29,0.961,0.0331,polars/raw/ALL.PD,1830
ST8-PD-024-03,24,"E374B UST .020, .125, 20%",BAME,200700.,10,10.81,0.981,0.0496,polars/raw/ALL.PD,1831
ST8-PD-024-03,24,"E374B UST .020, .125, 20%",BAME,200700.,11,11.81,0.992,0.0609,polars/raw/ALL.PD,1832
ST8-PD-024-04,24,"E374B UST .020, .125, 20%",BAME,304200.,1,-2.93,-.079,0.0102,polars/raw/ALL.PD,1835
ST8-PD-024-04,24,"E374B UST .020, .125, 20%",BAME,304200.,2,-1.91,0.008,0.0087,polars/raw/ALL.PD,1836
ST8-PD-024-04,24,"E374B UST .020, .125, 20%",BAME,304200.,3,-0.90,0.089,0.0089,polars/raw/ALL.PD,1837
ST8-PD-024-04,24,"E374B UST .020, .125, 20%",BAME,304200.,4,0.14,0.222,0.0093,polars/raw/ALL.PD,1838
ST8-PD-024-04,24,"E374B UST .020, .125, 20%",BAME,304200.,5,1.16,0.349,0.0098,polars/raw/ALL.PD,1839
ST8-PD-024-04,24,"E374B UST .020, .125, 20%",BAME,304200.,6,2.18,0.438,0.0106,polars/raw/ALL.PD,1840
ST8-PD-024-04,24,"E374B UST .020, .125, 20%",BAME,304200.,7,3.20,0.531,0.0109,polars/raw/ALL.PD,1841
ST8-PD-024-04,24,"E374B UST .020, .125, 20%",BAME,304200.,8,4.22,0.629,0.0117,polars/raw/ALL.PD,1842
ST8-PD-024-04,24,"E374B UST .020, .125, 20%",BAME,304200.,9,5.25,0.726,0.0127,polars/raw/ALL.PD,1843
ST8-PD-024-04,24,"E374B UST .020, .125, 20%",BAME,304200.,10,6.26,0.813,0.0149,polars/raw/ALL.PD,1844
ST8-PD-024-04,24,"E374B UST .020, .125, 20%",BAME,304200.,11,7.27,0.873,0.0195,polars/raw/ALL.PD,1845
ST8-PD-024-04,24,"E374B UST .020, .125, 20%",BAME,304200.,12,8.29,0.920,0.0246,polars/raw/ALL.PD,1846
ST8-PD-024-04,24,"E374B UST .020, .125, 20%",BAME,304200.,13,9.31,0.953,0.0317,polars/raw/ALL.PD,1847
ST8-PD-025-01,25,E387A,CHAMPINE,59700.,1,-3.95,-.211,0.0382,polars/raw/ALL.PD,1856
ST8-PD-025-01,25,E387A,CHAMPINE,59700.,2,-2.95,-.125,0.0268,polars/raw/ALL.PD,1857
ST8-PD-025-01,25,E387A,CHAMPINE,59700.,3,-1.91,0.006,0.0210,polars/raw/ALL.PD,1858
ST8-PD-025-01,25,E387A,CHAMPINE,59700.,4,-0.89,0.133,0.0204,polars/raw/ALL.PD,1859
ST8-PD-025-01,25,E387A,CHAMPINE,59700.,5,0.14,0.286,0.0223,polars/raw/ALL.PD,1860
ST8-PD-025-01,25,E387A,CHAMPINE,59700.,6,1.17,0.390,0.0262,polars/raw/ALL.PD,1861
ST8-PD-025-01,25,E387A,CHAMPINE,59700.,7,2.20,0.487,0.0288,polars/raw/ALL.PD,1862
ST8-PD-025-01,25,E387A,CHAMPINE,59700.,8,3.23,0.589,0.0303,polars/raw/ALL.PD,1863
ST8-PD-025-01,25,E387A,CHAMPINE,59700.,9,4.25,0.690,0.0325,polars/raw/ALL.PD,1864
ST8-PD-025-01,25,E387A,CHAMPINE,59700.,10,5.27,0.782,0.0324,polars/raw/ALL.PD,1865
ST8-PD-025-01,25,E387A,CHAMPINE,59700.,11,6.28,0.873,0.0306,polars/raw/ALL.PD,1866
ST8-PD-025-01,25,E387A,CHAMPINE,59700.,12,7.31,0.973,0.0288,polars/raw/ALL.PD,1867
ST8-PD-025-01,25,E387A,CHAMPINE,59700.,13,8.32,1.060,0.0258,polars/raw/ALL.PD,1868
ST8-PD-025-01,25,E387A,CHAMPINE,59700.,14,9.35,1.133,0.0280,polars/raw/ALL.PD,1869
ST8-PD-025-01,25,E387A,CHAMPINE,59700.,15,10.34,1.150,0.0368,polars/raw/ALL.PD,1870
ST8-PD-025-01,25,E387A,CHAMPINE,59700.,16,11.34,1.142,0.0586,polars/raw/ALL.PD,1871
ST8-PD-025-02,25,E387A,CHAMPINE,99800.,1,-3.95,-.169,0.0286,polars/raw/ALL.PD,1874
ST8-PD-025-02,25,E387A,CHAMPINE,99800.,2,-2.93,-.030,0.0204,polars/raw/ALL.PD,1875
ST8-PD-025-02,25,E387A,CHAMPINE,99800.,3,-1.89,0.115,0.0150,polars/raw/ALL.PD,1876
ST8-PD-025-02,25,E387A,CHAMPINE,99800.,4,-0.87,0.220,0.0135,polars/raw/ALL.PD,1877
ST8-PD-025-02,25,E387A,CHAMPINE,99800.,5,0.16,0.322,0.0141,polars/raw/ALL.PD,1878
ST8-PD-025-02,25,E387A,CHAMPINE,99800.,6,1.18,0.415,0.0158,polars/raw/ALL.PD,1879
ST8-PD-025-02,25,E387A,CHAMPINE,99800.,7,2.20,0.510,0.0188,polars/raw/ALL.PD,1880
ST8-PD-025-02,25,E387A,CHAMPINE,99800.,8,3.22,0.601,0.0199,polars/raw/ALL.PD,1881
ST8-PD-025-02,25,E387A,CHAMPINE,99800.,9,4.24,0.692,0.0217,polars/raw/ALL.PD,1882
ST8-PD-025-02,25,E387A,CHAMPINE,99800.,10,5.26,0.783,0.0210,polars/raw/ALL.PD,1883
ST8-PD-025-02,25,E387A,CHAMPINE,99800.,11,6.28,0.881,0.0202,polars/raw/ALL.PD,1884
ST8-PD-025-02,25,E387A,CHAMPINE,99800.,12,7.31,0.979,0.0194,polars/raw/ALL.PD,1885
ST8-PD-025-02,25,E387A,CHAMPINE,99800.,13,8.33,1.064,0.0204,polars/raw/ALL.PD,1886
ST8-PD-025-02,25,E387A,CHAMPINE,99800.,14,9.33,1.110,0.0252,polars/raw/ALL.PD,1887
ST8-PD-025-02,25,E387A,CHAMPINE,99800.,15,10.34,1.122,0.0367,polars/raw/ALL.PD,1888
ST8-PD-025-02,25,E387A,CHAMPINE,99800.,16,11.35,1.134,0.0479,polars/raw/ALL.PD,1889
ST8-PD-025-03,25,E387A,CHAMPINE,149600.,1,-1.89,0.133,0.0120,polars/raw/ALL.PD,1892
ST8-PD-025-03,25,E387A,CHAMPINE,149600.,2,0.16,0.322,0.0113,polars/raw/ALL.PD,1893
ST8-PD-025-03,25,E387A,CHAMPINE,149600.,3,2.20,0.523,0.0132,polars/raw/ALL.PD,1894
ST8-PD-025-03,25,E387A,CHAMPINE,149600.,4,3.23,0.623,0.0143,polars/raw/ALL.PD,1895
ST8-PD-025-03,25,E387A,CHAMPINE,149600.,5,4.24,0.720,0.0153,polars/raw/ALL.PD,1896
ST8-PD-025-03,25,E387A,CHAMPINE,149600.,6,6.29,0.913,0.0158,polars/raw/ALL.PD,1897
ST8-PD-025-03,25,E387A,CHAMPINE,149600.,7,7.31,1.005,0.0155,polars/raw/ALL.PD,1898
ST8-PD-025-03,25,E387A,CHAMPINE,149600.,8,8.33,1.070,0.0195,polars/raw/ALL.PD,1899
ST8-PD-025-03,25,E387A,CHAMPINE,149600.,9,9.35,1.109,0.0273,polars/raw/ALL.PD,1900
ST8-PD-025-04,25,E387A,CHAMPINE,199800.,1,-3.95,-.097,0.0187,polars/raw/ALL.PD,1903
ST8-PD-025-04,25,E387A,CHAMPINE,199800.,2,-2.93,-.004,0.0141,polars/raw/ALL.PD,1904
ST8-PD-025-04,25,E387A,CHAMPINE,199800.,3,-1.88,0.092,0.0120,polars/raw/ALL.PD,1905
ST8-PD-025-04,25,E387A,CHAMPINE,199800.,4,-0.87,0.188,0.0102,polars/raw/ALL.PD,1906
ST8-PD-025-04,25,E387A,CHAMPINE,199800.,5,0.15,0.291,0.0093,polars/raw/ALL.PD,1907
ST8-PD-025-04,25,E387A,CHAMPINE,199800.,6,1.18,0.397,0.0101,polars/raw/ALL.PD,1908
ST8-PD-025-04,25,E387A,CHAMPINE,199800.,7,2.20,0.503,0.0107,polars/raw/ALL.PD,1909
ST8-PD-025-04,25,E387A,CHAMPINE,199800.,8,3.22,0.605,0.0115,polars/raw/ALL.PD,1910
ST8-PD-025-04,25,E387A,CHAMPINE,199800.,9,4.24,0.705,0.0119,polars/raw/ALL.PD,1911
ST8-PD-025-04,25,E387A,CHAMPINE,199800.,10,5.26,0.805,0.0125,polars/raw/ALL.PD,1912
ST8-PD-025-04,25,E387A,CHAMPINE,199800.,11,6.29,0.905,0.0128,polars/raw/ALL.PD,1913
ST8-PD-025-04,25,E387A,CHAMPINE,199800.,12,7.31,0.994,0.0145,polars/raw/ALL.PD,1914
ST8-PD-025-04,25,E387A,CHAMPINE,199800.,13,8.32,1.058,0.0181,polars/raw/ALL.PD,1915
ST8-PD-025-04,25,E387A,CHAMPINE,199800.,14,9.34,1.106,0.0246,polars/raw/ALL.PD,1916
ST8-PD-025-04,25,E387A,CHAMPINE,199800.,15,10.34,1.131,0.0322,polars/raw/ALL.PD,1917
ST8-PD-025-04,25,E387A,CHAMPINE,199800.,16,11.34,1.126,0.0475,polars/raw/ALL.PD,1918
ST8-PD-025-05,25,E387A,CHAMPINE,303100.,1,-3.91,-.094,0.0166,polars/raw/ALL.PD,1921
ST8-PD-025-05,25,E387A,CHAMPINE,303100.,2,-2.92,0.003,0.0125,polars/raw/ALL.PD,1922
ST8-PD-025-05,25,E387A,CHAMPINE,303100.,3,-1.89,0.103,0.0106,polars/raw/ALL.PD,1923
ST8-PD-025-05,25,E387A,CHAMPINE,303100.,4,-0.90,0.202,0.0093,polars/raw/ALL.PD,1924
ST8-PD-025-05,25,E387A,CHAMPINE,303100.,5,0.14,0.302,0.0080,polars/raw/ALL.PD,1925
ST8-PD-025-05,25,E387A,CHAMPINE,303100.,6,1.18,0.417,0.0085,polars/raw/ALL.PD,1926
ST8-PD-025-05,25,E387A,CHAMPINE,303100.,7,2.21,0.521,0.0091,polars/raw/ALL.PD,1927
ST8-PD-025-05,25,E387A,CHAMPINE,303100.,8,3.23,0.624,0.0093,polars/raw/ALL.PD,1928
ST8-PD-025-05,25,E387A,CHAMPINE,303100.,9,4.25,0.722,0.0098,polars/raw/ALL.PD,1929
ST8-PD-025-05,25,E387A,CHAMPINE,303100.,10,5.27,0.823,0.0105,polars/raw/ALL.PD,1930
ST8-PD-025-05,25,E387A,CHAMPINE,303100.,11,6.29,0.914,0.0114,polars/raw/ALL.PD,1931
ST8-PD-025-05,25,E387A,CHAMPINE,303100.,12,7.31,0.991,0.0138,polars/raw/ALL.PD,1932
ST8-PD-025-05,25,E387A,CHAMPINE,303100.,13,8.32,1.053,0.0176,polars/raw/ALL.PD,1933
ST8-PD-025-05,25,E387A,CHAMPINE,303100.,14,9.34,1.103,0.0233,polars/raw/ALL.PD,1934
ST8-PD-025-05,25,E387A,CHAMPINE,303100.,15,10.33,1.129,0.0296,polars/raw/ALL.PD,1935
ST8-PD-025-05,25,E387A,CHAMPINE,303100.,16,11.34,1.123,0.0449,polars/raw/ALL.PD,1936
ST8-PD-026-01,26,E387B,MILLER,97000.,1,-3.91,-.029,0.0177,polars/raw/ALL.PD,1945
ST8-PD-026-01,26,E387B,MILLER,97000.,2,-2.90,0.076,0.0163,polars/raw/ALL.PD,1946
ST8-PD-026-01,26,E387B,MILLER,97000.,3,-1.86,0.180,0.0153,polars/raw/ALL.PD,1947
ST8-PD-026-01,26,E387B,MILLER,97000.,4,-0.85,0.282,0.0148,polars/raw/ALL.PD,1948
ST8-PD-026-01,26,E387B,MILLER,97000.,5,0.18,0.379,0.0168,polars/raw/ALL.PD,1949
ST8-PD-026-01,26,E387B,MILLER,97000.,6,1.20,0.469,0.0178,polars/raw/ALL.PD,1950
ST8-PD-026-01,26,E387B,MILLER,97000.,7,2.22,0.567,0.0181,polars/raw/ALL.PD,1951
ST8-PD-026-01,26,E387B,MILLER,97000.,8,3.24,0.667,0.0182,polars/raw/ALL.PD,1952
ST8-PD-026-01,26,E387B,MILLER,97000.,9,4.25,0.766,0.0189,polars/raw/ALL.PD,1953
ST8-PD-026-01,26,E387B,MILLER,97000.,10,5.28,0.859,0.0197,polars/raw/ALL.PD,1954
ST8-PD-026-01,26,E387B,MILLER,97000.,11,6.30,0.952,0.0207,polars/raw/ALL.PD,1955
ST8-PD-026-01,26,E387B,MILLER,97000.,12,7.32,1.041,0.0199,polars/raw/ALL.PD,1956
ST8-PD-026-01,26,E387B,MILLER,97000.,13,8.34,1.101,0.0256,polars/raw/ALL.PD,1957
ST8-PD-026-01,26,E387B,MILLER,97000.,14,9.35,1.134,0.0307,polars/raw/ALL.PD,1958
ST8-PD-026-02,26,E387B,MILLER,202600.,1,-3.92,-.057,0.0147,polars/raw/ALL.PD,1961
ST8-PD-026-02,26,E387B,MILLER,202600.,2,-2.91,0.040,0.0131,polars/raw/ALL.PD,1962
ST8-PD-026-02,26,E387B,MILLER,202600.,3,-1.88,0.142,0.0126,polars/raw/ALL.PD,1963
ST8-PD-026-02,26,E387B,MILLER,202600.,4,-0.85,0.246,0.0122,polars/raw/ALL.PD,1964
ST8-PD-026-02,26,E387B,MILLER,202600.,5,0.17,0.349,0.0105,polars/raw/ALL.PD,1965
ST8-PD-026-02,26,E387B,MILLER,202600.,6,1.19,0.457,0.0107,polars/raw/ALL.PD,1966
ST8-PD-026-02,26,E387B,MILLER,202600.,7,2.21,0.560,0.0106,polars/raw/ALL.PD,1967
ST8-PD-026-02,26,E387B,MILLER,202600.,8,3.24,0.662,0.0110,polars/raw/ALL.PD,1968
ST8-PD-026-02,26,E387B,MILLER,202600.,9,4.25,0.759,0.0121,polars/raw/ALL.PD,1969
ST8-PD-026-02,26,E387B,MILLER,202600.,10,5.26,0.852,0.0133,polars/raw/ALL.PD,1970
ST8-PD-026-02,26,E387B,MILLER,202600.,11,6.29,0.939,0.0143,polars/raw/ALL.PD,1971
ST8-PD-026-02,26,E387B,MILLER,202600.,12,7.30,1.006,0.0175,polars/raw/ALL.PD,1972
ST8-PD-026-02,26,E387B,MILLER,202600.,13,8.32,1.055,0.0246,polars/raw/ALL.PD,1973
ST8-PD-026-02,26,E387B,MILLER,202600.,14,9.33,1.086,0.0316,polars/raw/ALL.PD,1974
ST8-PD-026-02,26,E387B,MILLER,202600.,15,10.32,1.098,0.0425,polars/raw/ALL.PD,1975
ST8-PD-026-02,26,E387B,MILLER,202600.,16,11.32,1.100,0.0550,polars/raw/ALL.PD,1976
ST8-PD-027-01,27,E387A HIGH TURBULENCE,CHAMPINE,101000.,1,-3.94,-.111,0.0268,polars/raw/ALL.PD,1985
ST8-PD-027-01,27,E387A HIGH TURBULENCE,CHAMPINE,101000.,2,-2.91,0.030,0.0174,polars/raw/ALL.PD,1986
ST8-PD-027-01,27,E387A HIGH TURBULENCE,CHAMPINE,101000.,3,-1.88,0.126,0.0162,polars/raw/ALL.PD,1987
ST8-PD-027-01,27,E387A HIGH TURBULENCE,CHAMPINE,101000.,4,-0.87,0.216,0.0128,polars/raw/ALL.PD,1988
ST8-PD-027-01,27,E387A HIGH TURBULENCE,CHAMPINE,101000.,5,0.16,0.328,0.0117,polars/raw/ALL.PD,1989
ST8-PD-027-01,27,E387A HIGH TURBULENCE,CHAMPINE,101000.,6,1.17,0.420,0.0119,polars/raw/ALL.PD,1990
ST8-PD-027-01,27,E387A HIGH TURBULENCE,CHAMPINE,101000.,7,2.19,0.519,0.0136,polars/raw/ALL.PD,1991
ST8-PD-027-01,27,E387A HIGH TURBULENCE,CHAMPINE,101000.,8,3.23,0.617,0.0134,polars/raw/ALL.PD,1992
ST8-PD-027-01,27,E387A HIGH TURBULENCE,CHAMPINE,101000.,9,4.23,0.710,0.0146,polars/raw/ALL.PD,1993
ST8-PD-027-01,27,E387A HIGH TURBULENCE,CHAMPINE,101000.,10,5.26,0.812,0.0172,polars/raw/ALL.PD,1994
ST8-PD-027-01,27,E387A HIGH TURBULENCE,CHAMPINE,101000.,11,6.29,0.909,0.0180,polars/raw/ALL.PD,1995
ST8-PD-027-01,27,E387A HIGH TURBULENCE,CHAMPINE,101000.,12,7.30,1.003,0.0207,polars/raw/ALL.PD,1996
ST8-PD-027-01,27,E387A HIGH TURBULENCE,CHAMPINE,101000.,13,8.32,1.082,0.0195,polars/raw/ALL.PD,1997
ST8-PD-027-01,27,E387A HIGH TURBULENCE,CHAMPINE,101000.,14,9.33,1.131,0.0263,polars/raw/ALL.PD,1998
ST8-PD-027-01,27,E387A HIGH TURBULENCE,CHAMPINE,101000.,15,10.34,1.160,0.0335,polars/raw/ALL.PD,1999
ST8-PD-027-01,27,E387A HIGH TURBULENCE,CHAMPINE,101000.,16,11.34,1.169,0.0442,polars/raw/ALL.PD,2000
ST8-PD-027-01,27,E387A HIGH TURBULENCE,CHAMPINE,101000.,17,12.35,1.158,0.0505,polars/raw/ALL.PD,2001
ST8-PD-027-01,27,E387A HIGH TURBULENCE,CHAMPINE,101000.,18,13.34,1.144,0.0525,polars/raw/ALL.PD,2002
ST8-PD-027-01,27,E387A HIGH TURBULENCE,CHAMPINE,101000.,19,14.34,1.175,0.0600,polars/raw/ALL.PD,2003
ST8-PD-027-02,27,E387A HIGH TURBULENCE,CHAMPINE,153700.,1,-3.91,-.084,0.0213,polars/raw/ALL.PD,2006
ST8-PD-027-02,27,E387A HIGH TURBULENCE,CHAMPINE,153700.,2,-2.92,-.009,0.0159,polars/raw/ALL.PD,2007
ST8-PD-027-02,27,E387A HIGH TURBULENCE,CHAMPINE,153700.,3,-1.90,0.086,0.0149,polars/raw/ALL.PD,2008
ST8-PD-027-02,27,E387A HIGH TURBULENCE,CHAMPINE,153700.,4,-0.88,0.185,0.0123,polars/raw/ALL.PD,2009
ST8-PD-027-02,27,E387A HIGH TURBULENCE,CHAMPINE,153700.,5,0.15,0.285,0.0116,polars/raw/ALL.PD,2010
ST8-PD-027-02,27,E387A HIGH TURBULENCE,CHAMPINE,153700.,6,1.17,0.401,0.0112,polars/raw/ALL.PD,2011
ST8-PD-027-02,27,E387A HIGH TURBULENCE,CHAMPINE,153700.,7,2.18,0.500,0.0107,polars/raw/ALL.PD,2012
ST8-PD-027-02,27,E387A HIGH TURBULENCE,CHAMPINE,153700.,8,3.22,0.602,0.0114,polars/raw/ALL.PD,2013
ST8-PD-027-02,27,E387A HIGH TURBULENCE,CHAMPINE,153700.,9,4.23,0.706,0.0116,polars/raw/ALL.PD,2014
ST8-PD-027-02,27,E387A HIGH TURBULENCE,CHAMPINE,153700.,10,5.26,0.800,0.0133,polars/raw/ALL.PD,2015
ST8-PD-027-02,27,E387A HIGH TURBULENCE,CHAMPINE,153700.,11,6.28,0.893,0.0121,polars/raw/ALL.PD,2016
ST8-PD-027-02,27,E387A HIGH TURBULENCE,CHAMPINE,153700.,12,7.28,0.982,0.0147,polars/raw/ALL.PD,2017
ST8-PD-027-02,27,E387A HIGH TURBULENCE,CHAMPINE,153700.,13,8.31,1.048,0.0165,polars/raw/ALL.PD,2018
ST8-PD-027-02,27,E387A HIGH TURBULENCE,CHAMPINE,153700.,14,9.33,1.107,0.0222,polars/raw/ALL.PD,2019
ST8-PD-027-02,27,E387A HIGH TURBULENCE,CHAMPINE,153700.,15,10.34,1.134,0.0290,polars/raw/ALL.PD,2020
ST8-PD-027-02,27,E387A HIGH TURBULENCE,CHAMPINE,153700.,16,11.34,1.132,0.0402,polars/raw/ALL.PD,2021
ST8-PD-027-02,27,E387A HIGH TURBULENCE,CHAMPINE,153700.,17,12.34,1.123,0.0397,polars/raw/ALL.PD,2022
ST8-PD-027-02,27,E387A HIGH TURBULENCE,CHAMPINE,153700.,18,13.35,1.111,0.0358,polars/raw/ALL.PD,2023
ST8-PD-027-02,27,E387A HIGH TURBULENCE,CHAMPINE,153700.,19,14.33,1.116,0.4500,polars/raw/ALL.PD,2024
ST8-PD-027-03,27,E387A HIGH TURBULENCE,CHAMPINE,201300.,1,-3.96,-.079,0.0187,polars/raw/ALL.PD,2027
ST8-PD-027-03,27,E387A HIGH TURBULENCE,CHAMPINE,201300.,2,-2.93,0.016,0.0144,polars/raw/ALL.PD,2028
ST8-PD-027-03,27,E387A HIGH TURBULENCE,CHAMPINE,201300.,3,-1.89,0.111,0.0121,polars/raw/ALL.PD,2029
ST8-PD-027-03,27,E387A HIGH TURBULENCE,CHAMPINE,201300.,4,-0.86,0.207,0.0113,polars/raw/ALL.PD,2030
ST8-PD-027-03,27,E387A HIGH TURBULENCE,CHAMPINE,201300.,5,0.16,0.299,0.0091,polars/raw/ALL.PD,2031
ST8-PD-027-03,27,E387A HIGH TURBULENCE,CHAMPINE,201300.,6,1.17,0.405,0.0096,polars/raw/ALL.PD,2032
ST8-PD-027-03,27,E387A HIGH TURBULENCE,CHAMPINE,201300.,7,2.19,0.507,0.0106,polars/raw/ALL.PD,2033
ST8-PD-027-03,27,E387A HIGH TURBULENCE,CHAMPINE,201300.,8,3.21,0.604,0.0103,polars/raw/ALL.PD,2034
ST8-PD-027-03,27,E387A HIGH TURBULENCE,CHAMPINE,201300.,9,4.23,0.702,0.0114,polars/raw/ALL.PD,2035
ST8-PD-027-03,27,E387A HIGH TURBULENCE,CHAMPINE,201300.,10,5.25,0.795,0.0120,polars/raw/ALL.PD,2036
ST8-PD-027-03,27,E387A HIGH TURBULENCE,CHAMPINE,201300.,11,6.27,0.888,0.0133,polars/raw/ALL.PD,2037
ST8-PD-027-03,27,E387A HIGH TURBULENCE,CHAMPINE,201300.,12,7.30,0.969,0.0165,polars/raw/ALL.PD,2038
ST8-PD-027-03,27,E387A HIGH TURBULENCE,CHAMPINE,201300.,13,8.31,1.036,0.0195,polars/raw/ALL.PD,2039
ST8-PD-027-03,27,E387A HIGH TURBULENCE,CHAMPINE,201300.,14,9.32,1.093,0.0243,polars/raw/ALL.PD,2040
ST8-PD-027-03,27,E387A HIGH TURBULENCE,CHAMPINE,201300.,15,10.34,1.120,0.0303,polars/raw/ALL.PD,2041
ST8-PD-027-03,27,E387A HIGH TURBULENCE,CHAMPINE,201300.,16,11.34,1.117,0.0388,polars/raw/ALL.PD,2042
ST8-PD-027-03,27,E387A HIGH TURBULENCE,CHAMPINE,201300.,17,12.32,1.109,0.0426,polars/raw/ALL.PD,2043
ST8-PD-027-04,27,E387A HIGH TURBULENCE,CHAMPINE,301300.,1,-3.98,-.089,0.0160,polars/raw/ALL.PD,2046
ST8-PD-027-04,27,E387A HIGH TURBULENCE,CHAMPINE,301300.,2,-2.97,0.001,0.0127,polars/raw/ALL.PD,2047
ST8-PD-027-04,27,E387A HIGH TURBULENCE,CHAMPINE,301300.,3,-1.91,0.100,0.0110,polars/raw/ALL.PD,2048
ST8-PD-027-04,27,E387A HIGH TURBULENCE,CHAMPINE,301300.,4,-0.90,0.197,0.0103,polars/raw/ALL.PD,2049
ST8-PD-027-04,27,E387A HIGH TURBULENCE,CHAMPINE,301300.,5,0.13,0.296,0.0080,polars/raw/ALL.PD,2050
ST8-PD-027-04,27,E387A HIGH TURBULENCE,CHAMPINE,301300.,6,1.16,0.399,0.0083,polars/raw/ALL.PD,2051
ST8-PD-027-04,27,E387A HIGH TURBULENCE,CHAMPINE,301300.,7,2.19,0.502,0.0087,polars/raw/ALL.PD,2052
ST8-PD-027-04,27,E387A HIGH TURBULENCE,CHAMPINE,301300.,8,3.21,0.601,0.0090,polars/raw/ALL.PD,2053
ST8-PD-027-04,27,E387A HIGH TURBULENCE,CHAMPINE,301300.,9,4.24,0.699,0.0101,polars/raw/ALL.PD,2054
ST8-PD-027-04,27,E387A HIGH TURBULENCE,CHAMPINE,301300.,10,5.26,0.793,0.0103,polars/raw/ALL.PD,2055
ST8-PD-027-04,27,E387A HIGH TURBULENCE,CHAMPINE,301300.,11,6.27,0.881,0.0112,polars/raw/ALL.PD,2056
ST8-PD-027-04,27,E387A HIGH TURBULENCE,CHAMPINE,301300.,12,7.30,0.959,0.0143,polars/raw/ALL.PD,2057
ST8-PD-027-04,27,E387A HIGH TURBULENCE,CHAMPINE,301300.,13,8.31,1.028,0.0175,polars/raw/ALL.PD,2058
ST8-PD-027-04,27,E387A HIGH TURBULENCE,CHAMPINE,301300.,14,9.33,1.086,0.0225,polars/raw/ALL.PD,2059
ST8-PD-027-04,27,E387A HIGH TURBULENCE,CHAMPINE,301300.,15,10.33,1.116,0.0285,polars/raw/ALL.PD,2060
ST8-PD-027-04,27,E387A HIGH TURBULENCE,CHAMPINE,301300.,16,11.33,1.115,0.0416,polars/raw/ALL.PD,2061
ST8-PD-027-04,27,E387A HIGH TURBULENCE,CHAMPINE,301300.,17,12.33,1.105,0.0487,polars/raw/ALL.PD,2062
ST8-PD-027-04,27,E387A HIGH TURBULENCE,CHAMPINE,301300.,18,13.33,1.088,0.0682,polars/raw/ALL.PD,2063
ST8-PD-027-04,27,E387A HIGH TURBULENCE,CHAMPINE,301300.,19,14.32,1.069,0.0798,polars/raw/ALL.PD,2064
ST8-PD-028-01,28,E387A REPEAT,CHAMPINE,99500.,1,-3.95,-.152,0.0274,polars/raw/ALL.PD,2073
ST8-PD-028-01,28,E387A REPEAT,CHAMPINE,99500.,2,-2.90,-.005,0.0193,polars/raw/ALL.PD,2074
ST8-PD-028-01,28,E387A REPEAT,CHAMPINE,99500.,3,-1.87,0.127,0.0146,polars/raw/ALL.PD,2075
ST8-PD-028-01,28,E387A REPEAT,CHAMPINE,99500.,4,-0.88,0.221,0.0146,polars/raw/ALL.PD,2076
ST8-PD-028-01,28,E387A REPEAT,CHAMPINE,99500.,5,0.16,0.318,0.0154,polars/raw/ALL.PD,2077
ST8-PD-028-01,28,E387A REPEAT,CHAMPINE,99500.,6,1.18,0.413,0.0175,polars/raw/ALL.PD,2078
ST8-PD-028-01,28,E387A REPEAT,CHAMPINE,99500.,7,2.19,0.506,0.0183,polars/raw/ALL.PD,2079
ST8-PD-028-01,28,E387A REPEAT,CHAMPINE,99500.,8,3.21,0.599,0.0218,polars/raw/ALL.PD,2080
ST8-PD-028-01,28,E387A REPEAT,CHAMPINE,99500.,9,4.22,0.683,0.0221,polars/raw/ALL.PD,2081
ST8-PD-028-01,28,E387A REPEAT,CHAMPINE,99500.,10,5.25,0.780,0.0224,polars/raw/ALL.PD,2082
ST8-PD-028-01,28,E387A REPEAT,CHAMPINE,99500.,11,6.27,0.876,0.0217,polars/raw/ALL.PD,2083
ST8-PD-028-01,28,E387A REPEAT,CHAMPINE,99500.,12,7.29,0.973,0.0196,polars/raw/ALL.PD,2084
ST8-PD-028-01,28,E387A REPEAT,CHAMPINE,99500.,13,8.32,1.059,0.0203,polars/raw/ALL.PD,2085
ST8-PD-028-01,28,E387A REPEAT,CHAMPINE,99500.,14,9.32,1.106,0.0256,polars/raw/ALL.PD,2086
ST8-PD-028-01,28,E387A REPEAT,CHAMPINE,99500.,15,10.32,1.120,0.0345,polars/raw/ALL.PD,2087
ST8-PD-028-02,28,E387A REPEAT,CHAMPINE,149600.,1,-2.90,0.025,0.0147,polars/raw/ALL.PD,2090
ST8-PD-028-02,28,E387A REPEAT,CHAMPINE,149600.,2,-1.88,0.114,0.0130,polars/raw/ALL.PD,2091
ST8-PD-028-02,28,E387A REPEAT,CHAMPINE,149600.,3,-0.89,0.195,0.0107,polars/raw/ALL.PD,2092
ST8-PD-028-02,28,E387A REPEAT,CHAMPINE,149600.,4,0.14,0.298,0.0114,polars/raw/ALL.PD,2093
ST8-PD-028-02,28,E387A REPEAT,CHAMPINE,149600.,5,1.16,0.398,0.0123,polars/raw/ALL.PD,2094
ST8-PD-028-02,28,E387A REPEAT,CHAMPINE,149600.,6,2.18,0.501,0.0133,polars/raw/ALL.PD,2095
ST8-PD-028-02,28,E387A REPEAT,CHAMPINE,149600.,7,3.21,0.601,0.0145,polars/raw/ALL.PD,2096
ST8-PD-028-02,28,E387A REPEAT,CHAMPINE,149600.,8,4.24,0.702,0.0153,polars/raw/ALL.PD,2097
ST8-PD-028-02,28,E387A REPEAT,CHAMPINE,149600.,9,5.26,0.800,0.0153,polars/raw/ALL.PD,2098
ST8-PD-028-02,28,E387A REPEAT,CHAMPINE,149600.,10,6.27,0.894,0.0159,polars/raw/ALL.PD,2099
ST8-PD-028-02,28,E387A REPEAT,CHAMPINE,149600.,11,7.30,0.988,0.0154,polars/raw/ALL.PD,2100
ST8-PD-028-02,28,E387A REPEAT,CHAMPINE,149600.,12,8.31,1.058,0.0186,polars/raw/ALL.PD,2101
ST8-PD-028-02,28,E387A REPEAT,CHAMPINE,149600.,13,9.34,1.104,0.0249,polars/raw/ALL.PD,2102
ST8-PD-028-03,28,E387A REPEAT,CHAMPINE,202000.,1,-3.94,-.096,0.0179,polars/raw/ALL.PD,2105
ST8-PD-028-03,28,E387A REPEAT,CHAMPINE,202000.,2,-2.94,-.005,0.0138,polars/raw/ALL.PD,2106
ST8-PD-028-03,28,E387A REPEAT,CHAMPINE,202000.,3,-1.90,0.089,0.0118,polars/raw/ALL.PD,2107
ST8-PD-028-03,28,E387A REPEAT,CHAMPINE,202000.,4,-0.88,0.183,0.0092,polars/raw/ALL.PD,2108
ST8-PD-028-03,28,E387A REPEAT,CHAMPINE,202000.,5,0.16,0.285,0.0088,polars/raw/ALL.PD,2109
ST8-PD-028-03,28,E387A REPEAT,CHAMPINE,202000.,6,1.18,0.389,0.0102,polars/raw/ALL.PD,2110
ST8-PD-028-03,28,E387A REPEAT,CHAMPINE,202000.,7,2.20,0.493,0.0107,polars/raw/ALL.PD,2111
ST8-PD-028-03,28,E387A REPEAT,CHAMPINE,202000.,8,3.21,0.595,0.0116,polars/raw/ALL.PD,2112
ST8-PD-028-03,28,E387A REPEAT,CHAMPINE,202000.,9,4.24,0.695,0.0121,polars/raw/ALL.PD,2113
ST8-PD-028-03,28,E387A REPEAT,CHAMPINE,202000.,10,5.26,0.794,0.0130,polars/raw/ALL.PD,2114
ST8-PD-028-03,28,E387A REPEAT,CHAMPINE,202000.,11,6.27,0.893,0.0130,polars/raw/ALL.PD,2115
ST8-PD-028-03,28,E387A REPEAT,CHAMPINE,202000.,12,7.29,0.980,0.0140,polars/raw/ALL.PD,2116
ST8-PD-028-03,28,E387A REPEAT,CHAMPINE,202000.,13,8.30,1.044,0.0185,polars/raw/ALL.PD,2117
ST8-PD-028-03,28,E387A REPEAT,CHAMPINE,202000.,14,9.33,1.092,0.0245,polars/raw/ALL.PD,2118
ST8-PD-028-03,28,E387A REPEAT,CHAMPINE,202000.,15,10.33,1.120,0.0322,polars/raw/ALL.PD,2119
ST8-PD-028-03,28,E387A REPEAT,CHAMPINE,202000.,16,11.33,1.120,0.0434,polars/raw/ALL.PD,2120
ST8-PD-028-04,28,E387A REPEAT,CHAMPINE,302200.,1,-3.94,-.110,0.0164,polars/raw/ALL.PD,2123
ST8-PD-028-04,28,E387A REPEAT,CHAMPINE,302200.,2,-2.97,-.018,0.0128,polars/raw/ALL.PD,2124
ST8-PD-028-04,28,E387A REPEAT,CHAMPINE,302200.,3,-1.91,0.082,0.0105,polars/raw/ALL.PD,2125
ST8-PD-028-04,28,E387A REPEAT,CHAMPINE,302200.,4,-0.89,0.183,0.0096,polars/raw/ALL.PD,2126
ST8-PD-028-04,28,E387A REPEAT,CHAMPINE,302200.,5,0.15,0.284,0.0082,polars/raw/ALL.PD,2127
ST8-PD-028-04,28,E387A REPEAT,CHAMPINE,302200.,6,1.18,0.396,0.0085,polars/raw/ALL.PD,2128
ST8-PD-028-04,28,E387A REPEAT,CHAMPINE,302200.,7,2.20,0.501,0.0088,polars/raw/ALL.PD,2129
ST8-PD-028-04,28,E387A REPEAT,CHAMPINE,302200.,8,3.22,0.605,0.0097,polars/raw/ALL.PD,2130
ST8-PD-028-04,28,E387A REPEAT,CHAMPINE,302200.,9,4.24,0.708,0.0100,polars/raw/ALL.PD,2131
ST8-PD-028-04,28,E387A REPEAT,CHAMPINE,302200.,10,5.27,0.810,0.0107,polars/raw/ALL.PD,2132
ST8-PD-028-04,28,E387A REPEAT,CHAMPINE,302200.,11,6.29,0.905,0.0111,polars/raw/ALL.PD,2133
ST8-PD-028-04,28,E387A REPEAT,CHAMPINE,302200.,12,7.30,0.985,0.0137,polars/raw/ALL.PD,2134
ST8-PD-028-04,28,E387A REPEAT,CHAMPINE,302200.,13,8.32,1.050,0.0175,polars/raw/ALL.PD,2135
ST8-PD-028-04,28,E387A REPEAT,CHAMPINE,302200.,14,9.33,1.102,0.0231,polars/raw/ALL.PD,2136
ST8-PD-028-04,28,E387A REPEAT,CHAMPINE,302200.,15,10.34,1.131,0.0309,polars/raw/ALL.PD,2137
ST8-PD-029-01,29,"E387A UST .020, .125, 20%",CHAMPINE,101500.,1,-2.90,0.015,0.0173,polars/raw/ALL.PD,2146
ST8-PD-029-01,29,"E387A UST .020, .125, 20%",CHAMPINE,101500.,2,-1.39,0.147,0.0120,polars/raw/ALL.PD,2147
ST8-PD-029-01,29,"E387A UST .020, .125, 20%",CHAMPINE,101500.,3,0.16,0.297,0.0118,polars/raw/ALL.PD,2148
ST8-PD-029-01,29,"E387A UST .020, .125, 20%",CHAMPINE,101500.,4,1.68,0.445,0.0139,polars/raw/ALL.PD,2149
ST8-PD-029-01,29,"E387A UST .020, .125, 20%",CHAMPINE,101500.,5,3.21,0.595,0.0151,polars/raw/ALL.PD,2150
ST8-PD-029-01,29,"E387A UST .020, .125, 20%",CHAMPINE,101500.,6,4.75,0.742,0.0165,polars/raw/ALL.PD,2151
ST8-PD-029-01,29,"E387A UST .020, .125, 20%",CHAMPINE,101500.,7,6.28,0.887,0.0176,polars/raw/ALL.PD,2152
ST8-PD-029-01,29,"E387A UST .020, .125, 20%",CHAMPINE,101500.,8,7.30,0.977,0.0196,polars/raw/ALL.PD,2153
ST8-PD-029-01,29,"E387A UST .020, .125, 20%",CHAMPINE,101500.,9,8.31,1.059,0.0204,polars/raw/ALL.PD,2154
ST8-PD-029-01,29,"E387A UST .020, .125, 20%",CHAMPINE,101500.,10,9.33,1.096,0.0266,polars/raw/ALL.PD,2155
ST8-PD-029-01,29,"E387A UST .020, .125, 20%",CHAMPINE,101500.,11,10.34,1.102,0.0378,polars/raw/ALL.PD,2156
ST8-PD-029-01,29,"E387A UST .020, .125, 20%",CHAMPINE,101500.,12,11.32,1.103,0.0535,polars/raw/ALL.PD,2157
ST8-PD-029-02,29,"E387A UST .020, .125, 20%",CHAMPINE,153000.,1,-2.91,0.000,0.0152,polars/raw/ALL.PD,2160
ST8-PD-029-02,29,"E387A UST .020, .125, 20%",CHAMPINE,153000.,2,-1.38,0.139,0.0113,polars/raw/ALL.PD,2161
ST8-PD-029-02,29,"E387A UST .020, .125, 20%",CHAMPINE,153000.,3,0.15,0.288,0.0101,polars/raw/ALL.PD,2162
ST8-PD-029-02,29,"E387A UST .020, .125, 20%",CHAMPINE,153000.,4,1.67,0.443,0.0112,polars/raw/ALL.PD,2163
ST8-PD-029-02,29,"E387A UST .020, .125, 20%",CHAMPINE,153000.,5,3.23,0.599,0.0122,polars/raw/ALL.PD,2164
ST8-PD-029-02,29,"E387A UST .020, .125, 20%",CHAMPINE,153000.,6,4.76,0.749,0.0135,polars/raw/ALL.PD,2165
ST8-PD-029-02,29,"E387A UST .020, .125, 20%",CHAMPINE,153000.,7,6.27,0.893,0.0143,polars/raw/ALL.PD,2166
ST8-PD-029-02,29,"E387A UST .020, .125, 20%",CHAMPINE,153000.,8,7.30,0.982,0.0168,polars/raw/ALL.PD,2167
ST8-PD-029-02,29,"E387A UST .020, .125, 20%",CHAMPINE,153000.,9,8.32,1.059,0.0191,polars/raw/ALL.PD,2168
ST8-PD-029-02,29,"E387A UST .020, .125, 20%",CHAMPINE,153000.,10,9.33,1.098,0.0265,polars/raw/ALL.PD,2169
ST8-PD-029-02,29,"E387A UST .020, .125, 20%",CHAMPINE,153000.,11,10.34,1.115,0.0362,polars/raw/ALL.PD,2170
ST8-PD-029-02,29,"E387A UST .020, .125, 20%",CHAMPINE,153000.,12,11.33,1.110,0.0484,polars/raw/ALL.PD,2171
ST8-PD-029-03,29,"E387A UST .020, .125, 20%",CHAMPINE,200400.,1,-3.92,-.092,0.0177,polars/raw/ALL.PD,2174
ST8-PD-029-03,29,"E387A UST .020, .125, 20%",CHAMPINE,200400.,2,-2.91,-.001,0.0138,polars/raw/ALL.PD,2175
ST8-PD-029-03,29,"E387A UST .020, .125, 20%",CHAMPINE,200400.,3,-1.89,0.095,0.0119,polars/raw/ALL.PD,2176
ST8-PD-029-03,29,"E387A UST .020, .125, 20%",CHAMPINE,200400.,4,-0.88,0.188,0.0102,polars/raw/ALL.PD,2177
ST8-PD-029-03,29,"E387A UST .020, .125, 20%",CHAMPINE,200400.,5,0.16,0.292,0.0092,polars/raw/ALL.PD,2178
ST8-PD-029-03,29,"E387A UST .020, .125, 20%",CHAMPINE,200400.,6,1.18,0.397,0.0094,polars/raw/ALL.PD,2179
ST8-PD-029-03,29,"E387A UST .020, .125, 20%",CHAMPINE,200400.,7,2.20,0.500,0.0104,polars/raw/ALL.PD,2180
ST8-PD-029-03,29,"E387A UST .020, .125, 20%",CHAMPINE,200400.,8,3.22,0.602,0.0109,polars/raw/ALL.PD,2181
ST8-PD-029-03,29,"E387A UST .020, .125, 20%",CHAMPINE,200400.,9,4.24,0.702,0.0120,polars/raw/ALL.PD,2182
ST8-PD-029-03,29,"E387A UST .020, .125, 20%",CHAMPINE,200400.,10,5.27,0.800,0.0123,polars/raw/ALL.PD,2183
ST8-PD-029-03,29,"E387A UST .020, .125, 20%",CHAMPINE,200400.,11,6.29,0.896,0.0136,polars/raw/ALL.PD,2184
ST8-PD-029-03,29,"E387A UST .020, .125, 20%",CHAMPINE,200400.,12,7.31,0.984,0.0157,polars/raw/ALL.PD,2185
ST8-PD-029-03,29,"E387A UST .020, .125, 20%",CHAMPINE,200400.,13,8.33,1.055,0.0196,polars/raw/ALL.PD,2186
ST8-PD-029-03,29,"E387A UST .020, .125, 20%",CHAMPINE,200400.,14,9.33,1.100,0.0260,polars/raw/ALL.PD,2187
ST8-PD-029-03,29,"E387A UST .020, .125, 20%",CHAMPINE,200400.,15,10.35,1.121,0.0349,polars/raw/ALL.PD,2188
ST8-PD-029-04,29,"E387A UST .020, .125, 20%",CHAMPINE,311800.,1,-3.95,-.110,0.0173,polars/raw/ALL.PD,2191
ST8-PD-029-04,29,"E387A UST .020, .125, 20%",CHAMPINE,311800.,2,-2.95,-.018,0.0134,polars/raw/ALL.PD,2192
ST8-PD-029-04,29,"E387A UST .020, .125, 20%",CHAMPINE,311800.,3,-1.94,0.081,0.0114,polars/raw/ALL.PD,2193
ST8-PD-029-04,29,"E387A UST .020, .125, 20%",CHAMPINE,311800.,4,-0.91,0.182,0.0100,polars/raw/ALL.PD,2194
ST8-PD-029-04,29,"E387A UST .020, .125, 20%",CHAMPINE,311800.,5,0.13,0.282,0.0083,polars/raw/ALL.PD,2195
ST8-PD-029-04,29,"E387A UST .020, .125, 20%",CHAMPINE,311800.,6,1.17,0.394,0.0089,polars/raw/ALL.PD,2196
ST8-PD-029-04,29,"E387A UST .020, .125, 20%",CHAMPINE,311800.,7,2.19,0.496,0.0093,polars/raw/ALL.PD,2197
ST8-PD-029-04,29,"E387A UST .020, .125, 20%",CHAMPINE,311800.,8,3.22,0.599,0.0103,polars/raw/ALL.PD,2198
ST8-PD-029-04,29,"E387A UST .020, .125, 20%",CHAMPINE,311800.,9,4.24,0.699,0.0111,polars/raw/ALL.PD,2199
ST8-PD-029-04,29,"E387A UST .020, .125, 20%",CHAMPINE,311800.,10,5.26,0.797,0.0116,polars/raw/ALL.PD,2200
ST8-PD-029-04,29,"E387A UST .020, .125, 20%",CHAMPINE,311800.,11,6.28,0.891,0.0131,polars/raw/ALL.PD,2201
ST8-PD-029-04,29,"E387A UST .020, .125, 20%",CHAMPINE,311800.,12,7.31,0.979,0.0146,polars/raw/ALL.PD,2202
ST8-PD-029-04,29,"E387A UST .020, .125, 20%",CHAMPINE,311800.,13,8.31,1.042,0.0187,polars/raw/ALL.PD,2203
ST8-PD-029-04,29,"E387A UST .020, .125, 20%",CHAMPINE,311800.,14,9.32,1.093,0.0240,polars/raw/ALL.PD,2204
ST8-PD-029-04,29,"E387A UST .020, .125, 20%",CHAMPINE,311800.,15,10.34,1.114,0.0324,polars/raw/ALL.PD,2205
ST8-PD-029-04,29,"E387A UST .020, .125, 20%",CHAMPINE,311800.,16,11.32,1.109,0.0495,polars/raw/ALL.PD,2206
ST8-PD-029-04,29,"E387A UST .020, .125, 20%",CHAMPINE,311800.,17,12.32,1.100,0.0678,polars/raw/ALL.PD,2207
ST8-PD-030-01,30,FLAT PLATE,FRASER,100100.,1,-3.99,-.383,0.0335,polars/raw/ALL.PD,2216
ST8-PD-030-01,30,FLAT PLATE,FRASER,100100.,2,-2.96,-.274,0.0238,polars/raw/ALL.PD,2217
ST8-PD-030-01,30,FLAT PLATE,FRASER,100100.,3,-1.95,-.186,0.0181,polars/raw/ALL.PD,2218
ST8-PD-030-01,30,FLAT PLATE,FRASER,100100.,4,-0.91,-.077,0.0152,polars/raw/ALL.PD,2219
ST8-PD-030-01,30,FLAT PLATE,FRASER,100100.,5,0.10,0.017,0.0143,polars/raw/ALL.PD,2220
ST8-PD-030-01,30,FLAT PLATE,FRASER,100100.,6,1.13,0.127,0.0170,polars/raw/ALL.PD,2221
ST8-PD-030-01,30,FLAT PLATE,FRASER,100100.,7,2.14,0.216,0.0180,polars/raw/ALL.PD,2222
ST8-PD-030-01,30,FLAT PLATE,FRASER,100100.,8,3.16,0.324,0.0263,polars/raw/ALL.PD,2223
ST8-PD-030-01,30,FLAT PLATE,FRASER,100100.,9,4.19,0.417,0.0365,polars/raw/ALL.PD,2224
ST8-PD-030-01,30,FLAT PLATE,FRASER,100100.,10,5.20,0.517,0.0544,polars/raw/ALL.PD,2225
ST8-PD-030-01,30,FLAT PLATE,FRASER,100100.,11,6.24,0.614,0.0723,polars/raw/ALL.PD,2226
ST8-PD-030-01,30,FLAT PLATE,FRASER,100100.,12,7.24,0.674,0.0921,polars/raw/ALL.PD,2227
ST8-PD-030-02,30,FLAT PLATE,FRASER,199700.,1,-3.98,-.379,0.0290,polars/raw/ALL.PD,2230
ST8-PD-030-02,30,FLAT PLATE,FRASER,199700.,2,-2.97,-.280,0.0204,polars/raw/ALL.PD,2231
ST8-PD-030-02,30,FLAT PLATE,FRASER,199700.,3,-1.95,-.184,0.0150,polars/raw/ALL.PD,2232
ST8-PD-030-02,30,FLAT PLATE,FRASER,199700.,4,-0.92,-.082,0.0144,polars/raw/ALL.PD,2233
ST8-PD-030-02,30,FLAT PLATE,FRASER,199700.,5,0.10,0.014,0.0143,polars/raw/ALL.PD,2234
ST8-PD-030-02,30,FLAT PLATE,FRASER,199700.,6,1.12,0.109,0.0135,polars/raw/ALL.PD,2235
ST8-PD-030-02,30,FLAT PLATE,FRASER,199700.,7,2.15,0.211,0.0171,polars/raw/ALL.PD,2236
ST8-PD-030-02,30,FLAT PLATE,FRASER,199700.,8,3.16,0.307,0.0243,polars/raw/ALL.PD,2237
ST8-PD-030-02,30,FLAT PLATE,FRASER,199700.,9,4.18,0.404,0.0348,polars/raw/ALL.PD,2238
ST8-PD-030-02,30,FLAT PLATE,FRASER,199700.,10,5.20,0.506,0.0494,polars/raw/ALL.PD,2239
ST8-PD-030-02,30,FLAT PLATE,FRASER,199700.,11,6.23,0.609,0.0705,polars/raw/ALL.PD,2240
ST8-PD-030-03,30,FLAT PLATE,FRASER,300400.,1,-3.99,-.374,0.0301,polars/raw/ALL.PD,2243
ST8-PD-030-03,30,FLAT PLATE,FRASER,300400.,2,-2.97,-.275,0.0207,polars/raw/ALL.PD,2244
ST8-PD-030-03,30,FLAT PLATE,FRASER,300400.,3,-1.94,-.178,0.0139,polars/raw/ALL.PD,2245
ST8-PD-030-03,30,FLAT PLATE,FRASER,300400.,4,-0.93,-.078,0.0138,polars/raw/ALL.PD,2246
ST8-PD-030-03,30,FLAT PLATE,FRASER,300400.,5,0.10,0.015,0.0131,polars/raw/ALL.PD,2247
ST8-PD-030-03,30,FLAT PLATE,FRASER,300400.,6,1.12,0.110,0.0143,polars/raw/ALL.PD,2248
ST8-PD-030-03,30,FLAT PLATE,FRASER,300400.,7,2.15,0.211,0.0158,polars/raw/ALL.PD,2249
ST8-PD-030-03,30,FLAT PLATE,FRASER,300400.,8,3.16,0.310,0.0232,polars/raw/ALL.PD,2250
ST8-PD-030-03,30,FLAT PLATE,FRASER,300400.,9,4.19,0.407,0.0342,polars/raw/ALL.PD,2251
ST8-PD-030-03,30,FLAT PLATE,FRASER,300400.,10,5.21,0.508,0.0491,polars/raw/ALL.PD,2252
ST8-PD-030-03,30,FLAT PLATE,FRASER,300400.,11,6.22,0.606,0.0691,polars/raw/ALL.PD,2253
ST8-PD-030-03,30,FLAT PLATE,FRASER,300400.,12,7.25,0.685,0.0959,polars/raw/ALL.PD,2254
ST8-PD-031-01,31,FX60-100,BORDER,59600.,1,-3.94,-.148,0.0268,polars/raw/ALL.PD,2263
ST8-PD-031-01,31,FX60-100,BORDER,59600.,2,-2.42,-.052,0.0209,polars/raw/ALL.PD,2264
ST8-PD-031-01,31,FX60-100,BORDER,59600.,3,-0.90,0.065,0.0185,polars/raw/ALL.PD,2265
ST8-PD-031-01,31,FX60-100,BORDER,59600.,4,0.65,0.225,0.0194,polars/raw/ALL.PD,2266
ST8-PD-031-01,31,FX60-100,BORDER,59600.,5,2.18,0.461,0.0232,polars/raw/ALL.PD,2267
ST8-PD-031-01,31,FX60-100,BORDER,59600.,6,3.73,0.635,0.0250,polars/raw/ALL.PD,2268
ST8-PD-031-01,31,FX60-100,BORDER,59600.,7,5.24,0.769,0.0228,polars/raw/ALL.PD,2269
ST8-PD-031-01,31,FX60-100,BORDER,59600.,8,6.78,0.889,0.0227,polars/raw/ALL.PD,2270
ST8-PD-031-01,31,FX60-100,BORDER,59600.,9,8.31,1.007,0.0216,polars/raw/ALL.PD,2271
ST8-PD-031-01,31,FX60-100,BORDER,59600.,10,9.83,1.100,0.0335,polars/raw/ALL.PD,2272
ST8-PD-031-01,31,FX60-100,BORDER,59600.,11,11.34,1.151,0.0445,polars/raw/ALL.PD,2273
ST8-PD-031-02,31,FX60-100,BORDER,99400.,1,-4.98,-.286,0.0314,polars/raw/ALL.PD,2276
ST8-PD-031-02,31,FX60-100,BORDER,99400.,2,-3.94,-.200,0.0231,polars/raw/ALL.PD,2277
ST8-PD-031-02,31,FX60-100,BORDER,99400.,3,-2.91,-.104,0.0188,polars/raw/ALL.PD,2278
ST8-PD-031-02,31,FX60-100,BORDER,99400.,4,-1.91,0.008,0.0162,polars/raw/ALL.PD,2279
ST8-PD-031-02,31,FX60-100,BORDER,99400.,5,-0.89,0.138,0.0166,polars/raw/ALL.PD,2280
ST8-PD-031-02,31,FX60-100,BORDER,99400.,6,0.16,0.282,0.0166,polars/raw/ALL.PD,2281
ST8-PD-031-02,31,FX60-100,BORDER,99400.,7,1.18,0.415,0.0161,polars/raw/ALL.PD,2282
ST8-PD-031-02,31,FX60-100,BORDER,99400.,8,2.21,0.522,0.0160,polars/raw/ALL.PD,2283
ST8-PD-031-02,31,FX60-100,BORDER,99400.,9,3.23,0.622,0.0163,polars/raw/ALL.PD,2284
ST8-PD-031-02,31,FX60-100,BORDER,99400.,10,4.24,0.713,0.0164,polars/raw/ALL.PD,2285
ST8-PD-031-02,31,FX60-100,BORDER,99400.,11,5.27,0.804,0.0166,polars/raw/ALL.PD,2286
ST8-PD-031-02,31,FX60-100,BORDER,99400.,12,6.28,0.897,0.0170,polars/raw/ALL.PD,2287
ST8-PD-031-02,31,FX60-100,BORDER,99400.,13,7.31,0.983,0.0187,polars/raw/ALL.PD,2288
ST8-PD-031-02,31,FX60-100,BORDER,99400.,14,8.32,1.062,0.0223,polars/raw/ALL.PD,2289
ST8-PD-031-02,31,FX60-100,BORDER,99400.,15,9.34,1.135,0.0246,polars/raw/ALL.PD,2290
ST8-PD-031-02,31,FX60-100,BORDER,99400.,16,10.35,1.192,0.0309,polars/raw/ALL.PD,2291
ST8-PD-031-02,31,FX60-100,BORDER,99400.,17,11.36,1.219,0.0402,polars/raw/ALL.PD,2292
ST8-PD-031-03,31,FX60-100,BORDER,152300.,1,-3.95,-.175,0.0203,polars/raw/ALL.PD,2295
ST8-PD-031-03,31,FX60-100,BORDER,152300.,2,-2.93,-.050,0.0183,polars/raw/ALL.PD,2296
ST8-PD-031-03,31,FX60-100,BORDER,152300.,3,-1.90,0.100,0.0153,polars/raw/ALL.PD,2297
ST8-PD-031-03,31,FX60-100,BORDER,152300.,4,-0.87,0.224,0.0135,polars/raw/ALL.PD,2298
ST8-PD-031-03,31,FX60-100,BORDER,152300.,5,0.16,0.337,0.0137,polars/raw/ALL.PD,2299
ST8-PD-031-03,31,FX60-100,BORDER,152300.,6,1.17,0.430,0.0128,polars/raw/ALL.PD,2300
ST8-PD-031-03,31,FX60-100,BORDER,152300.,7,2.19,0.520,0.0119,polars/raw/ALL.PD,2301
ST8-PD-031-03,31,FX60-100,BORDER,152300.,8,3.23,0.621,0.0118,polars/raw/ALL.PD,2302
ST8-PD-031-03,31,FX60-100,BORDER,152300.,9,4.25,0.722,0.0120,polars/raw/ALL.PD,2303
ST8-PD-031-03,31,FX60-100,BORDER,152300.,10,5.26,0.814,0.0134,polars/raw/ALL.PD,2304
ST8-PD-031-03,31,FX60-100,BORDER,152300.,11,6.29,0.902,0.0148,polars/raw/ALL.PD,2305
ST8-PD-031-03,31,FX60-100,BORDER,152300.,12,7.31,0.989,0.0171,polars/raw/ALL.PD,2306
ST8-PD-031-03,31,FX60-100,BORDER,152300.,13,8.32,1.067,0.0201,polars/raw/ALL.PD,2307
ST8-PD-031-03,31,FX60-100,BORDER,152300.,14,9.33,1.134,0.0248,polars/raw/ALL.PD,2308
ST8-PD-031-03,31,FX60-100,BORDER,152300.,15,10.34,1.177,0.0304,polars/raw/ALL.PD,2309
ST8-PD-031-03,31,FX60-100,BORDER,152300.,16,11.35,1.189,0.0420,polars/raw/ALL.PD,2310
ST8-PD-031-03,31,FX60-100,BORDER,152300.,17,12.35,1.169,0.0513,polars/raw/ALL.PD,2311
ST8-PD-031-04,31,FX60-100,BORDER,203400.,1,-5.00,-.295,0.0287,polars/raw/ALL.PD,2314
ST8-PD-031-04,31,FX60-100,BORDER,203400.,2,-3.95,-.186,0.0193,polars/raw/ALL.PD,2315
ST8-PD-031-04,31,FX60-100,BORDER,203400.,3,-2.92,-.054,0.0149,polars/raw/ALL.PD,2316
ST8-PD-031-04,31,FX60-100,BORDER,203400.,4,-1.90,0.087,0.0114,polars/raw/ALL.PD,2317
ST8-PD-031-04,31,FX60-100,BORDER,203400.,5,-0.89,0.206,0.0105,polars/raw/ALL.PD,2318
ST8-PD-031-04,31,FX60-100,BORDER,203400.,6,0.16,0.310,0.0108,polars/raw/ALL.PD,2319
ST8-PD-031-04,31,FX60-100,BORDER,203400.,7,1.17,0.412,0.0104,polars/raw/ALL.PD,2320
ST8-PD-031-04,31,FX60-100,BORDER,203400.,8,2.21,0.512,0.0104,polars/raw/ALL.PD,2321
ST8-PD-031-04,31,FX60-100,BORDER,203400.,9,3.21,0.606,0.0101,polars/raw/ALL.PD,2322
ST8-PD-031-04,31,FX60-100,BORDER,203400.,10,4.23,0.701,0.0105,polars/raw/ALL.PD,2323
ST8-PD-031-04,31,FX60-100,BORDER,203400.,11,5.26,0.796,0.0116,polars/raw/ALL.PD,2324
ST8-PD-031-04,31,FX60-100,BORDER,203400.,12,6.28,0.886,0.0136,polars/raw/ALL.PD,2325
ST8-PD-031-04,31,FX60-100,BORDER,203400.,13,7.30,0.973,0.0158,polars/raw/ALL.PD,2326
ST8-PD-031-04,31,FX60-100,BORDER,203400.,14,8.31,1.052,0.0185,polars/raw/ALL.PD,2327
ST8-PD-031-04,31,FX60-100,BORDER,203400.,15,9.33,1.120,0.0233,polars/raw/ALL.PD,2328
ST8-PD-031-04,31,FX60-100,BORDER,203400.,16,10.34,1.168,0.0299,polars/raw/ALL.PD,2329
ST8-PD-031-04,31,FX60-100,BORDER,203400.,17,11.36,1.190,0.0393,polars/raw/ALL.PD,2330
ST8-PD-031-05,31,FX60-100,BORDER,298800.,1,-2.92,0.012,0.0123,polars/raw/ALL.PD,2333
ST8-PD-031-05,31,FX60-100,BORDER,298800.,2,-1.88,0.128,0.0104,polars/raw/ALL.PD,2334
ST8-PD-031-05,31,FX60-100,BORDER,298800.,3,-0.86,0.236,0.0093,polars/raw/ALL.PD,2335
ST8-PD-031-05,31,FX60-100,BORDER,298800.,4,0.17,0.340,0.0093,polars/raw/ALL.PD,2336
ST8-PD-031-05,31,FX60-100,BORDER,298800.,5,1.18,0.441,0.0093,polars/raw/ALL.PD,2337
ST8-PD-031-05,31,FX60-100,BORDER,298800.,6,2.21,0.541,0.0095,polars/raw/ALL.PD,2338
ST8-PD-031-05,31,FX60-100,BORDER,298800.,7,3.21,0.635,0.0097,polars/raw/ALL.PD,2339
ST8-PD-031-05,31,FX60-100,BORDER,298800.,8,4.22,0.721,0.0098,polars/raw/ALL.PD,2340
ST8-PD-031-05,31,FX60-100,BORDER,298800.,9,5.26,0.812,0.0112,polars/raw/ALL.PD,2341
ST8-PD-031-05,31,FX60-100,BORDER,298800.,10,6.27,0.900,0.0129,polars/raw/ALL.PD,2342
ST8-PD-031-05,31,FX60-100,BORDER,298800.,11,7.28,0.982,0.0148,polars/raw/ALL.PD,2343
ST8-PD-032-01,32,FX63-137A,CHAMPINE,200100.,1,-6.92,-.021,0.0360,polars/raw/ALL.PD,2352
ST8-PD-032-01,32,FX63-137A,CHAMPINE,200100.,2,-5.89,0.085,0.0201,polars/raw/ALL.PD,2353
ST8-PD-032-01,32,FX63-137A,CHAMPINE,200100.,3,-4.88,0.186,0.0172,polars/raw/ALL.PD,2354
ST8-PD-032-01,32,FX63-137A,CHAMPINE,200100.,4,-3.85,0.292,0.0149,polars/raw/ALL.PD,2355
ST8-PD-032-01,32,FX63-137A,CHAMPINE,200100.,5,-2.83,0.403,0.0142,polars/raw/ALL.PD,2356
ST8-PD-032-01,32,FX63-137A,CHAMPINE,200100.,6,-1.80,0.515,0.0142,polars/raw/ALL.PD,2357
ST8-PD-032-01,32,FX63-137A,CHAMPINE,200100.,7,-0.79,0.610,0.0149,polars/raw/ALL.PD,2358
ST8-PD-032-01,32,FX63-137A,CHAMPINE,200100.,8,0.24,0.724,0.0156,polars/raw/ALL.PD,2359
ST8-PD-032-01,32,FX63-137A,CHAMPINE,200100.,9,1.27,0.829,0.0159,polars/raw/ALL.PD,2360
ST8-PD-032-01,32,FX63-137A,CHAMPINE,200100.,10,2.30,0.931,0.0167,polars/raw/ALL.PD,2361
ST8-PD-032-01,32,FX63-137A,CHAMPINE,200100.,11,3.32,1.031,0.0163,polars/raw/ALL.PD,2362
ST8-PD-032-01,32,FX63-137A,CHAMPINE,200100.,12,4.33,1.122,0.0163,polars/raw/ALL.PD,2363
ST8-PD-032-01,32,FX63-137A,CHAMPINE,200100.,13,5.36,1.210,0.0166,polars/raw/ALL.PD,2364
ST8-PD-032-01,32,FX63-137A,CHAMPINE,200100.,14,6.38,1.299,0.0175,polars/raw/ALL.PD,2365
ST8-PD-032-01,32,FX63-137A,CHAMPINE,200100.,15,7.39,1.385,0.0185,polars/raw/ALL.PD,2366
ST8-PD-032-01,32,FX63-137A,CHAMPINE,200100.,16,8.41,1.460,0.0198,polars/raw/ALL.PD,2367
ST8-PD-032-01,32,FX63-137A,CHAMPINE,200100.,17,9.42,1.525,0.0219,polars/raw/ALL.PD,2368
ST8-PD-032-01,32,FX63-137A,CHAMPINE,200100.,18,10.43,1.573,0.0254,polars/raw/ALL.PD,2369
ST8-PD-032-01,32,FX63-137A,CHAMPINE,200100.,19,11.44,1.599,0.0298,polars/raw/ALL.PD,2370
ST8-PD-032-01,32,FX63-137A,CHAMPINE,200100.,20,12.44,1.607,0.0368,polars/raw/ALL.PD,2371
ST8-PD-032-02,32,FX63-137A,CHAMPINE,299500.,1,-6.91,-.028,0.0248,polars/raw/ALL.PD,2374
ST8-PD-032-02,32,FX63-137A,CHAMPINE,299500.,2,-5.89,0.088,0.0165,polars/raw/ALL.PD,2375
ST8-PD-032-02,32,FX63-137A,CHAMPINE,299500.,3,-4.88,0.191,0.0144,polars/raw/ALL.PD,2376
ST8-PD-032-02,32,FX63-137A,CHAMPINE,299500.,4,-3.85,0.301,0.0128,polars/raw/ALL.PD,2377
ST8-PD-032-02,32,FX63-137A,CHAMPINE,299500.,5,-2.83,0.412,0.0123,polars/raw/ALL.PD,2378
ST8-PD-032-02,32,FX63-137A,CHAMPINE,299500.,6,-1.79,0.527,0.0116,polars/raw/ALL.PD,2379
ST8-PD-032-02,32,FX63-137A,CHAMPINE,299500.,7,-0.77,0.635,0.0121,polars/raw/ALL.PD,2380
ST8-PD-032-02,32,FX63-137A,CHAMPINE,299500.,8,0.23,0.736,0.0122,polars/raw/ALL.PD,2381
ST8-PD-032-02,32,FX63-137A,CHAMPINE,299500.,9,1.24,0.838,0.0123,polars/raw/ALL.PD,2382
ST8-PD-032-02,32,FX63-137A,CHAMPINE,299500.,10,2.23,0.935,0.0125,polars/raw/ALL.PD,2383
ST8-PD-032-02,32,FX63-137A,CHAMPINE,299500.,11,3.20,1.024,0.0130,polars/raw/ALL.PD,2384
ST8-PD-032-02,32,FX63-137A,CHAMPINE,299500.,12,4.28,1.125,0.0136,polars/raw/ALL.PD,2385
ST8-PD-032-02,32,FX63-137A,CHAMPINE,299500.,13,5.34,1.220,0.0144,polars/raw/ALL.PD,2386
ST8-PD-032-02,32,FX63-137A,CHAMPINE,299500.,14,6.37,1.300,0.0155,polars/raw/ALL.PD,2387
ST8-PD-032-02,32,FX63-137A,CHAMPINE,299500.,15,7.39,1.379,0.0165,polars/raw/ALL.PD,2388
ST8-PD-032-02,32,FX63-137A,CHAMPINE,299500.,16,8.40,1.452,0.0183,polars/raw/ALL.PD,2389
ST8-PD-032-02,32,FX63-137A,CHAMPINE,299500.,17,9.41,1.512,0.0205,polars/raw/ALL.PD,2390
ST8-PD-032-02,32,FX63-137A,CHAMPINE,299500.,18,10.43,1.552,0.0240,polars/raw/ALL.PD,2391
ST8-PD-032-02,32,FX63-137A,CHAMPINE,299500.,19,11.44,1.571,0.0295,polars/raw/ALL.PD,2392
ST8-PD-033-01,33,FX63-137B,CHAMPINE,100800.,1,-3.87,0.210,0.0308,polars/raw/ALL.PD,2401
ST8-PD-033-01,33,FX63-137B,CHAMPINE,100800.,2,-2.85,0.345,0.0279,polars/raw/ALL.PD,2402
ST8-PD-033-01,33,FX63-137B,CHAMPINE,100800.,3,-1.82,0.473,0.0276,polars/raw/ALL.PD,2403
ST8-PD-033-01,33,FX63-137B,CHAMPINE,100800.,4,-0.79,0.581,0.0287,polars/raw/ALL.PD,2404
ST8-PD-033-01,33,FX63-137B,CHAMPINE,100800.,5,0.22,0.684,0.0265,polars/raw/ALL.PD,2405
ST8-PD-033-01,33,FX63-137B,CHAMPINE,100800.,6,1.26,0.778,0.0260,polars/raw/ALL.PD,2406
ST8-PD-033-01,33,FX63-137B,CHAMPINE,100800.,7,2.27,0.870,0.0271,polars/raw/ALL.PD,2407
ST8-PD-033-01,33,FX63-137B,CHAMPINE,100800.,8,3.30,0.974,0.0263,polars/raw/ALL.PD,2408
ST8-PD-033-01,33,FX63-137B,CHAMPINE,100800.,9,4.32,1.074,0.0249,polars/raw/ALL.PD,2409
ST8-PD-033-01,33,FX63-137B,CHAMPINE,100800.,10,5.34,1.174,0.0234,polars/raw/ALL.PD,2410
ST8-PD-033-01,33,FX63-137B,CHAMPINE,100800.,11,6.36,1.277,0.0262,polars/raw/ALL.PD,2411
ST8-PD-033-01,33,FX63-137B,CHAMPINE,100800.,12,7.39,1.373,0.0259,polars/raw/ALL.PD,2412
ST8-PD-033-01,33,FX63-137B,CHAMPINE,100800.,13,8.40,1.459,0.0274,polars/raw/ALL.PD,2413
ST8-PD-033-01,33,FX63-137B,CHAMPINE,100800.,14,9.42,1.532,0.0291,polars/raw/ALL.PD,2414
ST8-PD-033-01,33,FX63-137B,CHAMPINE,100800.,15,10.42,1.560,0.0353,polars/raw/ALL.PD,2415
ST8-PD-033-01,33,FX63-137B,CHAMPINE,100800.,16,11.44,1.597,0.0522,polars/raw/ALL.PD,2416
ST8-PD-033-02,33,FX63-137B,CHAMPINE,155600.,1,-6.93,-.092,0.0463,polars/raw/ALL.PD,2419
ST8-PD-033-02,33,FX63-137B,CHAMPINE,155600.,2,-5.90,0.056,0.0233,polars/raw/ALL.PD,2420
ST8-PD-033-02,33,FX63-137B,CHAMPINE,155600.,3,-4.89,0.164,0.0196,polars/raw/ALL.PD,2421
ST8-PD-033-02,33,FX63-137B,CHAMPINE,155600.,4,-3.86,0.273,0.0175,polars/raw/ALL.PD,2422
ST8-PD-033-02,33,FX63-137B,CHAMPINE,155600.,5,-2.83,0.390,0.0162,polars/raw/ALL.PD,2423
ST8-PD-033-02,33,FX63-137B,CHAMPINE,155600.,6,-1.81,0.499,0.0157,polars/raw/ALL.PD,2424
ST8-PD-033-02,33,FX63-137B,CHAMPINE,155600.,7,-0.79,0.604,0.0166,polars/raw/ALL.PD,2425
ST8-PD-033-02,33,FX63-137B,CHAMPINE,155600.,8,0.25,0.707,0.0172,polars/raw/ALL.PD,2426
ST8-PD-033-02,33,FX63-137B,CHAMPINE,155600.,9,1.26,0.811,0.0182,polars/raw/ALL.PD,2427
ST8-PD-033-02,33,FX63-137B,CHAMPINE,155600.,10,2.29,0.912,0.0184,polars/raw/ALL.PD,2428
ST8-PD-033-02,33,FX63-137B,CHAMPINE,155600.,11,3.30,1.008,0.0186,polars/raw/ALL.PD,2429
ST8-PD-033-02,33,FX63-137B,CHAMPINE,155600.,12,4.32,1.100,0.0183,polars/raw/ALL.PD,2430
ST8-PD-033-02,33,FX63-137B,CHAMPINE,155600.,13,5.35,1.196,0.0193,polars/raw/ALL.PD,2431
ST8-PD-033-02,33,FX63-137B,CHAMPINE,155600.,14,6.36,1.290,0.0202,polars/raw/ALL.PD,2432
ST8-PD-033-02,33,FX63-137B,CHAMPINE,155600.,15,7.38,1.379,0.0219,polars/raw/ALL.PD,2433
ST8-PD-033-02,33,FX63-137B,CHAMPINE,155600.,16,8.40,1.462,0.0235,polars/raw/ALL.PD,2434
ST8-PD-033-02,33,FX63-137B,CHAMPINE,155600.,17,9.42,1.532,0.0249,polars/raw/ALL.PD,2435
ST8-PD-033-02,33,FX63-137B,CHAMPINE,155600.,18,10.42,1.587,0.0275,polars/raw/ALL.PD,2436
ST8-PD-033-02,33,FX63-137B,CHAMPINE,155600.,19,11.43,1.615,0.0326,polars/raw/ALL.PD,2437
ST8-PD-033-03,33,FX63-137B,CHAMPINE,200700.,1,-5.90,0.083,0.0186,polars/raw/ALL.PD,2440
ST8-PD-033-03,33,FX63-137B,CHAMPINE,200700.,2,-4.88,0.186,0.0160,polars/raw/ALL.PD,2441
ST8-PD-033-03,33,FX63-137B,CHAMPINE,200700.,3,-3.86,0.291,0.0148,polars/raw/ALL.PD,2442
ST8-PD-033-03,33,FX63-137B,CHAMPINE,200700.,4,-2.85,0.399,0.0143,polars/raw/ALL.PD,2443
ST8-PD-033-03,33,FX63-137B,CHAMPINE,200700.,5,-1.79,0.520,0.0140,polars/raw/ALL.PD,2444
ST8-PD-033-03,33,FX63-137B,CHAMPINE,200700.,6,-0.79,0.626,0.0147,polars/raw/ALL.PD,2445
ST8-PD-033-03,33,FX63-137B,CHAMPINE,200700.,7,0.25,0.733,0.0150,polars/raw/ALL.PD,2446
ST8-PD-033-03,33,FX63-137B,CHAMPINE,200700.,8,1.28,0.842,0.0158,polars/raw/ALL.PD,2447
ST8-PD-033-03,33,FX63-137B,CHAMPINE,200700.,9,2.30,0.946,0.0158,polars/raw/ALL.PD,2448
ST8-PD-033-03,33,FX63-137B,CHAMPINE,200700.,10,3.30,1.046,0.0161,polars/raw/ALL.PD,2449
ST8-PD-033-03,33,FX63-137B,CHAMPINE,200700.,11,4.33,1.140,0.0164,polars/raw/ALL.PD,2450
ST8-PD-033-03,33,FX63-137B,CHAMPINE,200700.,12,5.35,1.229,0.0164,polars/raw/ALL.PD,2451
ST8-PD-033-03,33,FX63-137B,CHAMPINE,200700.,13,6.36,1.320,0.0183,polars/raw/ALL.PD,2452
ST8-PD-033-03,33,FX63-137B,CHAMPINE,200700.,14,7.38,1.407,0.0199,polars/raw/ALL.PD,2453
ST8-PD-033-03,33,FX63-137B,CHAMPINE,200700.,15,8.42,1.486,0.0215,polars/raw/ALL.PD,2454
ST8-PD-033-03,33,FX63-137B,CHAMPINE,200700.,16,9.43,1.551,0.0247,polars/raw/ALL.PD,2455
ST8-PD-033-03,33,FX63-137B,CHAMPINE,200700.,17,10.44,1.597,0.0272,polars/raw/ALL.PD,2456
ST8-PD-033-03,33,FX63-137B,CHAMPINE,200700.,18,11.44,1.613,0.0364,polars/raw/ALL.PD,2457
ST8-PD-033-03,33,FX63-137B,CHAMPINE,200700.,19,12.44,1.616,0.0504,polars/raw/ALL.PD,2458
ST8-PD-033-03,33,FX63-137B,CHAMPINE,200700.,20,13.44,1.623,0.0519,polars/raw/ALL.PD,2459
ST8-PD-033-04,33,FX63-137B,CHAMPINE,308600.,1,-6.94,-.049,0.0329,polars/raw/ALL.PD,2462
ST8-PD-033-04,33,FX63-137B,CHAMPINE,308600.,2,-5.92,0.080,0.0160,polars/raw/ALL.PD,2463
ST8-PD-033-04,33,FX63-137B,CHAMPINE,308600.,3,-4.89,0.190,0.0137,polars/raw/ALL.PD,2464
ST8-PD-033-04,33,FX63-137B,CHAMPINE,308600.,4,-3.84,0.304,0.0124,polars/raw/ALL.PD,2465
ST8-PD-033-04,33,FX63-137B,CHAMPINE,308600.,5,-2.83,0.420,0.0118,polars/raw/ALL.PD,2466
ST8-PD-033-04,33,FX63-137B,CHAMPINE,308600.,6,-1.79,0.538,0.0119,polars/raw/ALL.PD,2467
ST8-PD-033-04,33,FX63-137B,CHAMPINE,308600.,7,-0.79,0.647,0.0120,polars/raw/ALL.PD,2468
ST8-PD-033-04,33,FX63-137B,CHAMPINE,308600.,8,0.24,0.754,0.0122,polars/raw/ALL.PD,2469
ST8-PD-033-04,33,FX63-137B,CHAMPINE,308600.,9,1.28,0.862,0.0129,polars/raw/ALL.PD,2470
ST8-PD-033-04,33,FX63-137B,CHAMPINE,308600.,10,2.28,0.964,0.0130,polars/raw/ALL.PD,2471
ST8-PD-033-04,33,FX63-137B,CHAMPINE,308600.,11,3.31,1.062,0.0134,polars/raw/ALL.PD,2472
ST8-PD-033-04,33,FX63-137B,CHAMPINE,308600.,12,4.33,1.156,0.0139,polars/raw/ALL.PD,2473
ST8-PD-033-04,33,FX63-137B,CHAMPINE,308600.,13,5.36,1.247,0.0146,polars/raw/ALL.PD,2474
ST8-PD-033-04,33,FX63-137B,CHAMPINE,308600.,14,6.37,1.333,0.0148,polars/raw/ALL.PD,2475
ST8-PD-033-04,33,FX63-137B,CHAMPINE,308600.,15,7.39,1.411,0.0162,polars/raw/ALL.PD,2476
ST8-PD-033-04,33,FX63-137B,CHAMPINE,308600.,16,8.42,1.491,0.0185,polars/raw/ALL.PD,2477
ST8-PD-033-04,33,FX63-137B,CHAMPINE,308600.,17,9.42,1.539,0.0210,polars/raw/ALL.PD,2478
ST8-PD-033-04,33,FX63-137B,CHAMPINE,308600.,18,10.43,1.575,0.0260,polars/raw/ALL.PD,2479
ST8-PD-033-04,33,FX63-137B,CHAMPINE,308600.,19,11.43,1.589,0.0313,polars/raw/ALL.PD,2480
ST8-PD-033-04,33,FX63-137B,CHAMPINE,308600.,20,12.43,1.592,0.0443,polars/raw/ALL.PD,2481
ST8-PD-034-01,34,HQ2/9A,WAGNER/OLSEN,62000.,1,-2.95,-.189,0.0155,polars/raw/ALL.PD,2490
ST8-PD-034-01,34,HQ2/9A,WAGNER/OLSEN,62000.,2,-1.94,-.119,0.0143,polars/raw/ALL.PD,2491
ST8-PD-034-01,34,HQ2/9A,WAGNER/OLSEN,62000.,3,-0.92,-.042,0.0141,polars/raw/ALL.PD,2492
ST8-PD-034-01,34,HQ2/9A,WAGNER/OLSEN,62000.,4,0.10,0.080,0.0154,polars/raw/ALL.PD,2493
ST8-PD-034-01,34,HQ2/9A,WAGNER/OLSEN,62000.,5,1.13,0.207,0.0175,polars/raw/ALL.PD,2494
ST8-PD-034-01,34,HQ2/9A,WAGNER/OLSEN,62000.,6,2.17,0.379,0.0212,polars/raw/ALL.PD,2495
ST8-PD-034-01,34,HQ2/9A,WAGNER/OLSEN,62000.,7,3.20,0.530,0.0190,polars/raw/ALL.PD,2496
ST8-PD-034-01,34,HQ2/9A,WAGNER/OLSEN,62000.,8,4.22,0.609,0.0188,polars/raw/ALL.PD,2497
ST8-PD-034-01,34,HQ2/9A,WAGNER/OLSEN,62000.,9,5.24,0.675,0.0220,polars/raw/ALL.PD,2498
ST8-PD-034-01,34,HQ2/9A,WAGNER/OLSEN,62000.,10,6.26,0.769,0.0281,polars/raw/ALL.PD,2499
ST8-PD-034-01,34,HQ2/9A,WAGNER/OLSEN,62000.,11,7.28,0.833,0.0238,polars/raw/ALL.PD,2500
ST8-PD-034-01,34,HQ2/9A,WAGNER/OLSEN,62000.,12,8.28,0.887,0.0320,polars/raw/ALL.PD,2501
ST8-PD-034-01,34,HQ2/9A,WAGNER/OLSEN,62000.,13,9.30,0.936,0.0476,polars/raw/ALL.PD,2502
ST8-PD-034-02,34,HQ2/9A,WAGNER/OLSEN,98300.,1,-3.96,-.219,0.0204,polars/raw/ALL.PD,2505
ST8-PD-034-02,34,HQ2/9A,WAGNER/OLSEN,98300.,2,-2.94,-.139,0.0172,polars/raw/ALL.PD,2506
ST8-PD-034-02,34,HQ2/9A,WAGNER/OLSEN,98300.,3,-1.92,-.051,0.0122,polars/raw/ALL.PD,2507
ST8-PD-034-02,34,HQ2/9A,WAGNER/OLSEN,98300.,4,-0.91,0.037,0.0116,polars/raw/ALL.PD,2508
ST8-PD-034-02,34,HQ2/9A,WAGNER/OLSEN,98300.,5,0.14,0.165,0.0140,polars/raw/ALL.PD,2509
ST8-PD-034-02,34,HQ2/9A,WAGNER/OLSEN,98300.,6,1.16,0.321,0.0152,polars/raw/ALL.PD,2510
ST8-PD-034-02,34,HQ2/9A,WAGNER/OLSEN,98300.,7,2.19,0.464,0.0144,polars/raw/ALL.PD,2511
ST8-PD-034-02,34,HQ2/9A,WAGNER/OLSEN,98300.,8,3.20,0.556,0.0144,polars/raw/ALL.PD,2512
ST8-PD-034-02,34,HQ2/9A,WAGNER/OLSEN,98300.,9,4.23,0.649,0.0149,polars/raw/ALL.PD,2513
ST8-PD-034-02,34,HQ2/9A,WAGNER/OLSEN,98300.,10,5.25,0.735,0.0153,polars/raw/ALL.PD,2514
ST8-PD-034-02,34,HQ2/9A,WAGNER/OLSEN,98300.,11,6.26,0.815,0.0183,polars/raw/ALL.PD,2515
ST8-PD-034-02,34,HQ2/9A,WAGNER/OLSEN,98300.,12,7.28,0.878,0.0225,polars/raw/ALL.PD,2516
ST8-PD-034-02,34,HQ2/9A,WAGNER/OLSEN,98300.,13,8.29,0.934,0.0282,polars/raw/ALL.PD,2517
ST8-PD-034-02,34,HQ2/9A,WAGNER/OLSEN,98300.,14,9.30,0.982,0.0359,polars/raw/ALL.PD,2518
ST8-PD-034-02,34,HQ2/9A,WAGNER/OLSEN,98300.,15,10.31,1.008,0.0500,polars/raw/ALL.PD,2519
ST8-PD-034-02,34,HQ2/9A,WAGNER/OLSEN,98300.,16,11.31,0.979,0.1163,polars/raw/ALL.PD,2520
ST8-PD-034-03,34,HQ2/9A,WAGNER/OLSEN,149000.,1,-3.96,-.213,0.0170,polars/raw/ALL.PD,2523
ST8-PD-034-03,34,HQ2/9A,WAGNER/OLSEN,149000.,2,-2.94,-.123,0.0148,polars/raw/ALL.PD,2524
ST8-PD-034-03,34,HQ2/9A,WAGNER/OLSEN,149000.,3,-1.92,-.017,0.0128,polars/raw/ALL.PD,2525
ST8-PD-034-03,34,HQ2/9A,WAGNER/OLSEN,149000.,4,-0.88,0.121,0.0113,polars/raw/ALL.PD,2526
ST8-PD-034-03,34,HQ2/9A,WAGNER/OLSEN,149000.,5,0.14,0.251,0.0106,polars/raw/ALL.PD,2527
ST8-PD-034-03,34,HQ2/9A,WAGNER/OLSEN,149000.,6,1.18,0.366,0.0113,polars/raw/ALL.PD,2528
ST8-PD-034-03,34,HQ2/9A,WAGNER/OLSEN,149000.,7,2.20,0.459,0.0107,polars/raw/ALL.PD,2529
ST8-PD-034-03,34,HQ2/9A,WAGNER/OLSEN,149000.,8,3.21,0.558,0.0110,polars/raw/ALL.PD,2530
ST8-PD-034-03,34,HQ2/9A,WAGNER/OLSEN,149000.,9,4.23,0.652,0.0117,polars/raw/ALL.PD,2531
ST8-PD-034-03,34,HQ2/9A,WAGNER/OLSEN,149000.,10,5.26,0.738,0.0131,polars/raw/ALL.PD,2532
ST8-PD-034-03,34,HQ2/9A,WAGNER/OLSEN,149000.,11,6.27,0.815,0.0162,polars/raw/ALL.PD,2533
ST8-PD-034-03,34,HQ2/9A,WAGNER/OLSEN,149000.,12,7.28,0.890,0.0208,polars/raw/ALL.PD,2534
ST8-PD-034-03,34,HQ2/9A,WAGNER/OLSEN,149000.,13,8.30,0.955,0.0241,polars/raw/ALL.PD,2535
ST8-PD-034-03,34,HQ2/9A,WAGNER/OLSEN,149000.,14,9.31,1.004,0.0323,polars/raw/ALL.PD,2536
ST8-PD-034-03,34,HQ2/9A,WAGNER/OLSEN,149000.,15,10.32,1.037,0.0395,polars/raw/ALL.PD,2537
ST8-PD-034-04,34,HQ2/9A,WAGNER/OLSEN,208700.,1,-3.96,-.222,0.0155,polars/raw/ALL.PD,2540
ST8-PD-034-04,34,HQ2/9A,WAGNER/OLSEN,208700.,2,-2.93,-.106,0.0134,polars/raw/ALL.PD,2541
ST8-PD-034-04,34,HQ2/9A,WAGNER/OLSEN,208700.,3,-1.90,0.031,0.0108,polars/raw/ALL.PD,2542
ST8-PD-034-04,34,HQ2/9A,WAGNER/OLSEN,208700.,4,-0.88,0.158,0.0091,polars/raw/ALL.PD,2543
ST8-PD-034-04,34,HQ2/9A,WAGNER/OLSEN,208700.,5,0.15,0.250,0.0088,polars/raw/ALL.PD,2544
ST8-PD-034-04,34,HQ2/9A,WAGNER/OLSEN,208700.,6,1.17,0.347,0.0083,polars/raw/ALL.PD,2545
ST8-PD-034-04,34,HQ2/9A,WAGNER/OLSEN,208700.,7,2.19,0.452,0.0086,polars/raw/ALL.PD,2546
ST8-PD-034-04,34,HQ2/9A,WAGNER/OLSEN,208700.,8,3.21,0.553,0.0092,polars/raw/ALL.PD,2547
ST8-PD-034-04,34,HQ2/9A,WAGNER/OLSEN,208700.,9,4.23,0.646,0.0104,polars/raw/ALL.PD,2548
ST8-PD-034-04,34,HQ2/9A,WAGNER/OLSEN,208700.,10,5.25,0.737,0.0124,polars/raw/ALL.PD,2549
ST8-PD-034-04,34,HQ2/9A,WAGNER/OLSEN,208700.,11,6.27,0.819,0.0150,polars/raw/ALL.PD,2550
ST8-PD-034-04,34,HQ2/9A,WAGNER/OLSEN,208700.,12,7.30,0.898,0.0184,polars/raw/ALL.PD,2551
ST8-PD-034-04,34,HQ2/9A,WAGNER/OLSEN,208700.,13,8.30,0.965,0.0221,polars/raw/ALL.PD,2552
ST8-PD-034-04,34,HQ2/9A,WAGNER/OLSEN,208700.,14,9.32,1.015,0.0281,polars/raw/ALL.PD,2553
ST8-PD-034-04,34,HQ2/9A,WAGNER/OLSEN,208700.,15,10.32,1.046,0.0371,polars/raw/ALL.PD,2554
ST8-PD-034-04,34,HQ2/9A,WAGNER/OLSEN,208700.,16,11.31,1.029,0.0967,polars/raw/ALL.PD,2555
ST8-PD-034-05,34,HQ2/9A,WAGNER/OLSEN,303400.,1,-3.96,-.177,0.0137,polars/raw/ALL.PD,2558
ST8-PD-034-05,34,HQ2/9A,WAGNER/OLSEN,303400.,2,-2.94,-.049,0.0109,polars/raw/ALL.PD,2559
ST8-PD-034-05,34,HQ2/9A,WAGNER/OLSEN,303400.,3,-1.91,0.061,0.0084,polars/raw/ALL.PD,2560
ST8-PD-034-05,34,HQ2/9A,WAGNER/OLSEN,303400.,4,-0.88,0.154,0.0072,polars/raw/ALL.PD,2561
ST8-PD-034-05,34,HQ2/9A,WAGNER/OLSEN,303400.,5,0.14,0.250,0.0075,polars/raw/ALL.PD,2562
ST8-PD-034-05,34,HQ2/9A,WAGNER/OLSEN,303400.,6,1.18,0.348,0.0072,polars/raw/ALL.PD,2563
ST8-PD-034-05,34,HQ2/9A,WAGNER/OLSEN,303400.,7,2.19,0.457,0.0075,polars/raw/ALL.PD,2564
ST8-PD-034-05,34,HQ2/9A,WAGNER/OLSEN,303400.,8,3.21,0.564,0.0084,polars/raw/ALL.PD,2565
ST8-PD-034-05,34,HQ2/9A,WAGNER/OLSEN,303400.,9,4.24,0.657,0.0101,polars/raw/ALL.PD,2566
ST8-PD-034-05,34,HQ2/9A,WAGNER/OLSEN,303400.,10,5.25,0.742,0.0125,polars/raw/ALL.PD,2567
ST8-PD-034-05,34,HQ2/9A,WAGNER/OLSEN,303400.,11,6.27,0.826,0.0145,polars/raw/ALL.PD,2568
ST8-PD-034-05,34,HQ2/9A,WAGNER/OLSEN,303400.,12,7.28,0.907,0.0171,polars/raw/ALL.PD,2569
ST8-PD-034-05,34,HQ2/9A,WAGNER/OLSEN,303400.,13,8.31,0.981,0.0203,polars/raw/ALL.PD,2570
ST8-PD-034-05,34,HQ2/9A,WAGNER/OLSEN,303400.,14,9.31,1.038,0.0249,polars/raw/ALL.PD,2571
ST8-PD-034-05,34,HQ2/9A,WAGNER/OLSEN,303400.,15,10.33,1.076,0.0324,polars/raw/ALL.PD,2572
ST8-PD-034-05,34,HQ2/9A,WAGNER/OLSEN,303400.,16,11.32,1.079,0.0437,polars/raw/ALL.PD,2573
ST8-PD-035-01,35,HQ2/9B,WAGNER/OLSEN,60800.,1,-2.94,-.146,0.0197,polars/raw/ALL.PD,2582
ST8-PD-035-01,35,HQ2/9B,WAGNER/OLSEN,60800.,2,-1.43,-.026,0.0156,polars/raw/ALL.PD,2583
ST8-PD-035-01,35,HQ2/9B,WAGNER/OLSEN,60800.,3,0.10,0.116,0.0155,polars/raw/ALL.PD,2584
ST8-PD-035-01,35,HQ2/9B,WAGNER/OLSEN,60800.,4,1.65,0.329,0.0179,polars/raw/ALL.PD,2585
ST8-PD-035-01,35,HQ2/9B,WAGNER/OLSEN,60800.,5,3.19,0.539,0.0195,polars/raw/ALL.PD,2586
ST8-PD-035-01,35,HQ2/9B,WAGNER/OLSEN,60800.,6,4.74,0.663,0.0188,polars/raw/ALL.PD,2587
ST8-PD-035-01,35,HQ2/9B,WAGNER/OLSEN,60800.,7,6.26,0.781,0.0228,polars/raw/ALL.PD,2588
ST8-PD-035-01,35,HQ2/9B,WAGNER/OLSEN,60800.,8,7.77,0.863,0.0282,polars/raw/ALL.PD,2589
ST8-PD-035-01,35,HQ2/9B,WAGNER/OLSEN,60800.,9,9.30,0.928,0.0422,polars/raw/ALL.PD,2590
ST8-PD-035-01,35,HQ2/9B,WAGNER/OLSEN,60800.,10,10.80,0.962,0.0751,polars/raw/ALL.PD,2591
ST8-PD-035-02,35,HQ2/9B,WAGNER/OLSEN,100100.,1,-2.94,-.143,0.0189,polars/raw/ALL.PD,2594
ST8-PD-035-02,35,HQ2/9B,WAGNER/OLSEN,100100.,2,-1.42,-.014,0.0134,polars/raw/ALL.PD,2595
ST8-PD-035-02,35,HQ2/9B,WAGNER/OLSEN,100100.,3,0.13,0.149,0.0150,polars/raw/ALL.PD,2596
ST8-PD-035-02,35,HQ2/9B,WAGNER/OLSEN,100100.,4,1.66,0.382,0.0161,polars/raw/ALL.PD,2597
ST8-PD-035-02,35,HQ2/9B,WAGNER/OLSEN,100100.,5,3.20,0.559,0.0149,polars/raw/ALL.PD,2598
ST8-PD-035-02,35,HQ2/9B,WAGNER/OLSEN,100100.,6,4.75,0.690,0.0148,polars/raw/ALL.PD,2599
ST8-PD-035-02,35,HQ2/9B,WAGNER/OLSEN,100100.,7,6.26,0.825,0.0160,polars/raw/ALL.PD,2600
ST8-PD-035-02,35,HQ2/9B,WAGNER/OLSEN,100100.,8,7.77,0.904,0.0249,polars/raw/ALL.PD,2601
ST8-PD-035-02,35,HQ2/9B,WAGNER/OLSEN,100100.,9,9.31,0.980,0.0386,polars/raw/ALL.PD,2602
ST8-PD-035-02,35,HQ2/9B,WAGNER/OLSEN,100100.,10,10.79,0.999,0.0707,polars/raw/ALL.PD,2603
ST8-PD-035-02,35,HQ2/9B,WAGNER/OLSEN,100100.,11,12.30,0.935,0.1433,polars/raw/ALL.PD,2604
ST8-PD-035-02,35,HQ2/9B,WAGNER/OLSEN,100100.,12,13.77,0.849,0.1783,polars/raw/ALL.PD,2605
ST8-PD-035-03,35,HQ2/9B,WAGNER/OLSEN,152000.,1,-2.94,-.149,0.0151,polars/raw/ALL.PD,2608
ST8-PD-035-03,35,HQ2/9B,WAGNER/OLSEN,152000.,2,-1.39,0.025,0.0124,polars/raw/ALL.PD,2609
ST8-PD-035-03,35,HQ2/9B,WAGNER/OLSEN,152000.,3,0.12,0.231,0.0103,polars/raw/ALL.PD,2610
ST8-PD-035-03,35,HQ2/9B,WAGNER/OLSEN,152000.,4,1.67,0.393,0.0107,polars/raw/ALL.PD,2611
ST8-PD-035-03,35,HQ2/9B,WAGNER/OLSEN,152000.,5,3.20,0.538,0.0116,polars/raw/ALL.PD,2612
ST8-PD-035-03,35,HQ2/9B,WAGNER/OLSEN,152000.,6,4.73,0.680,0.0116,polars/raw/ALL.PD,2613
ST8-PD-035-03,35,HQ2/9B,WAGNER/OLSEN,152000.,7,6.26,0.802,0.0153,polars/raw/ALL.PD,2614
ST8-PD-035-03,35,HQ2/9B,WAGNER/OLSEN,152000.,8,7.78,0.902,0.0214,polars/raw/ALL.PD,2615
ST8-PD-035-03,35,HQ2/9B,WAGNER/OLSEN,152000.,9,9.29,0.973,0.0314,polars/raw/ALL.PD,2616
ST8-PD-035-03,35,HQ2/9B,WAGNER/OLSEN,152000.,10,10.80,1.020,0.0508,polars/raw/ALL.PD,2617
ST8-PD-035-03,35,HQ2/9B,WAGNER/OLSEN,152000.,11,12.30,0.979,0.1425,polars/raw/ALL.PD,2618
ST8-PD-035-03,35,HQ2/9B,WAGNER/OLSEN,152000.,12,13.76,0.888,0.2090,polars/raw/ALL.PD,2619
ST8-PD-035-04,35,HQ2/9B,WAGNER/OLSEN,202400.,1,-3.97,-.218,0.0158,polars/raw/ALL.PD,2622
ST8-PD-035-04,35,HQ2/9B,WAGNER/OLSEN,202400.,2,-2.46,-.051,0.0128,polars/raw/ALL.PD,2623
ST8-PD-035-04,35,HQ2/9B,WAGNER/OLSEN,202400.,3,-0.90,0.151,0.0102,polars/raw/ALL.PD,2624
ST8-PD-035-04,35,HQ2/9B,WAGNER/OLSEN,202400.,4,0.63,0.295,0.0086,polars/raw/ALL.PD,2625
ST8-PD-035-04,35,HQ2/9B,WAGNER/OLSEN,202400.,5,2.18,0.452,0.0092,polars/raw/ALL.PD,2626
ST8-PD-035-04,35,HQ2/9B,WAGNER/OLSEN,202400.,6,3.71,0.603,0.0097,polars/raw/ALL.PD,2627
ST8-PD-035-04,35,HQ2/9B,WAGNER/OLSEN,202400.,7,5.25,0.739,0.0119,polars/raw/ALL.PD,2628
ST8-PD-035-04,35,HQ2/9B,WAGNER/OLSEN,202400.,8,6.75,0.855,0.0166,polars/raw/ALL.PD,2629
ST8-PD-035-04,35,HQ2/9B,WAGNER/OLSEN,202400.,9,8.29,0.950,0.0242,polars/raw/ALL.PD,2630
ST8-PD-035-04,35,HQ2/9B,WAGNER/OLSEN,202400.,10,9.79,1.014,0.0350,polars/raw/ALL.PD,2631
ST8-PD-035-05,35,HQ2/9B,WAGNER/OLSEN,303500.,1,-4.01,-.201,0.0132,polars/raw/ALL.PD,2634
ST8-PD-035-05,35,HQ2/9B,WAGNER/OLSEN,303500.,2,-2.49,-.012,0.0102,polars/raw/ALL.PD,2635
ST8-PD-035-05,35,HQ2/9B,WAGNER/OLSEN,303500.,3,-0.95,0.142,0.0077,polars/raw/ALL.PD,2636
ST8-PD-035-05,35,HQ2/9B,WAGNER/OLSEN,303500.,4,0.62,0.287,0.0074,polars/raw/ALL.PD,2637
ST8-PD-035-05,35,HQ2/9B,WAGNER/OLSEN,303500.,5,2.15,0.445,0.0075,polars/raw/ALL.PD,2638
ST8-PD-035-05,35,HQ2/9B,WAGNER/OLSEN,303500.,6,3.70,0.604,0.0086,polars/raw/ALL.PD,2639
ST8-PD-035-05,35,HQ2/9B,WAGNER/OLSEN,303500.,7,5.22,0.739,0.0117,polars/raw/ALL.PD,2640
ST8-PD-035-05,35,HQ2/9B,WAGNER/OLSEN,303500.,8,6.76,0.864,0.0155,polars/raw/ALL.PD,2641
ST8-PD-035-05,35,HQ2/9B,WAGNER/OLSEN,303500.,9,8.30,0.968,0.0218,polars/raw/ALL.PD,2642
ST8-PD-035-05,35,HQ2/9B,WAGNER/OLSEN,303500.,10,9.81,1.037,0.0307,polars/raw/ALL.PD,2643
ST8-PD-035-05,35,HQ2/9B,WAGNER/OLSEN,303500.,11,11.31,1.053,0.0736,polars/raw/ALL.PD,2644
ST8-PD-035-05,35,HQ2/9B,WAGNER/OLSEN,303500.,12,12.73,1.011,0.1481,polars/raw/ALL.PD,2645
ST8-PD-036-01,36,"HQ2/9A UST .020, .125, 20%",WAGNER/OLSEN,98200.,1,-3.95,-.236,0.0205,polars/raw/ALL.PD,2654
ST8-PD-036-01,36,"HQ2/9A UST .020, .125, 20%",WAGNER/OLSEN,98200.,2,-2.95,-.155,0.0166,polars/raw/ALL.PD,2655
ST8-PD-036-01,36,"HQ2/9A UST .020, .125, 20%",WAGNER/OLSEN,98200.,3,-1.93,-.045,0.0131,polars/raw/ALL.PD,2656
ST8-PD-036-01,36,"HQ2/9A UST .020, .125, 20%",WAGNER/OLSEN,98200.,4,-0.88,0.084,0.0144,polars/raw/ALL.PD,2657
ST8-PD-036-01,36,"HQ2/9A UST .020, .125, 20%",WAGNER/OLSEN,98200.,5,0.14,0.226,0.0136,polars/raw/ALL.PD,2658
ST8-PD-036-01,36,"HQ2/9A UST .020, .125, 20%",WAGNER/OLSEN,98200.,6,1.15,0.338,0.0133,polars/raw/ALL.PD,2659
ST8-PD-036-01,36,"HQ2/9A UST .020, .125, 20%",WAGNER/OLSEN,98200.,7,2.19,0.439,0.0134,polars/raw/ALL.PD,2660
ST8-PD-036-01,36,"HQ2/9A UST .020, .125, 20%",WAGNER/OLSEN,98200.,8,3.19,0.542,0.0139,polars/raw/ALL.PD,2661
ST8-PD-036-01,36,"HQ2/9A UST .020, .125, 20%",WAGNER/OLSEN,98200.,9,4.23,0.647,0.0156,polars/raw/ALL.PD,2662
ST8-PD-036-01,36,"HQ2/9A UST .020, .125, 20%",WAGNER/OLSEN,98200.,10,5.25,0.742,0.0154,polars/raw/ALL.PD,2663
ST8-PD-036-01,36,"HQ2/9A UST .020, .125, 20%",WAGNER/OLSEN,98200.,11,6.26,0.826,0.0192,polars/raw/ALL.PD,2664
ST8-PD-036-01,36,"HQ2/9A UST .020, .125, 20%",WAGNER/OLSEN,98200.,12,7.27,0.886,0.0243,polars/raw/ALL.PD,2665
ST8-PD-036-01,36,"HQ2/9A UST .020, .125, 20%",WAGNER/OLSEN,98200.,13,8.30,0.945,0.0307,polars/raw/ALL.PD,2666
ST8-PD-036-01,36,"HQ2/9A UST .020, .125, 20%",WAGNER/OLSEN,98200.,14,9.30,0.992,0.0386,polars/raw/ALL.PD,2667
ST8-PD-036-01,36,"HQ2/9A UST .020, .125, 20%",WAGNER/OLSEN,98200.,15,10.31,1.022,0.0532,polars/raw/ALL.PD,2668
ST8-PD-036-01,36,"HQ2/9A UST .020, .125, 20%",WAGNER/OLSEN,98200.,16,11.30,1.001,0.1139,polars/raw/ALL.PD,2669
ST8-PD-036-02,36,"HQ2/9A UST .020, .125, 20%",WAGNER/OLSEN,151600.,1,-3.97,-.209,0.0163,polars/raw/ALL.PD,2672
ST8-PD-036-02,36,"HQ2/9A UST .020, .125, 20%",WAGNER/OLSEN,151600.,2,-2.94,-.089,0.0139,polars/raw/ALL.PD,2673
ST8-PD-036-02,36,"HQ2/9A UST .020, .125, 20%",WAGNER/OLSEN,151600.,3,-1.93,0.029,0.0107,polars/raw/ALL.PD,2674
ST8-PD-036-02,36,"HQ2/9A UST .020, .125, 20%",WAGNER/OLSEN,151600.,4,-0.90,0.129,0.0101,polars/raw/ALL.PD,2675
ST8-PD-036-02,36,"HQ2/9A UST .020, .125, 20%",WAGNER/OLSEN,151600.,5,0.13,0.227,0.0092,polars/raw/ALL.PD,2676
ST8-PD-036-02,36,"HQ2/9A UST .020, .125, 20%",WAGNER/OLSEN,151600.,6,1.15,0.339,0.0098,polars/raw/ALL.PD,2677
ST8-PD-036-02,36,"HQ2/9A UST .020, .125, 20%",WAGNER/OLSEN,151600.,7,2.18,0.443,0.0100,polars/raw/ALL.PD,2678
ST8-PD-036-02,36,"HQ2/9A UST .020, .125, 20%",WAGNER/OLSEN,151600.,8,3.21,0.544,0.0106,polars/raw/ALL.PD,2679
ST8-PD-036-02,36,"HQ2/9A UST .020, .125, 20%",WAGNER/OLSEN,151600.,9,4.22,0.642,0.0125,polars/raw/ALL.PD,2680
ST8-PD-036-02,36,"HQ2/9A UST .020, .125, 20%",WAGNER/OLSEN,151600.,10,5.24,0.734,0.0143,polars/raw/ALL.PD,2681
ST8-PD-036-02,36,"HQ2/9A UST .020, .125, 20%",WAGNER/OLSEN,151600.,11,6.26,0.821,0.0168,polars/raw/ALL.PD,2682
ST8-PD-036-02,36,"HQ2/9A UST .020, .125, 20%",WAGNER/OLSEN,151600.,12,7.29,0.893,0.0214,polars/raw/ALL.PD,2683
ST8-PD-036-02,36,"HQ2/9A UST .020, .125, 20%",WAGNER/OLSEN,151600.,13,8.31,0.959,0.0253,polars/raw/ALL.PD,2684
ST8-PD-036-02,36,"HQ2/9A UST .020, .125, 20%",WAGNER/OLSEN,151600.,14,9.31,1.010,0.0332,polars/raw/ALL.PD,2685
ST8-PD-036-03,36,"HQ2/9A UST .020, .125, 20%",WAGNER/OLSEN,202100.,1,-3.96,-.171,0.0150,polars/raw/ALL.PD,2688
ST8-PD-036-03,36,"HQ2/9A UST .020, .125, 20%",WAGNER/OLSEN,202100.,2,-2.94,-.056,0.0125,polars/raw/ALL.PD,2689
ST8-PD-036-03,36,"HQ2/9A UST .020, .125, 20%",WAGNER/OLSEN,202100.,3,-1.93,0.046,0.0094,polars/raw/ALL.PD,2690
ST8-PD-036-03,36,"HQ2/9A UST .020, .125, 20%",WAGNER/OLSEN,202100.,4,-0.91,0.135,0.0088,polars/raw/ALL.PD,2691
ST8-PD-036-03,36,"HQ2/9A UST .020, .125, 20%",WAGNER/OLSEN,202100.,5,0.10,0.227,0.0089,polars/raw/ALL.PD,2692
ST8-PD-036-03,36,"HQ2/9A UST .020, .125, 20%",WAGNER/OLSEN,202100.,6,1.15,0.331,0.0088,polars/raw/ALL.PD,2693
ST8-PD-036-03,36,"HQ2/9A UST .020, .125, 20%",WAGNER/OLSEN,202100.,7,2.17,0.436,0.0095,polars/raw/ALL.PD,2694
ST8-PD-036-03,36,"HQ2/9A UST .020, .125, 20%",WAGNER/OLSEN,202100.,8,3.19,0.538,0.0109,polars/raw/ALL.PD,2695
ST8-PD-036-03,36,"HQ2/9A UST .020, .125, 20%",WAGNER/OLSEN,202100.,9,4.20,0.637,0.0122,polars/raw/ALL.PD,2696
ST8-PD-036-03,36,"HQ2/9A UST .020, .125, 20%",WAGNER/OLSEN,202100.,10,5.24,0.734,0.0136,polars/raw/ALL.PD,2697
ST8-PD-036-03,36,"HQ2/9A UST .020, .125, 20%",WAGNER/OLSEN,202100.,11,6.27,0.824,0.0164,polars/raw/ALL.PD,2698
ST8-PD-036-03,36,"HQ2/9A UST .020, .125, 20%",WAGNER/OLSEN,202100.,12,7.29,0.902,0.0198,polars/raw/ALL.PD,2699
ST8-PD-036-03,36,"HQ2/9A UST .020, .125, 20%",WAGNER/OLSEN,202100.,13,8.31,0.970,0.0231,polars/raw/ALL.PD,2700
ST8-PD-036-03,36,"HQ2/9A UST .020, .125, 20%",WAGNER/OLSEN,202100.,14,9.31,1.020,0.0293,polars/raw/ALL.PD,2701
ST8-PD-036-03,36,"HQ2/9A UST .020, .125, 20%",WAGNER/OLSEN,202100.,15,10.32,1.051,0.0378,polars/raw/ALL.PD,2702
ST8-PD-036-03,36,"HQ2/9A UST .020, .125, 20%",WAGNER/OLSEN,202100.,16,11.30,1.054,0.0783,polars/raw/ALL.PD,2703
ST8-PD-036-04,36,"HQ2/9A UST .020, .125, 20%",WAGNER/OLSEN,311700.,1,-3.96,-.163,0.0128,polars/raw/ALL.PD,2706
ST8-PD-036-04,36,"HQ2/9A UST .020, .125, 20%",WAGNER/OLSEN,311700.,2,-2.97,-.071,0.0116,polars/raw/ALL.PD,2707
ST8-PD-036-04,36,"HQ2/9A UST .020, .125, 20%",WAGNER/OLSEN,311700.,3,-2.06,0.014,0.0111,polars/raw/ALL.PD,2708
ST8-PD-036-04,36,"HQ2/9A UST .020, .125, 20%",WAGNER/OLSEN,311700.,4,-0.95,0.119,0.0098,polars/raw/ALL.PD,2709
ST8-PD-036-04,36,"HQ2/9A UST .020, .125, 20%",WAGNER/OLSEN,311700.,5,0.10,0.221,0.0097,polars/raw/ALL.PD,2710
ST8-PD-036-04,36,"HQ2/9A UST .020, .125, 20%",WAGNER/OLSEN,311700.,6,1.15,0.323,0.0093,polars/raw/ALL.PD,2711
ST8-PD-036-04,36,"HQ2/9A UST .020, .125, 20%",WAGNER/OLSEN,311700.,7,2.15,0.432,0.0096,polars/raw/ALL.PD,2712
ST8-PD-036-04,36,"HQ2/9A UST .020, .125, 20%",WAGNER/OLSEN,311700.,8,3.20,0.545,0.0106,polars/raw/ALL.PD,2713
ST8-PD-036-04,36,"HQ2/9A UST .020, .125, 20%",WAGNER/OLSEN,311700.,9,4.20,0.644,0.0116,polars/raw/ALL.PD,2714
ST8-PD-036-04,36,"HQ2/9A UST .020, .125, 20%",WAGNER/OLSEN,311700.,10,5.25,0.744,0.0129,polars/raw/ALL.PD,2715
ST8-PD-036-04,36,"HQ2/9A UST .020, .125, 20%",WAGNER/OLSEN,311700.,11,6.25,0.825,0.0154,polars/raw/ALL.PD,2716
ST8-PD-036-04,36,"HQ2/9A UST .020, .125, 20%",WAGNER/OLSEN,311700.,12,7.28,0.906,0.0176,polars/raw/ALL.PD,2717
ST8-PD-036-04,36,"HQ2/9A UST .020, .125, 20%",WAGNER/OLSEN,311700.,13,8.30,0.981,0.0208,polars/raw/ALL.PD,2718
ST8-PD-036-04,36,"HQ2/9A UST .020, .125, 20%",WAGNER/OLSEN,311700.,14,9.31,1.038,0.0256,polars/raw/ALL.PD,2719
ST8-PD-036-04,36,"HQ2/9A UST .020, .125, 20%",WAGNER/OLSEN,311700.,15,10.32,1.073,0.0329,polars/raw/ALL.PD,2720
ST8-PD-036-04,36,"HQ2/9A UST .020, .125, 20%",WAGNER/OLSEN,311700.,16,11.32,1.073,0.0432,polars/raw/ALL.PD,2721
ST8-PD-036-04,36,"HQ2/9A UST .020, .125, 20%",WAGNER/OLSEN,311700.,17,12.43,1.017,0.1496,polars/raw/ALL.PD,2722
ST8-PD-037-01,37,"HQ2/9A UST .020, .125, 40%",WAGNER/OLSEN,101600.,1,-3.46,-.185,0.0177,polars/raw/ALL.PD,2731
ST8-PD-037-01,37,"HQ2/9A UST .020, .125, 40%",WAGNER/OLSEN,101600.,2,-1.92,-.006,0.0116,polars/raw/ALL.PD,2732
ST8-PD-037-01,37,"HQ2/9A UST .020, .125, 40%",WAGNER/OLSEN,101600.,3,-0.38,0.148,0.0136,polars/raw/ALL.PD,2733
ST8-PD-037-01,37,"HQ2/9A UST .020, .125, 40%",WAGNER/OLSEN,101600.,4,1.15,0.331,0.0134,polars/raw/ALL.PD,2734
ST8-PD-037-01,37,"HQ2/9A UST .020, .125, 40%",WAGNER/OLSEN,101600.,5,2.70,0.492,0.0147,polars/raw/ALL.PD,2735
ST8-PD-037-01,37,"HQ2/9A UST .020, .125, 40%",WAGNER/OLSEN,101600.,6,5.23,0.722,0.0164,polars/raw/ALL.PD,2736
ST8-PD-037-01,37,"HQ2/9A UST .020, .125, 40%",WAGNER/OLSEN,101600.,7,6.78,0.842,0.0222,polars/raw/ALL.PD,2737
ST8-PD-037-01,37,"HQ2/9A UST .020, .125, 40%",WAGNER/OLSEN,101600.,8,8.30,0.933,0.0299,polars/raw/ALL.PD,2738
ST8-PD-037-01,37,"HQ2/9A UST .020, .125, 40%",WAGNER/OLSEN,101600.,9,9.30,0.978,0.0434,polars/raw/ALL.PD,2739
ST8-PD-037-01,37,"HQ2/9A UST .020, .125, 40%",WAGNER/OLSEN,101600.,10,10.30,1.003,0.0541,polars/raw/ALL.PD,2740
ST8-PD-037-02,37,"HQ2/9A UST .020, .125, 40%",WAGNER/OLSEN,153300.,1,-3.45,-.129,0.0145,polars/raw/ALL.PD,2743
ST8-PD-037-02,37,"HQ2/9A UST .020, .125, 40%",WAGNER/OLSEN,153300.,2,-1.91,0.040,0.0099,polars/raw/ALL.PD,2744
ST8-PD-037-02,37,"HQ2/9A UST .020, .125, 40%",WAGNER/OLSEN,153300.,3,-0.37,0.179,0.0088,polars/raw/ALL.PD,2745
ST8-PD-037-02,37,"HQ2/9A UST .020, .125, 40%",WAGNER/OLSEN,153300.,4,1.16,0.344,0.0093,polars/raw/ALL.PD,2746
ST8-PD-037-02,37,"HQ2/9A UST .020, .125, 40%",WAGNER/OLSEN,153300.,5,2.69,0.499,0.0104,polars/raw/ALL.PD,2747
ST8-PD-037-02,37,"HQ2/9A UST .020, .125, 40%",WAGNER/OLSEN,153300.,6,5.25,0.739,0.0138,polars/raw/ALL.PD,2748
ST8-PD-037-02,37,"HQ2/9A UST .020, .125, 40%",WAGNER/OLSEN,153300.,7,6.77,0.858,0.0184,polars/raw/ALL.PD,2749
ST8-PD-037-02,37,"HQ2/9A UST .020, .125, 40%",WAGNER/OLSEN,153300.,8,8.29,0.953,0.0260,polars/raw/ALL.PD,2750
ST8-PD-037-02,37,"HQ2/9A UST .020, .125, 40%",WAGNER/OLSEN,153300.,9,9.31,1.004,0.0317,polars/raw/ALL.PD,2751
ST8-PD-037-02,37,"HQ2/9A UST .020, .125, 40%",WAGNER/OLSEN,153300.,10,10.32,1.035,0.0425,polars/raw/ALL.PD,2752
ST8-PD-037-02,37,"HQ2/9A UST .020, .125, 40%",WAGNER/OLSEN,153300.,11,11.31,1.025,0.1019,polars/raw/ALL.PD,2753
ST8-PD-037-03,37,"HQ2/9A UST .020, .125, 40%",WAGNER/OLSEN,205300.,1,-3.46,-.108,0.0132,polars/raw/ALL.PD,2756
ST8-PD-037-03,37,"HQ2/9A UST .020, .125, 40%",WAGNER/OLSEN,205300.,2,-1.90,0.043,0.0092,polars/raw/ALL.PD,2757
ST8-PD-037-03,37,"HQ2/9A UST .020, .125, 40%",WAGNER/OLSEN,205300.,3,-0.39,0.182,0.0090,polars/raw/ALL.PD,2758
ST8-PD-037-03,37,"HQ2/9A UST .020, .125, 40%",WAGNER/OLSEN,205300.,4,1.16,0.334,0.0085,polars/raw/ALL.PD,2759
ST8-PD-037-03,37,"HQ2/9A UST .020, .125, 40%",WAGNER/OLSEN,205300.,5,2.68,0.496,0.0098,polars/raw/ALL.PD,2760
ST8-PD-037-03,37,"HQ2/9A UST .020, .125, 40%",WAGNER/OLSEN,205300.,6,5.24,0.733,0.0132,polars/raw/ALL.PD,2761
ST8-PD-037-03,37,"HQ2/9A UST .020, .125, 40%",WAGNER/OLSEN,205300.,7,6.77,0.858,0.0174,polars/raw/ALL.PD,2762
ST8-PD-037-03,37,"HQ2/9A UST .020, .125, 40%",WAGNER/OLSEN,205300.,8,8.29,0.966,0.0228,polars/raw/ALL.PD,2763
ST8-PD-037-03,37,"HQ2/9A UST .020, .125, 40%",WAGNER/OLSEN,205300.,9,9.32,1.018,0.0287,polars/raw/ALL.PD,2764
ST8-PD-037-03,37,"HQ2/9A UST .020, .125, 40%",WAGNER/OLSEN,205300.,10,10.31,1.049,0.0382,polars/raw/ALL.PD,2765
ST8-PD-037-03,37,"HQ2/9A UST .020, .125, 40%",WAGNER/OLSEN,205300.,11,11.31,1.042,0.0903,polars/raw/ALL.PD,2766
ST8-PD-037-04,37,"HQ2/9A UST .020, .125, 40%",WAGNER/OLSEN,305200.,1,-3.46,-.116,0.0127,polars/raw/ALL.PD,2769
ST8-PD-037-04,37,"HQ2/9A UST .020, .125, 40%",WAGNER/OLSEN,305200.,2,-1.97,0.023,0.0105,polars/raw/ALL.PD,2770
ST8-PD-037-04,37,"HQ2/9A UST .020, .125, 40%",WAGNER/OLSEN,305200.,3,-0.43,0.180,0.0084,polars/raw/ALL.PD,2771
ST8-PD-037-04,37,"HQ2/9A UST .020, .125, 40%",WAGNER/OLSEN,305200.,4,1.15,0.332,0.0081,polars/raw/ALL.PD,2772
ST8-PD-037-04,37,"HQ2/9A UST .020, .125, 40%",WAGNER/OLSEN,305200.,5,2.69,0.500,0.0085,polars/raw/ALL.PD,2773
ST8-PD-037-04,37,"HQ2/9A UST .020, .125, 40%",WAGNER/OLSEN,305200.,6,5.24,0.740,0.0130,polars/raw/ALL.PD,2774
ST8-PD-037-04,37,"HQ2/9A UST .020, .125, 40%",WAGNER/OLSEN,305200.,7,6.77,0.866,0.0162,polars/raw/ALL.PD,2775
ST8-PD-037-04,37,"HQ2/9A UST .020, .125, 40%",WAGNER/OLSEN,305200.,8,8.29,0.975,0.0201,polars/raw/ALL.PD,2776
ST8-PD-037-04,37,"HQ2/9A UST .020, .125, 40%",WAGNER/OLSEN,305200.,9,9.31,1.033,0.0252,polars/raw/ALL.PD,2777
ST8-PD-037-04,37,"HQ2/9A UST .020, .125, 40%",WAGNER/OLSEN,305200.,10,10.32,1.069,0.0324,polars/raw/ALL.PD,2778
ST8-PD-037-04,37,"HQ2/9A UST .020, .125, 40%",WAGNER/OLSEN,305200.,11,11.31,1.070,0.0429,polars/raw/ALL.PD,2779
ST8-PD-038-01,38,"HQ2/9A UST .020, .125, 50%",WAGNER/OLSEN,58900.,1,-2.97,-.140,0.0201,polars/raw/ALL.PD,2788
ST8-PD-038-01,38,"HQ2/9A UST .020, .125, 50%",WAGNER/OLSEN,58900.,2,-1.43,-.018,0.0136,polars/raw/ALL.PD,2789
ST8-PD-038-01,38,"HQ2/9A UST .020, .125, 50%",WAGNER/OLSEN,58900.,3,0.13,0.172,0.0145,polars/raw/ALL.PD,2790
ST8-PD-038-01,38,"HQ2/9A UST .020, .125, 50%",WAGNER/OLSEN,58900.,4,1.66,0.374,0.0196,polars/raw/ALL.PD,2791
ST8-PD-038-01,38,"HQ2/9A UST .020, .125, 50%",WAGNER/OLSEN,58900.,5,3.22,0.564,0.0214,polars/raw/ALL.PD,2792
ST8-PD-038-01,38,"HQ2/9A UST .020, .125, 50%",WAGNER/OLSEN,58900.,6,4.74,0.698,0.0239,polars/raw/ALL.PD,2793
ST8-PD-038-01,38,"HQ2/9A UST .020, .125, 50%",WAGNER/OLSEN,58900.,7,6.27,0.806,0.0240,polars/raw/ALL.PD,2794
ST8-PD-038-01,38,"HQ2/9A UST .020, .125, 50%",WAGNER/OLSEN,58900.,8,7.77,0.881,0.0270,polars/raw/ALL.PD,2795
ST8-PD-038-01,38,"HQ2/9A UST .020, .125, 50%",WAGNER/OLSEN,58900.,9,9.30,0.929,0.0546,polars/raw/ALL.PD,2796
ST8-PD-038-01,38,"HQ2/9A UST .020, .125, 50%",WAGNER/OLSEN,58900.,10,10.81,0.959,0.0751,polars/raw/ALL.PD,2797
ST8-PD-038-02,38,"HQ2/9A UST .020, .125, 50%",WAGNER/OLSEN,100800.,1,-2.94,-.132,0.0163,polars/raw/ALL.PD,2800
ST8-PD-038-02,38,"HQ2/9A UST .020, .125, 50%",WAGNER/OLSEN,100800.,2,-1.42,0.049,0.0125,polars/raw/ALL.PD,2801
ST8-PD-038-02,38,"HQ2/9A UST .020, .125, 50%",WAGNER/OLSEN,100800.,3,0.13,0.217,0.0133,polars/raw/ALL.PD,2802
ST8-PD-038-02,38,"HQ2/9A UST .020, .125, 50%",WAGNER/OLSEN,100800.,4,1.66,0.391,0.0124,polars/raw/ALL.PD,2803
ST8-PD-038-02,38,"HQ2/9A UST .020, .125, 50%",WAGNER/OLSEN,100800.,5,3.21,0.549,0.0148,polars/raw/ALL.PD,2804
ST8-PD-038-02,38,"HQ2/9A UST .020, .125, 50%",WAGNER/OLSEN,100800.,6,4.73,0.683,0.0151,polars/raw/ALL.PD,2805
ST8-PD-038-02,38,"HQ2/9A UST .020, .125, 50%",WAGNER/OLSEN,100800.,7,6.24,0.801,0.0176,polars/raw/ALL.PD,2806
ST8-PD-038-02,38,"HQ2/9A UST .020, .125, 50%",WAGNER/OLSEN,100800.,8,7.78,0.894,0.0249,polars/raw/ALL.PD,2807
ST8-PD-038-02,38,"HQ2/9A UST .020, .125, 50%",WAGNER/OLSEN,100800.,9,9.28,0.960,0.0370,polars/raw/ALL.PD,2808
ST8-PD-038-02,38,"HQ2/9A UST .020, .125, 50%",WAGNER/OLSEN,100800.,10,10.81,1.008,0.0581,polars/raw/ALL.PD,2809
ST8-PD-038-02,38,"HQ2/9A UST .020, .125, 50%",WAGNER/OLSEN,100800.,11,12.30,0.952,0.1444,polars/raw/ALL.PD,2810
ST8-PD-038-02,38,"HQ2/9A UST .020, .125, 50%",WAGNER/OLSEN,100800.,12,13.78,0.840,0.1970,polars/raw/ALL.PD,2811
ST8-PD-038-03,38,"HQ2/9A UST .020, .125, 50%",WAGNER/OLSEN,149300.,1,-2.93,-.070,0.0136,polars/raw/ALL.PD,2814
ST8-PD-038-03,38,"HQ2/9A UST .020, .125, 50%",WAGNER/OLSEN,149300.,2,-1.41,0.080,0.0102,polars/raw/ALL.PD,2815
ST8-PD-038-03,38,"HQ2/9A UST .020, .125, 50%",WAGNER/OLSEN,149300.,3,0.11,0.226,0.0091,polars/raw/ALL.PD,2816
ST8-PD-038-03,38,"HQ2/9A UST .020, .125, 50%",WAGNER/OLSEN,149300.,4,1.68,0.397,0.0109,polars/raw/ALL.PD,2817
ST8-PD-038-03,38,"HQ2/9A UST .020, .125, 50%",WAGNER/OLSEN,149300.,5,3.19,0.550,0.0116,polars/raw/ALL.PD,2818
ST8-PD-038-03,38,"HQ2/9A UST .020, .125, 50%",WAGNER/OLSEN,149300.,6,4.74,0.694,0.0123,polars/raw/ALL.PD,2819
ST8-PD-038-03,38,"HQ2/9A UST .020, .125, 50%",WAGNER/OLSEN,149300.,7,6.26,0.814,0.0176,polars/raw/ALL.PD,2820
ST8-PD-038-03,38,"HQ2/9A UST .020, .125, 50%",WAGNER/OLSEN,149300.,8,7.79,0.913,0.0236,polars/raw/ALL.PD,2821
ST8-PD-038-03,38,"HQ2/9A UST .020, .125, 50%",WAGNER/OLSEN,149300.,9,9.30,0.980,0.0362,polars/raw/ALL.PD,2822
ST8-PD-038-03,38,"HQ2/9A UST .020, .125, 50%",WAGNER/OLSEN,149300.,10,10.82,1.027,0.0677,polars/raw/ALL.PD,2823
ST8-PD-038-03,38,"HQ2/9A UST .020, .125, 50%",WAGNER/OLSEN,149300.,11,12.31,0.974,0.1588,polars/raw/ALL.PD,2824
ST8-PD-038-04,38,"HQ2/9A UST .020, .125, 50%",WAGNER/OLSEN,204700.,1,-2.96,-.080,0.0124,polars/raw/ALL.PD,2827
ST8-PD-038-04,38,"HQ2/9A UST .020, .125, 50%",WAGNER/OLSEN,204700.,2,-1.41,0.068,0.0088,polars/raw/ALL.PD,2828
ST8-PD-038-04,38,"HQ2/9A UST .020, .125, 50%",WAGNER/OLSEN,204700.,3,0.13,0.210,0.0078,polars/raw/ALL.PD,2829
ST8-PD-038-04,38,"HQ2/9A UST .020, .125, 50%",WAGNER/OLSEN,204700.,4,1.66,0.376,0.0082,polars/raw/ALL.PD,2830
ST8-PD-038-04,38,"HQ2/9A UST .020, .125, 50%",WAGNER/OLSEN,204700.,5,3.18,0.534,0.0089,polars/raw/ALL.PD,2831
ST8-PD-038-04,38,"HQ2/9A UST .020, .125, 50%",WAGNER/OLSEN,204700.,6,4.73,0.683,0.0108,polars/raw/ALL.PD,2832
ST8-PD-038-04,38,"HQ2/9A UST .020, .125, 50%",WAGNER/OLSEN,204700.,7,6.25,0.802,0.0153,polars/raw/ALL.PD,2833
ST8-PD-038-04,38,"HQ2/9A UST .020, .125, 50%",WAGNER/OLSEN,204700.,8,7.77,0.907,0.0206,polars/raw/ALL.PD,2834
ST8-PD-038-04,38,"HQ2/9A UST .020, .125, 50%",WAGNER/OLSEN,204700.,9,9.31,0.983,0.0286,polars/raw/ALL.PD,2835
ST8-PD-038-04,38,"HQ2/9A UST .020, .125, 50%",WAGNER/OLSEN,204700.,10,10.81,1.033,0.0471,polars/raw/ALL.PD,2836
ST8-PD-038-04,38,"HQ2/9A UST .020, .125, 50%",WAGNER/OLSEN,204700.,11,12.30,1.004,0.1300,polars/raw/ALL.PD,2837
ST8-PD-038-04,38,"HQ2/9A UST .020, .125, 50%",WAGNER/OLSEN,204700.,12,13.81,0.936,0.1999,polars/raw/ALL.PD,2838
ST8-PD-038-05,38,"HQ2/9A UST .020, .125, 50%",WAGNER/OLSEN,299200.,1,-2.92,-.072,0.0114,polars/raw/ALL.PD,2841
ST8-PD-038-05,38,"HQ2/9A UST .020, .125, 50%",WAGNER/OLSEN,299200.,2,-1.43,0.078,0.0088,polars/raw/ALL.PD,2842
ST8-PD-038-05,38,"HQ2/9A UST .020, .125, 50%",WAGNER/OLSEN,299200.,3,0.12,0.227,0.0081,polars/raw/ALL.PD,2843
ST8-PD-038-05,38,"HQ2/9A UST .020, .125, 50%",WAGNER/OLSEN,299200.,4,1.65,0.385,0.0078,polars/raw/ALL.PD,2844
ST8-PD-038-05,38,"HQ2/9A UST .020, .125, 50%",WAGNER/OLSEN,299200.,5,3.19,0.548,0.0084,polars/raw/ALL.PD,2845
ST8-PD-038-05,38,"HQ2/9A UST .020, .125, 50%",WAGNER/OLSEN,299200.,6,4.74,0.692,0.0111,polars/raw/ALL.PD,2846
ST8-PD-038-05,38,"HQ2/9A UST .020, .125, 50%",WAGNER/OLSEN,299200.,7,6.27,0.820,0.0152,polars/raw/ALL.PD,2847
ST8-PD-038-05,38,"HQ2/9A UST .020, .125, 50%",WAGNER/OLSEN,299200.,8,7.79,0.930,0.0202,polars/raw/ALL.PD,2848
ST8-PD-038-05,38,"HQ2/9A UST .020, .125, 50%",WAGNER/OLSEN,299200.,9,9.31,1.009,0.0288,polars/raw/ALL.PD,2849
ST8-PD-038-05,38,"HQ2/9A UST .020, .125, 50%",WAGNER/OLSEN,299200.,10,10.81,1.052,0.0531,polars/raw/ALL.PD,2850
ST8-PD-038-05,38,"HQ2/9A UST .020, .125, 50%",WAGNER/OLSEN,299200.,11,12.23,1.010,0.1387,polars/raw/ALL.PD,2851
ST8-PD-038-05,38,"HQ2/9A UST .020, .125, 50%",WAGNER/OLSEN,299200.,12,13.78,0.946,0.1930,polars/raw/ALL.PD,2852
ST8-PD-039-01,39,"HQ2/9A LST .020, .125, 50%",WAGNER/OLSEN,151600.,1,-3.96,-.224,0.0174,polars/raw/ALL.PD,2861
ST8-PD-039-01,39,"HQ2/9A LST .020, .125, 50%",WAGNER/OLSEN,151600.,2,-2.98,-.135,0.0150,polars/raw/ALL.PD,2862
ST8-PD-039-01,39,"HQ2/9A LST .020, .125, 50%",WAGNER/OLSEN,151600.,3,-1.91,-.022,0.0121,polars/raw/ALL.PD,2863
ST8-PD-039-01,39,"HQ2/9A LST .020, .125, 50%",WAGNER/OLSEN,151600.,4,-0.90,0.122,0.0102,polars/raw/ALL.PD,2864
ST8-PD-039-01,39,"HQ2/9A LST .020, .125, 50%",WAGNER/OLSEN,151600.,5,0.13,0.254,0.0112,polars/raw/ALL.PD,2865
ST8-PD-039-01,39,"HQ2/9A LST .020, .125, 50%",WAGNER/OLSEN,151600.,6,1.15,0.362,0.0108,polars/raw/ALL.PD,2866
ST8-PD-039-01,39,"HQ2/9A LST .020, .125, 50%",WAGNER/OLSEN,151600.,7,2.18,0.461,0.0107,polars/raw/ALL.PD,2867
ST8-PD-039-01,39,"HQ2/9A LST .020, .125, 50%",WAGNER/OLSEN,151600.,8,3.17,0.558,0.0115,polars/raw/ALL.PD,2868
ST8-PD-039-01,39,"HQ2/9A LST .020, .125, 50%",WAGNER/OLSEN,151600.,9,4.22,0.658,0.0112,polars/raw/ALL.PD,2869
ST8-PD-039-01,39,"HQ2/9A LST .020, .125, 50%",WAGNER/OLSEN,151600.,10,5.24,0.747,0.0134,polars/raw/ALL.PD,2870
ST8-PD-039-01,39,"HQ2/9A LST .020, .125, 50%",WAGNER/OLSEN,151600.,11,6.24,0.823,0.0173,polars/raw/ALL.PD,2871
ST8-PD-039-01,39,"HQ2/9A LST .020, .125, 50%",WAGNER/OLSEN,151600.,12,7.29,0.900,0.0200,polars/raw/ALL.PD,2872
ST8-PD-039-01,39,"HQ2/9A LST .020, .125, 50%",WAGNER/OLSEN,151600.,13,8.29,0.965,0.0241,polars/raw/ALL.PD,2873
ST8-PD-039-01,39,"HQ2/9A LST .020, .125, 50%",WAGNER/OLSEN,151600.,14,9.30,1.013,0.0311,polars/raw/ALL.PD,2874
ST8-PD-039-01,39,"HQ2/9A LST .020, .125, 50%",WAGNER/OLSEN,151600.,15,10.31,1.047,0.0404,polars/raw/ALL.PD,2875
ST8-PD-039-01,39,"HQ2/9A LST .020, .125, 50%",WAGNER/OLSEN,151600.,16,11.31,1.037,0.0917,polars/raw/ALL.PD,2876
ST8-PD-039-02,39,"HQ2/9A LST .020, .125, 50%",WAGNER/OLSEN,200000.,1,-3.98,-.215,0.0157,polars/raw/ALL.PD,2879
ST8-PD-039-02,39,"HQ2/9A LST .020, .125, 50%",WAGNER/OLSEN,200000.,2,-2.97,-.106,0.0138,polars/raw/ALL.PD,2880
ST8-PD-039-02,39,"HQ2/9A LST .020, .125, 50%",WAGNER/OLSEN,200000.,3,-1.96,0.027,0.0112,polars/raw/ALL.PD,2881
ST8-PD-039-02,39,"HQ2/9A LST .020, .125, 50%",WAGNER/OLSEN,200000.,4,-0.91,0.162,0.0098,polars/raw/ALL.PD,2882
ST8-PD-039-02,39,"HQ2/9A LST .020, .125, 50%",WAGNER/OLSEN,200000.,5,0.10,0.262,0.0096,polars/raw/ALL.PD,2883
ST8-PD-039-02,39,"HQ2/9A LST .020, .125, 50%",WAGNER/OLSEN,200000.,6,1.15,0.361,0.0095,polars/raw/ALL.PD,2884
ST8-PD-039-02,39,"HQ2/9A LST .020, .125, 50%",WAGNER/OLSEN,200000.,7,2.15,0.460,0.0091,polars/raw/ALL.PD,2885
ST8-PD-039-02,39,"HQ2/9A LST .020, .125, 50%",WAGNER/OLSEN,200000.,8,3.19,0.561,0.0093,polars/raw/ALL.PD,2886
ST8-PD-039-02,39,"HQ2/9A LST .020, .125, 50%",WAGNER/OLSEN,200000.,9,4.19,0.654,0.0105,polars/raw/ALL.PD,2887
ST8-PD-039-02,39,"HQ2/9A LST .020, .125, 50%",WAGNER/OLSEN,200000.,10,5.23,0.744,0.0130,polars/raw/ALL.PD,2888
ST8-PD-039-02,39,"HQ2/9A LST .020, .125, 50%",WAGNER/OLSEN,200000.,11,6.26,0.829,0.0157,polars/raw/ALL.PD,2889
ST8-PD-039-02,39,"HQ2/9A LST .020, .125, 50%",WAGNER/OLSEN,200000.,12,7.27,0.908,0.0191,polars/raw/ALL.PD,2890
ST8-PD-039-02,39,"HQ2/9A LST .020, .125, 50%",WAGNER/OLSEN,200000.,13,8.28,0.979,0.0221,polars/raw/ALL.PD,2891
ST8-PD-039-02,39,"HQ2/9A LST .020, .125, 50%",WAGNER/OLSEN,200000.,14,9.30,1.031,0.0283,polars/raw/ALL.PD,2892
ST8-PD-039-02,39,"HQ2/9A LST .020, .125, 50%",WAGNER/OLSEN,200000.,15,10.32,1.064,0.0372,polars/raw/ALL.PD,2893
ST8-PD-039-03,39,"HQ2/9A LST .020, .125, 50%",WAGNER/OLSEN,308100.,1,-4.07,-.185,0.0135,polars/raw/ALL.PD,2896
ST8-PD-039-03,39,"HQ2/9A LST .020, .125, 50%",WAGNER/OLSEN,308100.,2,-3.01,-.056,0.0116,polars/raw/ALL.PD,2897
ST8-PD-039-03,39,"HQ2/9A LST .020, .125, 50%",WAGNER/OLSEN,308100.,3,-2.01,0.054,0.0093,polars/raw/ALL.PD,2898
ST8-PD-039-03,39,"HQ2/9A LST .020, .125, 50%",WAGNER/OLSEN,308100.,4,-0.95,0.158,0.0074,polars/raw/ALL.PD,2899
ST8-PD-039-03,39,"HQ2/9A LST .020, .125, 50%",WAGNER/OLSEN,308100.,5,0.03,0.250,0.0076,polars/raw/ALL.PD,2900
ST8-PD-039-03,39,"HQ2/9A LST .020, .125, 50%",WAGNER/OLSEN,308100.,6,1.05,0.357,0.0078,polars/raw/ALL.PD,2901
ST8-PD-039-03,39,"HQ2/9A LST .020, .125, 50%",WAGNER/OLSEN,308100.,7,2.13,0.471,0.0081,polars/raw/ALL.PD,2902
ST8-PD-039-03,39,"HQ2/9A LST .020, .125, 50%",WAGNER/OLSEN,308100.,8,3.17,0.576,0.0091,polars/raw/ALL.PD,2903
ST8-PD-039-03,39,"HQ2/9A LST .020, .125, 50%",WAGNER/OLSEN,308100.,9,4.21,0.670,0.0107,polars/raw/ALL.PD,2904
ST8-PD-039-03,39,"HQ2/9A LST .020, .125, 50%",WAGNER/OLSEN,308100.,10,5.24,0.756,0.0129,polars/raw/ALL.PD,2905
ST8-PD-039-03,39,"HQ2/9A LST .020, .125, 50%",WAGNER/OLSEN,308100.,11,6.25,0.837,0.0147,polars/raw/ALL.PD,2906
ST8-PD-039-03,39,"HQ2/9A LST .020, .125, 50%",WAGNER/OLSEN,308100.,12,7.27,0.917,0.0168,polars/raw/ALL.PD,2907
ST8-PD-039-03,39,"HQ2/9A LST .020, .125, 50%",WAGNER/OLSEN,308100.,13,8.30,0.991,0.0201,polars/raw/ALL.PD,2908
ST8-PD-039-03,39,"HQ2/9A LST .020, .125, 50%",WAGNER/OLSEN,308100.,14,9.30,1.047,0.0242,polars/raw/ALL.PD,2909
ST8-PD-039-03,39,"HQ2/9A LST .020, .125, 50%",WAGNER/OLSEN,308100.,15,10.33,1.084,0.0320,polars/raw/ALL.PD,2910
ST8-PD-040-01,40,"HQ2/9B BLOWING TYPE B, 50%",WAGNER/OLSEN,59000.,1,-2.96,-.173,0.0185,polars/raw/ALL.PD,2919
ST8-PD-040-01,40,"HQ2/9B BLOWING TYPE B, 50%",WAGNER/OLSEN,59000.,2,-1.42,0.007,0.0149,polars/raw/ALL.PD,2920
ST8-PD-040-01,40,"HQ2/9B BLOWING TYPE B, 50%",WAGNER/OLSEN,59000.,3,0.13,0.169,0.0163,polars/raw/ALL.PD,2921
ST8-PD-040-01,40,"HQ2/9B BLOWING TYPE B, 50%",WAGNER/OLSEN,59000.,4,1.66,0.354,0.0169,polars/raw/ALL.PD,2922
ST8-PD-040-01,40,"HQ2/9B BLOWING TYPE B, 50%",WAGNER/OLSEN,59000.,5,3.20,0.525,0.0201,polars/raw/ALL.PD,2923
ST8-PD-040-01,40,"HQ2/9B BLOWING TYPE B, 50%",WAGNER/OLSEN,59000.,6,4.72,0.645,0.0175,polars/raw/ALL.PD,2924
ST8-PD-040-01,40,"HQ2/9B BLOWING TYPE B, 50%",WAGNER/OLSEN,59000.,7,6.24,0.764,0.0227,polars/raw/ALL.PD,2925
ST8-PD-040-01,40,"HQ2/9B BLOWING TYPE B, 50%",WAGNER/OLSEN,59000.,8,7.78,0.854,0.0265,polars/raw/ALL.PD,2926
ST8-PD-040-01,40,"HQ2/9B BLOWING TYPE B, 50%",WAGNER/OLSEN,59000.,9,9.28,0.916,0.0396,polars/raw/ALL.PD,2927
ST8-PD-040-01,40,"HQ2/9B BLOWING TYPE B, 50%",WAGNER/OLSEN,59000.,10,10.80,0.947,0.0731,polars/raw/ALL.PD,2928
ST8-PD-040-02,40,"HQ2/9B BLOWING TYPE B, 50%",WAGNER/OLSEN,100200.,1,-2.95,-.130,0.0158,polars/raw/ALL.PD,2931
ST8-PD-040-02,40,"HQ2/9B BLOWING TYPE B, 50%",WAGNER/OLSEN,100200.,2,-1.42,0.032,0.0134,polars/raw/ALL.PD,2932
ST8-PD-040-02,40,"HQ2/9B BLOWING TYPE B, 50%",WAGNER/OLSEN,100200.,3,0.11,0.193,0.0119,polars/raw/ALL.PD,2933
ST8-PD-040-02,40,"HQ2/9B BLOWING TYPE B, 50%",WAGNER/OLSEN,100200.,4,1.66,0.348,0.0132,polars/raw/ALL.PD,2934
ST8-PD-040-02,40,"HQ2/9B BLOWING TYPE B, 50%",WAGNER/OLSEN,100200.,5,3.20,0.492,0.0139,polars/raw/ALL.PD,2935
ST8-PD-040-02,40,"HQ2/9B BLOWING TYPE B, 50%",WAGNER/OLSEN,100200.,6,4.72,0.632,0.0151,polars/raw/ALL.PD,2936
ST8-PD-040-02,40,"HQ2/9B BLOWING TYPE B, 50%",WAGNER/OLSEN,100200.,7,6.25,0.767,0.0181,polars/raw/ALL.PD,2937
ST8-PD-040-02,40,"HQ2/9B BLOWING TYPE B, 50%",WAGNER/OLSEN,100200.,8,7.77,0.851,0.0267,polars/raw/ALL.PD,2938
ST8-PD-040-02,40,"HQ2/9B BLOWING TYPE B, 50%",WAGNER/OLSEN,100200.,9,9.28,0.911,0.0407,polars/raw/ALL.PD,2939
ST8-PD-040-02,40,"HQ2/9B BLOWING TYPE B, 50%",WAGNER/OLSEN,100200.,10,10.79,0.952,0.0750,polars/raw/ALL.PD,2940
ST8-PD-040-02,40,"HQ2/9B BLOWING TYPE B, 50%",WAGNER/OLSEN,100200.,11,12.29,0.870,0.1908,polars/raw/ALL.PD,2941
ST8-PD-040-02,40,"HQ2/9B BLOWING TYPE B, 50%",WAGNER/OLSEN,100200.,12,13.76,0.769,0.2198,polars/raw/ALL.PD,2942
ST8-PD-040-03,40,"HQ2/9B BLOWING TYPE B, 50%",WAGNER/OLSEN,200100.,1,-2.94,-.071,0.0128,polars/raw/ALL.PD,2945
ST8-PD-040-03,40,"HQ2/9B BLOWING TYPE B, 50%",WAGNER/OLSEN,200100.,2,-1.40,0.072,0.0102,polars/raw/ALL.PD,2946
ST8-PD-040-03,40,"HQ2/9B BLOWING TYPE B, 50%",WAGNER/OLSEN,200100.,3,0.12,0.215,0.0094,polars/raw/ALL.PD,2947
ST8-PD-040-03,40,"HQ2/9B BLOWING TYPE B, 50%",WAGNER/OLSEN,200100.,4,1.66,0.378,0.0096,polars/raw/ALL.PD,2948
ST8-PD-040-03,40,"HQ2/9B BLOWING TYPE B, 50%",WAGNER/OLSEN,200100.,5,3.19,0.540,0.0107,polars/raw/ALL.PD,2949
ST8-PD-040-03,40,"HQ2/9B BLOWING TYPE B, 50%",WAGNER/OLSEN,200100.,6,4.74,0.691,0.0115,polars/raw/ALL.PD,2950
ST8-PD-040-03,40,"HQ2/9B BLOWING TYPE B, 50%",WAGNER/OLSEN,200100.,7,6.26,0.814,0.0159,polars/raw/ALL.PD,2951
ST8-PD-040-03,40,"HQ2/9B BLOWING TYPE B, 50%",WAGNER/OLSEN,200100.,8,7.78,0.915,0.0218,polars/raw/ALL.PD,2952
ST8-PD-040-03,40,"HQ2/9B BLOWING TYPE B, 50%",WAGNER/OLSEN,200100.,9,9.31,0.989,0.0323,polars/raw/ALL.PD,2953
ST8-PD-040-03,40,"HQ2/9B BLOWING TYPE B, 50%",WAGNER/OLSEN,200100.,10,10.82,1.036,0.0564,polars/raw/ALL.PD,2954
ST8-PD-040-04,40,"HQ2/9B BLOWING TYPE B, 50%",WAGNER/OLSEN,302500.,1,-2.96,-.080,0.0121,polars/raw/ALL.PD,2957
ST8-PD-040-04,40,"HQ2/9B BLOWING TYPE B, 50%",WAGNER/OLSEN,302500.,2,-1.44,0.072,0.0096,polars/raw/ALL.PD,2958
ST8-PD-040-04,40,"HQ2/9B BLOWING TYPE B, 50%",WAGNER/OLSEN,302500.,3,0.13,0.226,0.0086,polars/raw/ALL.PD,2959
ST8-PD-040-04,40,"HQ2/9B BLOWING TYPE B, 50%",WAGNER/OLSEN,302500.,4,1.67,0.385,0.0081,polars/raw/ALL.PD,2960
ST8-PD-040-04,40,"HQ2/9B BLOWING TYPE B, 50%",WAGNER/OLSEN,302500.,5,3.19,0.549,0.0090,polars/raw/ALL.PD,2961
ST8-PD-040-04,40,"HQ2/9B BLOWING TYPE B, 50%",WAGNER/OLSEN,302500.,6,4.73,0.700,0.0108,polars/raw/ALL.PD,2962
ST8-PD-040-04,40,"HQ2/9B BLOWING TYPE B, 50%",WAGNER/OLSEN,302500.,7,6.26,0.822,0.0149,polars/raw/ALL.PD,2963
ST8-PD-040-04,40,"HQ2/9B BLOWING TYPE B, 50%",WAGNER/OLSEN,302500.,8,7.78,0.933,0.0196,polars/raw/ALL.PD,2964
ST8-PD-040-04,40,"HQ2/9B BLOWING TYPE B, 50%",WAGNER/OLSEN,302500.,9,9.31,1.010,0.0276,polars/raw/ALL.PD,2965
ST8-PD-040-04,40,"HQ2/9B BLOWING TYPE B, 50%",WAGNER/OLSEN,302500.,10,10.82,1.051,0.0519,polars/raw/ALL.PD,2966
ST8-PD-040-04,40,"HQ2/9B BLOWING TYPE B, 50%",WAGNER/OLSEN,302500.,11,12.19,1.011,0.1333,polars/raw/ALL.PD,2967
ST8-PD-041-01,41,HQ2/9B TRIPS AT 200k,WAGNER/OLSEN,202400.,1,-3.97,-.218,0.0158,polars/raw/ALL.PD,2976
ST8-PD-041-01,41,HQ2/9B TRIPS AT 200k,WAGNER/OLSEN,202400.,2,-2.46,-.051,0.0128,polars/raw/ALL.PD,2977
ST8-PD-041-01,41,HQ2/9B TRIPS AT 200k,WAGNER/OLSEN,202400.,3,-0.90,0.151,0.0102,polars/raw/ALL.PD,2978
ST8-PD-041-01,41,HQ2/9B TRIPS AT 200k,WAGNER/OLSEN,202400.,4,0.63,0.295,0.0086,polars/raw/ALL.PD,2979
ST8-PD-041-01,41,HQ2/9B TRIPS AT 200k,WAGNER/OLSEN,202400.,5,2.18,0.452,0.0092,polars/raw/ALL.PD,2980
ST8-PD-041-01,41,HQ2/9B TRIPS AT 200k,WAGNER/OLSEN,202400.,6,3.71,0.603,0.0097,polars/raw/ALL.PD,2981
ST8-PD-041-01,41,HQ2/9B TRIPS AT 200k,WAGNER/OLSEN,202400.,7,5.25,0.739,0.0119,polars/raw/ALL.PD,2982
ST8-PD-041-01,41,HQ2/9B TRIPS AT 200k,WAGNER/OLSEN,202400.,8,6.75,0.855,0.0166,polars/raw/ALL.PD,2983
ST8-PD-041-01,41,HQ2/9B TRIPS AT 200k,WAGNER/OLSEN,202400.,9,8.29,0.950,0.0242,polars/raw/ALL.PD,2984
ST8-PD-041-01,41,HQ2/9B TRIPS AT 200k,WAGNER/OLSEN,202400.,10,9.79,1.014,0.0350,polars/raw/ALL.PD,2985
ST8-PD-041-02,41,HQ2/9B TRIPS AT 200k,WAGNER/OLSEN,199700.,1,-2.93,-.078,0.0135,polars/raw/ALL.PD,2988
ST8-PD-041-02,41,HQ2/9B TRIPS AT 200k,WAGNER/OLSEN,199700.,2,-0.92,0.107,0.0096,polars/raw/ALL.PD,2989
ST8-PD-041-02,41,HQ2/9B TRIPS AT 200k,WAGNER/OLSEN,199700.,3,1.16,0.315,0.0093,polars/raw/ALL.PD,2990
ST8-PD-041-02,41,HQ2/9B TRIPS AT 200k,WAGNER/OLSEN,199700.,4,3.20,0.526,0.0103,polars/raw/ALL.PD,2991
ST8-PD-041-02,41,HQ2/9B TRIPS AT 200k,WAGNER/OLSEN,199700.,5,5.22,0.723,0.0122,polars/raw/ALL.PD,2992
ST8-PD-041-02,41,HQ2/9B TRIPS AT 200k,WAGNER/OLSEN,199700.,6,7.28,0.880,0.0189,polars/raw/ALL.PD,2993
ST8-PD-041-02,41,HQ2/9B TRIPS AT 200k,WAGNER/OLSEN,199700.,7,9.29,0.983,0.0312,polars/raw/ALL.PD,2994
ST8-PD-041-03,41,HQ2/9B TRIPS AT 200k,WAGNER/OLSEN,200100.,1,-2.94,-.071,0.0128,polars/raw/ALL.PD,2997
ST8-PD-041-03,41,HQ2/9B TRIPS AT 200k,WAGNER/OLSEN,200100.,2,-1.40,0.072,0.0102,polars/raw/ALL.PD,2998
ST8-PD-041-03,41,HQ2/9B TRIPS AT 200k,WAGNER/OLSEN,200100.,3,0.12,0.215,0.0094,polars/raw/ALL.PD,2999
ST8-PD-041-03,41,HQ2/9B TRIPS AT 200k,WAGNER/OLSEN,200100.,4,1.66,0.378,0.0096,polars/raw/ALL.PD,3000
ST8-PD-041-03,41,HQ2/9B TRIPS AT 200k,WAGNER/OLSEN,200100.,5,3.19,0.540,0.0107,polars/raw/ALL.PD,3001
ST8-PD-041-03,41,HQ2/9B TRIPS AT 200k,WAGNER/OLSEN,200100.,6,4.74,0.691,0.0115,polars/raw/ALL.PD,3002
ST8-PD-041-03,41,HQ2/9B TRIPS AT 200k,WAGNER/OLSEN,200100.,7,6.26,0.814,0.0159,polars/raw/ALL.PD,3003
ST8-PD-041-03,41,HQ2/9B TRIPS AT 200k,WAGNER/OLSEN,200100.,8,7.78,0.915,0.0218,polars/raw/ALL.PD,3004
ST8-PD-041-03,41,HQ2/9B TRIPS AT 200k,WAGNER/OLSEN,200100.,9,9.31,0.989,0.0323,polars/raw/ALL.PD,3005
ST8-PD-041-03,41,HQ2/9B TRIPS AT 200k,WAGNER/OLSEN,200100.,10,10.82,1.036,0.0564,polars/raw/ALL.PD,3006
ST8-PD-041-04,41,HQ2/9B TRIPS AT 200k,WAGNER/OLSEN,204700.,1,-2.96,-.080,0.0124,polars/raw/ALL.PD,3009
ST8-PD-041-04,41,HQ2/9B TRIPS AT 200k,WAGNER/OLSEN,204700.,2,-1.41,0.068,0.0088,polars/raw/ALL.PD,3010
ST8-PD-041-04,41,HQ2/9B TRIPS AT 200k,WAGNER/OLSEN,204700.,3,0.13,0.210,0.0078,polars/raw/ALL.PD,3011
ST8-PD-041-04,41,HQ2/9B TRIPS AT 200k,WAGNER/OLSEN,204700.,4,1.66,0.376,0.0082,polars/raw/ALL.PD,3012
ST8-PD-041-04,41,HQ2/9B TRIPS AT 200k,WAGNER/OLSEN,204700.,5,3.18,0.534,0.0089,polars/raw/ALL.PD,3013
ST8-PD-041-04,41,HQ2/9B TRIPS AT 200k,WAGNER/OLSEN,204700.,6,4.73,0.683,0.0108,polars/raw/ALL.PD,3014
ST8-PD-041-04,41,HQ2/9B TRIPS AT 200k,WAGNER/OLSEN,204700.,7,6.25,0.802,0.0153,polars/raw/ALL.PD,3015
ST8-PD-041-04,41,HQ2/9B TRIPS AT 200k,WAGNER/OLSEN,204700.,8,7.77,0.907,0.0206,polars/raw/ALL.PD,3016
ST8-PD-041-04,41,HQ2/9B TRIPS AT 200k,WAGNER/OLSEN,204700.,9,9.31,0.983,0.0286,polars/raw/ALL.PD,3017
ST8-PD-041-04,41,HQ2/9B TRIPS AT 200k,WAGNER/OLSEN,204700.,10,10.81,1.033,0.0471,polars/raw/ALL.PD,3018
ST8-PD-041-04,41,HQ2/9B TRIPS AT 200k,WAGNER/OLSEN,204700.,11,12.30,1.004,0.1300,polars/raw/ALL.PD,3019
ST8-PD-041-04,41,HQ2/9B TRIPS AT 200k,WAGNER/OLSEN,204700.,12,13.81,0.936,0.1999,polars/raw/ALL.PD,3020
ST8-PD-042-01,42,J5012,RASKIN,56500.,1,-6.04,-.596,0.0242,polars/raw/ALL.PD,3029
ST8-PD-042-01,42,J5012,RASKIN,56500.,2,-5.03,-.510,0.0206,polars/raw/ALL.PD,3030
ST8-PD-042-01,42,J5012,RASKIN,56500.,3,-4.01,-.447,0.0218,polars/raw/ALL.PD,3031
ST8-PD-042-01,42,J5012,RASKIN,56500.,4,-2.99,-.380,0.0222,polars/raw/ALL.PD,3032
ST8-PD-042-01,42,J5012,RASKIN,56500.,5,-1.97,-.201,0.0218,polars/raw/ALL.PD,3033
ST8-PD-042-01,42,J5012,RASKIN,56500.,6,-0.92,-.002,0.0224,polars/raw/ALL.PD,3034
ST8-PD-042-01,42,J5012,RASKIN,56500.,7,0.09,0.008,0.0175,polars/raw/ALL.PD,3035
ST8-PD-042-01,42,J5012,RASKIN,56500.,8,1.11,0.112,0.0204,polars/raw/ALL.PD,3036
ST8-PD-042-01,42,J5012,RASKIN,56500.,9,2.16,0.340,0.0203,polars/raw/ALL.PD,3037
ST8-PD-042-01,42,J5012,RASKIN,56500.,10,3.20,0.449,0.0223,polars/raw/ALL.PD,3038
ST8-PD-042-01,42,J5012,RASKIN,56500.,11,4.21,0.529,0.0194,polars/raw/ALL.PD,3039
ST8-PD-042-01,42,J5012,RASKIN,56500.,12,5.24,0.631,0.0215,polars/raw/ALL.PD,3040
ST8-PD-042-01,42,J5012,RASKIN,56500.,13,6.25,0.689,0.0251,polars/raw/ALL.PD,3041
ST8-PD-042-01,42,J5012,RASKIN,56500.,14,7.26,0.742,0.0285,polars/raw/ALL.PD,3042
ST8-PD-042-01,42,J5012,RASKIN,56500.,15,8.27,0.802,0.0406,polars/raw/ALL.PD,3043
ST8-PD-042-01,42,J5012,RASKIN,56500.,16,9.27,0.842,0.0494,polars/raw/ALL.PD,3044
ST8-PD-042-02,42,J5012,RASKIN,97800.,1,-6.01,-.550,0.0187,polars/raw/ALL.PD,3047
ST8-PD-042-02,42,J5012,RASKIN,97800.,2,-5.00,-.485,0.0164,polars/raw/ALL.PD,3048
ST8-PD-042-02,42,J5012,RASKIN,97800.,3,-4.00,-.407,0.0159,polars/raw/ALL.PD,3049
ST8-PD-042-02,42,J5012,RASKIN,97800.,4,-2.97,-.342,0.0160,polars/raw/ALL.PD,3050
ST8-PD-042-02,42,J5012,RASKIN,97800.,5,-1.96,-.264,0.0156,polars/raw/ALL.PD,3051
ST8-PD-042-02,42,J5012,RASKIN,97800.,6,-0.93,-.124,0.0185,polars/raw/ALL.PD,3052
ST8-PD-042-02,42,J5012,RASKIN,97800.,7,0.09,0.039,0.0165,polars/raw/ALL.PD,3053
ST8-PD-042-02,42,J5012,RASKIN,97800.,8,1.14,0.230,0.0160,polars/raw/ALL.PD,3054
ST8-PD-042-02,42,J5012,RASKIN,97800.,9,2.17,0.352,0.0151,polars/raw/ALL.PD,3055
ST8-PD-042-02,42,J5012,RASKIN,97800.,10,3.19,0.423,0.0147,polars/raw/ALL.PD,3056
ST8-PD-042-02,42,J5012,RASKIN,97800.,11,4.19,0.494,0.0152,polars/raw/ALL.PD,3057
ST8-PD-042-02,42,J5012,RASKIN,97800.,12,5.22,0.568,0.0170,polars/raw/ALL.PD,3058
ST8-PD-042-02,42,J5012,RASKIN,97800.,13,6.22,0.629,0.0225,polars/raw/ALL.PD,3059
ST8-PD-042-02,42,J5012,RASKIN,97800.,14,7.24,0.693,0.0275,polars/raw/ALL.PD,3060
ST8-PD-042-02,42,J5012,RASKIN,97800.,15,8.26,0.760,0.0344,polars/raw/ALL.PD,3061
ST8-PD-042-02,42,J5012,RASKIN,97800.,16,9.26,0.811,0.0455,polars/raw/ALL.PD,3062
ST8-PD-042-03,42,J5012,RASKIN,151300.,1,-6.05,-.548,0.0163,polars/raw/ALL.PD,3065
ST8-PD-042-03,42,J5012,RASKIN,151300.,2,-5.02,-.483,0.0140,polars/raw/ALL.PD,3066
ST8-PD-042-03,42,J5012,RASKIN,151300.,3,-3.99,-.411,0.0126,polars/raw/ALL.PD,3067
ST8-PD-042-03,42,J5012,RASKIN,151300.,4,-2.98,-.329,0.0120,polars/raw/ALL.PD,3068
ST8-PD-042-03,42,J5012,RASKIN,151300.,5,-1.95,-.210,0.0122,polars/raw/ALL.PD,3069
ST8-PD-042-03,42,J5012,RASKIN,151300.,6,-0.93,-.079,0.0126,polars/raw/ALL.PD,3070
ST8-PD-042-03,42,J5012,RASKIN,151300.,7,0.10,0.031,0.0131,polars/raw/ALL.PD,3071
ST8-PD-042-03,42,J5012,RASKIN,151300.,8,1.12,0.152,0.0125,polars/raw/ALL.PD,3072
ST8-PD-042-03,42,J5012,RASKIN,151300.,9,2.15,0.292,0.0123,polars/raw/ALL.PD,3073
ST8-PD-042-03,42,J5012,RASKIN,151300.,10,3.17,0.391,0.0120,polars/raw/ALL.PD,3074
ST8-PD-042-03,42,J5012,RASKIN,151300.,11,4.18,0.458,0.0131,polars/raw/ALL.PD,3075
ST8-PD-042-03,42,J5012,RASKIN,151300.,12,5.20,0.518,0.0147,polars/raw/ALL.PD,3076
ST8-PD-042-03,42,J5012,RASKIN,151300.,13,6.22,0.587,0.0191,polars/raw/ALL.PD,3077
ST8-PD-042-03,42,J5012,RASKIN,151300.,14,7.24,0.654,0.0225,polars/raw/ALL.PD,3078
ST8-PD-042-03,42,J5012,RASKIN,151300.,15,8.25,0.717,0.0282,polars/raw/ALL.PD,3079
ST8-PD-042-03,42,J5012,RASKIN,151300.,16,9.27,0.776,0.0327,polars/raw/ALL.PD,3080
ST8-PD-042-03,42,J5012,RASKIN,151300.,17,10.27,0.793,0.0579,polars/raw/ALL.PD,3081
ST8-PD-042-04,42,J5012,RASKIN,201900.,1,-6.04,-.551,0.0161,polars/raw/ALL.PD,3084
ST8-PD-042-04,42,J5012,RASKIN,201900.,2,-5.01,-.480,0.0134,polars/raw/ALL.PD,3085
ST8-PD-042-04,42,J5012,RASKIN,201900.,3,-3.98,-.401,0.0116,polars/raw/ALL.PD,3086
ST8-PD-042-04,42,J5012,RASKIN,201900.,4,-2.97,-.289,0.0113,polars/raw/ALL.PD,3087
ST8-PD-042-04,42,J5012,RASKIN,201900.,5,-1.97,-.160,0.0113,polars/raw/ALL.PD,3088
ST8-PD-042-04,42,J5012,RASKIN,201900.,6,-0.93,-.048,0.0107,polars/raw/ALL.PD,3089
ST8-PD-042-04,42,J5012,RASKIN,201900.,7,0.09,0.043,0.0101,polars/raw/ALL.PD,3090
ST8-PD-042-04,42,J5012,RASKIN,201900.,8,1.11,0.122,0.0096,polars/raw/ALL.PD,3091
ST8-PD-042-04,42,J5012,RASKIN,201900.,9,2.13,0.235,0.0100,polars/raw/ALL.PD,3092
ST8-PD-042-04,42,J5012,RASKIN,201900.,10,3.16,0.365,0.0105,polars/raw/ALL.PD,3093
ST8-PD-042-04,42,J5012,RASKIN,201900.,11,4.19,0.464,0.0119,polars/raw/ALL.PD,3094
ST8-PD-042-04,42,J5012,RASKIN,201900.,12,5.21,0.528,0.0141,polars/raw/ALL.PD,3095
ST8-PD-042-04,42,J5012,RASKIN,201900.,13,6.22,0.599,0.0174,polars/raw/ALL.PD,3096
ST8-PD-042-04,42,J5012,RASKIN,201900.,14,7.23,0.670,0.0212,polars/raw/ALL.PD,3097
ST8-PD-042-04,42,J5012,RASKIN,201900.,15,8.26,0.738,0.0250,polars/raw/ALL.PD,3098
ST8-PD-042-04,42,J5012,RASKIN,201900.,16,9.26,0.791,0.0326,polars/raw/ALL.PD,3099
ST8-PD-042-04,42,J5012,RASKIN,201900.,17,10.26,0.824,0.0597,polars/raw/ALL.PD,3100
ST8-PD-042-05,42,J5012,RASKIN,303100.,1,-6.04,-.545,0.0140,polars/raw/ALL.PD,3103
ST8-PD-042-05,42,J5012,RASKIN,303100.,2,-5.01,-.455,0.0129,polars/raw/ALL.PD,3104
ST8-PD-042-05,42,J5012,RASKIN,303100.,3,-4.02,-.345,0.0115,polars/raw/ALL.PD,3105
ST8-PD-042-05,42,J5012,RASKIN,303100.,4,-2.97,-.224,0.0094,polars/raw/ALL.PD,3106
ST8-PD-042-05,42,J5012,RASKIN,303100.,5,-1.93,-.115,0.0086,polars/raw/ALL.PD,3107
ST8-PD-042-05,42,J5012,RASKIN,303100.,6,-0.92,-.027,0.0080,polars/raw/ALL.PD,3108
ST8-PD-042-05,42,J5012,RASKIN,303100.,7,0.09,0.054,0.0082,polars/raw/ALL.PD,3109
ST8-PD-042-05,42,J5012,RASKIN,303100.,8,1.12,0.144,0.0082,polars/raw/ALL.PD,3110
ST8-PD-042-05,42,J5012,RASKIN,303100.,9,2.13,0.240,0.0084,polars/raw/ALL.PD,3111
ST8-PD-042-05,42,J5012,RASKIN,303100.,10,3.16,0.339,0.0091,polars/raw/ALL.PD,3112
ST8-PD-042-05,42,J5012,RASKIN,303100.,11,4.18,0.442,0.0107,polars/raw/ALL.PD,3113
ST8-PD-042-05,42,J5012,RASKIN,303100.,12,5.20,0.530,0.0131,polars/raw/ALL.PD,3114
ST8-PD-042-05,42,J5012,RASKIN,303100.,13,6.22,0.605,0.0158,polars/raw/ALL.PD,3115
ST8-PD-042-05,42,J5012,RASKIN,303100.,14,7.23,0.678,0.0191,polars/raw/ALL.PD,3116
ST8-PD-042-05,42,J5012,RASKIN,303100.,15,8.25,0.745,0.0231,polars/raw/ALL.PD,3117
ST8-PD-042-05,42,J5012,RASKIN,303100.,16,9.26,0.800,0.0287,polars/raw/ALL.PD,3118
ST8-PD-042-05,42,J5012,RASKIN,303100.,17,10.28,0.843,0.0537,polars/raw/ALL.PD,3119
ST8-PD-043-01,43,MB253515,BAME,60100.,1,-7.02,-.531,0.0437,polars/raw/ALL.PD,3128
ST8-PD-043-01,43,MB253515,BAME,60100.,2,-6.02,-.451,0.0374,polars/raw/ALL.PD,3129
ST8-PD-043-01,43,MB253515,BAME,60100.,3,-4.98,-.354,0.0308,polars/raw/ALL.PD,3130
ST8-PD-043-01,43,MB253515,BAME,60100.,4,-3.96,-.260,0.0263,polars/raw/ALL.PD,3131
ST8-PD-043-01,43,MB253515,BAME,60100.,5,-2.94,-.190,0.0324,polars/raw/ALL.PD,3132
ST8-PD-043-01,43,MB253515,BAME,60100.,6,-1.91,0.002,0.0321,polars/raw/ALL.PD,3133
ST8-PD-043-01,43,MB253515,BAME,60100.,7,-0.90,0.076,0.0327,polars/raw/ALL.PD,3134
ST8-PD-043-01,43,MB253515,BAME,60100.,8,0.12,0.112,0.0366,polars/raw/ALL.PD,3135
ST8-PD-043-01,43,MB253515,BAME,60100.,9,1.14,0.194,0.0398,polars/raw/ALL.PD,3136
ST8-PD-043-01,43,MB253515,BAME,60100.,10,2.15,0.231,0.0446,polars/raw/ALL.PD,3137
ST8-PD-043-01,43,MB253515,BAME,60100.,11,3.16,0.285,0.0522,polars/raw/ALL.PD,3138
ST8-PD-043-01,43,MB253515,BAME,60100.,12,4.18,0.354,0.0637,polars/raw/ALL.PD,3139
ST8-PD-043-02,43,MB253515,BAME,99500.,1,-6.48,-.368,0.0283,polars/raw/ALL.PD,3142
ST8-PD-043-02,43,MB253515,BAME,99500.,2,-5.66,-.286,0.0248,polars/raw/ALL.PD,3143
ST8-PD-043-02,43,MB253515,BAME,99500.,3,-4.86,-.222,0.0226,polars/raw/ALL.PD,3144
ST8-PD-043-02,43,MB253515,BAME,99500.,4,-4.04,-.165,0.0215,polars/raw/ALL.PD,3145
ST8-PD-043-02,43,MB253515,BAME,99500.,5,-3.23,-.092,0.0222,polars/raw/ALL.PD,3146
ST8-PD-043-02,43,MB253515,BAME,99500.,6,-2.42,-.038,0.0234,polars/raw/ALL.PD,3147
ST8-PD-043-02,43,MB253515,BAME,99500.,7,-1.58,0.072,0.0262,polars/raw/ALL.PD,3148
ST8-PD-043-02,43,MB253515,BAME,99500.,8,-0.76,0.226,0.0298,polars/raw/ALL.PD,3149
ST8-PD-043-02,43,MB253515,BAME,99500.,9,0.06,0.331,0.0280,polars/raw/ALL.PD,3150
ST8-PD-043-02,43,MB253515,BAME,99500.,10,0.87,0.369,0.0297,polars/raw/ALL.PD,3151
ST8-PD-043-02,43,MB253515,BAME,99500.,11,1.68,0.391,0.0313,polars/raw/ALL.PD,3152
ST8-PD-043-02,43,MB253515,BAME,99500.,12,2.49,0.446,0.0329,polars/raw/ALL.PD,3153
ST8-PD-043-02,43,MB253515,BAME,99500.,13,3.30,0.500,0.0356,polars/raw/ALL.PD,3154
ST8-PD-043-02,43,MB253515,BAME,99500.,14,4.13,0.595,0.0333,polars/raw/ALL.PD,3155
ST8-PD-043-02,43,MB253515,BAME,99500.,15,4.94,0.694,0.0321,polars/raw/ALL.PD,3156
ST8-PD-043-02,43,MB253515,BAME,99500.,16,5.77,0.788,0.0280,polars/raw/ALL.PD,3157
ST8-PD-043-02,43,MB253515,BAME,99500.,17,6.58,0.860,0.0254,polars/raw/ALL.PD,3158
ST8-PD-043-02,43,MB253515,BAME,99500.,18,7.38,0.926,0.0228,polars/raw/ALL.PD,3159
ST8-PD-043-02,43,MB253515,BAME,99500.,19,8.21,0.991,0.0224,polars/raw/ALL.PD,3160
ST8-PD-043-02,43,MB253515,BAME,99500.,20,9.02,1.051,0.0218,polars/raw/ALL.PD,3161
ST8-PD-043-02,43,MB253515,BAME,99500.,21,9.82,1.040,0.0278,polars/raw/ALL.PD,3162
ST8-PD-043-02,43,MB253515,BAME,99500.,22,10.61,1.002,0.0459,polars/raw/ALL.PD,3163
ST8-PD-043-02,43,MB253515,BAME,99500.,23,11.41,0.978,0.0433,polars/raw/ALL.PD,3164
ST8-PD-043-03,43,MB253515,BAME,126700.,1,-2.91,-.029,0.0193,polars/raw/ALL.PD,3167
ST8-PD-043-03,43,MB253515,BAME,126700.,2,-1.90,0.050,0.0199,polars/raw/ALL.PD,3168
ST8-PD-043-03,43,MB253515,BAME,126700.,3,-0.87,0.181,0.0218,polars/raw/ALL.PD,3169
ST8-PD-043-03,43,MB253515,BAME,126700.,4,0.17,0.353,0.0228,polars/raw/ALL.PD,3170
ST8-PD-043-03,43,MB253515,BAME,126700.,5,1.19,0.476,0.0211,polars/raw/ALL.PD,3171
ST8-PD-043-03,43,MB253515,BAME,126700.,6,2.20,0.549,0.0208,polars/raw/ALL.PD,3172
ST8-PD-043-03,43,MB253515,BAME,126700.,7,3.23,0.621,0.0216,polars/raw/ALL.PD,3173
ST8-PD-043-03,43,MB253515,BAME,126700.,8,4.23,0.704,0.0216,polars/raw/ALL.PD,3174
ST8-PD-043-03,43,MB253515,BAME,126700.,9,5.26,0.789,0.0228,polars/raw/ALL.PD,3175
ST8-PD-043-03,43,MB253515,BAME,126700.,10,6.27,0.870,0.0201,polars/raw/ALL.PD,3176
ST8-PD-043-03,43,MB253515,BAME,126700.,11,7.29,0.952,0.0218,polars/raw/ALL.PD,3177
ST8-PD-043-03,43,MB253515,BAME,126700.,12,8.32,1.033,0.0202,polars/raw/ALL.PD,3178
ST8-PD-043-03,43,MB253515,BAME,126700.,13,9.31,1.028,0.0273,polars/raw/ALL.PD,3179
ST8-PD-043-03,43,MB253515,BAME,126700.,14,10.32,0.998,0.0325,polars/raw/ALL.PD,3180
ST8-PD-043-04,43,MB253515,BAME,149700.,1,-5.95,-.237,0.0206,polars/raw/ALL.PD,3183
ST8-PD-043-04,43,MB253515,BAME,149700.,2,-4.97,-.175,0.0177,polars/raw/ALL.PD,3184
ST8-PD-043-04,43,MB253515,BAME,149700.,3,-3.94,-.127,0.0156,polars/raw/ALL.PD,3185
ST8-PD-043-04,43,MB253515,BAME,149700.,4,-2.92,-.047,0.0157,polars/raw/ALL.PD,3186
ST8-PD-043-04,43,MB253515,BAME,149700.,5,-1.91,0.033,0.0167,polars/raw/ALL.PD,3187
ST8-PD-043-04,43,MB253515,BAME,149700.,6,-0.88,0.120,0.0173,polars/raw/ALL.PD,3188
ST8-PD-043-04,43,MB253515,BAME,149700.,7,0.16,0.268,0.0180,polars/raw/ALL.PD,3189
ST8-PD-043-04,43,MB253515,BAME,149700.,8,1.18,0.434,0.0179,polars/raw/ALL.PD,3190
ST8-PD-043-04,43,MB253515,BAME,149700.,9,2.21,0.546,0.0180,polars/raw/ALL.PD,3191
ST8-PD-043-04,43,MB253515,BAME,149700.,10,3.23,0.624,0.0182,polars/raw/ALL.PD,3192
ST8-PD-043-04,43,MB253515,BAME,149700.,11,4.24,0.705,0.0183,polars/raw/ALL.PD,3193
ST8-PD-043-04,43,MB253515,BAME,149700.,12,5.26,0.789,0.0180,polars/raw/ALL.PD,3194
ST8-PD-043-04,43,MB253515,BAME,149700.,13,6.28,0.870,0.0180,polars/raw/ALL.PD,3195
ST8-PD-043-04,43,MB253515,BAME,149700.,14,7.29,0.949,0.0185,polars/raw/ALL.PD,3196
ST8-PD-043-04,43,MB253515,BAME,149700.,15,8.32,1.034,0.0193,polars/raw/ALL.PD,3197
ST8-PD-043-04,43,MB253515,BAME,149700.,16,9.32,1.032,0.0258,polars/raw/ALL.PD,3198
ST8-PD-043-04,43,MB253515,BAME,149700.,17,10.31,0.998,0.0423,polars/raw/ALL.PD,3199
ST8-PD-043-05,43,MB253515,BAME,177600.,1,-2.91,-.027,0.0136,polars/raw/ALL.PD,3202
ST8-PD-043-05,43,MB253515,BAME,177600.,2,-1.90,0.053,0.0141,polars/raw/ALL.PD,3203
ST8-PD-043-05,43,MB253515,BAME,177600.,3,-0.88,0.141,0.0150,polars/raw/ALL.PD,3204
ST8-PD-043-05,43,MB253515,BAME,177600.,4,0.14,0.266,0.0160,polars/raw/ALL.PD,3205
ST8-PD-043-05,43,MB253515,BAME,177600.,5,1.19,0.427,0.0151,polars/raw/ALL.PD,3206
ST8-PD-043-05,43,MB253515,BAME,177600.,6,2.20,0.563,0.0151,polars/raw/ALL.PD,3207
ST8-PD-043-05,43,MB253515,BAME,177600.,7,3.23,0.650,0.0153,polars/raw/ALL.PD,3208
ST8-PD-043-05,43,MB253515,BAME,177600.,8,4.24,0.730,0.0150,polars/raw/ALL.PD,3209
ST8-PD-043-05,43,MB253515,BAME,177600.,9,5.26,0.811,0.0158,polars/raw/ALL.PD,3210
ST8-PD-043-05,43,MB253515,BAME,177600.,10,6.29,0.890,0.0159,polars/raw/ALL.PD,3211
ST8-PD-043-05,43,MB253515,BAME,177600.,11,7.30,0.970,0.0165,polars/raw/ALL.PD,3212
ST8-PD-043-05,43,MB253515,BAME,177600.,12,8.30,1.011,0.0201,polars/raw/ALL.PD,3213
ST8-PD-043-05,43,MB253515,BAME,177600.,13,9.30,0.994,0.0332,polars/raw/ALL.PD,3214
ST8-PD-043-05,43,MB253515,BAME,177600.,14,10.30,0.971,0.0448,polars/raw/ALL.PD,3215
ST8-PD-043-05,43,MB253515,BAME,177600.,15,11.30,0.961,0.0522,polars/raw/ALL.PD,3216
ST8-PD-043-06,43,MB253515,BAME,200100.,1,-6.99,-.309,0.0211,polars/raw/ALL.PD,3219
ST8-PD-043-06,43,MB253515,BAME,200100.,2,-5.98,-.240,0.0180,polars/raw/ALL.PD,3220
ST8-PD-043-06,43,MB253515,BAME,200100.,3,-4.97,-.170,0.0161,polars/raw/ALL.PD,3221
ST8-PD-043-06,43,MB253515,BAME,200100.,4,-3.95,-.111,0.0133,polars/raw/ALL.PD,3222
ST8-PD-043-06,43,MB253515,BAME,200100.,5,-2.91,-.034,0.0127,polars/raw/ALL.PD,3223
ST8-PD-043-06,43,MB253515,BAME,200100.,6,-1.90,0.053,0.0129,polars/raw/ALL.PD,3224
ST8-PD-043-06,43,MB253515,BAME,200100.,7,-0.88,0.139,0.0134,polars/raw/ALL.PD,3225
ST8-PD-043-06,43,MB253515,BAME,200100.,8,0.14,0.238,0.0138,polars/raw/ALL.PD,3226
ST8-PD-043-06,43,MB253515,BAME,200100.,9,1.17,0.370,0.0143,polars/raw/ALL.PD,3227
ST8-PD-043-06,43,MB253515,BAME,200100.,10,2.21,0.543,0.0144,polars/raw/ALL.PD,3228
ST8-PD-043-06,43,MB253515,BAME,200100.,11,3.24,0.642,0.0148,polars/raw/ALL.PD,3229
ST8-PD-043-06,43,MB253515,BAME,200100.,12,4.25,0.720,0.0147,polars/raw/ALL.PD,3230
ST8-PD-043-06,43,MB253515,BAME,200100.,13,5.26,0.800,0.0149,polars/raw/ALL.PD,3231
ST8-PD-043-06,43,MB253515,BAME,200100.,14,6.28,0.880,0.0151,polars/raw/ALL.PD,3232
ST8-PD-043-06,43,MB253515,BAME,200100.,15,7.30,0.961,0.0162,polars/raw/ALL.PD,3233
ST8-PD-043-06,43,MB253515,BAME,200100.,16,8.32,1.013,0.0177,polars/raw/ALL.PD,3234
ST8-PD-043-06,43,MB253515,BAME,200100.,17,9.31,0.998,0.0252,polars/raw/ALL.PD,3235
ST8-PD-043-06,43,MB253515,BAME,200100.,18,10.30,0.964,0.0378,polars/raw/ALL.PD,3236
ST8-PD-043-06,43,MB253515,BAME,200100.,19,11.30,0.952,0.0443,polars/raw/ALL.PD,3237
ST8-PD-043-07,43,MB253515,BAME,250100.,1,-2.93,-.034,0.0110,polars/raw/ALL.PD,3240
ST8-PD-043-07,43,MB253515,BAME,250100.,2,-1.89,0.059,0.0109,polars/raw/ALL.PD,3241
ST8-PD-043-07,43,MB253515,BAME,250100.,3,-0.87,0.152,0.0113,polars/raw/ALL.PD,3242
ST8-PD-043-07,43,MB253515,BAME,250100.,4,0.13,0.247,0.0114,polars/raw/ALL.PD,3243
ST8-PD-043-07,43,MB253515,BAME,250100.,5,1.17,0.367,0.0116,polars/raw/ALL.PD,3244
ST8-PD-043-07,43,MB253515,BAME,250100.,6,2.20,0.522,0.0130,polars/raw/ALL.PD,3245
ST8-PD-043-07,43,MB253515,BAME,250100.,7,3.22,0.658,0.0121,polars/raw/ALL.PD,3246
ST8-PD-043-07,43,MB253515,BAME,250100.,8,4.25,0.748,0.0126,polars/raw/ALL.PD,3247
ST8-PD-043-07,43,MB253515,BAME,250100.,9,5.28,0.829,0.0127,polars/raw/ALL.PD,3248
ST8-PD-043-07,43,MB253515,BAME,250100.,10,6.28,0.907,0.0137,polars/raw/ALL.PD,3249
ST8-PD-043-07,43,MB253515,BAME,250100.,11,7.30,0.976,0.0145,polars/raw/ALL.PD,3250
ST8-PD-043-07,43,MB253515,BAME,250100.,12,8.29,1.001,0.0187,polars/raw/ALL.PD,3251
ST8-PD-043-07,43,MB253515,BAME,250100.,13,9.29,0.982,0.0324,polars/raw/ALL.PD,3252
ST8-PD-043-07,43,MB253515,BAME,250100.,14,10.29,0.968,0.0391,polars/raw/ALL.PD,3253
ST8-PD-043-08,43,MB253515,BAME,301600.,1,-7.09,-.348,0.0191,polars/raw/ALL.PD,3256
ST8-PD-043-08,43,MB253515,BAME,301600.,2,-6.05,-.272,0.0167,polars/raw/ALL.PD,3257
ST8-PD-043-08,43,MB253515,BAME,301600.,3,-5.03,-.193,0.0144,polars/raw/ALL.PD,3258
ST8-PD-043-08,43,MB253515,BAME,301600.,4,-3.96,-.118,0.0118,polars/raw/ALL.PD,3259
ST8-PD-043-08,43,MB253515,BAME,301600.,5,-2.97,-.044,0.0103,polars/raw/ALL.PD,3260
ST8-PD-043-08,43,MB253515,BAME,301600.,6,-1.92,0.047,0.0105,polars/raw/ALL.PD,3261
ST8-PD-043-08,43,MB253515,BAME,301600.,7,-0.88,0.146,0.0101,polars/raw/ALL.PD,3262
ST8-PD-043-08,43,MB253515,BAME,301600.,8,0.13,0.241,0.0100,polars/raw/ALL.PD,3263
ST8-PD-043-08,43,MB253515,BAME,301600.,9,1.17,0.341,0.0103,polars/raw/ALL.PD,3264
ST8-PD-043-08,43,MB253515,BAME,301600.,10,2.18,0.465,0.0108,polars/raw/ALL.PD,3265
ST8-PD-043-08,43,MB253515,BAME,301600.,11,3.22,0.610,0.0112,polars/raw/ALL.PD,3266
ST8-PD-043-08,43,MB253515,BAME,301600.,12,4.24,0.722,0.0111,polars/raw/ALL.PD,3267
ST8-PD-043-08,43,MB253515,BAME,301600.,13,5.26,0.801,0.0116,polars/raw/ALL.PD,3268
ST8-PD-043-08,43,MB253515,BAME,301600.,14,6.28,0.878,0.0125,polars/raw/ALL.PD,3269
ST8-PD-043-08,43,MB253515,BAME,301600.,15,7.30,0.947,0.0138,polars/raw/ALL.PD,3270
ST8-PD-043-08,43,MB253515,BAME,301600.,16,8.30,0.976,0.0176,polars/raw/ALL.PD,3271
ST8-PD-043-08,43,MB253515,BAME,301600.,17,9.30,0.958,0.0270,polars/raw/ALL.PD,3272
ST8-PD-043-08,43,MB253515,BAME,301600.,18,10.30,0.943,0.0371,polars/raw/ALL.PD,3273
ST8-PD-044-01,44,"MB253515 UST .020, .125, 20%",BAME,59600.,1,-2.92,-.053,0.0238,polars/raw/ALL.PD,3282
ST8-PD-044-01,44,"MB253515 UST .020, .125, 20%",BAME,59600.,2,-1.88,0.166,0.0254,polars/raw/ALL.PD,3283
ST8-PD-044-01,44,"MB253515 UST .020, .125, 20%",BAME,59600.,3,-0.83,0.348,0.0250,polars/raw/ALL.PD,3284
ST8-PD-044-01,44,"MB253515 UST .020, .125, 20%",BAME,59600.,4,0.17,0.396,0.0251,polars/raw/ALL.PD,3285
ST8-PD-044-01,44,"MB253515 UST .020, .125, 20%",BAME,59600.,5,1.20,0.444,0.0259,polars/raw/ALL.PD,3286
ST8-PD-044-01,44,"MB253515 UST .020, .125, 20%",BAME,59600.,6,2.21,0.517,0.0267,polars/raw/ALL.PD,3287
ST8-PD-044-01,44,"MB253515 UST .020, .125, 20%",BAME,59600.,7,3.23,0.587,0.0273,polars/raw/ALL.PD,3288
ST8-PD-044-01,44,"MB253515 UST .020, .125, 20%",BAME,59600.,8,4.24,0.671,0.0270,polars/raw/ALL.PD,3289
ST8-PD-044-01,44,"MB253515 UST .020, .125, 20%",BAME,59600.,9,5.27,0.761,0.0272,polars/raw/ALL.PD,3290
ST8-PD-044-01,44,"MB253515 UST .020, .125, 20%",BAME,59600.,10,6.28,0.849,0.0291,polars/raw/ALL.PD,3291
ST8-PD-044-01,44,"MB253515 UST .020, .125, 20%",BAME,59600.,11,7.29,0.920,0.0311,polars/raw/ALL.PD,3292
ST8-PD-044-01,44,"MB253515 UST .020, .125, 20%",BAME,59600.,12,8.24,0.613,0.0965,polars/raw/ALL.PD,3293
ST8-PD-044-02,44,"MB253515 UST .020, .125, 20%",BAME,101300.,1,-4.95,-.200,0.0189,polars/raw/ALL.PD,3296
ST8-PD-044-02,44,"MB253515 UST .020, .125, 20%",BAME,101300.,2,-3.93,-.134,0.0146,polars/raw/ALL.PD,3297
ST8-PD-044-02,44,"MB253515 UST .020, .125, 20%",BAME,101300.,3,-2.92,-.070,0.0161,polars/raw/ALL.PD,3298
ST8-PD-044-02,44,"MB253515 UST .020, .125, 20%",BAME,101300.,4,-1.90,0.008,0.0174,polars/raw/ALL.PD,3299
ST8-PD-044-02,44,"MB253515 UST .020, .125, 20%",BAME,101300.,5,-0.87,0.181,0.0178,polars/raw/ALL.PD,3300
ST8-PD-044-02,44,"MB253515 UST .020, .125, 20%",BAME,101300.,6,0.17,0.354,0.0168,polars/raw/ALL.PD,3301
ST8-PD-044-02,44,"MB253515 UST .020, .125, 20%",BAME,101300.,7,1.19,0.463,0.0168,polars/raw/ALL.PD,3302
ST8-PD-044-02,44,"MB253515 UST .020, .125, 20%",BAME,101300.,8,2.21,0.541,0.0169,polars/raw/ALL.PD,3303
ST8-PD-044-02,44,"MB253515 UST .020, .125, 20%",BAME,101300.,9,3.24,0.615,0.0172,polars/raw/ALL.PD,3304
ST8-PD-044-02,44,"MB253515 UST .020, .125, 20%",BAME,101300.,10,4.24,0.697,0.0179,polars/raw/ALL.PD,3305
ST8-PD-044-02,44,"MB253515 UST .020, .125, 20%",BAME,101300.,11,5.26,0.778,0.0180,polars/raw/ALL.PD,3306
ST8-PD-044-02,44,"MB253515 UST .020, .125, 20%",BAME,101300.,12,6.28,0.863,0.0197,polars/raw/ALL.PD,3307
ST8-PD-044-02,44,"MB253515 UST .020, .125, 20%",BAME,101300.,13,7.30,0.939,0.0210,polars/raw/ALL.PD,3308
ST8-PD-044-02,44,"MB253515 UST .020, .125, 20%",BAME,101300.,14,8.32,1.015,0.0235,polars/raw/ALL.PD,3309
ST8-PD-044-02,44,"MB253515 UST .020, .125, 20%",BAME,101300.,15,9.33,1.090,0.0254,polars/raw/ALL.PD,3310
ST8-PD-044-02,44,"MB253515 UST .020, .125, 20%",BAME,101300.,16,10.33,1.051,0.0288,polars/raw/ALL.PD,3311
ST8-PD-044-02,44,"MB253515 UST .020, .125, 20%",BAME,101300.,17,11.31,1.004,0.0390,polars/raw/ALL.PD,3312
ST8-PD-044-02,44,"MB253515 UST .020, .125, 20%",BAME,101300.,18,12.31,0.991,0.0464,polars/raw/ALL.PD,3313
ST8-PD-044-03,44,"MB253515 UST .020, .125, 20%",BAME,203600.,1,-2.91,-.060,0.0115,polars/raw/ALL.PD,3316
ST8-PD-044-03,44,"MB253515 UST .020, .125, 20%",BAME,203600.,2,-1.90,0.029,0.0117,polars/raw/ALL.PD,3317
ST8-PD-044-03,44,"MB253515 UST .020, .125, 20%",BAME,203600.,3,-0.89,0.115,0.0121,polars/raw/ALL.PD,3318
ST8-PD-044-03,44,"MB253515 UST .020, .125, 20%",BAME,203600.,4,0.14,0.213,0.0119,polars/raw/ALL.PD,3319
ST8-PD-044-03,44,"MB253515 UST .020, .125, 20%",BAME,203600.,5,1.18,0.346,0.0128,polars/raw/ALL.PD,3320
ST8-PD-044-03,44,"MB253515 UST .020, .125, 20%",BAME,203600.,6,2.21,0.517,0.0135,polars/raw/ALL.PD,3321
ST8-PD-044-03,44,"MB253515 UST .020, .125, 20%",BAME,203600.,7,3.23,0.611,0.0141,polars/raw/ALL.PD,3322
ST8-PD-044-03,44,"MB253515 UST .020, .125, 20%",BAME,203600.,8,4.24,0.675,0.0147,polars/raw/ALL.PD,3323
ST8-PD-044-03,44,"MB253515 UST .020, .125, 20%",BAME,203600.,9,5.25,0.749,0.0154,polars/raw/ALL.PD,3324
ST8-PD-044-03,44,"MB253515 UST .020, .125, 20%",BAME,203600.,10,6.28,0.830,0.0168,polars/raw/ALL.PD,3325
ST8-PD-044-03,44,"MB253515 UST .020, .125, 20%",BAME,203600.,11,7.30,0.914,0.0181,polars/raw/ALL.PD,3326
ST8-PD-044-03,44,"MB253515 UST .020, .125, 20%",BAME,203600.,12,8.31,0.988,0.0196,polars/raw/ALL.PD,3327
ST8-PD-044-03,44,"MB253515 UST .020, .125, 20%",BAME,203600.,13,9.32,1.010,0.0266,polars/raw/ALL.PD,3328
ST8-PD-044-03,44,"MB253515 UST .020, .125, 20%",BAME,203600.,14,10.31,0.974,0.0414,polars/raw/ALL.PD,3329
ST8-PD-044-03,44,"MB253515 UST .020, .125, 20%",BAME,203600.,15,11.31,0.959,0.0506,polars/raw/ALL.PD,3330
ST8-PD-044-03,44,"MB253515 UST .020, .125, 20%",BAME,203600.,16,12.31,0.955,0.0586,polars/raw/ALL.PD,3331
ST8-PD-044-03,44,"MB253515 UST .020, .125, 20%",BAME,203600.,17,13.31,0.955,0.0714,polars/raw/ALL.PD,3332
ST8-PD-044-03,44,"MB253515 UST .020, .125, 20%",BAME,203600.,18,14.31,0.952,0.0881,polars/raw/ALL.PD,3333
ST8-PD-044-04,44,"MB253515 UST .020, .125, 20%",BAME,306300.,1,-2.93,-.066,0.0108,polars/raw/ALL.PD,3336
ST8-PD-044-04,44,"MB253515 UST .020, .125, 20%",BAME,306300.,2,-1.90,0.018,0.0108,polars/raw/ALL.PD,3337
ST8-PD-044-04,44,"MB253515 UST .020, .125, 20%",BAME,306300.,3,-0.89,0.109,0.0114,polars/raw/ALL.PD,3338
ST8-PD-044-04,44,"MB253515 UST .020, .125, 20%",BAME,306300.,4,0.14,0.202,0.0118,polars/raw/ALL.PD,3339
ST8-PD-044-04,44,"MB253515 UST .020, .125, 20%",BAME,306300.,5,1.15,0.298,0.0122,polars/raw/ALL.PD,3340
ST8-PD-044-04,44,"MB253515 UST .020, .125, 20%",BAME,306300.,6,2.19,0.437,0.0129,polars/raw/ALL.PD,3341
ST8-PD-044-04,44,"MB253515 UST .020, .125, 20%",BAME,306300.,7,3.22,0.582,0.0135,polars/raw/ALL.PD,3342
ST8-PD-044-04,44,"MB253515 UST .020, .125, 20%",BAME,306300.,8,4.24,0.668,0.0135,polars/raw/ALL.PD,3343
ST8-PD-044-04,44,"MB253515 UST .020, .125, 20%",BAME,306300.,9,5.26,0.736,0.0143,polars/raw/ALL.PD,3344
ST8-PD-044-04,44,"MB253515 UST .020, .125, 20%",BAME,306300.,10,6.27,0.816,0.0149,polars/raw/ALL.PD,3345
ST8-PD-044-04,44,"MB253515 UST .020, .125, 20%",BAME,306300.,11,7.29,0.899,0.0159,polars/raw/ALL.PD,3346
ST8-PD-044-04,44,"MB253515 UST .020, .125, 20%",BAME,306300.,12,8.30,0.972,0.0178,polars/raw/ALL.PD,3347
ST8-PD-045-01,45,MILEY,N. ANDERSON,201600.,1,-3.93,0.007,0.0342,polars/raw/ALL.PD,3356
ST8-PD-045-01,45,MILEY,N. ANDERSON,201600.,2,-2.91,0.107,0.0303,polars/raw/ALL.PD,3357
ST8-PD-045-01,45,MILEY,N. ANDERSON,201600.,3,-1.88,0.206,0.0307,polars/raw/ALL.PD,3358
ST8-PD-045-01,45,MILEY,N. ANDERSON,201600.,4,-0.86,0.303,0.0344,polars/raw/ALL.PD,3359
ST8-PD-045-01,45,MILEY,N. ANDERSON,201600.,5,0.17,0.388,0.0414,polars/raw/ALL.PD,3360
ST8-PD-045-01,45,MILEY,N. ANDERSON,201600.,6,1.18,0.463,0.0492,polars/raw/ALL.PD,3361
ST8-PD-045-01,45,MILEY,N. ANDERSON,201600.,7,2.22,0.558,0.0518,polars/raw/ALL.PD,3362
ST8-PD-045-01,45,MILEY,N. ANDERSON,201600.,8,3.22,0.666,0.0497,polars/raw/ALL.PD,3363
ST8-PD-045-01,45,MILEY,N. ANDERSON,201600.,9,4.26,0.782,0.0410,polars/raw/ALL.PD,3364
ST8-PD-045-01,45,MILEY,N. ANDERSON,201600.,10,5.28,0.894,0.0344,polars/raw/ALL.PD,3365
ST8-PD-045-01,45,MILEY,N. ANDERSON,201600.,11,6.28,1.002,0.0300,polars/raw/ALL.PD,3366
ST8-PD-045-01,45,MILEY,N. ANDERSON,201600.,12,7.32,1.113,0.0266,polars/raw/ALL.PD,3367
ST8-PD-045-01,45,MILEY,N. ANDERSON,201600.,13,8.34,1.220,0.0240,polars/raw/ALL.PD,3368
ST8-PD-045-01,45,MILEY,N. ANDERSON,201600.,14,9.36,1.326,0.0212,polars/raw/ALL.PD,3369
ST8-PD-045-01,45,MILEY,N. ANDERSON,201600.,15,10.38,1.430,0.0194,polars/raw/ALL.PD,3370
ST8-PD-045-01,45,MILEY,N. ANDERSON,201600.,16,11.38,1.460,0.0336,polars/raw/ALL.PD,3371
ST8-PD-045-02,45,MILEY,N. ANDERSON,232000.,1,-4.98,-.157,0.0534,polars/raw/ALL.PD,3374
ST8-PD-045-02,45,MILEY,N. ANDERSON,232000.,2,-3.92,-.043,0.0378,polars/raw/ALL.PD,3375
ST8-PD-045-02,45,MILEY,N. ANDERSON,232000.,3,-2.93,0.060,0.0284,polars/raw/ALL.PD,3376
ST8-PD-045-02,45,MILEY,N. ANDERSON,232000.,4,-1.89,0.162,0.0261,polars/raw/ALL.PD,3377
ST8-PD-045-02,45,MILEY,N. ANDERSON,232000.,5,-0.85,0.265,0.0251,polars/raw/ALL.PD,3378
ST8-PD-045-02,45,MILEY,N. ANDERSON,232000.,6,0.16,0.366,0.0251,polars/raw/ALL.PD,3379
ST8-PD-045-02,45,MILEY,N. ANDERSON,232000.,7,1.18,0.462,0.0271,polars/raw/ALL.PD,3380
ST8-PD-045-02,45,MILEY,N. ANDERSON,232000.,8,2.20,0.562,0.0298,polars/raw/ALL.PD,3381
ST8-PD-045-02,45,MILEY,N. ANDERSON,232000.,9,3.22,0.663,0.0302,polars/raw/ALL.PD,3382
ST8-PD-045-02,45,MILEY,N. ANDERSON,232000.,10,4.25,0.766,0.0276,polars/raw/ALL.PD,3383
ST8-PD-045-02,45,MILEY,N. ANDERSON,232000.,11,5.28,0.871,0.0251,polars/raw/ALL.PD,3384
ST8-PD-045-02,45,MILEY,N. ANDERSON,232000.,12,6.30,0.975,0.0235,polars/raw/ALL.PD,3385
ST8-PD-045-02,45,MILEY,N. ANDERSON,232000.,13,7.32,1.078,0.0218,polars/raw/ALL.PD,3386
ST8-PD-045-02,45,MILEY,N. ANDERSON,232000.,14,8.35,1.183,0.0201,polars/raw/ALL.PD,3387
ST8-PD-045-02,45,MILEY,N. ANDERSON,232000.,15,9.36,1.283,0.0179,polars/raw/ALL.PD,3388
ST8-PD-045-02,45,MILEY,N. ANDERSON,232000.,16,10.37,1.364,0.0176,polars/raw/ALL.PD,3389
ST8-PD-045-02,45,MILEY,N. ANDERSON,232000.,17,11.37,1.364,0.0395,polars/raw/ALL.PD,3390
ST8-PD-045-02,45,MILEY,N. ANDERSON,232000.,18,12.39,1.326,0.0629,polars/raw/ALL.PD,3391
ST8-PD-045-02,45,MILEY,N. ANDERSON,232000.,19,13.36,1.291,0.0501,polars/raw/ALL.PD,3392
ST8-PD-045-03,45,MILEY,N. ANDERSON,254600.,1,-3.92,0.000,0.0306,polars/raw/ALL.PD,3395
ST8-PD-045-03,45,MILEY,N. ANDERSON,254600.,2,-2.90,0.103,0.0253,polars/raw/ALL.PD,3396
ST8-PD-045-03,45,MILEY,N. ANDERSON,254600.,3,-1.88,0.202,0.0226,polars/raw/ALL.PD,3397
ST8-PD-045-03,45,MILEY,N. ANDERSON,254600.,4,-0.85,0.304,0.0219,polars/raw/ALL.PD,3398
ST8-PD-045-03,45,MILEY,N. ANDERSON,254600.,5,0.16,0.407,0.0209,polars/raw/ALL.PD,3399
ST8-PD-045-03,45,MILEY,N. ANDERSON,254600.,6,1.18,0.510,0.0213,polars/raw/ALL.PD,3400
ST8-PD-045-03,45,MILEY,N. ANDERSON,254600.,7,2.21,0.611,0.0224,polars/raw/ALL.PD,3401
ST8-PD-045-03,45,MILEY,N. ANDERSON,254600.,8,3.25,0.716,0.0228,polars/raw/ALL.PD,3402
ST8-PD-045-03,45,MILEY,N. ANDERSON,254600.,9,4.25,0.817,0.0227,polars/raw/ALL.PD,3403
ST8-PD-045-03,45,MILEY,N. ANDERSON,254600.,10,5.28,0.922,0.0214,polars/raw/ALL.PD,3404
ST8-PD-045-03,45,MILEY,N. ANDERSON,254600.,11,6.30,1.028,0.0183,polars/raw/ALL.PD,3405
ST8-PD-045-03,45,MILEY,N. ANDERSON,254600.,12,7.32,1.131,0.0175,polars/raw/ALL.PD,3406
ST8-PD-045-03,45,MILEY,N. ANDERSON,254600.,13,8.35,1.231,0.0178,polars/raw/ALL.PD,3407
ST8-PD-045-03,45,MILEY,N. ANDERSON,254600.,14,9.37,1.325,0.0172,polars/raw/ALL.PD,3408
ST8-PD-045-03,45,MILEY,N. ANDERSON,254600.,15,10.38,1.366,0.0234,polars/raw/ALL.PD,3409
ST8-PD-045-03,45,MILEY,N. ANDERSON,254600.,16,11.37,1.364,0.0463,polars/raw/ALL.PD,3410
ST8-PD-045-03,45,MILEY,N. ANDERSON,254600.,17,12.37,1.325,0.0732,polars/raw/ALL.PD,3411
ST8-PD-045-04,45,MILEY,N. ANDERSON,302900.,1,-3.92,-.001,0.0305,polars/raw/ALL.PD,3414
ST8-PD-045-04,45,MILEY,N. ANDERSON,302900.,2,-2.90,0.104,0.0228,polars/raw/ALL.PD,3415
ST8-PD-045-04,45,MILEY,N. ANDERSON,302900.,3,-1.89,0.205,0.0201,polars/raw/ALL.PD,3416
ST8-PD-045-04,45,MILEY,N. ANDERSON,302900.,4,-0.86,0.313,0.0183,polars/raw/ALL.PD,3417
ST8-PD-045-04,45,MILEY,N. ANDERSON,302900.,5,0.15,0.417,0.0168,polars/raw/ALL.PD,3418
ST8-PD-045-04,45,MILEY,N. ANDERSON,302900.,6,1.19,0.523,0.0163,polars/raw/ALL.PD,3419
ST8-PD-045-04,45,MILEY,N. ANDERSON,302900.,7,2.22,0.626,0.0174,polars/raw/ALL.PD,3420
ST8-PD-045-04,45,MILEY,N. ANDERSON,302900.,8,3.25,0.729,0.0170,polars/raw/ALL.PD,3421
ST8-PD-045-04,45,MILEY,N. ANDERSON,302900.,9,4.27,0.830,0.0169,polars/raw/ALL.PD,3422
ST8-PD-045-04,45,MILEY,N. ANDERSON,302900.,10,5.30,0.933,0.0165,polars/raw/ALL.PD,3423
ST8-PD-045-04,45,MILEY,N. ANDERSON,302900.,11,6.30,1.031,0.0159,polars/raw/ALL.PD,3424
ST8-PD-045-04,45,MILEY,N. ANDERSON,302900.,12,7.32,1.132,0.0149,polars/raw/ALL.PD,3425
ST8-PD-045-04,45,MILEY,N. ANDERSON,302900.,13,8.34,1.232,0.0153,polars/raw/ALL.PD,3426
ST8-PD-045-04,45,MILEY,N. ANDERSON,302900.,14,9.37,1.321,0.0155,polars/raw/ALL.PD,3427
ST8-PD-045-04,45,MILEY,N. ANDERSON,302900.,15,10.38,1.352,0.0239,polars/raw/ALL.PD,3428
ST8-PD-045-04,45,MILEY,N. ANDERSON,302900.,16,11.35,1.331,0.0579,polars/raw/ALL.PD,3429
ST8-PD-045-04,45,MILEY,N. ANDERSON,302900.,17,12.35,1.297,0.0705,polars/raw/ALL.PD,3430
ST8-PD-046-01,46,MILEY BUMP SHOT TRIP 31%,N. ANDERSON,200900.,1,-2.90,0.100,0.0213,polars/raw/ALL.PD,3439
ST8-PD-046-01,46,MILEY BUMP SHOT TRIP 31%,N. ANDERSON,200900.,2,-1.90,0.198,0.0184,polars/raw/ALL.PD,3440
ST8-PD-046-01,46,MILEY BUMP SHOT TRIP 31%,N. ANDERSON,200900.,3,-0.84,0.303,0.0162,polars/raw/ALL.PD,3441
ST8-PD-046-01,46,MILEY BUMP SHOT TRIP 31%,N. ANDERSON,200900.,4,0.16,0.405,0.0143,polars/raw/ALL.PD,3442
ST8-PD-046-01,46,MILEY BUMP SHOT TRIP 31%,N. ANDERSON,200900.,5,1.19,0.507,0.0141,polars/raw/ALL.PD,3443
ST8-PD-046-01,46,MILEY BUMP SHOT TRIP 31%,N. ANDERSON,200900.,6,2.22,0.611,0.0149,polars/raw/ALL.PD,3444
ST8-PD-046-01,46,MILEY BUMP SHOT TRIP 31%,N. ANDERSON,200900.,7,3.23,0.709,0.0156,polars/raw/ALL.PD,3445
ST8-PD-046-01,46,MILEY BUMP SHOT TRIP 31%,N. ANDERSON,200900.,8,4.25,0.808,0.0161,polars/raw/ALL.PD,3446
ST8-PD-046-01,46,MILEY BUMP SHOT TRIP 31%,N. ANDERSON,200900.,9,5.28,0.906,0.0172,polars/raw/ALL.PD,3447
ST8-PD-046-01,46,MILEY BUMP SHOT TRIP 31%,N. ANDERSON,200900.,10,6.29,0.998,0.0178,polars/raw/ALL.PD,3448
ST8-PD-046-01,46,MILEY BUMP SHOT TRIP 31%,N. ANDERSON,200900.,11,7.32,1.091,0.0189,polars/raw/ALL.PD,3449
ST8-PD-046-01,46,MILEY BUMP SHOT TRIP 31%,N. ANDERSON,200900.,12,8.34,1.178,0.0205,polars/raw/ALL.PD,3450
ST8-PD-046-01,46,MILEY BUMP SHOT TRIP 31%,N. ANDERSON,200900.,13,9.35,1.268,0.0223,polars/raw/ALL.PD,3451
ST8-PD-046-01,46,MILEY BUMP SHOT TRIP 31%,N. ANDERSON,200900.,14,10.38,1.348,0.0233,polars/raw/ALL.PD,3452
ST8-PD-046-01,46,MILEY BUMP SHOT TRIP 31%,N. ANDERSON,200900.,15,11.38,1.359,0.0433,polars/raw/ALL.PD,3453
ST8-PD-046-01,46,MILEY BUMP SHOT TRIP 31%,N. ANDERSON,200900.,16,12.37,1.326,0.0502,polars/raw/ALL.PD,3454
ST8-PD-046-02,46,MILEY BUMP SHOT TRIP 31%,N. ANDERSON,251600.,1,-2.91,0.105,0.0209,polars/raw/ALL.PD,3457
ST8-PD-046-02,46,MILEY BUMP SHOT TRIP 31%,N. ANDERSON,251600.,2,-1.88,0.204,0.0174,polars/raw/ALL.PD,3458
ST8-PD-046-02,46,MILEY BUMP SHOT TRIP 31%,N. ANDERSON,251600.,3,-0.86,0.306,0.0155,polars/raw/ALL.PD,3459
ST8-PD-046-02,46,MILEY BUMP SHOT TRIP 31%,N. ANDERSON,251600.,4,0.18,0.412,0.0133,polars/raw/ALL.PD,3460
ST8-PD-046-02,46,MILEY BUMP SHOT TRIP 31%,N. ANDERSON,251600.,5,1.20,0.516,0.0130,polars/raw/ALL.PD,3461
ST8-PD-046-02,46,MILEY BUMP SHOT TRIP 31%,N. ANDERSON,251600.,6,2.21,0.618,0.0136,polars/raw/ALL.PD,3462
ST8-PD-046-02,46,MILEY BUMP SHOT TRIP 31%,N. ANDERSON,251600.,7,3.25,0.720,0.0140,polars/raw/ALL.PD,3463
ST8-PD-046-02,46,MILEY BUMP SHOT TRIP 31%,N. ANDERSON,251600.,8,4.25,0.816,0.0149,polars/raw/ALL.PD,3464
ST8-PD-046-02,46,MILEY BUMP SHOT TRIP 31%,N. ANDERSON,251600.,9,5.29,0.914,0.0157,polars/raw/ALL.PD,3465
ST8-PD-046-02,46,MILEY BUMP SHOT TRIP 31%,N. ANDERSON,251600.,10,6.29,1.009,0.0162,polars/raw/ALL.PD,3466
ST8-PD-046-02,46,MILEY BUMP SHOT TRIP 31%,N. ANDERSON,251600.,11,7.32,1.103,0.0175,polars/raw/ALL.PD,3467
ST8-PD-046-02,46,MILEY BUMP SHOT TRIP 31%,N. ANDERSON,251600.,12,8.34,1.194,0.0185,polars/raw/ALL.PD,3468
ST8-PD-046-02,46,MILEY BUMP SHOT TRIP 31%,N. ANDERSON,251600.,13,9.34,1.281,0.0198,polars/raw/ALL.PD,3469
ST8-PD-046-02,46,MILEY BUMP SHOT TRIP 31%,N. ANDERSON,251600.,14,10.37,1.351,0.0205,polars/raw/ALL.PD,3470
ST8-PD-046-02,46,MILEY BUMP SHOT TRIP 31%,N. ANDERSON,251600.,15,11.36,1.332,0.0499,polars/raw/ALL.PD,3471
ST8-PD-046-02,46,MILEY BUMP SHOT TRIP 31%,N. ANDERSON,251600.,16,12.36,1.293,0.0570,polars/raw/ALL.PD,3472
ST8-PD-046-03,46,MILEY BUMP SHOT TRIP 31%,N. ANDERSON,307400.,1,-2.90,0.092,0.0207,polars/raw/ALL.PD,3475
ST8-PD-046-03,46,MILEY BUMP SHOT TRIP 31%,N. ANDERSON,307400.,2,-1.91,0.193,0.0167,polars/raw/ALL.PD,3476
ST8-PD-046-03,46,MILEY BUMP SHOT TRIP 31%,N. ANDERSON,307400.,3,-0.88,0.298,0.0148,polars/raw/ALL.PD,3477
ST8-PD-046-03,46,MILEY BUMP SHOT TRIP 31%,N. ANDERSON,307400.,4,0.17,0.410,0.0126,polars/raw/ALL.PD,3478
ST8-PD-046-03,46,MILEY BUMP SHOT TRIP 31%,N. ANDERSON,307400.,5,1.17,0.510,0.0124,polars/raw/ALL.PD,3479
ST8-PD-046-03,46,MILEY BUMP SHOT TRIP 31%,N. ANDERSON,307400.,6,2.21,0.617,0.0128,polars/raw/ALL.PD,3480
ST8-PD-046-03,46,MILEY BUMP SHOT TRIP 31%,N. ANDERSON,307400.,7,3.22,0.717,0.0135,polars/raw/ALL.PD,3481
ST8-PD-046-03,46,MILEY BUMP SHOT TRIP 31%,N. ANDERSON,307400.,8,4.25,0.816,0.0141,polars/raw/ALL.PD,3482
ST8-PD-046-03,46,MILEY BUMP SHOT TRIP 31%,N. ANDERSON,307400.,9,5.28,0.913,0.0146,polars/raw/ALL.PD,3483
ST8-PD-046-03,46,MILEY BUMP SHOT TRIP 31%,N. ANDERSON,307400.,10,6.29,1.006,0.0158,polars/raw/ALL.PD,3484
ST8-PD-046-03,46,MILEY BUMP SHOT TRIP 31%,N. ANDERSON,307400.,11,7.33,1.100,0.0163,polars/raw/ALL.PD,3485
ST8-PD-046-03,46,MILEY BUMP SHOT TRIP 31%,N. ANDERSON,307400.,12,8.33,1.190,0.0175,polars/raw/ALL.PD,3486
ST8-PD-046-03,46,MILEY BUMP SHOT TRIP 31%,N. ANDERSON,307400.,13,9.36,1.283,0.0185,polars/raw/ALL.PD,3487
ST8-PD-046-03,46,MILEY BUMP SHOT TRIP 31%,N. ANDERSON,307400.,14,10.37,1.332,0.0234,polars/raw/ALL.PD,3488
ST8-PD-046-03,46,MILEY BUMP SHOT TRIP 31%,N. ANDERSON,307400.,15,11.34,1.309,0.0358,polars/raw/ALL.PD,3489
ST8-PD-046-03,46,MILEY BUMP SHOT TRIP 31%,N. ANDERSON,307400.,16,12.33,1.267,0.0465,polars/raw/ALL.PD,3490
ST8-PD-046-03,46,MILEY BUMP SHOT TRIP 31%,N. ANDERSON,307400.,17,13.32,1.222,0.0558,polars/raw/ALL.PD,3491
ST8-PD-047-01,47,MILEY UST AT 200k,N. ANDERSON,199500.,1,-3.93,0.007,0.0348,polars/raw/ALL.PD,3500
ST8-PD-047-01,47,MILEY UST AT 200k,N. ANDERSON,199500.,2,-2.91,0.109,0.0309,polars/raw/ALL.PD,3501
ST8-PD-047-01,47,MILEY UST AT 200k,N. ANDERSON,199500.,3,-1.88,0.210,0.0313,polars/raw/ALL.PD,3502
ST8-PD-047-01,47,MILEY UST AT 200k,N. ANDERSON,199500.,4,-0.86,0.309,0.0350,polars/raw/ALL.PD,3503
ST8-PD-047-01,47,MILEY UST AT 200k,N. ANDERSON,199500.,5,0.17,0.396,0.0422,polars/raw/ALL.PD,3504
ST8-PD-047-01,47,MILEY UST AT 200k,N. ANDERSON,199500.,6,1.18,0.473,0.0501,polars/raw/ALL.PD,3505
ST8-PD-047-01,47,MILEY UST AT 200k,N. ANDERSON,199500.,7,2.22,0.569,0.0528,polars/raw/ALL.PD,3506
ST8-PD-047-01,47,MILEY UST AT 200k,N. ANDERSON,199500.,8,3.22,0.679,0.0506,polars/raw/ALL.PD,3507
ST8-PD-047-01,47,MILEY UST AT 200k,N. ANDERSON,199500.,9,4.26,0.798,0.0418,polars/raw/ALL.PD,3508
ST8-PD-047-01,47,MILEY UST AT 200k,N. ANDERSON,199500.,10,5.28,0.913,0.0351,polars/raw/ALL.PD,3509
ST8-PD-047-01,47,MILEY UST AT 200k,N. ANDERSON,199500.,11,6.29,1.022,0.0306,polars/raw/ALL.PD,3510
ST8-PD-047-01,47,MILEY UST AT 200k,N. ANDERSON,199500.,12,7.33,1.136,0.0271,polars/raw/ALL.PD,3511
ST8-PD-047-01,47,MILEY UST AT 200k,N. ANDERSON,199500.,13,8.35,1.245,0.0244,polars/raw/ALL.PD,3512
ST8-PD-047-01,47,MILEY UST AT 200k,N. ANDERSON,199500.,14,9.37,1.354,0.0216,polars/raw/ALL.PD,3513
ST8-PD-047-01,47,MILEY UST AT 200k,N. ANDERSON,199500.,15,10.38,1.430,0.0194,polars/raw/ALL.PD,3514
ST8-PD-047-01,47,MILEY UST AT 200k,N. ANDERSON,199500.,16,11.38,1.460,0.0336,polars/raw/ALL.PD,3515
ST8-PD-047-02,47,MILEY UST AT 200k,N. ANDERSON,203600.,1,-3.91,0.011,0.0277,polars/raw/ALL.PD,3518
ST8-PD-047-02,47,MILEY UST AT 200k,N. ANDERSON,203600.,2,-2.89,0.113,0.0216,polars/raw/ALL.PD,3519
ST8-PD-047-02,47,MILEY UST AT 200k,N. ANDERSON,203600.,3,-1.86,0.216,0.0184,polars/raw/ALL.PD,3520
ST8-PD-047-02,47,MILEY UST AT 200k,N. ANDERSON,203600.,4,-0.84,0.319,0.0156,polars/raw/ALL.PD,3521
ST8-PD-047-02,47,MILEY UST AT 200k,N. ANDERSON,203600.,5,0.17,0.422,0.0135,polars/raw/ALL.PD,3522
ST8-PD-047-02,47,MILEY UST AT 200k,N. ANDERSON,203600.,6,1.20,0.529,0.0132,polars/raw/ALL.PD,3523
ST8-PD-047-02,47,MILEY UST AT 200k,N. ANDERSON,203600.,7,2.22,0.632,0.0138,polars/raw/ALL.PD,3524
ST8-PD-047-02,47,MILEY UST AT 200k,N. ANDERSON,203600.,8,3.24,0.733,0.0142,polars/raw/ALL.PD,3525
ST8-PD-047-02,47,MILEY UST AT 200k,N. ANDERSON,203600.,9,4.26,0.835,0.0150,polars/raw/ALL.PD,3526
ST8-PD-047-02,47,MILEY UST AT 200k,N. ANDERSON,203600.,10,5.29,0.934,0.0156,polars/raw/ALL.PD,3527
ST8-PD-047-02,47,MILEY UST AT 200k,N. ANDERSON,203600.,11,6.31,1.031,0.0165,polars/raw/ALL.PD,3528
ST8-PD-047-02,47,MILEY UST AT 200k,N. ANDERSON,203600.,12,7.34,1.127,0.0176,polars/raw/ALL.PD,3529
ST8-PD-047-02,47,MILEY UST AT 200k,N. ANDERSON,203600.,13,8.36,1.222,0.0187,polars/raw/ALL.PD,3530
ST8-PD-047-02,47,MILEY UST AT 200k,N. ANDERSON,203600.,14,9.36,1.314,0.0189,polars/raw/ALL.PD,3531
ST8-PD-047-02,47,MILEY UST AT 200k,N. ANDERSON,203600.,15,10.39,1.380,0.0200,polars/raw/ALL.PD,3532
ST8-PD-047-02,47,MILEY UST AT 200k,N. ANDERSON,203600.,16,11.37,1.357,0.0511,polars/raw/ALL.PD,3533
ST8-PD-047-02,47,MILEY UST AT 200k,N. ANDERSON,203600.,17,12.39,1.317,0.0725,polars/raw/ALL.PD,3534
ST8-PD-047-03,47,MILEY UST AT 200k,N. ANDERSON,204100.,1,-3.92,0.000,0.0288,polars/raw/ALL.PD,3537
ST8-PD-047-03,47,MILEY UST AT 200k,N. ANDERSON,204100.,2,-2.90,0.104,0.0230,polars/raw/ALL.PD,3538
ST8-PD-047-03,47,MILEY UST AT 200k,N. ANDERSON,204100.,3,-1.86,0.206,0.0195,polars/raw/ALL.PD,3539
ST8-PD-047-03,47,MILEY UST AT 200k,N. ANDERSON,204100.,4,-0.85,0.308,0.0175,polars/raw/ALL.PD,3540
ST8-PD-047-03,47,MILEY UST AT 200k,N. ANDERSON,204100.,5,0.16,0.410,0.0148,polars/raw/ALL.PD,3541
ST8-PD-047-03,47,MILEY UST AT 200k,N. ANDERSON,204100.,6,1.18,0.512,0.0155,polars/raw/ALL.PD,3542
ST8-PD-047-03,47,MILEY UST AT 200k,N. ANDERSON,204100.,7,2.21,0.616,0.0166,polars/raw/ALL.PD,3543
ST8-PD-047-03,47,MILEY UST AT 200k,N. ANDERSON,204100.,8,3.23,0.719,0.0165,polars/raw/ALL.PD,3544
ST8-PD-047-03,47,MILEY UST AT 200k,N. ANDERSON,204100.,9,4.26,0.816,0.0179,polars/raw/ALL.PD,3545
ST8-PD-047-03,47,MILEY UST AT 200k,N. ANDERSON,204100.,10,5.28,0.916,0.0189,polars/raw/ALL.PD,3546
ST8-PD-047-03,47,MILEY UST AT 200k,N. ANDERSON,204100.,11,6.31,1.016,0.0201,polars/raw/ALL.PD,3547
ST8-PD-047-03,47,MILEY UST AT 200k,N. ANDERSON,204100.,12,7.33,1.112,0.0215,polars/raw/ALL.PD,3548
ST8-PD-047-03,47,MILEY UST AT 200k,N. ANDERSON,204100.,13,8.35,1.211,0.0215,polars/raw/ALL.PD,3549
ST8-PD-047-03,47,MILEY UST AT 200k,N. ANDERSON,204100.,14,9.37,1.307,0.0202,polars/raw/ALL.PD,3550
ST8-PD-047-03,47,MILEY UST AT 200k,N. ANDERSON,204100.,15,10.38,1.368,0.0194,polars/raw/ALL.PD,3551
ST8-PD-047-03,47,MILEY UST AT 200k,N. ANDERSON,204100.,16,11.37,1.378,0.0328,polars/raw/ALL.PD,3552
ST8-PD-047-04,47,MILEY UST AT 200k,N. ANDERSON,203600.,1,-3.91,0.008,0.0283,polars/raw/ALL.PD,3555
ST8-PD-047-04,47,MILEY UST AT 200k,N. ANDERSON,203600.,2,-2.90,0.108,0.0228,polars/raw/ALL.PD,3556
ST8-PD-047-04,47,MILEY UST AT 200k,N. ANDERSON,203600.,3,-1.87,0.211,0.0196,polars/raw/ALL.PD,3557
ST8-PD-047-04,47,MILEY UST AT 200k,N. ANDERSON,203600.,4,-0.85,0.313,0.0170,polars/raw/ALL.PD,3558
ST8-PD-047-04,47,MILEY UST AT 200k,N. ANDERSON,203600.,5,0.17,0.417,0.0140,polars/raw/ALL.PD,3559
ST8-PD-047-04,47,MILEY UST AT 200k,N. ANDERSON,203600.,6,1.19,0.522,0.0138,polars/raw/ALL.PD,3560
ST8-PD-047-04,47,MILEY UST AT 200k,N. ANDERSON,203600.,7,2.21,0.627,0.0140,polars/raw/ALL.PD,3561
ST8-PD-047-04,47,MILEY UST AT 200k,N. ANDERSON,203600.,8,3.24,0.731,0.0142,polars/raw/ALL.PD,3562
ST8-PD-047-04,47,MILEY UST AT 200k,N. ANDERSON,203600.,9,4.27,0.832,0.0148,polars/raw/ALL.PD,3563
ST8-PD-047-04,47,MILEY UST AT 200k,N. ANDERSON,203600.,10,5.28,0.929,0.0152,polars/raw/ALL.PD,3564
ST8-PD-047-04,47,MILEY UST AT 200k,N. ANDERSON,203600.,11,6.31,1.027,0.0162,polars/raw/ALL.PD,3565
ST8-PD-047-04,47,MILEY UST AT 200k,N. ANDERSON,203600.,12,7.33,1.122,0.0171,polars/raw/ALL.PD,3566
ST8-PD-047-04,47,MILEY UST AT 200k,N. ANDERSON,203600.,13,8.35,1.215,0.0175,polars/raw/ALL.PD,3567
ST8-PD-047-04,47,MILEY UST AT 200k,N. ANDERSON,203600.,14,9.36,1.305,0.0192,polars/raw/ALL.PD,3568
ST8-PD-047-04,47,MILEY UST AT 200k,N. ANDERSON,203600.,15,10.38,1.370,0.0194,polars/raw/ALL.PD,3569
ST8-PD-047-04,47,MILEY UST AT 200k,N. ANDERSON,203600.,16,11.37,1.356,0.0462,polars/raw/ALL.PD,3570
ST8-PD-047-04,47,MILEY UST AT 200k,N. ANDERSON,203600.,17,12.36,1.315,0.0694,polars/raw/ALL.PD,3571
ST8-PD-047-05,47,MILEY UST AT 200k,N. ANDERSON,200900.,1,-2.90,0.100,0.0213,polars/raw/ALL.PD,3574
ST8-PD-047-05,47,MILEY UST AT 200k,N. ANDERSON,200900.,2,-1.90,0.198,0.0184,polars/raw/ALL.PD,3575
ST8-PD-047-05,47,MILEY UST AT 200k,N. ANDERSON,200900.,3,-0.84,0.303,0.0162,polars/raw/ALL.PD,3576
ST8-PD-047-05,47,MILEY UST AT 200k,N. ANDERSON,200900.,4,0.16,0.405,0.0143,polars/raw/ALL.PD,3577
ST8-PD-047-05,47,MILEY UST AT 200k,N. ANDERSON,200900.,5,1.19,0.507,0.0141,polars/raw/ALL.PD,3578
ST8-PD-047-05,47,MILEY UST AT 200k,N. ANDERSON,200900.,6,2.22,0.611,0.0149,polars/raw/ALL.PD,3579
ST8-PD-047-05,47,MILEY UST AT 200k,N. ANDERSON,200900.,7,3.23,0.709,0.0156,polars/raw/ALL.PD,3580
ST8-PD-047-05,47,MILEY UST AT 200k,N. ANDERSON,200900.,8,4.25,0.808,0.0161,polars/raw/ALL.PD,3581
ST8-PD-047-05,47,MILEY UST AT 200k,N. ANDERSON,200900.,9,5.28,0.906,0.0172,polars/raw/ALL.PD,3582
ST8-PD-047-05,47,MILEY UST AT 200k,N. ANDERSON,200900.,10,6.29,0.998,0.0178,polars/raw/ALL.PD,3583
ST8-PD-047-05,47,MILEY UST AT 200k,N. ANDERSON,200900.,11,7.32,1.091,0.0189,polars/raw/ALL.PD,3584
ST8-PD-047-05,47,MILEY UST AT 200k,N. ANDERSON,200900.,12,8.34,1.178,0.0205,polars/raw/ALL.PD,3585
ST8-PD-047-05,47,MILEY UST AT 200k,N. ANDERSON,200900.,13,9.35,1.268,0.0223,polars/raw/ALL.PD,3586
ST8-PD-047-05,47,MILEY UST AT 200k,N. ANDERSON,200900.,14,10.38,1.348,0.0233,polars/raw/ALL.PD,3587
ST8-PD-047-05,47,MILEY UST AT 200k,N. ANDERSON,200900.,15,11.38,1.359,0.0433,polars/raw/ALL.PD,3588
ST8-PD-047-05,47,MILEY UST AT 200k,N. ANDERSON,200900.,16,12.37,1.326,0.0502,polars/raw/ALL.PD,3589
ST8-PD-048-01,48,NACA 0009,NANKIVIL,59700.,1,-6.02,-.504,0.0267,polars/raw/ALL.PD,3598
ST8-PD-048-01,48,NACA 0009,NANKIVIL,59700.,2,-5.03,-.448,0.0181,polars/raw/ALL.PD,3599
ST8-PD-048-01,48,NACA 0009,NANKIVIL,59700.,3,-3.99,-.381,0.0160,polars/raw/ALL.PD,3600
ST8-PD-048-01,48,NACA 0009,NANKIVIL,59700.,4,-3.00,-.293,0.0142,polars/raw/ALL.PD,3601
ST8-PD-048-01,48,NACA 0009,NANKIVIL,59700.,5,-1.95,-.141,0.0159,polars/raw/ALL.PD,3602
ST8-PD-048-01,48,NACA 0009,NANKIVIL,59700.,6,-0.92,-.044,0.0118,polars/raw/ALL.PD,3603
ST8-PD-048-01,48,NACA 0009,NANKIVIL,59700.,7,0.09,-.007,0.0119,polars/raw/ALL.PD,3604
ST8-PD-048-01,48,NACA 0009,NANKIVIL,59700.,8,1.10,0.057,0.0152,polars/raw/ALL.PD,3605
ST8-PD-048-01,48,NACA 0009,NANKIVIL,59700.,9,2.13,0.217,0.0156,polars/raw/ALL.PD,3606
ST8-PD-048-01,48,NACA 0009,NANKIVIL,59700.,10,3.15,0.354,0.0163,polars/raw/ALL.PD,3607
ST8-PD-048-01,48,NACA 0009,NANKIVIL,59700.,11,4.19,0.438,0.0179,polars/raw/ALL.PD,3608
ST8-PD-048-01,48,NACA 0009,NANKIVIL,59700.,12,5.19,0.508,0.0192,polars/raw/ALL.PD,3609
ST8-PD-048-01,48,NACA 0009,NANKIVIL,59700.,13,6.22,0.580,0.0238,polars/raw/ALL.PD,3610
ST8-PD-048-01,48,NACA 0009,NANKIVIL,59700.,14,7.23,0.646,0.0337,polars/raw/ALL.PD,3611
ST8-PD-048-01,48,NACA 0009,NANKIVIL,59700.,15,8.23,0.694,0.0438,polars/raw/ALL.PD,3612
ST8-PD-048-01,48,NACA 0009,NANKIVIL,59700.,16,9.26,0.727,0.1067,polars/raw/ALL.PD,3613
ST8-PD-048-01,48,NACA 0009,NANKIVIL,59700.,17,10.25,0.704,0.1493,polars/raw/ALL.PD,3614
ST8-PD-048-02,48,NACA 0009,NANKIVIL,100300.,1,-6.03,-.540,0.0241,polars/raw/ALL.PD,3617
ST8-PD-048-02,48,NACA 0009,NANKIVIL,100300.,2,-5.00,-.460,0.0192,polars/raw/ALL.PD,3618
ST8-PD-048-02,48,NACA 0009,NANKIVIL,100300.,3,-3.98,-.388,0.0148,polars/raw/ALL.PD,3619
ST8-PD-048-02,48,NACA 0009,NANKIVIL,100300.,4,-2.98,-.311,0.0125,polars/raw/ALL.PD,3620
ST8-PD-048-02,48,NACA 0009,NANKIVIL,100300.,5,-1.96,-.195,0.0122,polars/raw/ALL.PD,3621
ST8-PD-048-02,48,NACA 0009,NANKIVIL,100300.,6,-0.91,-.041,0.0106,polars/raw/ALL.PD,3622
ST8-PD-048-02,48,NACA 0009,NANKIVIL,100300.,7,0.09,-.004,0.0096,polars/raw/ALL.PD,3623
ST8-PD-048-02,48,NACA 0009,NANKIVIL,100300.,8,1.11,0.119,0.0106,polars/raw/ALL.PD,3624
ST8-PD-048-02,48,NACA 0009,NANKIVIL,100300.,9,2.15,0.257,0.0117,polars/raw/ALL.PD,3625
ST8-PD-048-02,48,NACA 0009,NANKIVIL,100300.,10,3.15,0.353,0.0118,polars/raw/ALL.PD,3626
ST8-PD-048-02,48,NACA 0009,NANKIVIL,100300.,11,4.19,0.440,0.0138,polars/raw/ALL.PD,3627
ST8-PD-048-02,48,NACA 0009,NANKIVIL,100300.,12,5.21,0.523,0.0175,polars/raw/ALL.PD,3628
ST8-PD-048-02,48,NACA 0009,NANKIVIL,100300.,13,6.21,0.596,0.0217,polars/raw/ALL.PD,3629
ST8-PD-048-02,48,NACA 0009,NANKIVIL,100300.,14,7.23,0.669,0.0264,polars/raw/ALL.PD,3630
ST8-PD-048-02,48,NACA 0009,NANKIVIL,100300.,15,8.24,0.727,0.0394,polars/raw/ALL.PD,3631
ST8-PD-048-03,48,NACA 0009,NANKIVIL,150600.,1,-6.04,-.545,0.0225,polars/raw/ALL.PD,3634
ST8-PD-048-03,48,NACA 0009,NANKIVIL,150600.,2,-5.03,-.465,0.0183,polars/raw/ALL.PD,3635
ST8-PD-048-03,48,NACA 0009,NANKIVIL,150600.,3,-4.00,-.381,0.0150,polars/raw/ALL.PD,3636
ST8-PD-048-03,48,NACA 0009,NANKIVIL,150600.,4,-2.99,-.309,0.0113,polars/raw/ALL.PD,3637
ST8-PD-048-03,48,NACA 0009,NANKIVIL,150600.,5,-1.96,-.224,0.0094,polars/raw/ALL.PD,3638
ST8-PD-048-03,48,NACA 0009,NANKIVIL,150600.,6,-0.94,-.068,0.0084,polars/raw/ALL.PD,3639
ST8-PD-048-03,48,NACA 0009,NANKIVIL,150600.,7,0.07,0.036,0.0087,polars/raw/ALL.PD,3640
ST8-PD-048-03,48,NACA 0009,NANKIVIL,150600.,8,1.11,0.170,0.0099,polars/raw/ALL.PD,3641
ST8-PD-048-03,48,NACA 0009,NANKIVIL,150600.,9,2.15,0.261,0.0097,polars/raw/ALL.PD,3642
ST8-PD-048-03,48,NACA 0009,NANKIVIL,150600.,10,3.16,0.347,0.0109,polars/raw/ALL.PD,3643
ST8-PD-048-03,48,NACA 0009,NANKIVIL,150600.,11,4.18,0.435,0.0129,polars/raw/ALL.PD,3644
ST8-PD-048-03,48,NACA 0009,NANKIVIL,150600.,12,5.21,0.521,0.0149,polars/raw/ALL.PD,3645
ST8-PD-048-03,48,NACA 0009,NANKIVIL,150600.,13,6.21,0.601,0.0185,polars/raw/ALL.PD,3646
ST8-PD-048-03,48,NACA 0009,NANKIVIL,150600.,14,7.24,0.673,0.0245,polars/raw/ALL.PD,3647
ST8-PD-048-03,48,NACA 0009,NANKIVIL,150600.,15,8.24,0.735,0.0339,polars/raw/ALL.PD,3648
ST8-PD-048-03,48,NACA 0009,NANKIVIL,150600.,16,9.25,0.772,0.0718,polars/raw/ALL.PD,3649
ST8-PD-048-04,48,NACA 0009,NANKIVIL,199000.,1,-6.04,-.544,0.0216,polars/raw/ALL.PD,3652
ST8-PD-048-04,48,NACA 0009,NANKIVIL,199000.,2,-5.01,-.462,0.0171,polars/raw/ALL.PD,3653
ST8-PD-048-04,48,NACA 0009,NANKIVIL,199000.,3,-4.00,-.377,0.0145,polars/raw/ALL.PD,3654
ST8-PD-048-04,48,NACA 0009,NANKIVIL,199000.,4,-2.99,-.303,0.0111,polars/raw/ALL.PD,3655
ST8-PD-048-04,48,NACA 0009,NANKIVIL,199000.,5,-2.01,-.224,0.0089,polars/raw/ALL.PD,3656
ST8-PD-048-04,48,NACA 0009,NANKIVIL,199000.,6,-0.94,-.090,0.0085,polars/raw/ALL.PD,3657
ST8-PD-048-04,48,NACA 0009,NANKIVIL,199000.,7,0.10,0.060,0.0081,polars/raw/ALL.PD,3658
ST8-PD-048-04,48,NACA 0009,NANKIVIL,199000.,8,1.10,0.167,0.0083,polars/raw/ALL.PD,3659
ST8-PD-048-04,48,NACA 0009,NANKIVIL,199000.,9,2.13,0.253,0.0084,polars/raw/ALL.PD,3660
ST8-PD-048-04,48,NACA 0009,NANKIVIL,199000.,10,3.15,0.346,0.0100,polars/raw/ALL.PD,3661
ST8-PD-048-04,48,NACA 0009,NANKIVIL,199000.,11,4.19,0.439,0.0118,polars/raw/ALL.PD,3662
ST8-PD-048-04,48,NACA 0009,NANKIVIL,199000.,12,5.19,0.526,0.0143,polars/raw/ALL.PD,3663
ST8-PD-048-04,48,NACA 0009,NANKIVIL,199000.,13,6.23,0.611,0.0180,polars/raw/ALL.PD,3664
ST8-PD-048-04,48,NACA 0009,NANKIVIL,199000.,14,7.24,0.684,0.0228,polars/raw/ALL.PD,3665
ST8-PD-048-04,48,NACA 0009,NANKIVIL,199000.,15,8.24,0.748,0.0309,polars/raw/ALL.PD,3666
ST8-PD-048-04,48,NACA 0009,NANKIVIL,199000.,16,9.25,0.787,0.0629,polars/raw/ALL.PD,3667
ST8-PD-048-05,48,NACA 0009,NANKIVIL,302900.,1,-6.05,-.560,0.0202,polars/raw/ALL.PD,3670
ST8-PD-048-05,48,NACA 0009,NANKIVIL,302900.,2,-5.04,-.475,0.0156,polars/raw/ALL.PD,3671
ST8-PD-048-05,48,NACA 0009,NANKIVIL,302900.,3,-3.98,-.385,0.0131,polars/raw/ALL.PD,3672
ST8-PD-048-05,48,NACA 0009,NANKIVIL,302900.,4,-2.98,-.294,0.0109,polars/raw/ALL.PD,3673
ST8-PD-048-05,48,NACA 0009,NANKIVIL,302900.,5,-1.95,-.184,0.0084,polars/raw/ALL.PD,3674
ST8-PD-048-05,48,NACA 0009,NANKIVIL,302900.,6,-0.99,-.090,0.0073,polars/raw/ALL.PD,3675
ST8-PD-048-05,48,NACA 0009,NANKIVIL,302900.,7,0.08,0.014,0.0068,polars/raw/ALL.PD,3676
ST8-PD-048-05,48,NACA 0009,NANKIVIL,302900.,8,1.10,0.127,0.0068,polars/raw/ALL.PD,3677
ST8-PD-048-05,48,NACA 0009,NANKIVIL,302900.,9,2.14,0.244,0.0080,polars/raw/ALL.PD,3678
ST8-PD-048-05,48,NACA 0009,NANKIVIL,302900.,10,3.17,0.345,0.0092,polars/raw/ALL.PD,3679
ST8-PD-048-05,48,NACA 0009,NANKIVIL,302900.,11,4.19,0.439,0.0114,polars/raw/ALL.PD,3680
ST8-PD-048-05,48,NACA 0009,NANKIVIL,302900.,12,5.21,0.528,0.0129,polars/raw/ALL.PD,3681
ST8-PD-048-05,48,NACA 0009,NANKIVIL,302900.,13,6.22,0.613,0.0159,polars/raw/ALL.PD,3682
ST8-PD-048-05,48,NACA 0009,NANKIVIL,302900.,14,7.23,0.686,0.0199,polars/raw/ALL.PD,3683
ST8-PD-048-05,48,NACA 0009,NANKIVIL,302900.,15,8.25,0.753,0.0279,polars/raw/ALL.PD,3684
ST8-PD-048-05,48,NACA 0009,NANKIVIL,302900.,16,9.27,0.792,0.0575,polars/raw/ALL.PD,3685
ST8-PD-049-01,49,NACA 2.5411,FRASER,58200.,1,-1.95,-.140,0.0190,polars/raw/ALL.PD,3694
ST8-PD-049-01,49,NACA 2.5411,FRASER,58200.,2,-0.92,-.026,0.0180,polars/raw/ALL.PD,3695
ST8-PD-049-01,49,NACA 2.5411,FRASER,58200.,3,0.11,0.130,0.0203,polars/raw/ALL.PD,3696
ST8-PD-049-01,49,NACA 2.5411,FRASER,58200.,4,1.14,0.253,0.0200,polars/raw/ALL.PD,3697
ST8-PD-049-01,49,NACA 2.5411,FRASER,58200.,5,2.18,0.370,0.0222,polars/raw/ALL.PD,3698
ST8-PD-049-01,49,NACA 2.5411,FRASER,58200.,6,3.21,0.486,0.0207,polars/raw/ALL.PD,3699
ST8-PD-049-01,49,NACA 2.5411,FRASER,58200.,7,4.21,0.580,0.0233,polars/raw/ALL.PD,3700
ST8-PD-049-01,49,NACA 2.5411,FRASER,58200.,8,5.23,0.652,0.0247,polars/raw/ALL.PD,3701
ST8-PD-049-01,49,NACA 2.5411,FRASER,58200.,9,6.24,0.725,0.0265,polars/raw/ALL.PD,3702
ST8-PD-049-01,49,NACA 2.5411,FRASER,58200.,10,7.26,0.811,0.0252,polars/raw/ALL.PD,3703
ST8-PD-049-01,49,NACA 2.5411,FRASER,58200.,11,8.28,0.874,0.0314,polars/raw/ALL.PD,3704
ST8-PD-049-01,49,NACA 2.5411,FRASER,58200.,12,9.29,0.934,0.0376,polars/raw/ALL.PD,3705
ST8-PD-049-01,49,NACA 2.5411,FRASER,58200.,13,10.30,0.978,0.0486,polars/raw/ALL.PD,3706
ST8-PD-049-01,49,NACA 2.5411,FRASER,58200.,14,11.30,0.996,0.0643,polars/raw/ALL.PD,3707
ST8-PD-049-02,49,NACA 2.5411,FRASER,101500.,1,-3.96,-.273,0.0213,polars/raw/ALL.PD,3710
ST8-PD-049-02,49,NACA 2.5411,FRASER,101500.,2,-2.96,-.168,0.0175,polars/raw/ALL.PD,3711
ST8-PD-049-02,49,NACA 2.5411,FRASER,101500.,3,-1.92,-.030,0.0153,polars/raw/ALL.PD,3712
ST8-PD-049-02,49,NACA 2.5411,FRASER,101500.,4,-0.88,0.118,0.0136,polars/raw/ALL.PD,3713
ST8-PD-049-02,49,NACA 2.5411,FRASER,101500.,5,0.15,0.240,0.0133,polars/raw/ALL.PD,3714
ST8-PD-049-02,49,NACA 2.5411,FRASER,101500.,6,1.16,0.328,0.0137,polars/raw/ALL.PD,3715
ST8-PD-049-02,49,NACA 2.5411,FRASER,101500.,7,2.17,0.411,0.0139,polars/raw/ALL.PD,3716
ST8-PD-049-02,49,NACA 2.5411,FRASER,101500.,8,3.20,0.503,0.0140,polars/raw/ALL.PD,3717
ST8-PD-049-02,49,NACA 2.5411,FRASER,101500.,9,4.22,0.596,0.0156,polars/raw/ALL.PD,3718
ST8-PD-049-02,49,NACA 2.5411,FRASER,101500.,10,5.24,0.683,0.0163,polars/raw/ALL.PD,3719
ST8-PD-049-02,49,NACA 2.5411,FRASER,101500.,11,6.26,0.763,0.0185,polars/raw/ALL.PD,3720
ST8-PD-049-02,49,NACA 2.5411,FRASER,101500.,12,7.27,0.821,0.0230,polars/raw/ALL.PD,3721
ST8-PD-049-02,49,NACA 2.5411,FRASER,101500.,13,8.28,0.873,0.0277,polars/raw/ALL.PD,3722
ST8-PD-049-02,49,NACA 2.5411,FRASER,101500.,14,9.30,0.926,0.0339,polars/raw/ALL.PD,3723
ST8-PD-049-02,49,NACA 2.5411,FRASER,101500.,15,10.30,0.973,0.0431,polars/raw/ALL.PD,3724
ST8-PD-049-03,49,NACA 2.5411,FRASER,200600.,1,-3.96,-.180,0.0142,polars/raw/ALL.PD,3727
ST8-PD-049-03,49,NACA 2.5411,FRASER,200600.,2,-2.94,-.066,0.0110,polars/raw/ALL.PD,3728
ST8-PD-049-03,49,NACA 2.5411,FRASER,200600.,3,-1.91,0.029,0.0114,polars/raw/ALL.PD,3729
ST8-PD-049-03,49,NACA 2.5411,FRASER,200600.,4,-0.88,0.113,0.0099,polars/raw/ALL.PD,3730
ST8-PD-049-03,49,NACA 2.5411,FRASER,200600.,5,0.13,0.239,0.0088,polars/raw/ALL.PD,3731
ST8-PD-049-03,49,NACA 2.5411,FRASER,200600.,6,1.17,0.339,0.0093,polars/raw/ALL.PD,3732
ST8-PD-049-03,49,NACA 2.5411,FRASER,200600.,7,2.19,0.438,0.0101,polars/raw/ALL.PD,3733
ST8-PD-049-03,49,NACA 2.5411,FRASER,200600.,8,3.21,0.537,0.0112,polars/raw/ALL.PD,3734
ST8-PD-049-03,49,NACA 2.5411,FRASER,200600.,9,4.23,0.631,0.0121,polars/raw/ALL.PD,3735
ST8-PD-049-03,49,NACA 2.5411,FRASER,200600.,10,5.24,0.715,0.0136,polars/raw/ALL.PD,3736
ST8-PD-049-03,49,NACA 2.5411,FRASER,200600.,11,6.26,0.785,0.0168,polars/raw/ALL.PD,3737
ST8-PD-049-03,49,NACA 2.5411,FRASER,200600.,12,7.28,0.851,0.0210,polars/raw/ALL.PD,3738
ST8-PD-049-03,49,NACA 2.5411,FRASER,200600.,13,8.29,0.914,0.0242,polars/raw/ALL.PD,3739
ST8-PD-049-03,49,NACA 2.5411,FRASER,200600.,14,9.30,0.970,0.0293,polars/raw/ALL.PD,3740
ST8-PD-049-03,49,NACA 2.5411,FRASER,200600.,15,10.31,1.015,0.0370,polars/raw/ALL.PD,3741
ST8-PD-049-03,49,NACA 2.5411,FRASER,200600.,16,11.32,1.044,0.0479,polars/raw/ALL.PD,3742
ST8-PD-049-04,49,NACA 2.5411,FRASER,303300.,1,-3.94,-.155,0.0125,polars/raw/ALL.PD,3745
ST8-PD-049-04,49,NACA 2.5411,FRASER,303300.,2,-2.94,-.067,0.0110,polars/raw/ALL.PD,3746
ST8-PD-049-04,49,NACA 2.5411,FRASER,303300.,3,-1.91,0.027,0.0099,polars/raw/ALL.PD,3747
ST8-PD-049-04,49,NACA 2.5411,FRASER,303300.,4,-0.90,0.119,0.0093,polars/raw/ALL.PD,3748
ST8-PD-049-04,49,NACA 2.5411,FRASER,303300.,5,0.12,0.206,0.0080,polars/raw/ALL.PD,3749
ST8-PD-049-04,49,NACA 2.5411,FRASER,303300.,6,1.17,0.344,0.0084,polars/raw/ALL.PD,3750
ST8-PD-049-04,49,NACA 2.5411,FRASER,303300.,7,2.18,0.441,0.0088,polars/raw/ALL.PD,3751
ST8-PD-049-04,49,NACA 2.5411,FRASER,303300.,8,3.21,0.537,0.0095,polars/raw/ALL.PD,3752
ST8-PD-049-04,49,NACA 2.5411,FRASER,303300.,9,4.22,0.625,0.0107,polars/raw/ALL.PD,3753
ST8-PD-049-04,49,NACA 2.5411,FRASER,303300.,10,5.24,0.703,0.0126,polars/raw/ALL.PD,3754
ST8-PD-050-01,50,NACA 6409,HALSEY,61400.,1,-0.83,0.325,0.0325,polars/raw/ALL.PD,3763
ST8-PD-050-01,50,NACA 6409,HALSEY,61400.,2,0.19,0.438,0.0305,polars/raw/ALL.PD,3764
ST8-PD-050-01,50,NACA 6409,HALSEY,61400.,3,1.19,0.541,0.0280,polars/raw/ALL.PD,3765
ST8-PD-050-01,50,NACA 6409,HALSEY,61400.,4,2.22,0.629,0.0313,polars/raw/ALL.PD,3766
ST8-PD-050-01,50,NACA 6409,HALSEY,61400.,5,3.23,0.716,0.0336,polars/raw/ALL.PD,3767
ST8-PD-050-01,50,NACA 6409,HALSEY,61400.,6,4.26,0.805,0.0365,polars/raw/ALL.PD,3768
ST8-PD-050-01,50,NACA 6409,HALSEY,61400.,7,5.26,0.873,0.0374,polars/raw/ALL.PD,3769
ST8-PD-050-01,50,NACA 6409,HALSEY,61400.,8,6.28,0.931,0.0391,polars/raw/ALL.PD,3770
ST8-PD-050-01,50,NACA 6409,HALSEY,61400.,9,7.24,0.714,0.0958,polars/raw/ALL.PD,3771
ST8-PD-050-01,50,NACA 6409,HALSEY,61400.,10,8.24,0.723,0.1167,polars/raw/ALL.PD,3772
ST8-PD-050-01,50,NACA 6409,HALSEY,61400.,11,9.25,0.765,0.1196,polars/raw/ALL.PD,3773
ST8-PD-050-01,50,NACA 6409,HALSEY,61400.,12,10.36,1.274,0.0333,polars/raw/ALL.PD,3774
ST8-PD-050-02,50,NACA 6409,HALSEY,79400.,1,-0.84,0.411,0.0271,polars/raw/ALL.PD,3777
ST8-PD-050-02,50,NACA 6409,HALSEY,79400.,2,0.18,0.525,0.0213,polars/raw/ALL.PD,3778
ST8-PD-050-02,50,NACA 6409,HALSEY,79400.,3,1.21,0.618,0.0221,polars/raw/ALL.PD,3779
ST8-PD-050-02,50,NACA 6409,HALSEY,79400.,4,2.21,0.700,0.0229,polars/raw/ALL.PD,3780
ST8-PD-050-02,50,NACA 6409,HALSEY,79400.,5,3.24,0.792,0.0223,polars/raw/ALL.PD,3781
ST8-PD-050-02,50,NACA 6409,HALSEY,79400.,6,4.25,0.887,0.0230,polars/raw/ALL.PD,3782
ST8-PD-050-02,50,NACA 6409,HALSEY,79400.,7,5.26,0.972,0.0247,polars/raw/ALL.PD,3783
ST8-PD-050-02,50,NACA 6409,HALSEY,79400.,8,6.28,1.055,0.0265,polars/raw/ALL.PD,3784
ST8-PD-050-02,50,NACA 6409,HALSEY,79400.,9,7.32,1.138,0.0298,polars/raw/ALL.PD,3785
ST8-PD-050-02,50,NACA 6409,HALSEY,79400.,10,8.32,1.207,0.0277,polars/raw/ALL.PD,3786
ST8-PD-050-02,50,NACA 6409,HALSEY,79400.,11,9.35,1.271,0.0303,polars/raw/ALL.PD,3787
ST8-PD-050-02,50,NACA 6409,HALSEY,79400.,12,10.35,1.320,0.0308,polars/raw/ALL.PD,3788
ST8-PD-050-02,50,NACA 6409,HALSEY,79400.,13,11.36,1.373,0.0276,polars/raw/ALL.PD,3789
ST8-PD-050-02,50,NACA 6409,HALSEY,79400.,14,12.36,1.369,0.0290,polars/raw/ALL.PD,3790
ST8-PD-050-02,50,NACA 6409,HALSEY,79400.,15,13.35,1.347,0.0521,polars/raw/ALL.PD,3791
ST8-PD-050-03,50,NACA 6409,HALSEY,102600.,1,-0.84,0.459,0.0200,polars/raw/ALL.PD,3794
ST8-PD-050-03,50,NACA 6409,HALSEY,102600.,2,0.14,0.549,0.0180,polars/raw/ALL.PD,3795
ST8-PD-050-03,50,NACA 6409,HALSEY,102600.,3,1.18,0.646,0.0187,polars/raw/ALL.PD,3796
ST8-PD-050-03,50,NACA 6409,HALSEY,102600.,4,2.20,0.739,0.0180,polars/raw/ALL.PD,3797
ST8-PD-050-03,50,NACA 6409,HALSEY,102600.,5,3.23,0.829,0.0188,polars/raw/ALL.PD,3798
ST8-PD-050-03,50,NACA 6409,HALSEY,102600.,6,4.24,0.922,0.0193,polars/raw/ALL.PD,3799
ST8-PD-050-03,50,NACA 6409,HALSEY,102600.,7,5.27,1.015,0.0202,polars/raw/ALL.PD,3800
ST8-PD-050-03,50,NACA 6409,HALSEY,102600.,8,6.29,1.093,0.0205,polars/raw/ALL.PD,3801
ST8-PD-050-03,50,NACA 6409,HALSEY,102600.,9,7.32,1.179,0.0220,polars/raw/ALL.PD,3802
ST8-PD-050-03,50,NACA 6409,HALSEY,102600.,10,8.31,1.248,0.0231,polars/raw/ALL.PD,3803
ST8-PD-050-03,50,NACA 6409,HALSEY,102600.,11,9.34,1.312,0.0242,polars/raw/ALL.PD,3804
ST8-PD-050-03,50,NACA 6409,HALSEY,102600.,12,10.37,1.353,0.0263,polars/raw/ALL.PD,3805
ST8-PD-050-03,50,NACA 6409,HALSEY,102600.,13,11.35,1.366,0.0276,polars/raw/ALL.PD,3806
ST8-PD-050-03,50,NACA 6409,HALSEY,102600.,14,12.36,1.350,0.0364,polars/raw/ALL.PD,3807
ST8-PD-050-03,50,NACA 6409,HALSEY,102600.,15,13.36,1.329,0.0413,polars/raw/ALL.PD,3808
ST8-PD-050-03,50,NACA 6409,HALSEY,102600.,16,14.36,1.303,0.0571,polars/raw/ALL.PD,3809
ST8-PD-050-04,50,NACA 6409,HALSEY,147300.,1,-0.90,0.481,0.0122,polars/raw/ALL.PD,3812
ST8-PD-050-04,50,NACA 6409,HALSEY,147300.,2,0.10,0.575,0.0124,polars/raw/ALL.PD,3813
ST8-PD-050-04,50,NACA 6409,HALSEY,147300.,3,1.18,0.673,0.0119,polars/raw/ALL.PD,3814
ST8-PD-050-04,50,NACA 6409,HALSEY,147300.,4,2.20,0.779,0.0127,polars/raw/ALL.PD,3815
ST8-PD-050-04,50,NACA 6409,HALSEY,147300.,5,3.19,0.880,0.0138,polars/raw/ALL.PD,3816
ST8-PD-050-04,50,NACA 6409,HALSEY,147300.,6,4.23,0.974,0.0148,polars/raw/ALL.PD,3817
ST8-PD-050-04,50,NACA 6409,HALSEY,147300.,7,5.23,1.063,0.0158,polars/raw/ALL.PD,3818
ST8-PD-050-04,50,NACA 6409,HALSEY,147300.,8,6.26,1.153,0.0165,polars/raw/ALL.PD,3819
ST8-PD-050-04,50,NACA 6409,HALSEY,147300.,9,7.28,1.234,0.0166,polars/raw/ALL.PD,3820
ST8-PD-050-04,50,NACA 6409,HALSEY,147300.,10,8.31,1.301,0.0179,polars/raw/ALL.PD,3821
ST8-PD-050-04,50,NACA 6409,HALSEY,147300.,11,9.35,1.361,0.0206,polars/raw/ALL.PD,3822
ST8-PD-050-04,50,NACA 6409,HALSEY,147300.,12,10.33,1.383,0.0237,polars/raw/ALL.PD,3823
ST8-PD-050-04,50,NACA 6409,HALSEY,147300.,13,11.33,1.383,0.0276,polars/raw/ALL.PD,3824
ST8-PD-050-04,50,NACA 6409,HALSEY,147300.,14,12.35,1.343,0.0349,polars/raw/ALL.PD,3825
ST8-PD-050-04,50,NACA 6409,HALSEY,147300.,15,13.34,1.324,0.0382,polars/raw/ALL.PD,3826
ST8-PD-050-05,50,NACA 6409,HALSEY,200100.,1,-0.87,0.536,0.0124,polars/raw/ALL.PD,3829
ST8-PD-050-05,50,NACA 6409,HALSEY,200100.,2,0.18,0.639,0.0120,polars/raw/ALL.PD,3830
ST8-PD-050-05,50,NACA 6409,HALSEY,200100.,3,1.20,0.730,0.0112,polars/raw/ALL.PD,3831
ST8-PD-050-05,50,NACA 6409,HALSEY,200100.,4,2.18,0.821,0.0115,polars/raw/ALL.PD,3832
ST8-PD-050-05,50,NACA 6409,HALSEY,200100.,5,3.17,0.912,0.0124,polars/raw/ALL.PD,3833
ST8-PD-050-05,50,NACA 6409,HALSEY,200100.,6,4.21,1.006,0.0134,polars/raw/ALL.PD,3834
ST8-PD-050-05,50,NACA 6409,HALSEY,200100.,7,5.20,1.092,0.0143,polars/raw/ALL.PD,3835
ST8-PD-050-05,50,NACA 6409,HALSEY,200100.,8,6.22,1.175,0.0155,polars/raw/ALL.PD,3836
ST8-PD-050-05,50,NACA 6409,HALSEY,200100.,9,7.38,1.265,0.0165,polars/raw/ALL.PD,3837
ST8-PD-050-05,50,NACA 6409,HALSEY,200100.,10,8.32,1.315,0.0177,polars/raw/ALL.PD,3838
ST8-PD-050-05,50,NACA 6409,HALSEY,200100.,11,9.31,1.342,0.0206,polars/raw/ALL.PD,3839
ST8-PD-050-05,50,NACA 6409,HALSEY,200100.,12,10.33,1.339,0.0240,polars/raw/ALL.PD,3840
ST8-PD-050-05,50,NACA 6409,HALSEY,200100.,13,11.33,1.325,0.0286,polars/raw/ALL.PD,3841
ST8-PD-050-05,50,NACA 6409,HALSEY,200100.,14,12.33,1.301,0.0309,polars/raw/ALL.PD,3842
ST8-PD-050-05,50,NACA 6409,HALSEY,200100.,15,13.29,1.280,0.0369,polars/raw/ALL.PD,3843
ST8-PD-050-05,50,NACA 6409,HALSEY,200100.,16,14.29,1.260,0.0549,polars/raw/ALL.PD,3844
ST8-PD-051-01,51,NACA 64A010,CHAMPINE,62800.,1,-5.01,-.484,0.0154,polars/raw/ALL.PD,3853
ST8-PD-051-01,51,NACA 64A010,CHAMPINE,62800.,2,-4.00,-.404,0.0152,polars/raw/ALL.PD,3854
ST8-PD-051-01,51,NACA 64A010,CHAMPINE,62800.,3,-2.97,-.330,0.0146,polars/raw/ALL.PD,3855
ST8-PD-051-01,51,NACA 64A010,CHAMPINE,62800.,4,-1.95,-.190,0.0179,polars/raw/ALL.PD,3856
ST8-PD-051-01,51,NACA 64A010,CHAMPINE,62800.,5,-0.91,-.030,0.0174,polars/raw/ALL.PD,3857
ST8-PD-051-01,51,NACA 64A010,CHAMPINE,62800.,6,-0.40,-.013,0.0191,polars/raw/ALL.PD,3858
ST8-PD-051-01,51,NACA 64A010,CHAMPINE,62800.,7,0.08,-.007,0.0135,polars/raw/ALL.PD,3859
ST8-PD-051-01,51,NACA 64A010,CHAMPINE,62800.,8,0.60,-.005,0.0135,polars/raw/ALL.PD,3860
ST8-PD-051-01,51,NACA 64A010,CHAMPINE,62800.,9,1.10,0.018,0.0149,polars/raw/ALL.PD,3861
ST8-PD-051-01,51,NACA 64A010,CHAMPINE,62800.,10,1.62,0.088,0.0189,polars/raw/ALL.PD,3862
ST8-PD-051-01,51,NACA 64A010,CHAMPINE,62800.,11,2.14,0.206,0.0181,polars/raw/ALL.PD,3863
ST8-PD-051-01,51,NACA 64A010,CHAMPINE,62800.,12,3.15,0.333,0.0162,polars/raw/ALL.PD,3864
ST8-PD-051-01,51,NACA 64A010,CHAMPINE,62800.,13,4.18,0.413,0.0170,polars/raw/ALL.PD,3865
ST8-PD-051-01,51,NACA 64A010,CHAMPINE,62800.,14,5.20,0.471,0.0227,polars/raw/ALL.PD,3866
ST8-PD-051-01,51,NACA 64A010,CHAMPINE,62800.,15,6.20,0.525,0.0296,polars/raw/ALL.PD,3867
ST8-PD-051-01,51,NACA 64A010,CHAMPINE,62800.,16,7.22,0.572,0.0415,polars/raw/ALL.PD,3868
ST8-PD-051-02,51,NACA 64A010,CHAMPINE,104200.,1,-5.01,-.465,0.0143,polars/raw/ALL.PD,3871
ST8-PD-051-02,51,NACA 64A010,CHAMPINE,104200.,2,-3.99,-.398,0.0129,polars/raw/ALL.PD,3872
ST8-PD-051-02,51,NACA 64A010,CHAMPINE,104200.,3,-2.98,-.327,0.0124,polars/raw/ALL.PD,3873
ST8-PD-051-02,51,NACA 64A010,CHAMPINE,104200.,4,-1.96,-.240,0.0124,polars/raw/ALL.PD,3874
ST8-PD-051-02,51,NACA 64A010,CHAMPINE,104200.,5,-0.93,-.089,0.0127,polars/raw/ALL.PD,3875
ST8-PD-051-02,51,NACA 64A010,CHAMPINE,104200.,6,0.09,0.012,0.0121,polars/raw/ALL.PD,3876
ST8-PD-051-02,51,NACA 64A010,CHAMPINE,104200.,7,1.15,0.191,0.0133,polars/raw/ALL.PD,3877
ST8-PD-051-02,51,NACA 64A010,CHAMPINE,104200.,8,2.16,0.301,0.0130,polars/raw/ALL.PD,3878
ST8-PD-051-02,51,NACA 64A010,CHAMPINE,104200.,9,3.16,0.368,0.0127,polars/raw/ALL.PD,3879
ST8-PD-051-02,51,NACA 64A010,CHAMPINE,104200.,10,4.19,0.434,0.0131,polars/raw/ALL.PD,3880
ST8-PD-051-02,51,NACA 64A010,CHAMPINE,104200.,11,5.20,0.493,0.0203,polars/raw/ALL.PD,3881
ST8-PD-051-02,51,NACA 64A010,CHAMPINE,104200.,12,6.22,0.559,0.0262,polars/raw/ALL.PD,3882
ST8-PD-051-02,51,NACA 64A010,CHAMPINE,104200.,13,7.23,0.621,0.0334,polars/raw/ALL.PD,3883
ST8-PD-051-02,51,NACA 64A010,CHAMPINE,104200.,14,8.25,0.676,0.0494,polars/raw/ALL.PD,3884
ST8-PD-051-03,51,NACA 64A010,CHAMPINE,150200.,1,-6.02,-.565,0.0181,polars/raw/ALL.PD,3887
ST8-PD-051-03,51,NACA 64A010,CHAMPINE,150200.,2,-4.52,-.465,0.0123,polars/raw/ALL.PD,3888
ST8-PD-051-03,51,NACA 64A010,CHAMPINE,150200.,3,-3.00,-.347,0.0110,polars/raw/ALL.PD,3889
ST8-PD-051-03,51,NACA 64A010,CHAMPINE,150200.,4,-1.47,-.223,0.0103,polars/raw/ALL.PD,3890
ST8-PD-051-03,51,NACA 64A010,CHAMPINE,150200.,5,0.07,0.002,0.0104,polars/raw/ALL.PD,3891
ST8-PD-051-03,51,NACA 64A010,CHAMPINE,150200.,6,1.63,0.227,0.0108,polars/raw/ALL.PD,3892
ST8-PD-051-03,51,NACA 64A010,CHAMPINE,150200.,7,3.16,0.362,0.0102,polars/raw/ALL.PD,3893
ST8-PD-051-03,51,NACA 64A010,CHAMPINE,150200.,8,4.70,0.468,0.0154,polars/raw/ALL.PD,3894
ST8-PD-051-03,51,NACA 64A010,CHAMPINE,150200.,9,6.21,0.574,0.0217,polars/raw/ALL.PD,3895
ST8-PD-051-03,51,NACA 64A010,CHAMPINE,150200.,10,7.74,0.673,0.0366,polars/raw/ALL.PD,3896
ST8-PD-051-04,51,NACA 64A010,CHAMPINE,203300.,1,-5.01,-.454,0.0129,polars/raw/ALL.PD,3899
ST8-PD-051-04,51,NACA 64A010,CHAMPINE,203300.,2,-4.00,-.383,0.0100,polars/raw/ALL.PD,3900
ST8-PD-051-04,51,NACA 64A010,CHAMPINE,203300.,3,-2.97,-.299,0.0096,polars/raw/ALL.PD,3901
ST8-PD-051-04,51,NACA 64A010,CHAMPINE,203300.,4,-1.95,-.184,0.0098,polars/raw/ALL.PD,3902
ST8-PD-051-04,51,NACA 64A010,CHAMPINE,203300.,5,-0.91,-.048,0.0092,polars/raw/ALL.PD,3903
ST8-PD-051-04,51,NACA 64A010,CHAMPINE,203300.,6,0.11,0.053,0.0093,polars/raw/ALL.PD,3904
ST8-PD-051-04,51,NACA 64A010,CHAMPINE,203300.,7,1.13,0.155,0.0091,polars/raw/ALL.PD,3905
ST8-PD-051-04,51,NACA 64A010,CHAMPINE,203300.,8,2.15,0.291,0.0094,polars/raw/ALL.PD,3906
ST8-PD-051-04,51,NACA 64A010,CHAMPINE,203300.,9,3.18,0.384,0.0099,polars/raw/ALL.PD,3907
ST8-PD-051-04,51,NACA 64A010,CHAMPINE,203300.,10,4.20,0.450,0.0131,polars/raw/ALL.PD,3908
ST8-PD-051-04,51,NACA 64A010,CHAMPINE,203300.,11,5.21,0.526,0.0166,polars/raw/ALL.PD,3909
ST8-PD-051-04,51,NACA 64A010,CHAMPINE,203300.,12,6.23,0.601,0.0201,polars/raw/ALL.PD,3910
ST8-PD-051-04,51,NACA 64A010,CHAMPINE,203300.,13,7.24,0.665,0.0272,polars/raw/ALL.PD,3911
ST8-PD-051-04,51,NACA 64A010,CHAMPINE,203300.,14,8.26,0.724,0.0523,polars/raw/ALL.PD,3912
ST8-PD-051-05,51,NACA 64A010,CHAMPINE,301000.,1,-5.02,-.463,0.0120,polars/raw/ALL.PD,3915
ST8-PD-051-05,51,NACA 64A010,CHAMPINE,301000.,2,-4.04,-.385,0.0100,polars/raw/ALL.PD,3916
ST8-PD-051-05,51,NACA 64A010,CHAMPINE,301000.,3,-2.98,-.266,0.0083,polars/raw/ALL.PD,3917
ST8-PD-051-05,51,NACA 64A010,CHAMPINE,301000.,4,-1.95,-.140,0.0075,polars/raw/ALL.PD,3918
ST8-PD-051-05,51,NACA 64A010,CHAMPINE,301000.,5,-0.91,-.040,0.0073,polars/raw/ALL.PD,3919
ST8-PD-051-05,51,NACA 64A010,CHAMPINE,301000.,6,0.11,0.049,0.0075,polars/raw/ALL.PD,3920
ST8-PD-051-05,51,NACA 64A010,CHAMPINE,301000.,7,1.13,0.140,0.0075,polars/raw/ALL.PD,3921
ST8-PD-051-05,51,NACA 64A010,CHAMPINE,301000.,8,2.15,0.244,0.0081,polars/raw/ALL.PD,3922
ST8-PD-051-05,51,NACA 64A010,CHAMPINE,301000.,9,3.17,0.365,0.0104,polars/raw/ALL.PD,3923
ST8-PD-051-05,51,NACA 64A010,CHAMPINE,301000.,10,4.19,0.448,0.0122,polars/raw/ALL.PD,3924
ST8-PD-051-05,51,NACA 64A010,CHAMPINE,301000.,11,5.20,0.527,0.0146,polars/raw/ALL.PD,3925
ST8-PD-051-05,51,NACA 64A010,CHAMPINE,301000.,12,6.23,0.602,0.0177,polars/raw/ALL.PD,3926
ST8-PD-051-05,51,NACA 64A010,CHAMPINE,301000.,13,7.25,0.670,0.0235,polars/raw/ALL.PD,3927
ST8-PD-052-01,52,RG15,FOX,59600.,1,-2.93,-.125,0.0159,polars/raw/ALL.PD,3936
ST8-PD-052-01,52,RG15,FOX,59600.,2,-1.92,-.069,0.0132,polars/raw/ALL.PD,3937
ST8-PD-052-01,52,RG15,FOX,59600.,3,-0.91,0.017,0.0141,polars/raw/ALL.PD,3938
ST8-PD-052-01,52,RG15,FOX,59600.,4,0.12,0.120,0.0188,polars/raw/ALL.PD,3939
ST8-PD-052-01,52,RG15,FOX,59600.,5,1.14,0.215,0.0164,polars/raw/ALL.PD,3940
ST8-PD-052-01,52,RG15,FOX,59600.,6,2.18,0.392,0.0213,polars/raw/ALL.PD,3941
ST8-PD-052-01,52,RG15,FOX,59600.,7,3.21,0.540,0.0195,polars/raw/ALL.PD,3942
ST8-PD-052-01,52,RG15,FOX,59600.,8,4.23,0.622,0.0187,polars/raw/ALL.PD,3943
ST8-PD-052-01,52,RG15,FOX,59600.,9,5.23,0.691,0.0186,polars/raw/ALL.PD,3944
ST8-PD-052-01,52,RG15,FOX,59600.,10,6.25,0.772,0.0219,polars/raw/ALL.PD,3945
ST8-PD-052-01,52,RG15,FOX,59600.,11,7.28,0.853,0.0242,polars/raw/ALL.PD,3946
ST8-PD-052-01,52,RG15,FOX,59600.,12,8.29,0.911,0.0289,polars/raw/ALL.PD,3947
ST8-PD-052-01,52,RG15,FOX,59600.,13,9.30,0.965,0.0353,polars/raw/ALL.PD,3948
ST8-PD-052-01,52,RG15,FOX,59600.,14,10.32,1.009,0.0469,polars/raw/ALL.PD,3949
ST8-PD-052-01,52,RG15,FOX,59600.,15,11.33,1.026,0.0693,polars/raw/ALL.PD,3950
ST8-PD-052-02,52,RG15,FOX,99600.,1,-2.93,-.139,0.0141,polars/raw/ALL.PD,3953
ST8-PD-052-02,52,RG15,FOX,99600.,2,-1.93,-.059,0.0125,polars/raw/ALL.PD,3954
ST8-PD-052-02,52,RG15,FOX,99600.,3,-0.91,0.021,0.0113,polars/raw/ALL.PD,3955
ST8-PD-052-02,52,RG15,FOX,99600.,4,0.13,0.141,0.0129,polars/raw/ALL.PD,3956
ST8-PD-052-02,52,RG15,FOX,99600.,5,1.16,0.310,0.0144,polars/raw/ALL.PD,3957
ST8-PD-052-02,52,RG15,FOX,99600.,6,2.19,0.452,0.0131,polars/raw/ALL.PD,3958
ST8-PD-052-02,52,RG15,FOX,99600.,7,3.21,0.544,0.0134,polars/raw/ALL.PD,3959
ST8-PD-052-02,52,RG15,FOX,99600.,8,4.23,0.630,0.0149,polars/raw/ALL.PD,3960
ST8-PD-052-02,52,RG15,FOX,99600.,9,5.25,0.718,0.0159,polars/raw/ALL.PD,3961
ST8-PD-052-02,52,RG15,FOX,99600.,10,6.27,0.801,0.0182,polars/raw/ALL.PD,3962
ST8-PD-052-02,52,RG15,FOX,99600.,11,7.28,0.877,0.0210,polars/raw/ALL.PD,3963
ST8-PD-052-02,52,RG15,FOX,99600.,12,8.29,0.946,0.0247,polars/raw/ALL.PD,3964
ST8-PD-052-02,52,RG15,FOX,99600.,13,9.31,0.997,0.0309,polars/raw/ALL.PD,3965
ST8-PD-052-02,52,RG15,FOX,99600.,14,10.32,1.035,0.0401,polars/raw/ALL.PD,3966
ST8-PD-052-02,52,RG15,FOX,99600.,15,11.33,1.055,0.0536,polars/raw/ALL.PD,3967
ST8-PD-052-03,52,RG15,FOX,146100.,1,-2.92,-.133,0.0127,polars/raw/ALL.PD,3970
ST8-PD-052-03,52,RG15,FOX,146100.,2,-1.90,-.043,0.0106,polars/raw/ALL.PD,3971
ST8-PD-052-03,52,RG15,FOX,146100.,3,-0.90,0.065,0.0097,polars/raw/ALL.PD,3972
ST8-PD-052-03,52,RG15,FOX,146100.,4,0.13,0.214,0.0101,polars/raw/ALL.PD,3973
ST8-PD-052-03,52,RG15,FOX,146100.,5,1.16,0.345,0.0097,polars/raw/ALL.PD,3974
ST8-PD-052-03,52,RG15,FOX,146100.,6,2.19,0.461,0.0103,polars/raw/ALL.PD,3975
ST8-PD-052-03,52,RG15,FOX,146100.,7,3.21,0.564,0.0112,polars/raw/ALL.PD,3976
ST8-PD-052-03,52,RG15,FOX,146100.,8,4.24,0.665,0.0128,polars/raw/ALL.PD,3977
ST8-PD-052-03,52,RG15,FOX,146100.,9,5.26,0.763,0.0142,polars/raw/ALL.PD,3978
ST8-PD-052-03,52,RG15,FOX,146100.,10,6.28,0.860,0.0164,polars/raw/ALL.PD,3979
ST8-PD-052-03,52,RG15,FOX,146100.,11,7.30,0.949,0.0190,polars/raw/ALL.PD,3980
ST8-PD-052-04,52,RG15,FOX,200900.,1,-4.00,-.232,0.0144,polars/raw/ALL.PD,3983
ST8-PD-052-04,52,RG15,FOX,200900.,2,-2.96,-.139,0.0123,polars/raw/ALL.PD,3984
ST8-PD-052-04,52,RG15,FOX,200900.,3,-1.92,-.027,0.0108,polars/raw/ALL.PD,3985
ST8-PD-052-04,52,RG15,FOX,200900.,4,-0.91,0.098,0.0094,polars/raw/ALL.PD,3986
ST8-PD-052-04,52,RG15,FOX,200900.,5,0.12,0.221,0.0085,polars/raw/ALL.PD,3987
ST8-PD-052-04,52,RG15,FOX,200900.,6,1.15,0.329,0.0083,polars/raw/ALL.PD,3988
ST8-PD-052-04,52,RG15,FOX,200900.,7,2.19,0.430,0.0087,polars/raw/ALL.PD,3989
ST8-PD-052-04,52,RG15,FOX,200900.,8,3.19,0.526,0.0096,polars/raw/ALL.PD,3990
ST8-PD-052-04,52,RG15,FOX,200900.,9,4.22,0.627,0.0107,polars/raw/ALL.PD,3991
ST8-PD-052-04,52,RG15,FOX,200900.,10,5.25,0.716,0.0121,polars/raw/ALL.PD,3992
ST8-PD-052-04,52,RG15,FOX,200900.,11,6.26,0.804,0.0144,polars/raw/ALL.PD,3993
ST8-PD-052-04,52,RG15,FOX,200900.,12,7.28,0.890,0.0165,polars/raw/ALL.PD,3994
ST8-PD-052-04,52,RG15,FOX,200900.,13,8.30,0.965,0.0191,polars/raw/ALL.PD,3995
ST8-PD-052-04,52,RG15,FOX,200900.,14,9.31,1.022,0.0249,polars/raw/ALL.PD,3996
ST8-PD-052-04,52,RG15,FOX,200900.,15,10.33,1.065,0.0309,polars/raw/ALL.PD,3997
ST8-PD-052-04,52,RG15,FOX,200900.,16,11.33,1.084,0.0410,polars/raw/ALL.PD,3998
ST8-PD-052-05,52,RG15,FOX,302600.,1,-3.99,-.215,0.0126,polars/raw/ALL.PD,4001
ST8-PD-052-05,52,RG15,FOX,302600.,2,-2.97,-.095,0.0109,polars/raw/ALL.PD,4002
ST8-PD-052-05,52,RG15,FOX,302600.,3,-1.97,0.034,0.0092,polars/raw/ALL.PD,4003
ST8-PD-052-05,52,RG15,FOX,302600.,4,-0.93,0.146,0.0076,polars/raw/ALL.PD,4004
ST8-PD-052-05,52,RG15,FOX,302600.,5,0.05,0.239,0.0069,polars/raw/ALL.PD,4005
ST8-PD-052-05,52,RG15,FOX,302600.,6,1.09,0.331,0.0075,polars/raw/ALL.PD,4006
ST8-PD-052-05,52,RG15,FOX,302600.,7,2.17,0.440,0.0078,polars/raw/ALL.PD,4007
ST8-PD-052-05,52,RG15,FOX,302600.,8,3.20,0.543,0.0087,polars/raw/ALL.PD,4008
ST8-PD-052-05,52,RG15,FOX,302600.,9,4.23,0.639,0.0100,polars/raw/ALL.PD,4009
ST8-PD-052-05,52,RG15,FOX,302600.,10,5.24,0.730,0.0115,polars/raw/ALL.PD,4010
ST8-PD-052-05,52,RG15,FOX,302600.,11,6.27,0.820,0.0131,polars/raw/ALL.PD,4011
ST8-PD-052-05,52,RG15,FOX,302600.,12,7.29,0.907,0.0150,polars/raw/ALL.PD,4012
ST8-PD-052-05,52,RG15,FOX,302600.,13,8.30,0.981,0.0185,polars/raw/ALL.PD,4013
ST8-PD-053-01,53,"RG15 UST .020, .125, 20%",FOX,102300.,1,-3.96,-.227,0.0183,polars/raw/ALL.PD,4022
ST8-PD-053-01,53,"RG15 UST .020, .125, 20%",FOX,102300.,2,-2.94,-.130,0.0144,polars/raw/ALL.PD,4023
ST8-PD-053-01,53,"RG15 UST .020, .125, 20%",FOX,102300.,3,-1.93,-.046,0.0116,polars/raw/ALL.PD,4024
ST8-PD-053-01,53,"RG15 UST .020, .125, 20%",FOX,102300.,4,-0.90,0.076,0.0117,polars/raw/ALL.PD,4025
ST8-PD-053-01,53,"RG15 UST .020, .125, 20%",FOX,102300.,5,0.12,0.214,0.0121,polars/raw/ALL.PD,4026
ST8-PD-053-01,53,"RG15 UST .020, .125, 20%",FOX,102300.,6,1.16,0.338,0.0120,polars/raw/ALL.PD,4027
ST8-PD-053-01,53,"RG15 UST .020, .125, 20%",FOX,102300.,7,2.19,0.447,0.0125,polars/raw/ALL.PD,4028
ST8-PD-053-01,53,"RG15 UST .020, .125, 20%",FOX,102300.,8,3.20,0.541,0.0121,polars/raw/ALL.PD,4029
ST8-PD-053-01,53,"RG15 UST .020, .125, 20%",FOX,102300.,9,4.24,0.633,0.0124,polars/raw/ALL.PD,4030
ST8-PD-053-01,53,"RG15 UST .020, .125, 20%",FOX,102300.,10,5.24,0.721,0.0156,polars/raw/ALL.PD,4031
ST8-PD-053-01,53,"RG15 UST .020, .125, 20%",FOX,102300.,11,6.25,0.804,0.0165,polars/raw/ALL.PD,4032
ST8-PD-053-01,53,"RG15 UST .020, .125, 20%",FOX,102300.,12,7.27,0.879,0.0210,polars/raw/ALL.PD,4033
ST8-PD-053-01,53,"RG15 UST .020, .125, 20%",FOX,102300.,13,8.30,0.945,0.0264,polars/raw/ALL.PD,4034
ST8-PD-053-01,53,"RG15 UST .020, .125, 20%",FOX,102300.,14,9.31,0.997,0.0299,polars/raw/ALL.PD,4035
ST8-PD-053-01,53,"RG15 UST .020, .125, 20%",FOX,102300.,15,10.31,1.017,0.0625,polars/raw/ALL.PD,4036
ST8-PD-053-02,53,"RG15 UST .020, .125, 20%",FOX,151600.,1,-3.97,-.216,0.0154,polars/raw/ALL.PD,4039
ST8-PD-053-02,53,"RG15 UST .020, .125, 20%",FOX,151600.,2,-2.94,-.099,0.0129,polars/raw/ALL.PD,4040
ST8-PD-053-02,53,"RG15 UST .020, .125, 20%",FOX,151600.,3,-1.91,0.027,0.0108,polars/raw/ALL.PD,4041
ST8-PD-053-02,53,"RG15 UST .020, .125, 20%",FOX,151600.,4,-0.89,0.124,0.0097,polars/raw/ALL.PD,4042
ST8-PD-053-02,53,"RG15 UST .020, .125, 20%",FOX,151600.,5,0.13,0.237,0.0088,polars/raw/ALL.PD,4043
ST8-PD-053-02,53,"RG15 UST .020, .125, 20%",FOX,151600.,6,1.17,0.347,0.0101,polars/raw/ALL.PD,4044
ST8-PD-053-02,53,"RG15 UST .020, .125, 20%",FOX,151600.,7,2.19,0.449,0.0109,polars/raw/ALL.PD,4045
ST8-PD-053-02,53,"RG15 UST .020, .125, 20%",FOX,151600.,8,3.21,0.549,0.0116,polars/raw/ALL.PD,4046
ST8-PD-053-02,53,"RG15 UST .020, .125, 20%",FOX,151600.,9,4.23,0.648,0.0125,polars/raw/ALL.PD,4047
ST8-PD-053-02,53,"RG15 UST .020, .125, 20%",FOX,151600.,10,5.24,0.743,0.0140,polars/raw/ALL.PD,4048
ST8-PD-053-02,53,"RG15 UST .020, .125, 20%",FOX,151600.,11,6.27,0.833,0.0166,polars/raw/ALL.PD,4049
ST8-PD-053-02,53,"RG15 UST .020, .125, 20%",FOX,151600.,12,7.28,0.917,0.0188,polars/raw/ALL.PD,4050
ST8-PD-053-02,53,"RG15 UST .020, .125, 20%",FOX,151600.,13,8.31,0.989,0.0237,polars/raw/ALL.PD,4051
ST8-PD-053-02,53,"RG15 UST .020, .125, 20%",FOX,151600.,14,9.30,1.040,0.0276,polars/raw/ALL.PD,4052
ST8-PD-053-02,53,"RG15 UST .020, .125, 20%",FOX,151600.,15,10.33,1.076,0.0387,polars/raw/ALL.PD,4053
ST8-PD-053-02,53,"RG15 UST .020, .125, 20%",FOX,151600.,16,11.32,1.089,0.0505,polars/raw/ALL.PD,4054
ST8-PD-053-02,53,"RG15 UST .020, .125, 20%",FOX,151600.,17,12.30,1.038,0.1342,polars/raw/ALL.PD,4055
ST8-PD-053-03,53,"RG15 UST .020, .125, 20%",FOX,201200.,1,-3.97,-.188,0.0135,polars/raw/ALL.PD,4058
ST8-PD-053-03,53,"RG15 UST .020, .125, 20%",FOX,201200.,2,-2.93,-.062,0.0114,polars/raw/ALL.PD,4059
ST8-PD-053-03,53,"RG15 UST .020, .125, 20%",FOX,201200.,3,-1.92,0.050,0.0090,polars/raw/ALL.PD,4060
ST8-PD-053-03,53,"RG15 UST .020, .125, 20%",FOX,201200.,4,-0.90,0.137,0.0083,polars/raw/ALL.PD,4061
ST8-PD-053-03,53,"RG15 UST .020, .125, 20%",FOX,201200.,5,0.14,0.229,0.0086,polars/raw/ALL.PD,4062
ST8-PD-053-03,53,"RG15 UST .020, .125, 20%",FOX,201200.,6,1.15,0.338,0.0093,polars/raw/ALL.PD,4063
ST8-PD-053-03,53,"RG15 UST .020, .125, 20%",FOX,201200.,7,2.17,0.442,0.0100,polars/raw/ALL.PD,4064
ST8-PD-053-03,53,"RG15 UST .020, .125, 20%",FOX,201200.,8,3.20,0.546,0.0109,polars/raw/ALL.PD,4065
ST8-PD-053-03,53,"RG15 UST .020, .125, 20%",FOX,201200.,9,4.22,0.647,0.0121,polars/raw/ALL.PD,4066
ST8-PD-053-03,53,"RG15 UST .020, .125, 20%",FOX,201200.,10,5.24,0.747,0.0133,polars/raw/ALL.PD,4067
ST8-PD-053-03,53,"RG15 UST .020, .125, 20%",FOX,201200.,11,6.26,0.843,0.0148,polars/raw/ALL.PD,4068
ST8-PD-053-03,53,"RG15 UST .020, .125, 20%",FOX,201200.,12,7.29,0.929,0.0178,polars/raw/ALL.PD,4069
ST8-PD-053-03,53,"RG15 UST .020, .125, 20%",FOX,201200.,13,8.29,0.998,0.0220,polars/raw/ALL.PD,4070
ST8-PD-053-03,53,"RG15 UST .020, .125, 20%",FOX,201200.,14,9.32,1.053,0.0282,polars/raw/ALL.PD,4071
ST8-PD-053-03,53,"RG15 UST .020, .125, 20%",FOX,201200.,15,10.32,1.089,0.0361,polars/raw/ALL.PD,4072
ST8-PD-053-03,53,"RG15 UST .020, .125, 20%",FOX,201200.,16,11.32,1.103,0.0463,polars/raw/ALL.PD,4073
ST8-PD-053-04,53,"RG15 UST .020, .125, 20%",FOX,313500.,1,-3.97,-.164,0.0121,polars/raw/ALL.PD,4076
ST8-PD-053-04,53,"RG15 UST .020, .125, 20%",FOX,313500.,2,-2.96,-.065,0.0107,polars/raw/ALL.PD,4077
ST8-PD-053-04,53,"RG15 UST .020, .125, 20%",FOX,313500.,3,-1.96,0.025,0.0101,polars/raw/ALL.PD,4078
ST8-PD-053-04,53,"RG15 UST .020, .125, 20%",FOX,313500.,4,-0.94,0.125,0.0091,polars/raw/ALL.PD,4079
ST8-PD-053-04,53,"RG15 UST .020, .125, 20%",FOX,313500.,5,0.11,0.227,0.0095,polars/raw/ALL.PD,4080
ST8-PD-053-04,53,"RG15 UST .020, .125, 20%",FOX,313500.,6,1.15,0.330,0.0096,polars/raw/ALL.PD,4081
ST8-PD-053-04,53,"RG15 UST .020, .125, 20%",FOX,313500.,7,2.17,0.440,0.0098,polars/raw/ALL.PD,4082
ST8-PD-053-04,53,"RG15 UST .020, .125, 20%",FOX,313500.,8,3.19,0.549,0.0104,polars/raw/ALL.PD,4083
ST8-PD-053-04,53,"RG15 UST .020, .125, 20%",FOX,313500.,9,4.22,0.652,0.0110,polars/raw/ALL.PD,4084
ST8-PD-053-04,53,"RG15 UST .020, .125, 20%",FOX,313500.,10,5.26,0.754,0.0122,polars/raw/ALL.PD,4085
ST8-PD-053-04,53,"RG15 UST .020, .125, 20%",FOX,313500.,11,6.27,0.845,0.0139,polars/raw/ALL.PD,4086
ST8-PD-053-04,53,"RG15 UST .020, .125, 20%",FOX,313500.,12,7.28,0.924,0.0165,polars/raw/ALL.PD,4087
ST8-PD-053-04,53,"RG15 UST .020, .125, 20%",FOX,313500.,13,8.31,1.000,0.0199,polars/raw/ALL.PD,4088
ST8-PD-053-04,53,"RG15 UST .020, .125, 20%",FOX,313500.,14,9.32,1.057,0.0248,polars/raw/ALL.PD,4089
ST8-PD-053-04,53,"RG15 UST .020, .125, 20%",FOX,313500.,15,10.31,1.096,0.0314,polars/raw/ALL.PD,4090
ST8-PD-053-04,53,"RG15 UST .020, .125, 20%",FOX,313500.,16,11.31,1.107,0.0402,polars/raw/ALL.PD,4091
ST8-PD-054-01,54,"RG15 UST .020, .125, 40%",FOX,101700.,1,-3.45,-.198,0.0172,polars/raw/ALL.PD,4100
ST8-PD-054-01,54,"RG15 UST .020, .125, 40%",FOX,101700.,2,-1.92,-.062,0.0113,polars/raw/ALL.PD,4101
ST8-PD-054-01,54,"RG15 UST .020, .125, 40%",FOX,101700.,3,-0.39,0.128,0.0116,polars/raw/ALL.PD,4102
ST8-PD-054-01,54,"RG15 UST .020, .125, 40%",FOX,101700.,4,1.15,0.320,0.0127,polars/raw/ALL.PD,4103
ST8-PD-054-01,54,"RG15 UST .020, .125, 40%",FOX,101700.,5,2.69,0.486,0.0130,polars/raw/ALL.PD,4104
ST8-PD-054-01,54,"RG15 UST .020, .125, 40%",FOX,101700.,6,5.26,0.728,0.0159,polars/raw/ALL.PD,4105
ST8-PD-054-01,54,"RG15 UST .020, .125, 40%",FOX,101700.,7,6.78,0.856,0.0188,polars/raw/ALL.PD,4106
ST8-PD-054-01,54,"RG15 UST .020, .125, 40%",FOX,101700.,8,8.29,0.962,0.0246,polars/raw/ALL.PD,4107
ST8-PD-054-01,54,"RG15 UST .020, .125, 40%",FOX,101700.,9,9.31,1.012,0.0293,polars/raw/ALL.PD,4108
ST8-PD-054-01,54,"RG15 UST .020, .125, 40%",FOX,101700.,10,10.32,1.047,0.0346,polars/raw/ALL.PD,4109
ST8-PD-054-01,54,"RG15 UST .020, .125, 40%",FOX,101700.,11,11.32,1.051,0.0744,polars/raw/ALL.PD,4110
ST8-PD-054-02,54,"RG15 UST .020, .125, 40%",FOX,151900.,1,-3.44,-.140,0.0134,polars/raw/ALL.PD,4113
ST8-PD-054-02,54,"RG15 UST .020, .125, 40%",FOX,151900.,2,-1.92,0.028,0.0094,polars/raw/ALL.PD,4114
ST8-PD-054-02,54,"RG15 UST .020, .125, 40%",FOX,151900.,3,-0.38,0.175,0.0084,polars/raw/ALL.PD,4115
ST8-PD-054-02,54,"RG15 UST .020, .125, 40%",FOX,151900.,4,1.16,0.349,0.0097,polars/raw/ALL.PD,4116
ST8-PD-054-02,54,"RG15 UST .020, .125, 40%",FOX,151900.,5,2.70,0.508,0.0110,polars/raw/ALL.PD,4117
ST8-PD-054-02,54,"RG15 UST .020, .125, 40%",FOX,151900.,6,5.26,0.748,0.0144,polars/raw/ALL.PD,4118
ST8-PD-054-02,54,"RG15 UST .020, .125, 40%",FOX,151900.,7,6.78,0.877,0.0194,polars/raw/ALL.PD,4119
ST8-PD-054-02,54,"RG15 UST .020, .125, 40%",FOX,151900.,8,8.30,0.987,0.0257,polars/raw/ALL.PD,4120
ST8-PD-054-02,54,"RG15 UST .020, .125, 40%",FOX,151900.,9,9.31,1.040,0.0312,polars/raw/ALL.PD,4121
ST8-PD-054-02,54,"RG15 UST .020, .125, 40%",FOX,151900.,10,10.32,1.075,0.0407,polars/raw/ALL.PD,4122
ST8-PD-054-02,54,"RG15 UST .020, .125, 40%",FOX,151900.,11,11.33,1.091,0.0559,polars/raw/ALL.PD,4123
ST8-PD-054-03,54,"RG15 UST .020, .125, 40%",FOX,202700.,1,-3.43,-.107,0.0117,polars/raw/ALL.PD,4126
ST8-PD-054-03,54,"RG15 UST .020, .125, 40%",FOX,202700.,2,-1.93,0.049,0.0088,polars/raw/ALL.PD,4127
ST8-PD-054-03,54,"RG15 UST .020, .125, 40%",FOX,202700.,3,-0.38,0.180,0.0083,polars/raw/ALL.PD,4128
ST8-PD-054-03,54,"RG15 UST .020, .125, 40%",FOX,202700.,4,1.17,0.343,0.0087,polars/raw/ALL.PD,4129
ST8-PD-054-03,54,"RG15 UST .020, .125, 40%",FOX,202700.,5,2.70,0.506,0.0097,polars/raw/ALL.PD,4130
ST8-PD-054-03,54,"RG15 UST .020, .125, 40%",FOX,202700.,6,5.26,0.749,0.0135,polars/raw/ALL.PD,4131
ST8-PD-054-03,54,"RG15 UST .020, .125, 40%",FOX,202700.,7,6.78,0.879,0.0171,polars/raw/ALL.PD,4132
ST8-PD-054-03,54,"RG15 UST .020, .125, 40%",FOX,202700.,8,8.29,0.995,0.0223,polars/raw/ALL.PD,4133
ST8-PD-054-03,54,"RG15 UST .020, .125, 40%",FOX,202700.,9,9.32,1.049,0.0280,polars/raw/ALL.PD,4134
ST8-PD-054-04,54,"RG15 UST .020, .125, 40%",FOX,305100.,1,-3.49,-.114,0.0120,polars/raw/ALL.PD,4137
ST8-PD-054-04,54,"RG15 UST .020, .125, 40%",FOX,305100.,2,-2.00,0.032,0.0096,polars/raw/ALL.PD,4138
ST8-PD-054-04,54,"RG15 UST .020, .125, 40%",FOX,305100.,3,-0.39,0.189,0.0087,polars/raw/ALL.PD,4139
ST8-PD-054-04,54,"RG15 UST .020, .125, 40%",FOX,305100.,4,1.13,0.340,0.0082,polars/raw/ALL.PD,4140
ST8-PD-054-04,54,"RG15 UST .020, .125, 40%",FOX,305100.,5,2.70,0.509,0.0086,polars/raw/ALL.PD,4141
ST8-PD-054-04,54,"RG15 UST .020, .125, 40%",FOX,305100.,6,5.25,0.750,0.0122,polars/raw/ALL.PD,4142
ST8-PD-054-04,54,"RG15 UST .020, .125, 40%",FOX,305100.,7,6.79,0.884,0.0152,polars/raw/ALL.PD,4143
ST8-PD-054-04,54,"RG15 UST .020, .125, 40%",FOX,305100.,8,8.30,0.995,0.0205,polars/raw/ALL.PD,4144
ST8-PD-054-04,54,"RG15 UST .020, .125, 40%",FOX,305100.,9,9.31,1.051,0.0253,polars/raw/ALL.PD,4145
ST8-PD-054-04,54,"RG15 UST .020, .125, 40%",FOX,305100.,10,10.32,1.090,0.0317,polars/raw/ALL.PD,4146
ST8-PD-055-01,55,"RG15 UST .020, .125, 60%",FOX,101000.,1,-3.45,-.198,0.0172,polars/raw/ALL.PD,4155
ST8-PD-055-01,55,"RG15 UST .020, .125, 60%",FOX,101000.,2,-1.93,-.065,0.0119,polars/raw/ALL.PD,4156
ST8-PD-055-01,55,"RG15 UST .020, .125, 60%",FOX,101000.,3,-0.38,0.112,0.0117,polars/raw/ALL.PD,4157
ST8-PD-055-01,55,"RG15 UST .020, .125, 60%",FOX,101000.,4,1.16,0.316,0.0147,polars/raw/ALL.PD,4158
ST8-PD-055-01,55,"RG15 UST .020, .125, 60%",FOX,101000.,5,2.69,0.500,0.0136,polars/raw/ALL.PD,4159
ST8-PD-055-01,55,"RG15 UST .020, .125, 60%",FOX,101000.,6,5.24,0.723,0.0157,polars/raw/ALL.PD,4160
ST8-PD-055-01,55,"RG15 UST .020, .125, 60%",FOX,101000.,7,6.77,0.850,0.0174,polars/raw/ALL.PD,4161
ST8-PD-055-01,55,"RG15 UST .020, .125, 60%",FOX,101000.,8,8.30,0.964,0.0233,polars/raw/ALL.PD,4162
ST8-PD-055-01,55,"RG15 UST .020, .125, 60%",FOX,101000.,9,9.31,1.013,0.0301,polars/raw/ALL.PD,4163
ST8-PD-055-01,55,"RG15 UST .020, .125, 60%",FOX,101000.,10,10.32,1.048,0.0396,polars/raw/ALL.PD,4164
ST8-PD-055-01,55,"RG15 UST .020, .125, 60%",FOX,101000.,11,11.32,1.050,0.0779,polars/raw/ALL.PD,4165
ST8-PD-055-02,55,"RG15 UST .020, .125, 60%",FOX,152800.,1,-3.95,-.198,0.0162,polars/raw/ALL.PD,4168
ST8-PD-055-02,55,"RG15 UST .020, .125, 60%",FOX,152800.,2,-2.93,-.082,0.0120,polars/raw/ALL.PD,4169
ST8-PD-055-02,55,"RG15 UST .020, .125, 60%",FOX,152800.,3,-1.92,0.032,0.0100,polars/raw/ALL.PD,4170
ST8-PD-055-02,55,"RG15 UST .020, .125, 60%",FOX,152800.,4,-0.91,0.131,0.0107,polars/raw/ALL.PD,4171
ST8-PD-055-02,55,"RG15 UST .020, .125, 60%",FOX,152800.,5,0.12,0.249,0.0106,polars/raw/ALL.PD,4172
ST8-PD-055-02,55,"RG15 UST .020, .125, 60%",FOX,152800.,6,1.16,0.368,0.0101,polars/raw/ALL.PD,4173
ST8-PD-055-02,55,"RG15 UST .020, .125, 60%",FOX,152800.,7,2.18,0.469,0.0102,polars/raw/ALL.PD,4174
ST8-PD-055-02,55,"RG15 UST .020, .125, 60%",FOX,152800.,8,3.21,0.566,0.0105,polars/raw/ALL.PD,4175
ST8-PD-055-02,55,"RG15 UST .020, .125, 60%",FOX,152800.,9,4.23,0.663,0.0118,polars/raw/ALL.PD,4176
ST8-PD-055-02,55,"RG15 UST .020, .125, 60%",FOX,152800.,10,5.24,0.751,0.0136,polars/raw/ALL.PD,4177
ST8-PD-055-02,55,"RG15 UST .020, .125, 60%",FOX,152800.,11,6.27,0.839,0.0159,polars/raw/ALL.PD,4178
ST8-PD-055-02,55,"RG15 UST .020, .125, 60%",FOX,152800.,12,7.29,0.925,0.0191,polars/raw/ALL.PD,4179
ST8-PD-055-02,55,"RG15 UST .020, .125, 60%",FOX,152800.,13,8.30,0.998,0.0226,polars/raw/ALL.PD,4180
ST8-PD-055-02,55,"RG15 UST .020, .125, 60%",FOX,152800.,14,9.31,1.051,0.0289,polars/raw/ALL.PD,4181
ST8-PD-055-02,55,"RG15 UST .020, .125, 60%",FOX,152800.,15,10.32,1.092,0.0362,polars/raw/ALL.PD,4182
ST8-PD-055-02,55,"RG15 UST .020, .125, 60%",FOX,152800.,16,11.33,1.110,0.0479,polars/raw/ALL.PD,4183
ST8-PD-055-02,55,"RG15 UST .020, .125, 60%",FOX,152800.,17,12.32,1.086,0.1002,polars/raw/ALL.PD,4184
ST8-PD-055-02,55,"RG15 UST .020, .125, 60%",FOX,152800.,18,13.29,0.997,0.1993,polars/raw/ALL.PD,4185
ST8-PD-055-03,55,"RG15 UST .020, .125, 60%",FOX,202300.,1,-3.95,-.164,0.0139,polars/raw/ALL.PD,4188
ST8-PD-055-03,55,"RG15 UST .020, .125, 60%",FOX,202300.,2,-2.97,-.058,0.0108,polars/raw/ALL.PD,4189
ST8-PD-055-03,55,"RG15 UST .020, .125, 60%",FOX,202300.,3,-1.91,0.055,0.0087,polars/raw/ALL.PD,4190
ST8-PD-055-03,55,"RG15 UST .020, .125, 60%",FOX,202300.,4,-0.92,0.148,0.0082,polars/raw/ALL.PD,4191
ST8-PD-055-03,55,"RG15 UST .020, .125, 60%",FOX,202300.,5,0.12,0.248,0.0081,polars/raw/ALL.PD,4192
ST8-PD-055-03,55,"RG15 UST .020, .125, 60%",FOX,202300.,6,1.15,0.357,0.0083,polars/raw/ALL.PD,4193
ST8-PD-055-03,55,"RG15 UST .020, .125, 60%",FOX,202300.,7,2.16,0.457,0.0086,polars/raw/ALL.PD,4194
ST8-PD-055-03,55,"RG15 UST .020, .125, 60%",FOX,202300.,8,3.19,0.558,0.0096,polars/raw/ALL.PD,4195
ST8-PD-055-03,55,"RG15 UST .020, .125, 60%",FOX,202300.,9,4.22,0.654,0.0111,polars/raw/ALL.PD,4196
ST8-PD-055-03,55,"RG15 UST .020, .125, 60%",FOX,202300.,10,5.25,0.747,0.0127,polars/raw/ALL.PD,4197
ST8-PD-055-03,55,"RG15 UST .020, .125, 60%",FOX,202300.,11,6.26,0.836,0.0151,polars/raw/ALL.PD,4198
ST8-PD-055-03,55,"RG15 UST .020, .125, 60%",FOX,202300.,12,7.29,0.922,0.0175,polars/raw/ALL.PD,4199
ST8-PD-055-03,55,"RG15 UST .020, .125, 60%",FOX,202300.,13,8.29,0.994,0.0211,polars/raw/ALL.PD,4200
ST8-PD-055-03,55,"RG15 UST .020, .125, 60%",FOX,202300.,14,9.32,1.049,0.0267,polars/raw/ALL.PD,4201
ST8-PD-055-03,55,"RG15 UST .020, .125, 60%",FOX,202300.,15,10.32,1.087,0.0337,polars/raw/ALL.PD,4202
ST8-PD-055-03,55,"RG15 UST .020, .125, 60%",FOX,202300.,16,11.33,1.105,0.0440,polars/raw/ALL.PD,4203
ST8-PD-055-03,55,"RG15 UST .020, .125, 60%",FOX,202300.,17,12.19,1.089,0.0944,polars/raw/ALL.PD,4204
ST8-PD-055-04,55,"RG15 UST .020, .125, 60%",FOX,307600.,1,-4.02,-.158,0.0123,polars/raw/ALL.PD,4207
ST8-PD-055-04,55,"RG15 UST .020, .125, 60%",FOX,307600.,2,-2.96,-.052,0.0103,polars/raw/ALL.PD,4208
ST8-PD-055-04,55,"RG15 UST .020, .125, 60%",FOX,307600.,3,-1.97,0.047,0.0086,polars/raw/ALL.PD,4209
ST8-PD-055-04,55,"RG15 UST .020, .125, 60%",FOX,307600.,4,-0.98,0.142,0.0074,polars/raw/ALL.PD,4210
ST8-PD-055-04,55,"RG15 UST .020, .125, 60%",FOX,307600.,5,0.11,0.247,0.0072,polars/raw/ALL.PD,4211
ST8-PD-055-04,55,"RG15 UST .020, .125, 60%",FOX,307600.,6,1.10,0.345,0.0070,polars/raw/ALL.PD,4212
ST8-PD-055-04,55,"RG15 UST .020, .125, 60%",FOX,307600.,7,2.16,0.457,0.0080,polars/raw/ALL.PD,4213
ST8-PD-055-04,55,"RG15 UST .020, .125, 60%",FOX,307600.,8,3.18,0.559,0.0091,polars/raw/ALL.PD,4214
ST8-PD-055-04,55,"RG15 UST .020, .125, 60%",FOX,307600.,9,4.21,0.655,0.0105,polars/raw/ALL.PD,4215
ST8-PD-055-04,55,"RG15 UST .020, .125, 60%",FOX,307600.,10,5.25,0.749,0.0120,polars/raw/ALL.PD,4216
ST8-PD-055-04,55,"RG15 UST .020, .125, 60%",FOX,307600.,11,6.27,0.836,0.0138,polars/raw/ALL.PD,4217
ST8-PD-055-04,55,"RG15 UST .020, .125, 60%",FOX,307600.,12,7.28,0.921,0.0157,polars/raw/ALL.PD,4218
ST8-PD-055-04,55,"RG15 UST .020, .125, 60%",FOX,307600.,13,8.30,0.995,0.0192,polars/raw/ALL.PD,4219
ST8-PD-055-04,55,"RG15 UST .020, .125, 60%",FOX,307600.,14,9.32,1.053,0.0241,polars/raw/ALL.PD,4220
ST8-PD-055-04,55,"RG15 UST .020, .125, 60%",FOX,307600.,15,10.32,1.094,0.0306,polars/raw/ALL.PD,4221
ST8-PD-055-04,55,"RG15 UST .020, .125, 60%",FOX,307600.,16,11.32,1.109,0.0402,polars/raw/ALL.PD,4222
ST8-PD-056-01,56,"RG15 UST .020, .125, 70%",FOX,101000.,1,-2.96,-.128,0.0151,polars/raw/ALL.PD,4231
ST8-PD-056-01,56,"RG15 UST .020, .125, 70%",FOX,101000.,2,-1.93,-.054,0.0120,polars/raw/ALL.PD,4232
ST8-PD-056-01,56,"RG15 UST .020, .125, 70%",FOX,101000.,3,-0.92,0.021,0.0125,polars/raw/ALL.PD,4233
ST8-PD-056-01,56,"RG15 UST .020, .125, 70%",FOX,101000.,4,0.11,0.145,0.0119,polars/raw/ALL.PD,4234
ST8-PD-056-01,56,"RG15 UST .020, .125, 70%",FOX,101000.,5,1.15,0.304,0.0142,polars/raw/ALL.PD,4235
ST8-PD-056-01,56,"RG15 UST .020, .125, 70%",FOX,101000.,6,2.19,0.454,0.0140,polars/raw/ALL.PD,4236
ST8-PD-056-01,56,"RG15 UST .020, .125, 70%",FOX,101000.,7,3.20,0.548,0.0129,polars/raw/ALL.PD,4237
ST8-PD-056-01,56,"RG15 UST .020, .125, 70%",FOX,101000.,8,4.21,0.633,0.0133,polars/raw/ALL.PD,4238
ST8-PD-056-01,56,"RG15 UST .020, .125, 70%",FOX,101000.,9,5.23,0.718,0.0152,polars/raw/ALL.PD,4239
ST8-PD-056-01,56,"RG15 UST .020, .125, 70%",FOX,101000.,10,6.25,0.800,0.0171,polars/raw/ALL.PD,4240
ST8-PD-056-01,56,"RG15 UST .020, .125, 70%",FOX,101000.,11,7.28,0.883,0.0194,polars/raw/ALL.PD,4241
ST8-PD-056-01,56,"RG15 UST .020, .125, 70%",FOX,101000.,12,8.29,0.954,0.0242,polars/raw/ALL.PD,4242
ST8-PD-056-01,56,"RG15 UST .020, .125, 70%",FOX,101000.,13,9.30,1.001,0.0285,polars/raw/ALL.PD,4243
ST8-PD-056-01,56,"RG15 UST .020, .125, 70%",FOX,101000.,14,10.31,1.040,0.0351,polars/raw/ALL.PD,4244
ST8-PD-056-01,56,"RG15 UST .020, .125, 70%",FOX,101000.,15,11.31,1.057,0.0475,polars/raw/ALL.PD,4245
ST8-PD-056-01,56,"RG15 UST .020, .125, 70%",FOX,101000.,16,12.30,1.014,0.1151,polars/raw/ALL.PD,4246
ST8-PD-056-02,56,"RG15 UST .020, .125, 70%",FOX,153300.,1,-2.93,-.097,0.0138,polars/raw/ALL.PD,4249
ST8-PD-056-02,56,"RG15 UST .020, .125, 70%",FOX,153300.,2,-1.93,0.013,0.0115,polars/raw/ALL.PD,4250
ST8-PD-056-02,56,"RG15 UST .020, .125, 70%",FOX,153300.,3,-0.91,0.112,0.0097,polars/raw/ALL.PD,4251
ST8-PD-056-02,56,"RG15 UST .020, .125, 70%",FOX,153300.,4,0.12,0.243,0.0098,polars/raw/ALL.PD,4252
ST8-PD-056-02,56,"RG15 UST .020, .125, 70%",FOX,153300.,5,1.14,0.370,0.0096,polars/raw/ALL.PD,4253
ST8-PD-056-02,56,"RG15 UST .020, .125, 70%",FOX,153300.,6,2.17,0.470,0.0096,polars/raw/ALL.PD,4254
ST8-PD-056-02,56,"RG15 UST .020, .125, 70%",FOX,153300.,7,3.17,0.563,0.0108,polars/raw/ALL.PD,4255
ST8-PD-056-02,56,"RG15 UST .020, .125, 70%",FOX,153300.,8,4.20,0.657,0.0119,polars/raw/ALL.PD,4256
ST8-PD-056-02,56,"RG15 UST .020, .125, 70%",FOX,153300.,9,5.25,0.748,0.0133,polars/raw/ALL.PD,4257
ST8-PD-056-02,56,"RG15 UST .020, .125, 70%",FOX,153300.,10,6.26,0.834,0.0152,polars/raw/ALL.PD,4258
ST8-PD-056-02,56,"RG15 UST .020, .125, 70%",FOX,153300.,11,7.28,0.919,0.0177,polars/raw/ALL.PD,4259
ST8-PD-056-02,56,"RG15 UST .020, .125, 70%",FOX,153300.,12,8.30,0.991,0.0216,polars/raw/ALL.PD,4260
ST8-PD-056-02,56,"RG15 UST .020, .125, 70%",FOX,153300.,13,9.30,1.042,0.0269,polars/raw/ALL.PD,4261
ST8-PD-056-02,56,"RG15 UST .020, .125, 70%",FOX,153300.,14,10.32,1.080,0.0336,polars/raw/ALL.PD,4262
ST8-PD-056-02,56,"RG15 UST .020, .125, 70%",FOX,153300.,15,11.33,1.099,0.0457,polars/raw/ALL.PD,4263
ST8-PD-056-03,56,"RG15 UST .020, .125, 70%",FOX,201300.,1,-2.97,-.071,0.0113,polars/raw/ALL.PD,4266
ST8-PD-056-03,56,"RG15 UST .020, .125, 70%",FOX,201300.,2,-1.93,0.044,0.0095,polars/raw/ALL.PD,4267
ST8-PD-056-03,56,"RG15 UST .020, .125, 70%",FOX,201300.,3,-0.91,0.146,0.0089,polars/raw/ALL.PD,4268
ST8-PD-056-03,56,"RG15 UST .020, .125, 70%",FOX,201300.,4,0.10,0.245,0.0084,polars/raw/ALL.PD,4269
ST8-PD-056-03,56,"RG15 UST .020, .125, 70%",FOX,201300.,5,1.15,0.357,0.0084,polars/raw/ALL.PD,4270
ST8-PD-056-03,56,"RG15 UST .020, .125, 70%",FOX,201300.,6,2.15,0.454,0.0090,polars/raw/ALL.PD,4271
ST8-PD-056-03,56,"RG15 UST .020, .125, 70%",FOX,201300.,7,3.19,0.555,0.0094,polars/raw/ALL.PD,4272
ST8-PD-056-03,56,"RG15 UST .020, .125, 70%",FOX,201300.,8,4.23,0.653,0.0111,polars/raw/ALL.PD,4273
ST8-PD-056-03,56,"RG15 UST .020, .125, 70%",FOX,201300.,9,5.24,0.747,0.0124,polars/raw/ALL.PD,4274
ST8-PD-056-03,56,"RG15 UST .020, .125, 70%",FOX,201300.,10,6.24,0.836,0.0146,polars/raw/ALL.PD,4275
ST8-PD-056-03,56,"RG15 UST .020, .125, 70%",FOX,201300.,11,7.27,0.923,0.0162,polars/raw/ALL.PD,4276
ST8-PD-056-03,56,"RG15 UST .020, .125, 70%",FOX,201300.,12,8.30,0.998,0.0211,polars/raw/ALL.PD,4277
ST8-PD-056-03,56,"RG15 UST .020, .125, 70%",FOX,201300.,13,9.32,1.053,0.0264,polars/raw/ALL.PD,4278
ST8-PD-056-03,56,"RG15 UST .020, .125, 70%",FOX,201300.,14,10.34,1.092,0.0323,polars/raw/ALL.PD,4279
ST8-PD-056-03,56,"RG15 UST .020, .125, 70%",FOX,201300.,15,11.33,1.108,0.0429,polars/raw/ALL.PD,4280
ST8-PD-056-04,56,"RG15 UST .020, .125, 70%",FOX,300600.,1,-2.97,-.055,0.0097,polars/raw/ALL.PD,4283
ST8-PD-056-04,56,"RG15 UST .020, .125, 70%",FOX,300600.,2,-1.97,0.047,0.0084,polars/raw/ALL.PD,4284
ST8-PD-056-04,56,"RG15 UST .020, .125, 70%",FOX,300600.,3,-0.94,0.152,0.0073,polars/raw/ALL.PD,4285
ST8-PD-056-04,56,"RG15 UST .020, .125, 70%",FOX,300600.,4,0.12,0.249,0.0070,polars/raw/ALL.PD,4286
ST8-PD-056-04,56,"RG15 UST .020, .125, 70%",FOX,300600.,5,1.12,0.346,0.0070,polars/raw/ALL.PD,4287
ST8-PD-056-04,56,"RG15 UST .020, .125, 70%",FOX,300600.,6,2.15,0.451,0.0078,polars/raw/ALL.PD,4288
ST8-PD-056-04,56,"RG15 UST .020, .125, 70%",FOX,300600.,7,3.19,0.555,0.0092,polars/raw/ALL.PD,4289
ST8-PD-056-04,56,"RG15 UST .020, .125, 70%",FOX,300600.,8,4.20,0.650,0.0105,polars/raw/ALL.PD,4290
ST8-PD-056-04,56,"RG15 UST .020, .125, 70%",FOX,300600.,9,5.25,0.745,0.0120,polars/raw/ALL.PD,4291
ST8-PD-056-04,56,"RG15 UST .020, .125, 70%",FOX,300600.,10,6.26,0.836,0.0136,polars/raw/ALL.PD,4292
ST8-PD-056-04,56,"RG15 UST .020, .125, 70%",FOX,300600.,11,7.28,0.922,0.0156,polars/raw/ALL.PD,4293
ST8-PD-056-04,56,"RG15 UST .020, .125, 70%",FOX,300600.,12,8.30,0.996,0.0194,polars/raw/ALL.PD,4294
ST8-PD-056-04,56,"RG15 UST .020, .125, 70%",FOX,300600.,13,9.31,1.053,0.0243,polars/raw/ALL.PD,4295
ST8-PD-056-04,56,"RG15 UST .020, .125, 70%",FOX,300600.,14,10.32,1.091,0.0301,polars/raw/ALL.PD,4296
ST8-PD-056-04,56,"RG15 UST .020, .125, 70%",FOX,300600.,15,11.31,1.108,0.0405,polars/raw/ALL.PD,4297
ST8-PD-056-04,56,"RG15 UST .020, .125, 70%",FOX,300600.,16,12.30,1.092,0.0882,polars/raw/ALL.PD,4298
ST8-PD-057-01,57,S2048,BECK,58800.,1,-2.93,-.101,0.0169,polars/raw/ALL.PD,4307
ST8-PD-057-01,57,S2048,BECK,58800.,2,-1.91,-.031,0.0131,polars/raw/ALL.PD,4308
ST8-PD-057-01,57,S2048,BECK,58800.,3,-0.89,0.078,0.0138,polars/raw/ALL.PD,4309
ST8-PD-057-01,57,S2048,BECK,58800.,4,0.13,0.183,0.0153,polars/raw/ALL.PD,4310
ST8-PD-057-01,57,S2048,BECK,58800.,5,1.16,0.268,0.0185,polars/raw/ALL.PD,4311
ST8-PD-057-01,57,S2048,BECK,58800.,6,2.19,0.425,0.0218,polars/raw/ALL.PD,4312
ST8-PD-057-01,57,S2048,BECK,58800.,7,3.22,0.605,0.0225,polars/raw/ALL.PD,4313
ST8-PD-057-01,57,S2048,BECK,58800.,8,4.24,0.695,0.0221,polars/raw/ALL.PD,4314
ST8-PD-057-01,57,S2048,BECK,58800.,9,5.26,0.767,0.0212,polars/raw/ALL.PD,4315
ST8-PD-057-01,57,S2048,BECK,58800.,10,6.27,0.827,0.0242,polars/raw/ALL.PD,4316
ST8-PD-057-02,57,S2048,BECK,99500.,1,-2.93,-.089,0.0144,polars/raw/ALL.PD,4319
ST8-PD-057-02,57,S2048,BECK,99500.,2,-1.92,-.012,0.0135,polars/raw/ALL.PD,4320
ST8-PD-057-02,57,S2048,BECK,99500.,3,-0.89,0.096,0.0139,polars/raw/ALL.PD,4321
ST8-PD-057-02,57,S2048,BECK,99500.,4,0.15,0.220,0.0146,polars/raw/ALL.PD,4322
ST8-PD-057-02,57,S2048,BECK,99500.,5,1.18,0.373,0.0161,polars/raw/ALL.PD,4323
ST8-PD-057-02,57,S2048,BECK,99500.,6,2.20,0.530,0.0143,polars/raw/ALL.PD,4324
ST8-PD-057-02,57,S2048,BECK,99500.,7,3.23,0.632,0.0145,polars/raw/ALL.PD,4325
ST8-PD-057-02,57,S2048,BECK,99500.,8,4.24,0.716,0.0146,polars/raw/ALL.PD,4326
ST8-PD-057-02,57,S2048,BECK,99500.,9,5.26,0.790,0.0172,polars/raw/ALL.PD,4327
ST8-PD-057-02,57,S2048,BECK,99500.,10,6.27,0.854,0.0200,polars/raw/ALL.PD,4328
ST8-PD-057-02,57,S2048,BECK,99500.,11,7.29,0.906,0.0271,polars/raw/ALL.PD,4329
ST8-PD-057-02,57,S2048,BECK,99500.,12,8.29,0.959,0.0325,polars/raw/ALL.PD,4330
ST8-PD-057-02,57,S2048,BECK,99500.,13,9.31,0.996,0.0420,polars/raw/ALL.PD,4331
ST8-PD-057-03,57,S2048,BECK,154000.,1,-4.97,-.277,0.0190,polars/raw/ALL.PD,4334
ST8-PD-057-03,57,S2048,BECK,154000.,2,-3.97,-.188,0.0170,polars/raw/ALL.PD,4335
ST8-PD-057-03,57,S2048,BECK,154000.,3,-2.93,-.086,0.0141,polars/raw/ALL.PD,4336
ST8-PD-057-03,57,S2048,BECK,154000.,4,-1.92,0.018,0.0116,polars/raw/ALL.PD,4337
ST8-PD-057-03,57,S2048,BECK,154000.,5,-0.88,0.147,0.0123,polars/raw/ALL.PD,4338
ST8-PD-057-03,57,S2048,BECK,154000.,6,0.14,0.300,0.0111,polars/raw/ALL.PD,4339
ST8-PD-057-03,57,S2048,BECK,154000.,7,1.17,0.430,0.0102,polars/raw/ALL.PD,4340
ST8-PD-057-03,57,S2048,BECK,154000.,8,2.20,0.535,0.0109,polars/raw/ALL.PD,4341
ST8-PD-057-03,57,S2048,BECK,154000.,9,3.23,0.630,0.0113,polars/raw/ALL.PD,4342
ST8-PD-057-03,57,S2048,BECK,154000.,10,4.23,0.711,0.0136,polars/raw/ALL.PD,4343
ST8-PD-057-03,57,S2048,BECK,154000.,11,5.26,0.792,0.0157,polars/raw/ALL.PD,4344
ST8-PD-057-03,57,S2048,BECK,154000.,12,6.27,0.859,0.0189,polars/raw/ALL.PD,4345
ST8-PD-057-03,57,S2048,BECK,154000.,13,7.29,0.922,0.0245,polars/raw/ALL.PD,4346
ST8-PD-057-03,57,S2048,BECK,154000.,14,8.30,0.976,0.0308,polars/raw/ALL.PD,4347
ST8-PD-057-04,57,S2048,BECK,200900.,1,-2.94,-.051,0.0129,polars/raw/ALL.PD,4350
ST8-PD-057-04,57,S2048,BECK,200900.,2,-1.89,0.082,0.0105,polars/raw/ALL.PD,4351
ST8-PD-057-04,57,S2048,BECK,200900.,3,-0.87,0.207,0.0102,polars/raw/ALL.PD,4352
ST8-PD-057-04,57,S2048,BECK,200900.,4,0.16,0.332,0.0095,polars/raw/ALL.PD,4353
ST8-PD-057-04,57,S2048,BECK,200900.,5,1.18,0.439,0.0090,polars/raw/ALL.PD,4354
ST8-PD-057-04,57,S2048,BECK,200900.,6,2.20,0.540,0.0092,polars/raw/ALL.PD,4355
ST8-PD-057-04,57,S2048,BECK,200900.,7,3.22,0.634,0.0103,polars/raw/ALL.PD,4356
ST8-PD-057-04,57,S2048,BECK,200900.,8,4.24,0.720,0.0126,polars/raw/ALL.PD,4357
ST8-PD-057-04,57,S2048,BECK,200900.,9,5.26,0.800,0.0147,polars/raw/ALL.PD,4358
ST8-PD-057-04,57,S2048,BECK,200900.,10,6.28,0.870,0.0180,polars/raw/ALL.PD,4359
ST8-PD-057-04,57,S2048,BECK,200900.,11,7.30,0.934,0.0231,polars/raw/ALL.PD,4360
ST8-PD-057-04,57,S2048,BECK,200900.,12,8.30,0.986,0.0287,polars/raw/ALL.PD,4361
ST8-PD-057-04,57,S2048,BECK,200900.,13,9.32,1.023,0.0373,polars/raw/ALL.PD,4362
ST8-PD-057-04,57,S2048,BECK,200900.,14,10.33,1.054,0.0583,polars/raw/ALL.PD,4363
ST8-PD-057-04,57,S2048,BECK,200900.,15,11.35,1.013,0.1328,polars/raw/ALL.PD,4364
ST8-PD-057-05,57,S2048,BECK,302800.,1,-2.94,0.017,0.0115,polars/raw/ALL.PD,4367
ST8-PD-057-05,57,S2048,BECK,302800.,2,-1.89,0.145,0.0088,polars/raw/ALL.PD,4368
ST8-PD-057-05,57,S2048,BECK,302800.,3,-0.88,0.250,0.0077,polars/raw/ALL.PD,4369
ST8-PD-057-05,57,S2048,BECK,302800.,4,0.10,0.344,0.0072,polars/raw/ALL.PD,4370
ST8-PD-057-05,57,S2048,BECK,302800.,5,1.16,0.449,0.0074,polars/raw/ALL.PD,4371
ST8-PD-057-05,57,S2048,BECK,302800.,6,2.18,0.550,0.0081,polars/raw/ALL.PD,4372
ST8-PD-057-05,57,S2048,BECK,302800.,7,3.19,0.640,0.0096,polars/raw/ALL.PD,4373
ST8-PD-057-05,57,S2048,BECK,302800.,8,4.24,0.728,0.0116,polars/raw/ALL.PD,4374
ST8-PD-057-05,57,S2048,BECK,302800.,9,5.26,0.808,0.0137,polars/raw/ALL.PD,4375
ST8-PD-057-05,57,S2048,BECK,302800.,10,6.28,0.881,0.0174,polars/raw/ALL.PD,4376
ST8-PD-058-01,58,"S2048 LST 60% UST 63% (.020, .125)",BECK,102200.,1,-3.95,-.185,0.0194,polars/raw/ALL.PD,4385
ST8-PD-058-01,58,"S2048 LST 60% UST 63% (.020, .125)",BECK,102200.,2,-2.93,-.090,0.0153,polars/raw/ALL.PD,4386
ST8-PD-058-01,58,"S2048 LST 60% UST 63% (.020, .125)",BECK,102200.,3,-1.91,-.002,0.0133,polars/raw/ALL.PD,4387
ST8-PD-058-01,58,"S2048 LST 60% UST 63% (.020, .125)",BECK,102200.,4,-0.89,0.092,0.0147,polars/raw/ALL.PD,4388
ST8-PD-058-01,58,"S2048 LST 60% UST 63% (.020, .125)",BECK,102200.,5,0.13,0.233,0.0149,polars/raw/ALL.PD,4389
ST8-PD-058-01,58,"S2048 LST 60% UST 63% (.020, .125)",BECK,102200.,6,1.17,0.379,0.0162,polars/raw/ALL.PD,4390
ST8-PD-058-01,58,"S2048 LST 60% UST 63% (.020, .125)",BECK,102200.,7,2.20,0.539,0.0157,polars/raw/ALL.PD,4391
ST8-PD-058-01,58,"S2048 LST 60% UST 63% (.020, .125)",BECK,102200.,8,3.23,0.642,0.0140,polars/raw/ALL.PD,4392
ST8-PD-058-01,58,"S2048 LST 60% UST 63% (.020, .125)",BECK,102200.,9,4.25,0.725,0.0146,polars/raw/ALL.PD,4393
ST8-PD-058-01,58,"S2048 LST 60% UST 63% (.020, .125)",BECK,102200.,10,5.26,0.800,0.0168,polars/raw/ALL.PD,4394
ST8-PD-058-01,58,"S2048 LST 60% UST 63% (.020, .125)",BECK,102200.,11,6.27,0.870,0.0212,polars/raw/ALL.PD,4395
ST8-PD-058-01,58,"S2048 LST 60% UST 63% (.020, .125)",BECK,102200.,12,7.30,0.927,0.0256,polars/raw/ALL.PD,4396
ST8-PD-058-01,58,"S2048 LST 60% UST 63% (.020, .125)",BECK,102200.,13,8.30,0.980,0.0332,polars/raw/ALL.PD,4397
ST8-PD-058-01,58,"S2048 LST 60% UST 63% (.020, .125)",BECK,102200.,14,9.31,1.018,0.0416,polars/raw/ALL.PD,4398
ST8-PD-058-02,58,"S2048 LST 60% UST 63% (.020, .125)",BECK,148800.,1,-2.92,-.045,0.0138,polars/raw/ALL.PD,4401
ST8-PD-058-02,58,"S2048 LST 60% UST 63% (.020, .125)",BECK,148800.,2,-1.91,0.065,0.0119,polars/raw/ALL.PD,4402
ST8-PD-058-02,58,"S2048 LST 60% UST 63% (.020, .125)",BECK,148800.,3,-0.89,0.177,0.0119,polars/raw/ALL.PD,4403
ST8-PD-058-02,58,"S2048 LST 60% UST 63% (.020, .125)",BECK,148800.,4,0.17,0.317,0.0116,polars/raw/ALL.PD,4404
ST8-PD-058-02,58,"S2048 LST 60% UST 63% (.020, .125)",BECK,148800.,5,1.18,0.446,0.0113,polars/raw/ALL.PD,4405
ST8-PD-058-02,58,"S2048 LST 60% UST 63% (.020, .125)",BECK,148800.,6,2.20,0.550,0.0112,polars/raw/ALL.PD,4406
ST8-PD-058-02,58,"S2048 LST 60% UST 63% (.020, .125)",BECK,148800.,7,3.22,0.646,0.0111,polars/raw/ALL.PD,4407
ST8-PD-058-02,58,"S2048 LST 60% UST 63% (.020, .125)",BECK,148800.,8,4.24,0.726,0.0126,polars/raw/ALL.PD,4408
ST8-PD-058-02,58,"S2048 LST 60% UST 63% (.020, .125)",BECK,148800.,9,5.26,0.805,0.0157,polars/raw/ALL.PD,4409
ST8-PD-058-02,58,"S2048 LST 60% UST 63% (.020, .125)",BECK,148800.,10,6.27,0.874,0.0193,polars/raw/ALL.PD,4410
ST8-PD-058-02,58,"S2048 LST 60% UST 63% (.020, .125)",BECK,148800.,11,7.29,0.934,0.0240,polars/raw/ALL.PD,4411
ST8-PD-058-02,58,"S2048 LST 60% UST 63% (.020, .125)",BECK,148800.,12,8.31,0.986,0.0299,polars/raw/ALL.PD,4412
ST8-PD-058-02,58,"S2048 LST 60% UST 63% (.020, .125)",BECK,148800.,13,9.31,1.025,0.0392,polars/raw/ALL.PD,4413
ST8-PD-058-02,58,"S2048 LST 60% UST 63% (.020, .125)",BECK,148800.,14,10.33,1.048,0.0566,polars/raw/ALL.PD,4414
ST8-PD-058-02,58,"S2048 LST 60% UST 63% (.020, .125)",BECK,148800.,15,11.30,1.023,0.1301,polars/raw/ALL.PD,4415
ST8-PD-058-03,58,"S2048 LST 60% UST 63% (.020, .125)",BECK,198700.,1,-2.92,0.003,0.0117,polars/raw/ALL.PD,4418
ST8-PD-058-03,58,"S2048 LST 60% UST 63% (.020, .125)",BECK,198700.,2,-1.92,0.116,0.0094,polars/raw/ALL.PD,4419
ST8-PD-058-03,58,"S2048 LST 60% UST 63% (.020, .125)",BECK,198700.,3,-0.87,0.220,0.0088,polars/raw/ALL.PD,4420
ST8-PD-058-03,58,"S2048 LST 60% UST 63% (.020, .125)",BECK,198700.,4,0.15,0.333,0.0086,polars/raw/ALL.PD,4421
ST8-PD-058-03,58,"S2048 LST 60% UST 63% (.020, .125)",BECK,198700.,5,1.17,0.443,0.0086,polars/raw/ALL.PD,4422
ST8-PD-058-03,58,"S2048 LST 60% UST 63% (.020, .125)",BECK,198700.,6,2.19,0.545,0.0093,polars/raw/ALL.PD,4423
ST8-PD-058-03,58,"S2048 LST 60% UST 63% (.020, .125)",BECK,198700.,7,3.23,0.641,0.0103,polars/raw/ALL.PD,4424
ST8-PD-058-03,58,"S2048 LST 60% UST 63% (.020, .125)",BECK,198700.,8,4.24,0.724,0.0125,polars/raw/ALL.PD,4425
ST8-PD-058-03,58,"S2048 LST 60% UST 63% (.020, .125)",BECK,198700.,9,5.25,0.806,0.0151,polars/raw/ALL.PD,4426
ST8-PD-058-03,58,"S2048 LST 60% UST 63% (.020, .125)",BECK,198700.,10,6.28,0.879,0.0183,polars/raw/ALL.PD,4427
ST8-PD-058-03,58,"S2048 LST 60% UST 63% (.020, .125)",BECK,198700.,11,7.29,0.943,0.0228,polars/raw/ALL.PD,4428
ST8-PD-058-03,58,"S2048 LST 60% UST 63% (.020, .125)",BECK,198700.,12,8.31,0.998,0.0289,polars/raw/ALL.PD,4429
ST8-PD-058-03,58,"S2048 LST 60% UST 63% (.020, .125)",BECK,198700.,13,9.31,1.035,0.0373,polars/raw/ALL.PD,4430
ST8-PD-058-03,58,"S2048 LST 60% UST 63% (.020, .125)",BECK,198700.,14,10.32,1.066,0.0567,polars/raw/ALL.PD,4431
ST8-PD-058-04,58,"S2048 LST 60% UST 63% (.020, .125)",BECK,300800.,1,-2.94,0.029,0.0103,polars/raw/ALL.PD,4434
ST8-PD-058-04,58,"S2048 LST 60% UST 63% (.020, .125)",BECK,300800.,2,-1.93,0.136,0.0080,polars/raw/ALL.PD,4435
ST8-PD-058-04,58,"S2048 LST 60% UST 63% (.020, .125)",BECK,300800.,3,-0.92,0.240,0.0074,polars/raw/ALL.PD,4436
ST8-PD-058-04,58,"S2048 LST 60% UST 63% (.020, .125)",BECK,300800.,4,0.13,0.341,0.0074,polars/raw/ALL.PD,4437
ST8-PD-058-04,58,"S2048 LST 60% UST 63% (.020, .125)",BECK,300800.,5,1.14,0.442,0.0073,polars/raw/ALL.PD,4438
ST8-PD-058-04,58,"S2048 LST 60% UST 63% (.020, .125)",BECK,300800.,6,2.19,0.546,0.0079,polars/raw/ALL.PD,4439
ST8-PD-058-04,58,"S2048 LST 60% UST 63% (.020, .125)",BECK,300800.,7,3.21,0.638,0.0097,polars/raw/ALL.PD,4440
ST8-PD-058-04,58,"S2048 LST 60% UST 63% (.020, .125)",BECK,300800.,8,4.24,0.727,0.0120,polars/raw/ALL.PD,4441
ST8-PD-058-04,58,"S2048 LST 60% UST 63% (.020, .125)",BECK,300800.,9,5.26,0.809,0.0140,polars/raw/ALL.PD,4442
ST8-PD-058-04,58,"S2048 LST 60% UST 63% (.020, .125)",BECK,300800.,10,6.26,0.883,0.0172,polars/raw/ALL.PD,4443
ST8-PD-058-04,58,"S2048 LST 60% UST 63% (.020, .125)",BECK,300800.,11,7.29,0.950,0.0212,polars/raw/ALL.PD,4444
ST8-PD-058-04,58,"S2048 LST 60% UST 63% (.020, .125)",BECK,300800.,12,8.31,1.008,0.0260,polars/raw/ALL.PD,4445
ST8-PD-058-04,58,"S2048 LST 60% UST 63% (.020, .125)",BECK,300800.,13,9.30,1.048,0.0333,polars/raw/ALL.PD,4446
ST8-PD-058-04,58,"S2048 LST 60% UST 63% (.020, .125)",BECK,300800.,14,10.31,1.079,0.0527,polars/raw/ALL.PD,4447
ST8-PD-059-01,59,S2048 TRIPS AT 300k,BECK,302800.,1,-2.94,0.017,0.0115,polars/raw/ALL.PD,4456
ST8-PD-059-01,59,S2048 TRIPS AT 300k,BECK,302800.,2,-1.89,0.145,0.0088,polars/raw/ALL.PD,4457
ST8-PD-059-01,59,S2048 TRIPS AT 300k,BECK,302800.,3,-0.88,0.250,0.0077,polars/raw/ALL.PD,4458
ST8-PD-059-01,59,S2048 TRIPS AT 300k,BECK,302800.,4,0.10,0.344,0.0072,polars/raw/ALL.PD,4459
ST8-PD-059-01,59,S2048 TRIPS AT 300k,BECK,302800.,5,1.16,0.449,0.0074,polars/raw/ALL.PD,4460
ST8-PD-059-01,59,S2048 TRIPS AT 300k,BECK,302800.,6,2.18,0.550,0.0081,polars/raw/ALL.PD,4461
ST8-PD-059-01,59,S2048 TRIPS AT 300k,BECK,302800.,7,3.19,0.640,0.0096,polars/raw/ALL.PD,4462
ST8-PD-059-01,59,S2048 TRIPS AT 300k,BECK,302800.,8,4.24,0.728,0.0116,polars/raw/ALL.PD,4463
ST8-PD-059-01,59,S2048 TRIPS AT 300k,BECK,302800.,9,5.26,0.808,0.0137,polars/raw/ALL.PD,4464
ST8-PD-059-01,59,S2048 TRIPS AT 300k,BECK,302800.,10,6.28,0.881,0.0174,polars/raw/ALL.PD,4465
ST8-PD-059-02,59,S2048 TRIPS AT 300k,BECK,303900.,1,-4.07,-.140,0.0134,polars/raw/ALL.PD,4468
ST8-PD-059-02,59,S2048 TRIPS AT 300k,BECK,303900.,2,-2.99,0.006,0.0113,polars/raw/ALL.PD,4469
ST8-PD-059-02,59,S2048 TRIPS AT 300k,BECK,303900.,3,-1.90,0.137,0.0089,polars/raw/ALL.PD,4470
ST8-PD-059-02,59,S2048 TRIPS AT 300k,BECK,303900.,4,-0.92,0.237,0.0077,polars/raw/ALL.PD,4471
ST8-PD-059-02,59,S2048 TRIPS AT 300k,BECK,303900.,5,0.10,0.335,0.0073,polars/raw/ALL.PD,4472
ST8-PD-059-02,59,S2048 TRIPS AT 300k,BECK,303900.,6,1.13,0.437,0.0073,polars/raw/ALL.PD,4473
ST8-PD-059-02,59,S2048 TRIPS AT 300k,BECK,303900.,7,2.16,0.541,0.0081,polars/raw/ALL.PD,4474
ST8-PD-059-02,59,S2048 TRIPS AT 300k,BECK,303900.,8,3.21,0.636,0.0096,polars/raw/ALL.PD,4475
ST8-PD-059-02,59,S2048 TRIPS AT 300k,BECK,303900.,9,4.21,0.722,0.0116,polars/raw/ALL.PD,4476
ST8-PD-059-02,59,S2048 TRIPS AT 300k,BECK,303900.,10,5.24,0.805,0.0137,polars/raw/ALL.PD,4477
ST8-PD-059-02,59,S2048 TRIPS AT 300k,BECK,303900.,11,6.25,0.880,0.0172,polars/raw/ALL.PD,4478
ST8-PD-059-02,59,S2048 TRIPS AT 300k,BECK,303900.,12,7.27,0.946,0.0209,polars/raw/ALL.PD,4479
ST8-PD-059-02,59,S2048 TRIPS AT 300k,BECK,303900.,13,8.31,1.002,0.0261,polars/raw/ALL.PD,4480
ST8-PD-059-02,59,S2048 TRIPS AT 300k,BECK,303900.,14,9.32,1.040,0.0340,polars/raw/ALL.PD,4481
ST8-PD-059-02,59,S2048 TRIPS AT 300k,BECK,303900.,15,10.30,1.074,0.0558,polars/raw/ALL.PD,4482
ST8-PD-059-03,59,S2048 TRIPS AT 300k,BECK,301300.,1,-3.96,-.084,0.0123,polars/raw/ALL.PD,4485
ST8-PD-059-03,59,S2048 TRIPS AT 300k,BECK,301300.,2,-2.94,0.034,0.0102,polars/raw/ALL.PD,4486
ST8-PD-059-03,59,S2048 TRIPS AT 300k,BECK,301300.,3,-1.90,0.149,0.0084,polars/raw/ALL.PD,4487
ST8-PD-059-03,59,S2048 TRIPS AT 300k,BECK,301300.,4,-0.87,0.253,0.0078,polars/raw/ALL.PD,4488
ST8-PD-059-03,59,S2048 TRIPS AT 300k,BECK,301300.,5,0.14,0.351,0.0073,polars/raw/ALL.PD,4489
ST8-PD-059-03,59,S2048 TRIPS AT 300k,BECK,301300.,6,1.19,0.456,0.0075,polars/raw/ALL.PD,4490
ST8-PD-059-03,59,S2048 TRIPS AT 300k,BECK,301300.,7,2.20,0.558,0.0083,polars/raw/ALL.PD,4491
ST8-PD-059-03,59,S2048 TRIPS AT 300k,BECK,301300.,8,3.22,0.650,0.0099,polars/raw/ALL.PD,4492
ST8-PD-059-03,59,S2048 TRIPS AT 300k,BECK,301300.,9,4.25,0.738,0.0120,polars/raw/ALL.PD,4493
ST8-PD-059-03,59,S2048 TRIPS AT 300k,BECK,301300.,10,5.25,0.818,0.0143,polars/raw/ALL.PD,4494
ST8-PD-059-03,59,S2048 TRIPS AT 300k,BECK,301300.,11,6.29,0.895,0.0175,polars/raw/ALL.PD,4495
ST8-PD-059-03,59,S2048 TRIPS AT 300k,BECK,301300.,12,7.29,0.962,0.0215,polars/raw/ALL.PD,4496
ST8-PD-059-03,59,S2048 TRIPS AT 300k,BECK,301300.,13,8.31,1.017,0.0265,polars/raw/ALL.PD,4497
ST8-PD-059-03,59,S2048 TRIPS AT 300k,BECK,301300.,14,9.32,1.053,0.0351,polars/raw/ALL.PD,4498
ST8-PD-059-04,59,S2048 TRIPS AT 300k,BECK,306300.,1,-4.00,-.136,0.0130,polars/raw/ALL.PD,4501
ST8-PD-059-04,59,S2048 TRIPS AT 300k,BECK,306300.,2,-2.97,-.019,0.0106,polars/raw/ALL.PD,4502
ST8-PD-059-04,59,S2048 TRIPS AT 300k,BECK,306300.,3,-1.94,0.098,0.0085,polars/raw/ALL.PD,4503
ST8-PD-059-04,59,S2048 TRIPS AT 300k,BECK,306300.,4,-0.89,0.210,0.0074,polars/raw/ALL.PD,4504
ST8-PD-059-04,59,S2048 TRIPS AT 300k,BECK,306300.,5,0.11,0.349,0.0073,polars/raw/ALL.PD,4505
ST8-PD-059-04,59,S2048 TRIPS AT 300k,BECK,306300.,6,1.16,0.464,0.0077,polars/raw/ALL.PD,4506
ST8-PD-059-04,59,S2048 TRIPS AT 300k,BECK,306300.,7,2.17,0.572,0.0085,polars/raw/ALL.PD,4507
ST8-PD-059-04,59,S2048 TRIPS AT 300k,BECK,306300.,8,3.21,0.667,0.0105,polars/raw/ALL.PD,4508
ST8-PD-059-04,59,S2048 TRIPS AT 300k,BECK,306300.,9,4.25,0.758,0.0125,polars/raw/ALL.PD,4509
ST8-PD-059-04,59,S2048 TRIPS AT 300k,BECK,306300.,10,5.27,0.839,0.0151,polars/raw/ALL.PD,4510
ST8-PD-059-04,59,S2048 TRIPS AT 300k,BECK,306300.,11,6.26,0.908,0.0189,polars/raw/ALL.PD,4511
ST8-PD-059-04,59,S2048 TRIPS AT 300k,BECK,306300.,12,7.30,0.974,0.0230,polars/raw/ALL.PD,4512
ST8-PD-059-04,59,S2048 TRIPS AT 300k,BECK,306300.,13,8.30,1.025,0.0285,polars/raw/ALL.PD,4513
ST8-PD-059-04,59,S2048 TRIPS AT 300k,BECK,306300.,14,9.29,1.059,0.0399,polars/raw/ALL.PD,4514
ST8-PD-059-04,59,S2048 TRIPS AT 300k,BECK,306300.,15,10.36,1.050,0.0968,polars/raw/ALL.PD,4515
ST8-PD-060-01,60,S2055 REPEAT,BECK,103100.,1,-3.95,-.239,0.0217,polars/raw/ALL.PD,4524
ST8-PD-060-01,60,S2055 REPEAT,BECK,103100.,2,-2.44,-.113,0.0140,polars/raw/ALL.PD,4525
ST8-PD-060-01,60,S2055 REPEAT,BECK,103100.,3,-0.90,0.016,0.0110,polars/raw/ALL.PD,4526
ST8-PD-060-01,60,S2055 REPEAT,BECK,103100.,4,0.63,0.225,0.0141,polars/raw/ALL.PD,4527
ST8-PD-060-01,60,S2055 REPEAT,BECK,103100.,5,2.18,0.453,0.0151,polars/raw/ALL.PD,4528
ST8-PD-060-01,60,S2055 REPEAT,BECK,103100.,6,3.72,0.604,0.0131,polars/raw/ALL.PD,4529
ST8-PD-060-01,60,S2055 REPEAT,BECK,103100.,7,5.25,0.722,0.0144,polars/raw/ALL.PD,4530
ST8-PD-060-01,60,S2055 REPEAT,BECK,103100.,8,6.78,0.827,0.0197,polars/raw/ALL.PD,4531
ST8-PD-060-01,60,S2055 REPEAT,BECK,103100.,9,8.29,0.914,0.0307,polars/raw/ALL.PD,4532
ST8-PD-060-01,60,S2055 REPEAT,BECK,103100.,10,9.80,0.980,0.0460,polars/raw/ALL.PD,4533
ST8-PD-060-01,60,S2055 REPEAT,BECK,103100.,11,11.31,0.980,0.1021,polars/raw/ALL.PD,4534
ST8-PD-060-01,60,S2055 REPEAT,BECK,103100.,12,12.80,0.901,0.1804,polars/raw/ALL.PD,4535
ST8-PD-060-02,60,S2055 REPEAT,BECK,152700.,1,-2.95,-.150,0.0122,polars/raw/ALL.PD,4538
ST8-PD-060-02,60,S2055 REPEAT,BECK,152700.,2,-1.91,-.057,0.0108,polars/raw/ALL.PD,4539
ST8-PD-060-02,60,S2055 REPEAT,BECK,152700.,3,-0.88,0.079,0.0109,polars/raw/ALL.PD,4540
ST8-PD-060-02,60,S2055 REPEAT,BECK,152700.,4,0.12,0.225,0.0118,polars/raw/ALL.PD,4541
ST8-PD-060-02,60,S2055 REPEAT,BECK,152700.,5,1.16,0.357,0.0113,polars/raw/ALL.PD,4542
ST8-PD-060-02,60,S2055 REPEAT,BECK,152700.,6,2.19,0.464,0.0116,polars/raw/ALL.PD,4543
ST8-PD-060-02,60,S2055 REPEAT,BECK,152700.,7,3.22,0.548,0.0101,polars/raw/ALL.PD,4544
ST8-PD-060-02,60,S2055 REPEAT,BECK,152700.,8,4.22,0.635,0.0115,polars/raw/ALL.PD,4545
ST8-PD-060-02,60,S2055 REPEAT,BECK,152700.,9,5.24,0.720,0.0149,polars/raw/ALL.PD,4546
ST8-PD-060-02,60,S2055 REPEAT,BECK,152700.,10,6.26,0.792,0.0169,polars/raw/ALL.PD,4547
ST8-PD-060-02,60,S2055 REPEAT,BECK,152700.,11,7.28,0.856,0.0214,polars/raw/ALL.PD,4548
ST8-PD-060-02,60,S2055 REPEAT,BECK,152700.,12,8.28,0.914,0.0284,polars/raw/ALL.PD,4549
ST8-PD-060-02,60,S2055 REPEAT,BECK,152700.,13,9.31,0.962,0.0378,polars/raw/ALL.PD,4550
ST8-PD-060-02,60,S2055 REPEAT,BECK,152700.,14,10.30,0.997,0.0646,polars/raw/ALL.PD,4551
ST8-PD-060-03,60,S2055 REPEAT,BECK,202000.,1,-3.96,-.229,0.0147,polars/raw/ALL.PD,4554
ST8-PD-060-03,60,S2055 REPEAT,BECK,202000.,2,-2.95,-.120,0.0123,polars/raw/ALL.PD,4555
ST8-PD-060-03,60,S2055 REPEAT,BECK,202000.,3,-1.90,0.009,0.0096,polars/raw/ALL.PD,4556
ST8-PD-060-03,60,S2055 REPEAT,BECK,202000.,4,-0.89,0.128,0.0096,polars/raw/ALL.PD,4557
ST8-PD-060-03,60,S2055 REPEAT,BECK,202000.,5,0.14,0.249,0.0087,polars/raw/ALL.PD,4558
ST8-PD-060-03,60,S2055 REPEAT,BECK,202000.,6,1.16,0.350,0.0083,polars/raw/ALL.PD,4559
ST8-PD-060-03,60,S2055 REPEAT,BECK,202000.,7,2.19,0.450,0.0084,polars/raw/ALL.PD,4560
ST8-PD-060-03,60,S2055 REPEAT,BECK,202000.,8,3.20,0.543,0.0091,polars/raw/ALL.PD,4561
ST8-PD-060-03,60,S2055 REPEAT,BECK,202000.,9,4.21,0.630,0.0111,polars/raw/ALL.PD,4562
ST8-PD-060-03,60,S2055 REPEAT,BECK,202000.,10,5.24,0.716,0.0132,polars/raw/ALL.PD,4563
ST8-PD-060-03,60,S2055 REPEAT,BECK,202000.,11,6.26,0.795,0.0165,polars/raw/ALL.PD,4564
ST8-PD-060-03,60,S2055 REPEAT,BECK,202000.,12,7.27,0.865,0.0208,polars/raw/ALL.PD,4565
ST8-PD-060-03,60,S2055 REPEAT,BECK,202000.,13,8.29,0.925,0.0260,polars/raw/ALL.PD,4566
ST8-PD-060-03,60,S2055 REPEAT,BECK,202000.,14,9.31,0.974,0.0359,polars/raw/ALL.PD,4567
ST8-PD-060-04,60,S2055 REPEAT,BECK,304800.,1,-3.96,-.162,0.0126,polars/raw/ALL.PD,4570
ST8-PD-060-04,60,S2055 REPEAT,BECK,304800.,2,-2.94,-.048,0.0104,polars/raw/ALL.PD,4571
ST8-PD-060-04,60,S2055 REPEAT,BECK,304800.,3,-1.92,0.053,0.0078,polars/raw/ALL.PD,4572
ST8-PD-060-04,60,S2055 REPEAT,BECK,304800.,4,-0.88,0.134,0.0068,polars/raw/ALL.PD,4573
ST8-PD-060-04,60,S2055 REPEAT,BECK,304800.,5,0.13,0.238,0.0067,polars/raw/ALL.PD,4574
ST8-PD-060-04,60,S2055 REPEAT,BECK,304800.,6,1.16,0.344,0.0070,polars/raw/ALL.PD,4575
ST8-PD-060-04,60,S2055 REPEAT,BECK,304800.,7,2.18,0.447,0.0077,polars/raw/ALL.PD,4576
ST8-PD-060-04,60,S2055 REPEAT,BECK,304800.,8,3.20,0.540,0.0089,polars/raw/ALL.PD,4577
ST8-PD-060-04,60,S2055 REPEAT,BECK,304800.,9,4.22,0.632,0.0108,polars/raw/ALL.PD,4578
ST8-PD-060-04,60,S2055 REPEAT,BECK,304800.,10,5.25,0.719,0.0131,polars/raw/ALL.PD,4579
ST8-PD-060-04,60,S2055 REPEAT,BECK,304800.,11,6.26,0.798,0.0166,polars/raw/ALL.PD,4580
ST8-PD-060-04,60,S2055 REPEAT,BECK,304800.,12,7.28,0.869,0.0201,polars/raw/ALL.PD,4581
ST8-PD-060-04,60,S2055 REPEAT,BECK,304800.,13,8.28,0.928,0.0262,polars/raw/ALL.PD,4582
ST8-PD-060-04,60,S2055 REPEAT,BECK,304800.,14,9.31,0.979,0.0369,polars/raw/ALL.PD,4583
ST8-PD-060-04,60,S2055 REPEAT,BECK,304800.,15,10.30,1.011,0.0764,polars/raw/ALL.PD,4584
ST8-PD-061-01,61,S2091A,JONES et al.,60800.,1,-2.89,0.099,0.0260,polars/raw/ALL.PD,4593
ST8-PD-061-01,61,S2091A,JONES et al.,60800.,2,-1.85,0.228,0.0212,polars/raw/ALL.PD,4594
ST8-PD-061-01,61,S2091A,JONES et al.,60800.,3,-0.83,0.338,0.0226,polars/raw/ALL.PD,4595
ST8-PD-061-01,61,S2091A,JONES et al.,60800.,4,0.19,0.439,0.0238,polars/raw/ALL.PD,4596
ST8-PD-061-01,61,S2091A,JONES et al.,60800.,5,1.21,0.526,0.0275,polars/raw/ALL.PD,4597
ST8-PD-061-01,61,S2091A,JONES et al.,60800.,6,2.23,0.619,0.0295,polars/raw/ALL.PD,4598
ST8-PD-061-01,61,S2091A,JONES et al.,60800.,7,3.25,0.704,0.0329,polars/raw/ALL.PD,4599
ST8-PD-061-01,61,S2091A,JONES et al.,60800.,8,4.27,0.789,0.0322,polars/raw/ALL.PD,4600
ST8-PD-061-01,61,S2091A,JONES et al.,60800.,9,5.29,0.888,0.0326,polars/raw/ALL.PD,4601
ST8-PD-061-01,61,S2091A,JONES et al.,60800.,10,6.31,0.981,0.0286,polars/raw/ALL.PD,4602
ST8-PD-061-01,61,S2091A,JONES et al.,60800.,11,7.32,1.050,0.0313,polars/raw/ALL.PD,4603
ST8-PD-061-01,61,S2091A,JONES et al.,60800.,12,8.35,1.129,0.0287,polars/raw/ALL.PD,4604
ST8-PD-061-01,61,S2091A,JONES et al.,60800.,13,9.35,1.201,0.0317,polars/raw/ALL.PD,4605
ST8-PD-061-01,61,S2091A,JONES et al.,60800.,14,10.37,1.259,0.0350,polars/raw/ALL.PD,4606
ST8-PD-061-01,61,S2091A,JONES et al.,60800.,15,11.37,1.265,0.0438,polars/raw/ALL.PD,4607
ST8-PD-061-02,61,S2091A,JONES et al.,99200.,1,-4.95,-.088,0.0296,polars/raw/ALL.PD,4610
ST8-PD-061-02,61,S2091A,JONES et al.,99200.,2,-3.89,0.049,0.0209,polars/raw/ALL.PD,4611
ST8-PD-061-02,61,S2091A,JONES et al.,99200.,3,-2.87,0.154,0.0174,polars/raw/ALL.PD,4612
ST8-PD-061-02,61,S2091A,JONES et al.,99200.,4,-1.85,0.246,0.0149,polars/raw/ALL.PD,4613
ST8-PD-061-02,61,S2091A,JONES et al.,99200.,5,-0.83,0.343,0.0140,polars/raw/ALL.PD,4614
ST8-PD-061-02,61,S2091A,JONES et al.,99200.,6,0.18,0.440,0.0149,polars/raw/ALL.PD,4615
ST8-PD-061-02,61,S2091A,JONES et al.,99200.,7,1.21,0.545,0.0180,polars/raw/ALL.PD,4616
ST8-PD-061-02,61,S2091A,JONES et al.,99200.,8,2.23,0.640,0.0180,polars/raw/ALL.PD,4617
ST8-PD-061-02,61,S2091A,JONES et al.,99200.,9,3.26,0.732,0.0188,polars/raw/ALL.PD,4618
ST8-PD-061-02,61,S2091A,JONES et al.,99200.,10,4.27,0.830,0.0193,polars/raw/ALL.PD,4619
ST8-PD-061-02,61,S2091A,JONES et al.,99200.,11,5.29,0.919,0.0199,polars/raw/ALL.PD,4620
ST8-PD-061-02,61,S2091A,JONES et al.,99200.,12,6.31,1.012,0.0214,polars/raw/ALL.PD,4621
ST8-PD-061-02,61,S2091A,JONES et al.,99200.,13,7.33,1.091,0.0217,polars/raw/ALL.PD,4622
ST8-PD-061-02,61,S2091A,JONES et al.,99200.,14,8.35,1.179,0.0240,polars/raw/ALL.PD,4623
ST8-PD-061-02,61,S2091A,JONES et al.,99200.,15,9.37,1.258,0.0254,polars/raw/ALL.PD,4624
ST8-PD-061-02,61,S2091A,JONES et al.,99200.,16,10.37,1.289,0.0331,polars/raw/ALL.PD,4625
ST8-PD-061-02,61,S2091A,JONES et al.,99200.,17,11.37,1.279,0.0504,polars/raw/ALL.PD,4626
ST8-PD-061-02,61,S2091A,JONES et al.,99200.,18,12.37,1.252,0.0683,polars/raw/ALL.PD,4627
ST8-PD-061-03,61,S2091A,JONES et al.,201500.,1,-2.87,0.126,0.0141,polars/raw/ALL.PD,4630
ST8-PD-061-03,61,S2091A,JONES et al.,201500.,2,-1.88,0.227,0.0128,polars/raw/ALL.PD,4631
ST8-PD-061-03,61,S2091A,JONES et al.,201500.,3,-0.84,0.329,0.0108,polars/raw/ALL.PD,4632
ST8-PD-061-03,61,S2091A,JONES et al.,201500.,4,0.18,0.435,0.0106,polars/raw/ALL.PD,4633
ST8-PD-061-03,61,S2091A,JONES et al.,201500.,5,1.21,0.540,0.0111,polars/raw/ALL.PD,4634
ST8-PD-061-03,61,S2091A,JONES et al.,201500.,6,2.23,0.645,0.0115,polars/raw/ALL.PD,4635
ST8-PD-061-03,61,S2091A,JONES et al.,201500.,7,3.25,0.747,0.0125,polars/raw/ALL.PD,4636
ST8-PD-061-03,61,S2091A,JONES et al.,201500.,8,4.27,0.844,0.0134,polars/raw/ALL.PD,4637
ST8-PD-061-03,61,S2091A,JONES et al.,201500.,9,5.29,0.939,0.0142,polars/raw/ALL.PD,4638
ST8-PD-061-03,61,S2091A,JONES et al.,201500.,10,6.31,1.030,0.0153,polars/raw/ALL.PD,4639
ST8-PD-061-03,61,S2091A,JONES et al.,201500.,11,7.33,1.114,0.0171,polars/raw/ALL.PD,4640
ST8-PD-061-03,61,S2091A,JONES et al.,201500.,12,8.35,1.192,0.0193,polars/raw/ALL.PD,4641
ST8-PD-061-03,61,S2091A,JONES et al.,201500.,13,9.36,1.252,0.0234,polars/raw/ALL.PD,4642
ST8-PD-061-03,61,S2091A,JONES et al.,201500.,14,10.36,1.278,0.0327,polars/raw/ALL.PD,4643
ST8-PD-061-03,61,S2091A,JONES et al.,201500.,15,11.36,1.262,0.0535,polars/raw/ALL.PD,4644
ST8-PD-061-03,61,S2091A,JONES et al.,201500.,16,12.36,1.235,0.0767,polars/raw/ALL.PD,4645
ST8-PD-062-01,62,S2091B,JONES et al./SAWYER,60400.,1,-3.93,-.091,0.0290,polars/raw/ALL.PD,4654
ST8-PD-062-01,62,S2091B,JONES et al./SAWYER,60400.,2,-2.40,0.079,0.0231,polars/raw/ALL.PD,4655
ST8-PD-062-01,62,S2091B,JONES et al./SAWYER,60400.,3,-0.85,0.280,0.0263,polars/raw/ALL.PD,4656
ST8-PD-062-01,62,S2091B,JONES et al./SAWYER,60400.,4,0.70,0.471,0.0301,polars/raw/ALL.PD,4657
ST8-PD-062-01,62,S2091B,JONES et al./SAWYER,60400.,5,2.23,0.604,0.0322,polars/raw/ALL.PD,4658
ST8-PD-062-01,62,S2091B,JONES et al./SAWYER,60400.,6,3.74,0.722,0.0331,polars/raw/ALL.PD,4659
ST8-PD-062-01,62,S2091B,JONES et al./SAWYER,60400.,7,5.27,0.835,0.0335,polars/raw/ALL.PD,4660
ST8-PD-062-01,62,S2091B,JONES et al./SAWYER,60400.,8,6.80,0.951,0.0382,polars/raw/ALL.PD,4661
ST8-PD-062-01,62,S2091B,JONES et al./SAWYER,60400.,9,8.33,1.054,0.0472,polars/raw/ALL.PD,4662
ST8-PD-062-02,62,S2091B,JONES et al./SAWYER,101300.,1,-2.87,0.145,0.0210,polars/raw/ALL.PD,4665
ST8-PD-062-02,62,S2091B,JONES et al./SAWYER,101300.,2,-1.35,0.321,0.0156,polars/raw/ALL.PD,4666
ST8-PD-062-02,62,S2091B,JONES et al./SAWYER,101300.,3,0.19,0.469,0.0166,polars/raw/ALL.PD,4667
ST8-PD-062-02,62,S2091B,JONES et al./SAWYER,101300.,4,1.73,0.609,0.0174,polars/raw/ALL.PD,4668
ST8-PD-062-02,62,S2091B,JONES et al./SAWYER,101300.,5,3.26,0.751,0.0183,polars/raw/ALL.PD,4669
ST8-PD-062-02,62,S2091B,JONES et al./SAWYER,101300.,6,4.79,0.887,0.0203,polars/raw/ALL.PD,4670
ST8-PD-062-02,62,S2091B,JONES et al./SAWYER,101300.,7,6.31,1.012,0.0228,polars/raw/ALL.PD,4671
ST8-PD-062-02,62,S2091B,JONES et al./SAWYER,101300.,8,7.84,1.127,0.0261,polars/raw/ALL.PD,4672
ST8-PD-062-02,62,S2091B,JONES et al./SAWYER,101300.,9,9.35,1.232,0.0298,polars/raw/ALL.PD,4673
ST8-PD-062-02,62,S2091B,JONES et al./SAWYER,101300.,10,10.37,1.294,0.0356,polars/raw/ALL.PD,4674
ST8-PD-062-02,62,S2091B,JONES et al./SAWYER,101300.,11,11.37,1.330,0.0398,polars/raw/ALL.PD,4675
ST8-PD-062-02,62,S2091B,JONES et al./SAWYER,101300.,12,12.38,1.312,0.0459,polars/raw/ALL.PD,4676
ST8-PD-062-03,62,S2091B,JONES et al./SAWYER,149300.,1,-4.93,-.079,0.0239,polars/raw/ALL.PD,4679
ST8-PD-062-03,62,S2091B,JONES et al./SAWYER,149300.,2,-3.90,0.061,0.0192,polars/raw/ALL.PD,4680
ST8-PD-062-03,62,S2091B,JONES et al./SAWYER,149300.,3,-2.87,0.180,0.0146,polars/raw/ALL.PD,4681
ST8-PD-062-03,62,S2091B,JONES et al./SAWYER,149300.,4,-1.86,0.272,0.0121,polars/raw/ALL.PD,4682
ST8-PD-062-03,62,S2091B,JONES et al./SAWYER,149300.,5,-0.83,0.368,0.0113,polars/raw/ALL.PD,4683
ST8-PD-062-03,62,S2091B,JONES et al./SAWYER,149300.,6,0.17,0.466,0.0119,polars/raw/ALL.PD,4684
ST8-PD-062-03,62,S2091B,JONES et al./SAWYER,149300.,7,1.22,0.570,0.0128,polars/raw/ALL.PD,4685
ST8-PD-062-03,62,S2091B,JONES et al./SAWYER,149300.,8,2.24,0.670,0.0140,polars/raw/ALL.PD,4686
ST8-PD-062-03,62,S2091B,JONES et al./SAWYER,149300.,9,3.26,0.771,0.0143,polars/raw/ALL.PD,4687
ST8-PD-062-03,62,S2091B,JONES et al./SAWYER,149300.,10,4.28,0.865,0.0158,polars/raw/ALL.PD,4688
ST8-PD-062-03,62,S2091B,JONES et al./SAWYER,149300.,11,5.30,0.957,0.0166,polars/raw/ALL.PD,4689
ST8-PD-062-03,62,S2091B,JONES et al./SAWYER,149300.,12,6.32,1.043,0.0187,polars/raw/ALL.PD,4690
ST8-PD-062-03,62,S2091B,JONES et al./SAWYER,149300.,13,7.34,1.123,0.0204,polars/raw/ALL.PD,4691
ST8-PD-062-03,62,S2091B,JONES et al./SAWYER,149300.,14,8.35,1.205,0.0225,polars/raw/ALL.PD,4692
ST8-PD-062-03,62,S2091B,JONES et al./SAWYER,149300.,15,9.36,1.278,0.0256,polars/raw/ALL.PD,4693
ST8-PD-062-03,62,S2091B,JONES et al./SAWYER,149300.,16,10.38,1.352,0.0280,polars/raw/ALL.PD,4694
ST8-PD-062-03,62,S2091B,JONES et al./SAWYER,149300.,17,11.38,1.392,0.0328,polars/raw/ALL.PD,4695
ST8-PD-062-03,62,S2091B,JONES et al./SAWYER,149300.,18,12.38,1.366,0.0388,polars/raw/ALL.PD,4696
ST8-PD-062-04,62,S2091B,JONES et al./SAWYER,198400.,1,-4.90,-.013,0.0181,polars/raw/ALL.PD,4699
ST8-PD-062-04,62,S2091B,JONES et al./SAWYER,198400.,2,-3.91,0.090,0.0142,polars/raw/ALL.PD,4700
ST8-PD-062-04,62,S2091B,JONES et al./SAWYER,198400.,3,-2.87,0.188,0.0126,polars/raw/ALL.PD,4701
ST8-PD-062-04,62,S2091B,JONES et al./SAWYER,198400.,4,-1.84,0.282,0.0113,polars/raw/ALL.PD,4702
ST8-PD-062-04,62,S2091B,JONES et al./SAWYER,198400.,5,-0.84,0.380,0.0101,polars/raw/ALL.PD,4703
ST8-PD-062-04,62,S2091B,JONES et al./SAWYER,198400.,6,0.19,0.485,0.0105,polars/raw/ALL.PD,4704
ST8-PD-062-04,62,S2091B,JONES et al./SAWYER,198400.,7,1.22,0.588,0.0111,polars/raw/ALL.PD,4705
ST8-PD-062-04,62,S2091B,JONES et al./SAWYER,198400.,8,2.25,0.692,0.0120,polars/raw/ALL.PD,4706
ST8-PD-062-04,62,S2091B,JONES et al./SAWYER,198400.,9,3.25,0.791,0.0130,polars/raw/ALL.PD,4707
ST8-PD-062-04,62,S2091B,JONES et al./SAWYER,198400.,10,4.28,0.888,0.0141,polars/raw/ALL.PD,4708
ST8-PD-062-04,62,S2091B,JONES et al./SAWYER,198400.,11,5.31,0.979,0.0154,polars/raw/ALL.PD,4709
ST8-PD-062-04,62,S2091B,JONES et al./SAWYER,198400.,12,6.31,1.065,0.0168,polars/raw/ALL.PD,4710
ST8-PD-062-04,62,S2091B,JONES et al./SAWYER,198400.,13,7.34,1.148,0.0182,polars/raw/ALL.PD,4711
ST8-PD-062-04,62,S2091B,JONES et al./SAWYER,198400.,14,8.36,1.230,0.0206,polars/raw/ALL.PD,4712
ST8-PD-062-04,62,S2091B,JONES et al./SAWYER,198400.,15,9.38,1.310,0.0227,polars/raw/ALL.PD,4713
ST8-PD-062-04,62,S2091B,JONES et al./SAWYER,198400.,16,10.38,1.370,0.0259,polars/raw/ALL.PD,4714
ST8-PD-062-04,62,S2091B,JONES et al./SAWYER,198400.,17,11.40,1.395,0.0308,polars/raw/ALL.PD,4715
ST8-PD-062-04,62,S2091B,JONES et al./SAWYER,198400.,18,12.39,1.360,0.0463,polars/raw/ALL.PD,4716
ST8-PD-062-05,62,S2091B,JONES et al./SAWYER,303900.,1,-3.91,0.115,0.0113,polars/raw/ALL.PD,4719
ST8-PD-062-05,62,S2091B,JONES et al./SAWYER,303900.,2,-2.88,0.213,0.0101,polars/raw/ALL.PD,4720
ST8-PD-062-05,62,S2091B,JONES et al./SAWYER,303900.,3,-1.85,0.316,0.0098,polars/raw/ALL.PD,4721
ST8-PD-062-05,62,S2091B,JONES et al./SAWYER,303900.,4,-0.83,0.414,0.0085,polars/raw/ALL.PD,4722
ST8-PD-062-05,62,S2091B,JONES et al./SAWYER,303900.,5,0.21,0.526,0.0085,polars/raw/ALL.PD,4723
ST8-PD-062-05,62,S2091B,JONES et al./SAWYER,303900.,6,1.23,0.632,0.0096,polars/raw/ALL.PD,4724
ST8-PD-062-05,62,S2091B,JONES et al./SAWYER,303900.,7,2.24,0.733,0.0102,polars/raw/ALL.PD,4725
ST8-PD-062-05,62,S2091B,JONES et al./SAWYER,303900.,8,3.28,0.832,0.0112,polars/raw/ALL.PD,4726
ST8-PD-062-05,62,S2091B,JONES et al./SAWYER,303900.,9,4.29,0.925,0.0129,polars/raw/ALL.PD,4727
ST8-PD-062-05,62,S2091B,JONES et al./SAWYER,303900.,10,5.31,1.014,0.0138,polars/raw/ALL.PD,4728
ST8-PD-062-05,62,S2091B,JONES et al./SAWYER,303900.,11,6.32,1.099,0.0154,polars/raw/ALL.PD,4729
ST8-PD-062-05,62,S2091B,JONES et al./SAWYER,303900.,12,7.34,1.182,0.0165,polars/raw/ALL.PD,4730
ST8-PD-062-05,62,S2091B,JONES et al./SAWYER,303900.,13,8.35,1.258,0.0187,polars/raw/ALL.PD,4731
ST8-PD-062-05,62,S2091B,JONES et al./SAWYER,303900.,14,9.38,1.325,0.0219,polars/raw/ALL.PD,4732
ST8-PD-062-05,62,S2091B,JONES et al./SAWYER,303900.,15,10.38,1.373,0.0254,polars/raw/ALL.PD,4733
ST8-PD-062-05,62,S2091B,JONES et al./SAWYER,303900.,16,11.38,1.378,0.0375,polars/raw/ALL.PD,4734
ST8-PD-063-01,63,S2091B GFA,JONES et al./SAWYER,59200.,1,-4.91,0.088,0.0288,polars/raw/ALL.PD,4743
ST8-PD-063-01,63,S2091B GFA,JONES et al./SAWYER,59200.,2,-2.85,0.285,0.0196,polars/raw/ALL.PD,4744
ST8-PD-063-01,63,S2091B GFA,JONES et al./SAWYER,59200.,3,-0.81,0.495,0.0329,polars/raw/ALL.PD,4745
ST8-PD-063-01,63,S2091B GFA,JONES et al./SAWYER,59200.,4,1.25,0.744,0.0358,polars/raw/ALL.PD,4746
ST8-PD-063-01,63,S2091B GFA,JONES et al./SAWYER,59200.,5,3.29,0.940,0.0316,polars/raw/ALL.PD,4747
ST8-PD-063-01,63,S2091B GFA,JONES et al./SAWYER,59200.,6,5.33,1.090,0.0443,polars/raw/ALL.PD,4748
ST8-PD-063-01,63,S2091B GFA,JONES et al./SAWYER,59200.,7,7.36,1.225,0.0483,polars/raw/ALL.PD,4749
ST8-PD-063-01,63,S2091B GFA,JONES et al./SAWYER,59200.,8,9.34,1.055,0.1727,polars/raw/ALL.PD,4750
ST8-PD-063-01,63,S2091B GFA,JONES et al./SAWYER,59200.,9,11.30,0.896,0.2234,polars/raw/ALL.PD,4751
ST8-PD-063-02,63,S2091B GFA,JONES et al./SAWYER,100400.,1,-4.90,0.131,0.0240,polars/raw/ALL.PD,4754
ST8-PD-063-02,63,S2091B GFA,JONES et al./SAWYER,100400.,2,-3.87,0.267,0.0196,polars/raw/ALL.PD,4755
ST8-PD-063-02,63,S2091B GFA,JONES et al./SAWYER,100400.,3,-2.82,0.409,0.0182,polars/raw/ALL.PD,4756
ST8-PD-063-02,63,S2091B GFA,JONES et al./SAWYER,100400.,4,-1.81,0.474,0.0168,polars/raw/ALL.PD,4757
ST8-PD-063-02,63,S2091B GFA,JONES et al./SAWYER,100400.,5,-0.78,0.577,0.0164,polars/raw/ALL.PD,4758
ST8-PD-063-02,63,S2091B GFA,JONES et al./SAWYER,100400.,6,0.23,0.683,0.0174,polars/raw/ALL.PD,4759
ST8-PD-063-02,63,S2091B GFA,JONES et al./SAWYER,100400.,7,1.26,0.789,0.0189,polars/raw/ALL.PD,4760
ST8-PD-063-02,63,S2091B GFA,JONES et al./SAWYER,100400.,8,2.29,0.892,0.0189,polars/raw/ALL.PD,4761
ST8-PD-063-02,63,S2091B GFA,JONES et al./SAWYER,100400.,9,3.31,0.992,0.0210,polars/raw/ALL.PD,4762
ST8-PD-063-02,63,S2091B GFA,JONES et al./SAWYER,100400.,10,4.33,1.079,0.0251,polars/raw/ALL.PD,4763
ST8-PD-063-02,63,S2091B GFA,JONES et al./SAWYER,100400.,11,5.34,1.171,0.0232,polars/raw/ALL.PD,4764
ST8-PD-063-02,63,S2091B GFA,JONES et al./SAWYER,100400.,12,6.36,1.253,0.0270,polars/raw/ALL.PD,4765
ST8-PD-063-02,63,S2091B GFA,JONES et al./SAWYER,100400.,13,7.38,1.335,0.0285,polars/raw/ALL.PD,4766
ST8-PD-063-02,63,S2091B GFA,JONES et al./SAWYER,100400.,14,8.40,1.411,0.0323,polars/raw/ALL.PD,4767
ST8-PD-063-02,63,S2091B GFA,JONES et al./SAWYER,100400.,15,9.41,1.477,0.0358,polars/raw/ALL.PD,4768
ST8-PD-063-02,63,S2091B GFA,JONES et al./SAWYER,100400.,16,10.43,1.518,0.0418,polars/raw/ALL.PD,4769
ST8-PD-063-02,63,S2091B GFA,JONES et al./SAWYER,100400.,17,11.42,1.491,0.0553,polars/raw/ALL.PD,4770
ST8-PD-063-02,63,S2091B GFA,JONES et al./SAWYER,100400.,18,12.40,1.438,0.0787,polars/raw/ALL.PD,4771
ST8-PD-063-02,63,S2091B GFA,JONES et al./SAWYER,100400.,19,13.40,1.392,0.1052,polars/raw/ALL.PD,4772
ST8-PD-063-02,63,S2091B GFA,JONES et al./SAWYER,100400.,20,14.31,1.001,0.2596,polars/raw/ALL.PD,4773
ST8-PD-063-03,63,S2091B GFA,JONES et al./SAWYER,146200.,1,-4.89,0.163,0.0182,polars/raw/ALL.PD,4776
ST8-PD-063-03,63,S2091B GFA,JONES et al./SAWYER,146200.,2,-2.82,0.452,0.0159,polars/raw/ALL.PD,4777
ST8-PD-063-03,63,S2091B GFA,JONES et al./SAWYER,146200.,3,-0.79,0.567,0.0140,polars/raw/ALL.PD,4778
ST8-PD-063-03,63,S2091B GFA,JONES et al./SAWYER,146200.,4,1.26,0.797,0.0156,polars/raw/ALL.PD,4779
ST8-PD-063-03,63,S2091B GFA,JONES et al./SAWYER,146200.,5,3.31,1.021,0.0180,polars/raw/ALL.PD,4780
ST8-PD-063-03,63,S2091B GFA,JONES et al./SAWYER,146200.,6,5.35,1.222,0.0212,polars/raw/ALL.PD,4781
ST8-PD-063-03,63,S2091B GFA,JONES et al./SAWYER,146200.,7,7.38,1.403,0.0250,polars/raw/ALL.PD,4782
ST8-PD-063-03,63,S2091B GFA,JONES et al./SAWYER,146200.,8,9.44,1.574,0.0313,polars/raw/ALL.PD,4783
ST8-PD-063-03,63,S2091B GFA,JONES et al./SAWYER,146200.,9,11.43,1.606,0.0408,polars/raw/ALL.PD,4784
ST8-PD-063-03,63,S2091B GFA,JONES et al./SAWYER,146200.,10,13.41,1.503,0.0609,polars/raw/ALL.PD,4785
ST8-PD-063-04,63,S2091B GFA,JONES et al./SAWYER,199700.,1,-4.88,0.190,0.0174,polars/raw/ALL.PD,4788
ST8-PD-063-04,63,S2091B GFA,JONES et al./SAWYER,199700.,2,-3.86,0.334,0.0165,polars/raw/ALL.PD,4789
ST8-PD-063-04,63,S2091B GFA,JONES et al./SAWYER,199700.,3,-2.81,0.465,0.0139,polars/raw/ALL.PD,4790
ST8-PD-063-04,63,S2091B GFA,JONES et al./SAWYER,199700.,4,-1.79,0.560,0.0135,polars/raw/ALL.PD,4791
ST8-PD-063-04,63,S2091B GFA,JONES et al./SAWYER,199700.,5,-0.79,0.609,0.0131,polars/raw/ALL.PD,4792
ST8-PD-063-04,63,S2091B GFA,JONES et al./SAWYER,199700.,6,0.23,0.688,0.0136,polars/raw/ALL.PD,4793
ST8-PD-063-04,63,S2091B GFA,JONES et al./SAWYER,199700.,7,1.26,0.805,0.0144,polars/raw/ALL.PD,4794
ST8-PD-063-04,63,S2091B GFA,JONES et al./SAWYER,199700.,8,2.27,0.915,0.0148,polars/raw/ALL.PD,4795
ST8-PD-063-04,63,S2091B GFA,JONES et al./SAWYER,199700.,9,3.30,1.023,0.0158,polars/raw/ALL.PD,4796
ST8-PD-063-04,63,S2091B GFA,JONES et al./SAWYER,199700.,10,4.34,1.131,0.0172,polars/raw/ALL.PD,4797
ST8-PD-063-04,63,S2091B GFA,JONES et al./SAWYER,199700.,11,5.35,1.230,0.0186,polars/raw/ALL.PD,4798
ST8-PD-063-04,63,S2091B GFA,JONES et al./SAWYER,199700.,12,6.38,1.325,0.0208,polars/raw/ALL.PD,4799
ST8-PD-063-04,63,S2091B GFA,JONES et al./SAWYER,199700.,13,7.39,1.414,0.0233,polars/raw/ALL.PD,4800
ST8-PD-063-04,63,S2091B GFA,JONES et al./SAWYER,199700.,14,8.40,1.498,0.0259,polars/raw/ALL.PD,4801
ST8-PD-063-04,63,S2091B GFA,JONES et al./SAWYER,199700.,15,9.43,1.567,0.0289,polars/raw/ALL.PD,4802
ST8-PD-063-04,63,S2091B GFA,JONES et al./SAWYER,199700.,16,10.44,1.589,0.0358,polars/raw/ALL.PD,4803
ST8-PD-063-04,63,S2091B GFA,JONES et al./SAWYER,199700.,17,11.42,1.538,0.0657,polars/raw/ALL.PD,4804
ST8-PD-063-04,63,S2091B GFA,JONES et al./SAWYER,199700.,18,12.42,1.467,0.1061,polars/raw/ALL.PD,4805
ST8-PD-063-05,63,S2091B GFA,JONES et al./SAWYER,306400.,1,-4.88,0.206,0.0148,polars/raw/ALL.PD,4808
ST8-PD-063-05,63,S2091B GFA,JONES et al./SAWYER,306400.,2,-3.86,0.330,0.0136,polars/raw/ALL.PD,4809
ST8-PD-063-05,63,S2091B GFA,JONES et al./SAWYER,306400.,3,-2.82,0.454,0.0134,polars/raw/ALL.PD,4810
ST8-PD-063-05,63,S2091B GFA,JONES et al./SAWYER,306400.,4,-1.79,0.587,0.0136,polars/raw/ALL.PD,4811
ST8-PD-063-05,63,S2091B GFA,JONES et al./SAWYER,306400.,5,-0.79,0.666,0.0133,polars/raw/ALL.PD,4812
ST8-PD-063-05,63,S2091B GFA,JONES et al./SAWYER,306400.,6,0.22,0.707,0.0119,polars/raw/ALL.PD,4813
ST8-PD-063-05,63,S2091B GFA,JONES et al./SAWYER,306400.,7,1.26,0.816,0.0121,polars/raw/ALL.PD,4814
ST8-PD-063-05,63,S2091B GFA,JONES et al./SAWYER,306400.,8,2.27,0.926,0.0130,polars/raw/ALL.PD,4815
ST8-PD-063-05,63,S2091B GFA,JONES et al./SAWYER,306400.,9,3.27,1.030,0.0139,polars/raw/ALL.PD,4816
ST8-PD-063-05,63,S2091B GFA,JONES et al./SAWYER,306400.,10,4.29,1.130,0.0150,polars/raw/ALL.PD,4817
ST8-PD-063-05,63,S2091B GFA,JONES et al./SAWYER,306400.,11,5.32,1.224,0.0165,polars/raw/ALL.PD,4818
ST8-PD-063-05,63,S2091B GFA,JONES et al./SAWYER,306400.,12,6.34,1.320,0.0180,polars/raw/ALL.PD,4819
ST8-PD-063-05,63,S2091B GFA,JONES et al./SAWYER,306400.,13,7.39,1.414,0.0201,polars/raw/ALL.PD,4820
ST8-PD-063-05,63,S2091B GFA,JONES et al./SAWYER,306400.,14,8.38,1.492,0.0228,polars/raw/ALL.PD,4821
ST8-PD-063-05,63,S2091B GFA,JONES et al./SAWYER,306400.,15,9.42,1.560,0.0256,polars/raw/ALL.PD,4822
ST8-PD-063-05,63,S2091B GFA,JONES et al./SAWYER,306400.,16,10.41,1.588,0.0330,polars/raw/ALL.PD,4823
ST8-PD-063-05,63,S2091B GFA,JONES et al./SAWYER,306400.,17,11.42,1.565,0.0366,polars/raw/ALL.PD,4824
ST8-PD-063-05,63,S2091B GFA,JONES et al./SAWYER,306400.,18,12.38,1.483,0.0967,polars/raw/ALL.PD,4825
ST8-PD-063-05,63,S2091B GFA,JONES et al./SAWYER,306400.,19,13.38,1.416,0.1330,polars/raw/ALL.PD,4826
ST8-PD-064-01,64,S2091B GFB,JONES et al./SAWYER,99600.,1,-4.93,0.031,0.0257,polars/raw/ALL.PD,4835
ST8-PD-064-01,64,S2091B GFB,JONES et al./SAWYER,99600.,2,-3.35,0.256,0.0190,polars/raw/ALL.PD,4836
ST8-PD-064-01,64,S2091B GFB,JONES et al./SAWYER,99600.,3,-1.84,0.413,0.0157,polars/raw/ALL.PD,4837
ST8-PD-064-01,64,S2091B GFB,JONES et al./SAWYER,99600.,4,-0.29,0.560,0.0163,polars/raw/ALL.PD,4838
ST8-PD-064-01,64,S2091B GFB,JONES et al./SAWYER,99600.,5,1.24,0.715,0.0188,polars/raw/ALL.PD,4839
ST8-PD-064-01,64,S2091B GFB,JONES et al./SAWYER,99600.,6,2.76,0.866,0.0198,polars/raw/ALL.PD,4840
ST8-PD-064-01,64,S2091B GFB,JONES et al./SAWYER,99600.,7,4.30,1.013,0.0227,polars/raw/ALL.PD,4841
ST8-PD-064-01,64,S2091B GFB,JONES et al./SAWYER,99600.,8,5.84,1.145,0.0238,polars/raw/ALL.PD,4842
ST8-PD-064-01,64,S2091B GFB,JONES et al./SAWYER,99600.,9,7.36,1.266,0.0279,polars/raw/ALL.PD,4843
ST8-PD-064-01,64,S2091B GFB,JONES et al./SAWYER,99600.,10,8.90,1.376,0.0332,polars/raw/ALL.PD,4844
ST8-PD-064-01,64,S2091B GFB,JONES et al./SAWYER,99600.,11,10.40,1.456,0.0388,polars/raw/ALL.PD,4845
ST8-PD-064-01,64,S2091B GFB,JONES et al./SAWYER,99600.,12,11.90,1.430,0.0510,polars/raw/ALL.PD,4846
ST8-PD-064-01,64,S2091B GFB,JONES et al./SAWYER,99600.,13,13.40,1.378,0.0628,polars/raw/ALL.PD,4847
ST8-PD-064-02,64,S2091B GFB,JONES et al./SAWYER,200000.,1,-4.90,0.104,0.0174,polars/raw/ALL.PD,4850
ST8-PD-064-02,64,S2091B GFB,JONES et al./SAWYER,200000.,2,-3.35,0.304,0.0128,polars/raw/ALL.PD,4851
ST8-PD-064-02,64,S2091B GFB,JONES et al./SAWYER,200000.,3,-1.84,0.457,0.0115,polars/raw/ALL.PD,4852
ST8-PD-064-02,64,S2091B GFB,JONES et al./SAWYER,200000.,4,-0.30,0.552,0.0110,polars/raw/ALL.PD,4853
ST8-PD-064-02,64,S2091B GFB,JONES et al./SAWYER,200000.,5,1.24,0.721,0.0123,polars/raw/ALL.PD,4854
ST8-PD-064-02,64,S2091B GFB,JONES et al./SAWYER,200000.,6,2.77,0.886,0.0142,polars/raw/ALL.PD,4855
ST8-PD-064-02,64,S2091B GFB,JONES et al./SAWYER,200000.,7,4.31,1.040,0.0155,polars/raw/ALL.PD,4856
ST8-PD-064-02,64,S2091B GFB,JONES et al./SAWYER,200000.,8,5.85,1.187,0.0175,polars/raw/ALL.PD,4857
ST8-PD-064-02,64,S2091B GFB,JONES et al./SAWYER,200000.,9,7.37,1.318,0.0206,polars/raw/ALL.PD,4858
ST8-PD-064-02,64,S2091B GFB,JONES et al./SAWYER,200000.,10,8.90,1.444,0.0242,polars/raw/ALL.PD,4859
ST8-PD-064-02,64,S2091B GFB,JONES et al./SAWYER,200000.,11,10.42,1.522,0.0309,polars/raw/ALL.PD,4860
ST8-PD-064-02,64,S2091B GFB,JONES et al./SAWYER,200000.,12,11.90,1.468,0.0604,polars/raw/ALL.PD,4861
ST8-PD-064-02,64,S2091B GFB,JONES et al./SAWYER,200000.,13,13.39,1.379,0.1139,polars/raw/ALL.PD,4862
ST8-PD-064-03,64,S2091B GFB,JONES et al./SAWYER,298500.,1,-4.89,0.124,0.0133,polars/raw/ALL.PD,4865
ST8-PD-064-03,64,S2091B GFB,JONES et al./SAWYER,298500.,2,-3.90,0.238,0.0117,polars/raw/ALL.PD,4866
ST8-PD-064-03,64,S2091B GFB,JONES et al./SAWYER,298500.,3,-2.84,0.354,0.0110,polars/raw/ALL.PD,4867
ST8-PD-064-03,64,S2091B GFB,JONES et al./SAWYER,298500.,4,-1.80,0.476,0.0105,polars/raw/ALL.PD,4868
ST8-PD-064-03,64,S2091B GFB,JONES et al./SAWYER,298500.,5,-0.82,0.559,0.0100,polars/raw/ALL.PD,4869
ST8-PD-064-03,64,S2091B GFB,JONES et al./SAWYER,298500.,6,0.18,0.620,0.0101,polars/raw/ALL.PD,4870
ST8-PD-064-03,64,S2091B GFB,JONES et al./SAWYER,298500.,7,1.20,0.736,0.0104,polars/raw/ALL.PD,4871
ST8-PD-064-03,64,S2091B GFB,JONES et al./SAWYER,298500.,8,2.26,0.851,0.0115,polars/raw/ALL.PD,4872
ST8-PD-064-03,64,S2091B GFB,JONES et al./SAWYER,298500.,9,3.26,0.956,0.0125,polars/raw/ALL.PD,4873
ST8-PD-064-03,64,S2091B GFB,JONES et al./SAWYER,298500.,10,4.30,1.058,0.0138,polars/raw/ALL.PD,4874
ST8-PD-064-03,64,S2091B GFB,JONES et al./SAWYER,298500.,11,5.31,1.153,0.0150,polars/raw/ALL.PD,4875
ST8-PD-064-03,64,S2091B GFB,JONES et al./SAWYER,298500.,12,6.34,1.247,0.0164,polars/raw/ALL.PD,4876
ST8-PD-064-03,64,S2091B GFB,JONES et al./SAWYER,298500.,13,7.38,1.334,0.0182,polars/raw/ALL.PD,4877
ST8-PD-064-03,64,S2091B GFB,JONES et al./SAWYER,298500.,14,8.38,1.414,0.0207,polars/raw/ALL.PD,4878
ST8-PD-064-03,64,S2091B GFB,JONES et al./SAWYER,298500.,15,9.39,1.482,0.0237,polars/raw/ALL.PD,4879
ST8-PD-064-03,64,S2091B GFB,JONES et al./SAWYER,298500.,16,10.42,1.523,0.0282,polars/raw/ALL.PD,4880
ST8-PD-064-03,64,S2091B GFB,JONES et al./SAWYER,298500.,17,11.42,1.504,0.0427,polars/raw/ALL.PD,4881
ST8-PD-064-03,64,S2091B GFB,JONES et al./SAWYER,298500.,18,12.38,1.437,0.0861,polars/raw/ALL.PD,4882
ST8-PD-065-01,65,S2091B GFC,JONES et al./SAWYER,99800.,1,-3.78,0.537,0.0245,polars/raw/ALL.PD,4891
ST8-PD-065-01,65,S2091B GFC,JONES et al./SAWYER,99800.,2,-2.77,0.640,0.0249,polars/raw/ALL.PD,4892
ST8-PD-065-01,65,S2091B GFC,JONES et al./SAWYER,99800.,3,-1.76,0.705,0.0234,polars/raw/ALL.PD,4893
ST8-PD-065-01,65,S2091B GFC,JONES et al./SAWYER,99800.,4,-1.01,0.764,0.0223,polars/raw/ALL.PD,4894
ST8-PD-065-01,65,S2091B GFC,JONES et al./SAWYER,99800.,5,-0.23,0.838,0.0212,polars/raw/ALL.PD,4895
ST8-PD-065-01,65,S2091B GFC,JONES et al./SAWYER,99800.,6,0.54,0.909,0.0246,polars/raw/ALL.PD,4896
ST8-PD-065-01,65,S2091B GFC,JONES et al./SAWYER,99800.,7,1.29,0.997,0.0256,polars/raw/ALL.PD,4897
ST8-PD-065-01,65,S2091B GFC,JONES et al./SAWYER,99800.,8,2.32,1.073,0.0254,polars/raw/ALL.PD,4898
ST8-PD-065-01,65,S2091B GFC,JONES et al./SAWYER,99800.,9,3.36,1.184,0.0285,polars/raw/ALL.PD,4899
ST8-PD-065-01,65,S2091B GFC,JONES et al./SAWYER,99800.,10,4.36,1.277,0.0295,polars/raw/ALL.PD,4900
ST8-PD-065-01,65,S2091B GFC,JONES et al./SAWYER,99800.,11,5.39,1.381,0.0297,polars/raw/ALL.PD,4901
ST8-PD-065-01,65,S2091B GFC,JONES et al./SAWYER,99800.,12,6.40,1.451,0.0314,polars/raw/ALL.PD,4902
ST8-PD-065-01,65,S2091B GFC,JONES et al./SAWYER,99800.,13,7.42,1.516,0.0339,polars/raw/ALL.PD,4903
ST8-PD-065-01,65,S2091B GFC,JONES et al./SAWYER,99800.,14,8.43,1.586,0.0346,polars/raw/ALL.PD,4904
ST8-PD-065-01,65,S2091B GFC,JONES et al./SAWYER,99800.,15,9.44,1.640,0.0464,polars/raw/ALL.PD,4905
ST8-PD-065-01,65,S2091B GFC,JONES et al./SAWYER,99800.,16,10.44,1.632,0.0465,polars/raw/ALL.PD,4906
ST8-PD-065-01,65,S2091B GFC,JONES et al./SAWYER,99800.,17,11.44,1.597,0.0565,polars/raw/ALL.PD,4907
ST8-PD-065-01,65,S2091B GFC,JONES et al./SAWYER,99800.,18,12.35,1.122,0.2719,polars/raw/ALL.PD,4908
ST8-PD-065-02,65,S2091B GFC,JONES et al./SAWYER,199300.,1,-3.80,0.565,0.0247,polars/raw/ALL.PD,4911
ST8-PD-065-02,65,S2091B GFC,JONES et al./SAWYER,199300.,2,-2.78,0.681,0.0233,polars/raw/ALL.PD,4912
ST8-PD-065-02,65,S2091B GFC,JONES et al./SAWYER,199300.,3,-1.75,0.765,0.0240,polars/raw/ALL.PD,4913
ST8-PD-065-02,65,S2091B GFC,JONES et al./SAWYER,199300.,4,-1.00,0.808,0.0240,polars/raw/ALL.PD,4914
ST8-PD-065-02,65,S2091B GFC,JONES et al./SAWYER,199300.,5,-0.24,0.839,0.0227,polars/raw/ALL.PD,4915
ST8-PD-065-02,65,S2091B GFC,JONES et al./SAWYER,199300.,6,0.51,0.892,0.0216,polars/raw/ALL.PD,4916
ST8-PD-065-02,65,S2091B GFC,JONES et al./SAWYER,199300.,7,1.28,0.965,0.0202,polars/raw/ALL.PD,4917
ST8-PD-065-02,65,S2091B GFC,JONES et al./SAWYER,199300.,8,2.31,1.072,0.0213,polars/raw/ALL.PD,4918
ST8-PD-065-02,65,S2091B GFC,JONES et al./SAWYER,199300.,9,3.35,1.180,0.0217,polars/raw/ALL.PD,4919
ST8-PD-065-02,65,S2091B GFC,JONES et al./SAWYER,199300.,10,4.37,1.280,0.0231,polars/raw/ALL.PD,4920
ST8-PD-065-02,65,S2091B GFC,JONES et al./SAWYER,199300.,11,5.38,1.373,0.0244,polars/raw/ALL.PD,4921
ST8-PD-065-02,65,S2091B GFC,JONES et al./SAWYER,199300.,12,6.40,1.462,0.0264,polars/raw/ALL.PD,4922
ST8-PD-065-02,65,S2091B GFC,JONES et al./SAWYER,199300.,13,7.41,1.545,0.0282,polars/raw/ALL.PD,4923
ST8-PD-065-02,65,S2091B GFC,JONES et al./SAWYER,199300.,14,8.43,1.621,0.0315,polars/raw/ALL.PD,4924
ST8-PD-065-02,65,S2091B GFC,JONES et al./SAWYER,199300.,15,9.45,1.669,0.0371,polars/raw/ALL.PD,4925
ST8-PD-065-02,65,S2091B GFC,JONES et al./SAWYER,199300.,16,10.45,1.645,0.0486,polars/raw/ALL.PD,4926
ST8-PD-065-03,65,S2091B GFC,JONES et al./SAWYER,302700.,1,-3.80,0.553,0.0232,polars/raw/ALL.PD,4929
ST8-PD-065-03,65,S2091B GFC,JONES et al./SAWYER,302700.,2,-2.79,0.680,0.0244,polars/raw/ALL.PD,4930
ST8-PD-065-03,65,S2091B GFC,JONES et al./SAWYER,302700.,3,-1.74,0.793,0.0245,polars/raw/ALL.PD,4931
ST8-PD-065-03,65,S2091B GFC,JONES et al./SAWYER,302700.,4,-0.98,0.863,0.0249,polars/raw/ALL.PD,4932
ST8-PD-065-03,65,S2091B GFC,JONES et al./SAWYER,302700.,5,-0.22,0.921,0.0244,polars/raw/ALL.PD,4933
ST8-PD-065-03,65,S2091B GFC,JONES et al./SAWYER,302700.,6,0.52,0.966,0.0231,polars/raw/ALL.PD,4934
ST8-PD-065-03,65,S2091B GFC,JONES et al./SAWYER,302700.,7,1.31,1.014,0.0235,polars/raw/ALL.PD,4935
ST8-PD-065-03,65,S2091B GFC,JONES et al./SAWYER,302700.,8,2.32,1.099,0.0221,polars/raw/ALL.PD,4936
ST8-PD-065-03,65,S2091B GFC,JONES et al./SAWYER,302700.,9,3.32,1.191,0.0203,polars/raw/ALL.PD,4937
ST8-PD-065-03,65,S2091B GFC,JONES et al./SAWYER,302700.,10,4.33,1.286,0.0207,polars/raw/ALL.PD,4938
ST8-PD-065-03,65,S2091B GFC,JONES et al./SAWYER,302700.,11,5.36,1.382,0.0223,polars/raw/ALL.PD,4939
ST8-PD-065-03,65,S2091B GFC,JONES et al./SAWYER,302700.,12,6.37,1.468,0.0237,polars/raw/ALL.PD,4940
ST8-PD-065-03,65,S2091B GFC,JONES et al./SAWYER,302700.,13,7.33,1.543,0.0259,polars/raw/ALL.PD,4941
ST8-PD-065-03,65,S2091B GFC,JONES et al./SAWYER,302700.,14,8.39,1.619,0.0282,polars/raw/ALL.PD,4942
ST8-PD-065-03,65,S2091B GFC,JONES et al./SAWYER,302700.,15,9.42,1.670,0.0339,polars/raw/ALL.PD,4943
ST8-PD-065-03,65,S2091B GFC,JONES et al./SAWYER,302700.,16,10.42,1.657,0.0479,polars/raw/ALL.PD,4944
ST8-PD-065-03,65,S2091B GFC,JONES et al./SAWYER,302700.,17,11.42,1.558,0.0988,polars/raw/ALL.PD,4945
ST8-PD-066-01,66,S3010,SAWYER/NANKIVIL,60900.,1,-2.96,-.084,0.0172,polars/raw/ALL.PD,4954
ST8-PD-066-01,66,S3010,SAWYER/NANKIVIL,60900.,2,-1.41,0.133,0.0167,polars/raw/ALL.PD,4955
ST8-PD-066-01,66,S3010,SAWYER/NANKIVIL,60900.,3,0.14,0.329,0.0218,polars/raw/ALL.PD,4956
ST8-PD-066-01,66,S3010,SAWYER/NANKIVIL,60900.,4,1.69,0.468,0.0236,polars/raw/ALL.PD,4957
ST8-PD-066-01,66,S3010,SAWYER/NANKIVIL,60900.,5,3.23,0.594,0.0268,polars/raw/ALL.PD,4958
ST8-PD-066-01,66,S3010,SAWYER/NANKIVIL,60900.,6,4.73,0.719,0.0280,polars/raw/ALL.PD,4959
ST8-PD-066-01,66,S3010,SAWYER/NANKIVIL,60900.,7,6.28,0.844,0.0280,polars/raw/ALL.PD,4960
ST8-PD-066-01,66,S3010,SAWYER/NANKIVIL,60900.,8,7.79,0.951,0.0357,polars/raw/ALL.PD,4961
ST8-PD-066-01,66,S3010,SAWYER/NANKIVIL,60900.,9,9.32,1.042,0.0353,polars/raw/ALL.PD,4962
ST8-PD-066-01,66,S3010,SAWYER/NANKIVIL,60900.,10,10.82,1.091,0.0411,polars/raw/ALL.PD,4963
ST8-PD-066-02,66,S3010,SAWYER/NANKIVIL,100500.,1,-3.95,-.142,0.0171,polars/raw/ALL.PD,4966
ST8-PD-066-02,66,S3010,SAWYER/NANKIVIL,100500.,2,-2.90,0.003,0.0145,polars/raw/ALL.PD,4967
ST8-PD-066-02,66,S3010,SAWYER/NANKIVIL,100500.,3,-1.89,0.128,0.0132,polars/raw/ALL.PD,4968
ST8-PD-066-02,66,S3010,SAWYER/NANKIVIL,100500.,4,-0.86,0.235,0.0135,polars/raw/ALL.PD,4969
ST8-PD-066-02,66,S3010,SAWYER/NANKIVIL,100500.,5,0.15,0.324,0.0140,polars/raw/ALL.PD,4970
ST8-PD-066-02,66,S3010,SAWYER/NANKIVIL,100500.,6,1.17,0.421,0.0150,polars/raw/ALL.PD,4971
ST8-PD-066-02,66,S3010,SAWYER/NANKIVIL,100500.,7,2.19,0.517,0.0158,polars/raw/ALL.PD,4972
ST8-PD-066-02,66,S3010,SAWYER/NANKIVIL,100500.,8,3.22,0.618,0.0161,polars/raw/ALL.PD,4973
ST8-PD-066-02,66,S3010,SAWYER/NANKIVIL,100500.,9,4.24,0.713,0.0170,polars/raw/ALL.PD,4974
ST8-PD-066-02,66,S3010,SAWYER/NANKIVIL,100500.,10,5.25,0.801,0.0178,polars/raw/ALL.PD,4975
ST8-PD-066-02,66,S3010,SAWYER/NANKIVIL,100500.,11,6.27,0.890,0.0213,polars/raw/ALL.PD,4976
ST8-PD-066-02,66,S3010,SAWYER/NANKIVIL,100500.,12,7.30,0.972,0.0237,polars/raw/ALL.PD,4977
ST8-PD-066-02,66,S3010,SAWYER/NANKIVIL,100500.,13,8.32,1.051,0.0256,polars/raw/ALL.PD,4978
ST8-PD-066-02,66,S3010,SAWYER/NANKIVIL,100500.,14,9.32,1.120,0.0305,polars/raw/ALL.PD,4979
ST8-PD-066-02,66,S3010,SAWYER/NANKIVIL,100500.,15,10.34,1.148,0.0332,polars/raw/ALL.PD,4980
ST8-PD-066-02,66,S3010,SAWYER/NANKIVIL,100500.,16,11.34,1.148,0.0480,polars/raw/ALL.PD,4981
ST8-PD-066-03,66,S3010,SAWYER/NANKIVIL,147400.,1,-3.92,-.078,0.0132,polars/raw/ALL.PD,4984
ST8-PD-066-03,66,S3010,SAWYER/NANKIVIL,147400.,2,-2.40,0.071,0.0116,polars/raw/ALL.PD,4985
ST8-PD-066-03,66,S3010,SAWYER/NANKIVIL,147400.,3,-0.87,0.208,0.0115,polars/raw/ALL.PD,4986
ST8-PD-066-03,66,S3010,SAWYER/NANKIVIL,147400.,4,0.66,0.365,0.0113,polars/raw/ALL.PD,4987
ST8-PD-066-03,66,S3010,SAWYER/NANKIVIL,147400.,5,2.18,0.522,0.0117,polars/raw/ALL.PD,4988
ST8-PD-066-03,66,S3010,SAWYER/NANKIVIL,147400.,6,3.73,0.676,0.0135,polars/raw/ALL.PD,4989
ST8-PD-066-03,66,S3010,SAWYER/NANKIVIL,147400.,7,5.26,0.822,0.0155,polars/raw/ALL.PD,4990
ST8-PD-066-03,66,S3010,SAWYER/NANKIVIL,147400.,8,6.81,0.959,0.0183,polars/raw/ALL.PD,4991
ST8-PD-066-03,66,S3010,SAWYER/NANKIVIL,147400.,9,8.31,1.084,0.0223,polars/raw/ALL.PD,4992
ST8-PD-066-03,66,S3010,SAWYER/NANKIVIL,147400.,10,9.85,1.167,0.0277,polars/raw/ALL.PD,4993
ST8-PD-066-03,66,S3010,SAWYER/NANKIVIL,147400.,11,11.34,1.167,0.0401,polars/raw/ALL.PD,4994
ST8-PD-066-03,66,S3010,SAWYER/NANKIVIL,147400.,12,12.85,1.147,0.0601,polars/raw/ALL.PD,4995
ST8-PD-066-03,66,S3010,SAWYER/NANKIVIL,147400.,13,14.28,0.857,0.2484,polars/raw/ALL.PD,4996
ST8-PD-066-04,66,S3010,SAWYER/NANKIVIL,203900.,1,-3.92,-.090,0.0126,polars/raw/ALL.PD,4999
ST8-PD-066-04,66,S3010,SAWYER/NANKIVIL,203900.,2,-2.41,0.045,0.0112,polars/raw/ALL.PD,5000
ST8-PD-066-04,66,S3010,SAWYER/NANKIVIL,203900.,3,-0.88,0.185,0.0094,polars/raw/ALL.PD,5001
ST8-PD-066-04,66,S3010,SAWYER/NANKIVIL,203900.,4,0.67,0.356,0.0094,polars/raw/ALL.PD,5002
ST8-PD-066-04,66,S3010,SAWYER/NANKIVIL,203900.,5,2.20,0.512,0.0099,polars/raw/ALL.PD,5003
ST8-PD-066-04,66,S3010,SAWYER/NANKIVIL,203900.,6,3.71,0.664,0.0124,polars/raw/ALL.PD,5004
ST8-PD-066-04,66,S3010,SAWYER/NANKIVIL,203900.,7,5.25,0.811,0.0139,polars/raw/ALL.PD,5005
ST8-PD-066-04,66,S3010,SAWYER/NANKIVIL,203900.,8,6.78,0.948,0.0159,polars/raw/ALL.PD,5006
ST8-PD-066-04,66,S3010,SAWYER/NANKIVIL,203900.,9,8.31,1.075,0.0193,polars/raw/ALL.PD,5007
ST8-PD-066-04,66,S3010,SAWYER/NANKIVIL,203900.,10,9.85,1.159,0.0253,polars/raw/ALL.PD,5008
ST8-PD-066-04,66,S3010,SAWYER/NANKIVIL,203900.,11,11.34,1.166,0.0345,polars/raw/ALL.PD,5009
ST8-PD-066-04,66,S3010,SAWYER/NANKIVIL,203900.,12,12.84,1.147,0.0564,polars/raw/ALL.PD,5010
ST8-PD-066-04,66,S3010,SAWYER/NANKIVIL,203900.,13,14.32,1.116,0.0738,polars/raw/ALL.PD,5011
ST8-PD-066-05,66,S3010,SAWYER/NANKIVIL,301000.,1,-3.98,-.105,0.0114,polars/raw/ALL.PD,5014
ST8-PD-066-05,66,S3010,SAWYER/NANKIVIL,301000.,2,-2.94,-.004,0.0105,polars/raw/ALL.PD,5015
ST8-PD-066-05,66,S3010,SAWYER/NANKIVIL,301000.,3,-1.91,0.099,0.0092,polars/raw/ALL.PD,5016
ST8-PD-066-05,66,S3010,SAWYER/NANKIVIL,301000.,4,-0.92,0.197,0.0085,polars/raw/ALL.PD,5017
ST8-PD-066-05,66,S3010,SAWYER/NANKIVIL,301000.,5,0.14,0.307,0.0077,polars/raw/ALL.PD,5018
ST8-PD-066-05,66,S3010,SAWYER/NANKIVIL,301000.,6,1.14,0.416,0.0081,polars/raw/ALL.PD,5019
ST8-PD-066-05,66,S3010,SAWYER/NANKIVIL,301000.,7,2.18,0.525,0.0087,polars/raw/ALL.PD,5020
ST8-PD-066-05,66,S3010,SAWYER/NANKIVIL,301000.,8,3.19,0.626,0.0098,polars/raw/ALL.PD,5021
ST8-PD-066-05,66,S3010,SAWYER/NANKIVIL,301000.,9,4.24,0.732,0.0109,polars/raw/ALL.PD,5022
ST8-PD-066-05,66,S3010,SAWYER/NANKIVIL,301000.,10,5.25,0.829,0.0122,polars/raw/ALL.PD,5023
ST8-PD-066-05,66,S3010,SAWYER/NANKIVIL,301000.,11,6.28,0.923,0.0137,polars/raw/ALL.PD,5024
ST8-PD-066-05,66,S3010,SAWYER/NANKIVIL,301000.,12,7.29,1.010,0.0155,polars/raw/ALL.PD,5025
ST8-PD-066-05,66,S3010,SAWYER/NANKIVIL,301000.,13,8.32,1.091,0.0179,polars/raw/ALL.PD,5026
ST8-PD-066-05,66,S3010,SAWYER/NANKIVIL,301000.,14,9.34,1.153,0.0214,polars/raw/ALL.PD,5027
ST8-PD-066-05,66,S3010,SAWYER/NANKIVIL,301000.,15,10.34,1.182,0.0284,polars/raw/ALL.PD,5028
ST8-PD-066-05,66,S3010,SAWYER/NANKIVIL,301000.,16,11.33,1.175,0.0314,polars/raw/ALL.PD,5029
ST8-PD-067-01,67,S3014,ALLEN,62000.,1,-3.93,-.128,0.0193,polars/raw/ALL.PD,5038
ST8-PD-067-01,67,S3014,ALLEN,62000.,2,-2.92,-.042,0.0140,polars/raw/ALL.PD,5039
ST8-PD-067-01,67,S3014,ALLEN,62000.,3,-1.89,0.066,0.0167,polars/raw/ALL.PD,5040
ST8-PD-067-01,67,S3014,ALLEN,62000.,4,-0.86,0.217,0.0193,polars/raw/ALL.PD,5041
ST8-PD-067-01,67,S3014,ALLEN,62000.,5,0.17,0.367,0.0227,polars/raw/ALL.PD,5042
ST8-PD-067-01,67,S3014,ALLEN,62000.,6,1.21,0.495,0.0247,polars/raw/ALL.PD,5043
ST8-PD-067-01,67,S3014,ALLEN,62000.,7,2.23,0.590,0.0237,polars/raw/ALL.PD,5044
ST8-PD-067-01,67,S3014,ALLEN,62000.,8,3.25,0.685,0.0232,polars/raw/ALL.PD,5045
ST8-PD-067-01,67,S3014,ALLEN,62000.,9,4.27,0.774,0.0216,polars/raw/ALL.PD,5046
ST8-PD-067-01,67,S3014,ALLEN,62000.,10,5.28,0.857,0.0259,polars/raw/ALL.PD,5047
ST8-PD-067-01,67,S3014,ALLEN,62000.,11,6.29,0.935,0.0216,polars/raw/ALL.PD,5048
ST8-PD-067-01,67,S3014,ALLEN,62000.,12,7.32,1.007,0.0322,polars/raw/ALL.PD,5049
ST8-PD-067-01,67,S3014,ALLEN,62000.,13,8.33,1.073,0.0316,polars/raw/ALL.PD,5050
ST8-PD-067-01,67,S3014,ALLEN,62000.,14,9.34,1.129,0.0382,polars/raw/ALL.PD,5051
ST8-PD-067-01,67,S3014,ALLEN,62000.,15,10.35,1.158,0.0477,polars/raw/ALL.PD,5052
ST8-PD-067-02,67,S3014,ALLEN,99900.,1,-3.93,-.104,0.0171,polars/raw/ALL.PD,5055
ST8-PD-067-02,67,S3014,ALLEN,99900.,2,-2.89,0.026,0.0141,polars/raw/ALL.PD,5056
ST8-PD-067-02,67,S3014,ALLEN,99900.,3,-1.87,0.171,0.0157,polars/raw/ALL.PD,5057
ST8-PD-067-02,67,S3014,ALLEN,99900.,4,-0.84,0.301,0.0162,polars/raw/ALL.PD,5058
ST8-PD-067-02,67,S3014,ALLEN,99900.,5,0.17,0.394,0.0176,polars/raw/ALL.PD,5059
ST8-PD-067-02,67,S3014,ALLEN,99900.,6,1.20,0.481,0.0181,polars/raw/ALL.PD,5060
ST8-PD-067-02,67,S3014,ALLEN,99900.,7,2.23,0.569,0.0174,polars/raw/ALL.PD,5061
ST8-PD-067-02,67,S3014,ALLEN,99900.,8,3.24,0.661,0.0177,polars/raw/ALL.PD,5062
ST8-PD-067-02,67,S3014,ALLEN,99900.,9,4.26,0.750,0.0181,polars/raw/ALL.PD,5063
ST8-PD-067-02,67,S3014,ALLEN,99900.,10,5.28,0.836,0.0193,polars/raw/ALL.PD,5064
ST8-PD-067-02,67,S3014,ALLEN,99900.,11,6.30,0.916,0.0217,polars/raw/ALL.PD,5065
ST8-PD-067-02,67,S3014,ALLEN,99900.,12,7.31,0.992,0.0244,polars/raw/ALL.PD,5066
ST8-PD-067-02,67,S3014,ALLEN,99900.,13,8.32,1.061,0.0282,polars/raw/ALL.PD,5067
ST8-PD-067-02,67,S3014,ALLEN,99900.,14,9.34,1.118,0.0322,polars/raw/ALL.PD,5068
ST8-PD-067-02,67,S3014,ALLEN,99900.,15,10.35,1.148,0.0397,polars/raw/ALL.PD,5069
ST8-PD-067-02,67,S3014,ALLEN,99900.,16,11.35,1.132,0.0566,polars/raw/ALL.PD,5070
ST8-PD-067-03,67,S3014,ALLEN,151500.,1,-3.91,-.011,0.0139,polars/raw/ALL.PD,5073
ST8-PD-067-03,67,S3014,ALLEN,151500.,2,-2.88,0.086,0.0118,polars/raw/ALL.PD,5074
ST8-PD-067-03,67,S3014,ALLEN,151500.,3,0.17,0.381,0.0125,polars/raw/ALL.PD,5075
ST8-PD-067-03,67,S3014,ALLEN,151500.,4,2.22,0.577,0.0131,polars/raw/ALL.PD,5076
ST8-PD-067-03,67,S3014,ALLEN,151500.,5,4.27,0.772,0.0144,polars/raw/ALL.PD,5077
ST8-PD-067-03,67,S3014,ALLEN,151500.,6,6.30,0.948,0.0182,polars/raw/ALL.PD,5078
ST8-PD-067-03,67,S3014,ALLEN,151500.,7,7.31,1.015,0.0202,polars/raw/ALL.PD,5079
ST8-PD-067-03,67,S3014,ALLEN,151500.,8,8.33,1.086,0.0230,polars/raw/ALL.PD,5080
ST8-PD-067-03,67,S3014,ALLEN,151500.,9,9.34,1.158,0.0263,polars/raw/ALL.PD,5081
ST8-PD-067-03,67,S3014,ALLEN,151500.,10,10.35,1.188,0.0327,polars/raw/ALL.PD,5082
ST8-PD-067-03,67,S3014,ALLEN,151500.,11,11.34,1.166,0.0493,polars/raw/ALL.PD,5083
ST8-PD-067-04,67,S3014,ALLEN,200800.,1,-3.92,-.019,0.0127,polars/raw/ALL.PD,5086
ST8-PD-067-04,67,S3014,ALLEN,200800.,2,-2.90,0.065,0.0115,polars/raw/ALL.PD,5087
ST8-PD-067-04,67,S3014,ALLEN,200800.,3,-1.88,0.168,0.0098,polars/raw/ALL.PD,5088
ST8-PD-067-04,67,S3014,ALLEN,200800.,4,-0.85,0.268,0.0099,polars/raw/ALL.PD,5089
ST8-PD-067-04,67,S3014,ALLEN,200800.,5,0.17,0.369,0.0100,polars/raw/ALL.PD,5090
ST8-PD-067-04,67,S3014,ALLEN,200800.,6,1.19,0.470,0.0104,polars/raw/ALL.PD,5091
ST8-PD-067-04,67,S3014,ALLEN,200800.,7,2.21,0.554,0.0105,polars/raw/ALL.PD,5092
ST8-PD-067-04,67,S3014,ALLEN,200800.,8,3.24,0.651,0.0111,polars/raw/ALL.PD,5093
ST8-PD-067-04,67,S3014,ALLEN,200800.,9,4.26,0.747,0.0121,polars/raw/ALL.PD,5094
ST8-PD-067-04,67,S3014,ALLEN,200800.,10,5.27,0.837,0.0137,polars/raw/ALL.PD,5095
ST8-PD-067-04,67,S3014,ALLEN,200800.,11,6.30,0.925,0.0156,polars/raw/ALL.PD,5096
ST8-PD-067-04,67,S3014,ALLEN,200800.,12,7.31,1.011,0.0180,polars/raw/ALL.PD,5097
ST8-PD-067-04,67,S3014,ALLEN,200800.,13,8.34,1.091,0.0205,polars/raw/ALL.PD,5098
ST8-PD-067-04,67,S3014,ALLEN,200800.,14,9.35,1.160,0.0230,polars/raw/ALL.PD,5099
ST8-PD-067-04,67,S3014,ALLEN,200800.,15,10.36,1.189,0.0302,polars/raw/ALL.PD,5100
ST8-PD-067-04,67,S3014,ALLEN,200800.,16,11.36,1.169,0.0434,polars/raw/ALL.PD,5101
ST8-PD-067-05,67,S3014,ALLEN,303700.,1,-2.89,0.044,0.0105,polars/raw/ALL.PD,5104
ST8-PD-067-05,67,S3014,ALLEN,303700.,2,-1.88,0.138,0.0087,polars/raw/ALL.PD,5105
ST8-PD-067-05,67,S3014,ALLEN,303700.,3,-0.99,0.242,0.0082,polars/raw/ALL.PD,5106
ST8-PD-067-05,67,S3014,ALLEN,303700.,4,0.17,0.340,0.0080,polars/raw/ALL.PD,5107
ST8-PD-067-05,67,S3014,ALLEN,303700.,5,1.19,0.447,0.0084,polars/raw/ALL.PD,5108
ST8-PD-067-05,67,S3014,ALLEN,303700.,6,2.22,0.551,0.0088,polars/raw/ALL.PD,5109
ST8-PD-067-05,67,S3014,ALLEN,303700.,7,3.23,0.650,0.0096,polars/raw/ALL.PD,5110
ST8-PD-067-05,67,S3014,ALLEN,303700.,8,4.26,0.747,0.0109,polars/raw/ALL.PD,5111
ST8-PD-067-05,67,S3014,ALLEN,303700.,9,5.28,0.837,0.0124,polars/raw/ALL.PD,5112
ST8-PD-067-05,67,S3014,ALLEN,303700.,10,6.29,0.923,0.0141,polars/raw/ALL.PD,5113
ST8-PD-067-05,67,S3014,ALLEN,303700.,11,7.31,1.008,0.0160,polars/raw/ALL.PD,5114
ST8-PD-068-01,68,S3016,ARANA,59100.,1,-3.98,-.293,0.0238,polars/raw/ALL.PD,5123
ST8-PD-068-01,68,S3016,ARANA,59100.,2,-2.96,-.235,0.0196,polars/raw/ALL.PD,5124
ST8-PD-068-01,68,S3016,ARANA,59100.,3,-1.94,-.144,0.0143,polars/raw/ALL.PD,5125
ST8-PD-068-01,68,S3016,ARANA,59100.,4,-0.90,-.013,0.0162,polars/raw/ALL.PD,5126
ST8-PD-068-01,68,S3016,ARANA,59100.,5,0.13,0.159,0.0174,polars/raw/ALL.PD,5127
ST8-PD-068-01,68,S3016,ARANA,59100.,6,1.15,0.293,0.0189,polars/raw/ALL.PD,5128
ST8-PD-068-01,68,S3016,ARANA,59100.,7,2.19,0.394,0.0220,polars/raw/ALL.PD,5129
ST8-PD-068-01,68,S3016,ARANA,59100.,8,3.20,0.479,0.0219,polars/raw/ALL.PD,5130
ST8-PD-068-01,68,S3016,ARANA,59100.,9,4.21,0.565,0.0213,polars/raw/ALL.PD,5131
ST8-PD-068-01,68,S3016,ARANA,59100.,10,5.24,0.665,0.0211,polars/raw/ALL.PD,5132
ST8-PD-068-01,68,S3016,ARANA,59100.,11,6.25,0.745,0.0230,polars/raw/ALL.PD,5133
ST8-PD-068-01,68,S3016,ARANA,59100.,12,7.27,0.819,0.0281,polars/raw/ALL.PD,5134
ST8-PD-068-01,68,S3016,ARANA,59100.,13,8.28,0.866,0.0359,polars/raw/ALL.PD,5135
ST8-PD-068-01,68,S3016,ARANA,59100.,14,9.30,0.928,0.0429,polars/raw/ALL.PD,5136
ST8-PD-068-01,68,S3016,ARANA,59100.,15,10.31,0.974,0.0601,polars/raw/ALL.PD,5137
ST8-PD-068-02,68,S3016,ARANA,103300.,1,-4.99,-.354,0.0180,polars/raw/ALL.PD,5140
ST8-PD-068-02,68,S3016,ARANA,103300.,2,-3.98,-.277,0.0163,polars/raw/ALL.PD,5141
ST8-PD-068-02,68,S3016,ARANA,103300.,3,-2.96,-.192,0.0135,polars/raw/ALL.PD,5142
ST8-PD-068-02,68,S3016,ARANA,103300.,4,-1.92,-.057,0.0120,polars/raw/ALL.PD,5143
ST8-PD-068-02,68,S3016,ARANA,103300.,5,-0.90,0.084,0.0120,polars/raw/ALL.PD,5144
ST8-PD-068-02,68,S3016,ARANA,103300.,6,0.13,0.205,0.0137,polars/raw/ALL.PD,5145
ST8-PD-068-02,68,S3016,ARANA,103300.,7,1.15,0.303,0.0152,polars/raw/ALL.PD,5146
ST8-PD-068-02,68,S3016,ARANA,103300.,8,2.19,0.393,0.0143,polars/raw/ALL.PD,5147
ST8-PD-068-02,68,S3016,ARANA,103300.,9,3.19,0.480,0.0152,polars/raw/ALL.PD,5148
ST8-PD-068-02,68,S3016,ARANA,103300.,10,4.22,0.571,0.0175,polars/raw/ALL.PD,5149
ST8-PD-068-02,68,S3016,ARANA,103300.,11,5.24,0.660,0.0158,polars/raw/ALL.PD,5150
ST8-PD-068-02,68,S3016,ARANA,103300.,12,6.24,0.753,0.0211,polars/raw/ALL.PD,5151
ST8-PD-068-02,68,S3016,ARANA,103300.,13,7.27,0.828,0.0194,polars/raw/ALL.PD,5152
ST8-PD-068-02,68,S3016,ARANA,103300.,14,8.28,0.893,0.0339,polars/raw/ALL.PD,5153
ST8-PD-068-02,68,S3016,ARANA,103300.,15,9.29,0.923,0.0421,polars/raw/ALL.PD,5154
ST8-PD-068-03,68,S3016,ARANA,152700.,1,-4.99,-.341,0.0185,polars/raw/ALL.PD,5157
ST8-PD-068-03,68,S3016,ARANA,152700.,2,-3.96,-.245,0.0140,polars/raw/ALL.PD,5158
ST8-PD-068-03,68,S3016,ARANA,152700.,3,-2.94,-.126,0.0127,polars/raw/ALL.PD,5159
ST8-PD-068-03,68,S3016,ARANA,152700.,4,-1.91,0.005,0.0107,polars/raw/ALL.PD,5160
ST8-PD-068-03,68,S3016,ARANA,152700.,5,-0.89,0.105,0.0113,polars/raw/ALL.PD,5161
ST8-PD-068-03,68,S3016,ARANA,152700.,6,0.14,0.196,0.0120,polars/raw/ALL.PD,5162
ST8-PD-068-03,68,S3016,ARANA,152700.,7,1.15,0.294,0.0118,polars/raw/ALL.PD,5163
ST8-PD-068-03,68,S3016,ARANA,152700.,8,2.17,0.399,0.0119,polars/raw/ALL.PD,5164
ST8-PD-068-03,68,S3016,ARANA,152700.,9,3.20,0.496,0.0123,polars/raw/ALL.PD,5165
ST8-PD-068-03,68,S3016,ARANA,152700.,10,4.21,0.598,0.0133,polars/raw/ALL.PD,5166
ST8-PD-068-03,68,S3016,ARANA,152700.,11,5.23,0.687,0.0165,polars/raw/ALL.PD,5167
ST8-PD-068-03,68,S3016,ARANA,152700.,12,6.25,0.777,0.0180,polars/raw/ALL.PD,5168
ST8-PD-068-03,68,S3016,ARANA,152700.,13,7.27,0.859,0.0227,polars/raw/ALL.PD,5169
ST8-PD-068-03,68,S3016,ARANA,152700.,14,8.29,0.938,0.0236,polars/raw/ALL.PD,5170
ST8-PD-068-03,68,S3016,ARANA,152700.,15,9.32,1.015,0.0286,polars/raw/ALL.PD,5171
ST8-PD-068-04,68,S3016,ARANA,208900.,1,-4.96,-.306,0.0171,polars/raw/ALL.PD,5174
ST8-PD-068-04,68,S3016,ARANA,208900.,2,-3.96,-.190,0.0137,polars/raw/ALL.PD,5175
ST8-PD-068-04,68,S3016,ARANA,208900.,3,-2.93,-.102,0.0115,polars/raw/ALL.PD,5176
ST8-PD-068-04,68,S3016,ARANA,208900.,4,-1.93,-.020,0.0102,polars/raw/ALL.PD,5177
ST8-PD-068-04,68,S3016,ARANA,208900.,5,-0.90,0.083,0.0086,polars/raw/ALL.PD,5178
ST8-PD-068-04,68,S3016,ARANA,208900.,6,0.14,0.191,0.0087,polars/raw/ALL.PD,5179
ST8-PD-068-04,68,S3016,ARANA,208900.,7,1.15,0.293,0.0090,polars/raw/ALL.PD,5180
ST8-PD-068-04,68,S3016,ARANA,208900.,8,2.18,0.396,0.0091,polars/raw/ALL.PD,5181
ST8-PD-068-04,68,S3016,ARANA,208900.,9,3.19,0.498,0.0098,polars/raw/ALL.PD,5182
ST8-PD-068-04,68,S3016,ARANA,208900.,10,4.22,0.598,0.0107,polars/raw/ALL.PD,5183
ST8-PD-068-04,68,S3016,ARANA,208900.,11,5.24,0.693,0.0124,polars/raw/ALL.PD,5184
ST8-PD-068-04,68,S3016,ARANA,208900.,12,6.27,0.786,0.0143,polars/raw/ALL.PD,5185
ST8-PD-068-04,68,S3016,ARANA,208900.,13,7.27,0.872,0.0175,polars/raw/ALL.PD,5186
ST8-PD-068-04,68,S3016,ARANA,208900.,14,8.31,0.950,0.0208,polars/raw/ALL.PD,5187
ST8-PD-068-04,68,S3016,ARANA,208900.,15,9.31,1.021,0.0244,polars/raw/ALL.PD,5188
ST8-PD-068-04,68,S3016,ARANA,208900.,16,10.32,1.081,0.0296,polars/raw/ALL.PD,5189
ST8-PD-068-04,68,S3016,ARANA,208900.,17,11.34,1.124,0.0365,polars/raw/ALL.PD,5190
ST8-PD-068-05,68,S3016,ARANA,304800.,1,-4.99,-.303,0.0155,polars/raw/ALL.PD,5193
ST8-PD-068-05,68,S3016,ARANA,304800.,2,-3.98,-.219,0.0130,polars/raw/ALL.PD,5194
ST8-PD-068-05,68,S3016,ARANA,304800.,3,-2.95,-.127,0.0108,polars/raw/ALL.PD,5195
ST8-PD-068-05,68,S3016,ARANA,304800.,4,-1.92,-.033,0.0096,polars/raw/ALL.PD,5196
ST8-PD-068-05,68,S3016,ARANA,304800.,5,-0.90,0.060,0.0080,polars/raw/ALL.PD,5197
ST8-PD-068-05,68,S3016,ARANA,304800.,6,0.11,0.180,0.0073,polars/raw/ALL.PD,5198
ST8-PD-068-05,68,S3016,ARANA,304800.,7,1.16,0.286,0.0075,polars/raw/ALL.PD,5199
ST8-PD-068-05,68,S3016,ARANA,304800.,8,2.17,0.390,0.0079,polars/raw/ALL.PD,5200
ST8-PD-068-05,68,S3016,ARANA,304800.,9,3.20,0.493,0.0088,polars/raw/ALL.PD,5201
ST8-PD-068-05,68,S3016,ARANA,304800.,10,4.22,0.592,0.0099,polars/raw/ALL.PD,5202
ST8-PD-068-05,68,S3016,ARANA,304800.,11,5.23,0.686,0.0115,polars/raw/ALL.PD,5203
ST8-PD-068-05,68,S3016,ARANA,304800.,12,6.25,0.777,0.0133,polars/raw/ALL.PD,5204
ST8-PD-068-05,68,S3016,ARANA,304800.,13,7.28,0.866,0.0158,polars/raw/ALL.PD,5205
ST8-PD-068-05,68,S3016,ARANA,304800.,14,8.30,0.947,0.0183,polars/raw/ALL.PD,5206
ST8-PD-068-05,68,S3016,ARANA,304800.,15,9.32,1.023,0.0214,polars/raw/ALL.PD,5207
ST8-PD-068-05,68,S3016,ARANA,304800.,16,10.33,1.086,0.0256,polars/raw/ALL.PD,5208
ST8-PD-068-05,68,S3016,ARANA,304800.,17,11.33,1.134,0.0314,polars/raw/ALL.PD,5209
ST8-PD-069-01,69,S3021A,CHAMPINE,58800.,1,-3.96,-.207,0.0295,polars/raw/ALL.PD,5218
ST8-PD-069-01,69,S3021A,CHAMPINE,58800.,2,-2.94,-.130,0.0212,polars/raw/ALL.PD,5219
ST8-PD-069-01,69,S3021A,CHAMPINE,58800.,3,-1.92,-.060,0.0174,polars/raw/ALL.PD,5220
ST8-PD-069-01,69,S3021A,CHAMPINE,58800.,4,-0.90,0.023,0.0153,polars/raw/ALL.PD,5221
ST8-PD-069-01,69,S3021A,CHAMPINE,58800.,5,0.13,0.179,0.0181,polars/raw/ALL.PD,5222
ST8-PD-069-01,69,S3021A,CHAMPINE,58800.,6,1.16,0.314,0.0223,polars/raw/ALL.PD,5223
ST8-PD-069-01,69,S3021A,CHAMPINE,58800.,7,2.18,0.432,0.0241,polars/raw/ALL.PD,5224
ST8-PD-069-01,69,S3021A,CHAMPINE,58800.,8,3.20,0.524,0.0283,polars/raw/ALL.PD,5225
ST8-PD-069-01,69,S3021A,CHAMPINE,58800.,9,4.22,0.608,0.0255,polars/raw/ALL.PD,5226
ST8-PD-069-01,69,S3021A,CHAMPINE,58800.,10,5.25,0.689,0.0253,polars/raw/ALL.PD,5227
ST8-PD-069-01,69,S3021A,CHAMPINE,58800.,11,6.26,0.764,0.0257,polars/raw/ALL.PD,5228
ST8-PD-069-01,69,S3021A,CHAMPINE,58800.,12,7.28,0.851,0.0280,polars/raw/ALL.PD,5229
ST8-PD-069-01,69,S3021A,CHAMPINE,58800.,13,8.29,0.922,0.0264,polars/raw/ALL.PD,5230
ST8-PD-069-01,69,S3021A,CHAMPINE,58800.,14,9.31,0.992,0.0309,polars/raw/ALL.PD,5231
ST8-PD-069-01,69,S3021A,CHAMPINE,58800.,15,10.32,1.052,0.0326,polars/raw/ALL.PD,5232
ST8-PD-069-01,69,S3021A,CHAMPINE,58800.,16,11.33,1.069,0.0402,polars/raw/ALL.PD,5233
ST8-PD-069-02,69,S3021A,CHAMPINE,99500.,1,-3.95,-.224,0.0238,polars/raw/ALL.PD,5236
ST8-PD-069-02,69,S3021A,CHAMPINE,99500.,2,-2.95,-.135,0.0186,polars/raw/ALL.PD,5237
ST8-PD-069-02,69,S3021A,CHAMPINE,99500.,3,-1.92,-.001,0.0138,polars/raw/ALL.PD,5238
ST8-PD-069-02,69,S3021A,CHAMPINE,99500.,4,-0.87,0.147,0.0126,polars/raw/ALL.PD,5239
ST8-PD-069-02,69,S3021A,CHAMPINE,99500.,5,0.15,0.279,0.0143,polars/raw/ALL.PD,5240
ST8-PD-069-02,69,S3021A,CHAMPINE,99500.,6,1.17,0.374,0.0149,polars/raw/ALL.PD,5241
ST8-PD-069-02,69,S3021A,CHAMPINE,99500.,7,2.18,0.460,0.0158,polars/raw/ALL.PD,5242
ST8-PD-069-02,69,S3021A,CHAMPINE,99500.,8,3.21,0.545,0.0171,polars/raw/ALL.PD,5243
ST8-PD-069-02,69,S3021A,CHAMPINE,99500.,9,4.21,0.633,0.0177,polars/raw/ALL.PD,5244
ST8-PD-069-02,69,S3021A,CHAMPINE,99500.,10,5.25,0.722,0.0183,polars/raw/ALL.PD,5245
ST8-PD-069-02,69,S3021A,CHAMPINE,99500.,11,6.27,0.810,0.0193,polars/raw/ALL.PD,5246
ST8-PD-069-02,69,S3021A,CHAMPINE,99500.,12,7.29,0.898,0.0195,polars/raw/ALL.PD,5247
ST8-PD-069-02,69,S3021A,CHAMPINE,99500.,13,8.30,0.975,0.0222,polars/raw/ALL.PD,5248
ST8-PD-069-02,69,S3021A,CHAMPINE,99500.,14,9.32,1.046,0.0245,polars/raw/ALL.PD,5249
ST8-PD-069-02,69,S3021A,CHAMPINE,99500.,15,10.33,1.104,0.0283,polars/raw/ALL.PD,5250
ST8-PD-069-02,69,S3021A,CHAMPINE,99500.,16,11.34,1.104,0.0377,polars/raw/ALL.PD,5251
ST8-PD-069-03,69,S3021A,CHAMPINE,149300.,1,-2.00,0.043,0.0117,polars/raw/ALL.PD,5254
ST8-PD-069-03,69,S3021A,CHAMPINE,149300.,2,-0.88,0.170,0.0100,polars/raw/ALL.PD,5255
ST8-PD-069-03,69,S3021A,CHAMPINE,149300.,3,1.16,0.364,0.0109,polars/raw/ALL.PD,5256
ST8-PD-069-03,69,S3021A,CHAMPINE,149300.,4,3.22,0.557,0.0126,polars/raw/ALL.PD,5257
ST8-PD-069-03,69,S3021A,CHAMPINE,149300.,5,5.26,0.750,0.0142,polars/raw/ALL.PD,5258
ST8-PD-069-03,69,S3021A,CHAMPINE,149300.,6,7.29,0.931,0.0166,polars/raw/ALL.PD,5259
ST8-PD-069-03,69,S3021A,CHAMPINE,149300.,7,9.34,1.090,0.0209,polars/raw/ALL.PD,5260
ST8-PD-069-03,69,S3021A,CHAMPINE,149300.,8,10.35,1.142,0.0250,polars/raw/ALL.PD,5261
ST8-PD-069-03,69,S3021A,CHAMPINE,149300.,9,11.34,1.145,0.0362,polars/raw/ALL.PD,5262
ST8-PD-069-04,69,S3021A,CHAMPINE,200600.,1,-4.03,-.193,0.0177,polars/raw/ALL.PD,5265
ST8-PD-069-04,69,S3021A,CHAMPINE,200600.,2,-2.99,-.056,0.0132,polars/raw/ALL.PD,5266
ST8-PD-069-04,69,S3021A,CHAMPINE,200600.,3,-1.90,0.056,0.0109,polars/raw/ALL.PD,5267
ST8-PD-069-04,69,S3021A,CHAMPINE,200600.,4,-0.93,0.135,0.0091,polars/raw/ALL.PD,5268
ST8-PD-069-04,69,S3021A,CHAMPINE,200600.,5,0.15,0.250,0.0084,polars/raw/ALL.PD,5269
ST8-PD-069-04,69,S3021A,CHAMPINE,200600.,6,1.18,0.348,0.0090,polars/raw/ALL.PD,5270
ST8-PD-069-04,69,S3021A,CHAMPINE,200600.,7,2.19,0.445,0.0096,polars/raw/ALL.PD,5271
ST8-PD-069-04,69,S3021A,CHAMPINE,200600.,8,3.21,0.542,0.0103,polars/raw/ALL.PD,5272
ST8-PD-069-04,69,S3021A,CHAMPINE,200600.,9,4.24,0.639,0.0113,polars/raw/ALL.PD,5273
ST8-PD-069-04,69,S3021A,CHAMPINE,200600.,10,5.25,0.730,0.0119,polars/raw/ALL.PD,5274
ST8-PD-069-04,69,S3021A,CHAMPINE,200600.,11,6.27,0.818,0.0127,polars/raw/ALL.PD,5275
ST8-PD-069-04,69,S3021A,CHAMPINE,200600.,12,7.29,0.903,0.0143,polars/raw/ALL.PD,5276
ST8-PD-069-04,69,S3021A,CHAMPINE,200600.,13,8.31,0.984,0.0165,polars/raw/ALL.PD,5277
ST8-PD-069-04,69,S3021A,CHAMPINE,200600.,14,9.32,1.055,0.0186,polars/raw/ALL.PD,5278
ST8-PD-069-04,69,S3021A,CHAMPINE,200600.,15,10.34,1.111,0.0222,polars/raw/ALL.PD,5279
ST8-PD-069-04,69,S3021A,CHAMPINE,200600.,16,11.33,1.131,0.0294,polars/raw/ALL.PD,5280
ST8-PD-069-05,69,S3021A,CHAMPINE,303700.,1,-3.94,-.144,0.0139,polars/raw/ALL.PD,5283
ST8-PD-069-05,69,S3021A,CHAMPINE,303700.,2,-2.92,-.029,0.0105,polars/raw/ALL.PD,5284
ST8-PD-069-05,69,S3021A,CHAMPINE,303700.,3,-1.95,0.059,0.0095,polars/raw/ALL.PD,5285
ST8-PD-069-05,69,S3021A,CHAMPINE,303700.,4,-0.92,0.152,0.0083,polars/raw/ALL.PD,5286
ST8-PD-069-05,69,S3021A,CHAMPINE,303700.,5,0.12,0.259,0.0072,polars/raw/ALL.PD,5287
ST8-PD-069-05,69,S3021A,CHAMPINE,303700.,6,1.17,0.362,0.0077,polars/raw/ALL.PD,5288
ST8-PD-069-05,69,S3021A,CHAMPINE,303700.,7,2.17,0.452,0.0081,polars/raw/ALL.PD,5289
ST8-PD-069-05,69,S3021A,CHAMPINE,303700.,8,3.21,0.548,0.0089,polars/raw/ALL.PD,5290
ST8-PD-069-05,69,S3021A,CHAMPINE,303700.,9,4.23,0.639,0.0095,polars/raw/ALL.PD,5291
ST8-PD-069-05,69,S3021A,CHAMPINE,303700.,10,5.26,0.726,0.0104,polars/raw/ALL.PD,5292
ST8-PD-069-05,69,S3021A,CHAMPINE,303700.,11,6.27,0.810,0.0113,polars/raw/ALL.PD,5293
ST8-PD-069-05,69,S3021A,CHAMPINE,303700.,12,7.29,0.893,0.0129,polars/raw/ALL.PD,5294
ST8-PD-069-05,69,S3021A,CHAMPINE,303700.,13,8.31,0.972,0.0148,polars/raw/ALL.PD,5295
ST8-PD-069-05,69,S3021A,CHAMPINE,303700.,14,9.33,1.042,0.0172,polars/raw/ALL.PD,5296
ST8-PD-069-05,69,S3021A,CHAMPINE,303700.,15,10.34,1.099,0.0204,polars/raw/ALL.PD,5297
ST8-PD-070-01,70,S3021B,MOHS,99300.,1,-2.96,-.110,0.0189,polars/raw/ALL.PD,5306
ST8-PD-070-01,70,S3021B,MOHS,99300.,2,-1.93,0.026,0.0148,polars/raw/ALL.PD,5307
ST8-PD-070-01,70,S3021B,MOHS,99300.,3,-0.87,0.174,0.0135,polars/raw/ALL.PD,5308
ST8-PD-070-01,70,S3021B,MOHS,99300.,4,0.15,0.270,0.0143,polars/raw/ALL.PD,5309
ST8-PD-070-01,70,S3021B,MOHS,99300.,5,1.16,0.356,0.0165,polars/raw/ALL.PD,5310
ST8-PD-070-01,70,S3021B,MOHS,99300.,6,2.19,0.441,0.0180,polars/raw/ALL.PD,5311
ST8-PD-070-01,70,S3021B,MOHS,99300.,7,3.21,0.526,0.0196,polars/raw/ALL.PD,5312
ST8-PD-070-01,70,S3021B,MOHS,99300.,8,4.22,0.611,0.0195,polars/raw/ALL.PD,5313
ST8-PD-070-01,70,S3021B,MOHS,99300.,9,5.25,0.698,0.0195,polars/raw/ALL.PD,5314
ST8-PD-070-01,70,S3021B,MOHS,99300.,10,6.26,0.785,0.0186,polars/raw/ALL.PD,5315
ST8-PD-070-01,70,S3021B,MOHS,99300.,11,7.28,0.868,0.0202,polars/raw/ALL.PD,5316
ST8-PD-070-01,70,S3021B,MOHS,99300.,12,8.29,0.944,0.0225,polars/raw/ALL.PD,5317
ST8-PD-070-01,70,S3021B,MOHS,99300.,13,9.31,1.012,0.0262,polars/raw/ALL.PD,5318
ST8-PD-070-01,70,S3021B,MOHS,99300.,14,10.31,1.048,0.0291,polars/raw/ALL.PD,5319
ST8-PD-070-02,70,S3021B,MOHS,201300.,1,-2.97,-.082,0.0130,polars/raw/ALL.PD,5322
ST8-PD-070-02,70,S3021B,MOHS,201300.,2,-1.93,0.008,0.0115,polars/raw/ALL.PD,5323
ST8-PD-070-02,70,S3021B,MOHS,201300.,3,-0.94,0.091,0.0102,polars/raw/ALL.PD,5324
ST8-PD-070-02,70,S3021B,MOHS,201300.,4,0.11,0.222,0.0093,polars/raw/ALL.PD,5325
ST8-PD-070-02,70,S3021B,MOHS,201300.,5,1.14,0.318,0.0100,polars/raw/ALL.PD,5326
ST8-PD-070-02,70,S3021B,MOHS,201300.,6,2.17,0.415,0.0106,polars/raw/ALL.PD,5327
ST8-PD-070-02,70,S3021B,MOHS,201300.,7,3.19,0.512,0.0108,polars/raw/ALL.PD,5328
ST8-PD-070-02,70,S3021B,MOHS,201300.,8,4.22,0.609,0.0111,polars/raw/ALL.PD,5329
ST8-PD-070-02,70,S3021B,MOHS,201300.,9,5.24,0.700,0.0116,polars/raw/ALL.PD,5330
ST8-PD-070-02,70,S3021B,MOHS,201300.,10,6.27,0.788,0.0128,polars/raw/ALL.PD,5331
ST8-PD-070-02,70,S3021B,MOHS,201300.,11,7.27,0.869,0.0146,polars/raw/ALL.PD,5332
ST8-PD-070-02,70,S3021B,MOHS,201300.,12,8.29,0.946,0.0164,polars/raw/ALL.PD,5333
ST8-PD-070-02,70,S3021B,MOHS,201300.,13,9.30,1.007,0.0191,polars/raw/ALL.PD,5334
ST8-PD-070-02,70,S3021B,MOHS,201300.,14,10.30,1.048,0.0233,polars/raw/ALL.PD,5335
ST8-PD-070-02,70,S3021B,MOHS,201300.,15,11.31,1.057,0.0297,polars/raw/ALL.PD,5336
ST8-PD-070-03,70,S3021B,MOHS,304800.,1,-2.99,-.092,0.0115,polars/raw/ALL.PD,5339
ST8-PD-070-03,70,S3021B,MOHS,304800.,2,-1.96,0.001,0.0107,polars/raw/ALL.PD,5340
ST8-PD-070-03,70,S3021B,MOHS,304800.,3,-0.98,0.092,0.0098,polars/raw/ALL.PD,5341
ST8-PD-070-03,70,S3021B,MOHS,304800.,4,0.05,0.215,0.0079,polars/raw/ALL.PD,5342
ST8-PD-070-03,70,S3021B,MOHS,304800.,5,1.08,0.326,0.0079,polars/raw/ALL.PD,5343
ST8-PD-070-03,70,S3021B,MOHS,304800.,6,2.14,0.426,0.0085,polars/raw/ALL.PD,5344
ST8-PD-070-03,70,S3021B,MOHS,304800.,7,3.19,0.523,0.0088,polars/raw/ALL.PD,5345
ST8-PD-070-03,70,S3021B,MOHS,304800.,8,4.20,0.615,0.0095,polars/raw/ALL.PD,5346
ST8-PD-070-03,70,S3021B,MOHS,304800.,9,5.23,0.705,0.0105,polars/raw/ALL.PD,5347
ST8-PD-070-03,70,S3021B,MOHS,304800.,10,6.25,0.790,0.0120,polars/raw/ALL.PD,5348
ST8-PD-070-03,70,S3021B,MOHS,304800.,11,7.27,0.872,0.0132,polars/raw/ALL.PD,5349
ST8-PD-070-03,70,S3021B,MOHS,304800.,12,8.28,0.947,0.0149,polars/raw/ALL.PD,5350
ST8-PD-070-03,70,S3021B,MOHS,304800.,13,9.30,1.010,0.0174,polars/raw/ALL.PD,5351
ST8-PD-070-03,70,S3021B,MOHS,304800.,14,10.31,1.056,0.0207,polars/raw/ALL.PD,5352
ST8-PD-071-01,71,S4061A,MILLER,60400.,1,-3.94,-.124,0.0262,polars/raw/ALL.PD,5361
ST8-PD-071-01,71,S4061A,MILLER,60400.,2,-2.92,0.008,0.0209,polars/raw/ALL.PD,5362
ST8-PD-071-01,71,S4061A,MILLER,60400.,3,-1.90,0.128,0.0197,polars/raw/ALL.PD,5363
ST8-PD-071-01,71,S4061A,MILLER,60400.,4,-0.87,0.266,0.0204,polars/raw/ALL.PD,5364
ST8-PD-071-01,71,S4061A,MILLER,60400.,5,0.17,0.376,0.0239,polars/raw/ALL.PD,5365
ST8-PD-071-01,71,S4061A,MILLER,60400.,6,1.20,0.468,0.0231,polars/raw/ALL.PD,5366
ST8-PD-071-01,71,S4061A,MILLER,60400.,7,2.20,0.553,0.0275,polars/raw/ALL.PD,5367
ST8-PD-071-01,71,S4061A,MILLER,60400.,8,3.22,0.635,0.0324,polars/raw/ALL.PD,5368
ST8-PD-071-01,71,S4061A,MILLER,60400.,9,4.26,0.725,0.0311,polars/raw/ALL.PD,5369
ST8-PD-071-01,71,S4061A,MILLER,60400.,10,5.26,0.801,0.0313,polars/raw/ALL.PD,5370
ST8-PD-071-01,71,S4061A,MILLER,60400.,11,6.29,0.896,0.0294,polars/raw/ALL.PD,5371
ST8-PD-071-01,71,S4061A,MILLER,60400.,12,7.31,0.978,0.0245,polars/raw/ALL.PD,5372
ST8-PD-071-01,71,S4061A,MILLER,60400.,13,8.32,1.067,0.0296,polars/raw/ALL.PD,5373
ST8-PD-071-01,71,S4061A,MILLER,60400.,14,9.33,1.080,0.0375,polars/raw/ALL.PD,5374
ST8-PD-071-01,71,S4061A,MILLER,60400.,15,10.35,1.130,0.0427,polars/raw/ALL.PD,5375
ST8-PD-071-02,71,S4061A,MILLER,99800.,1,-3.92,-.027,0.0171,polars/raw/ALL.PD,5378
ST8-PD-071-02,71,S4061A,MILLER,99800.,2,-2.89,0.078,0.0160,polars/raw/ALL.PD,5379
ST8-PD-071-02,71,S4061A,MILLER,99800.,3,-1.87,0.174,0.0163,polars/raw/ALL.PD,5380
ST8-PD-071-02,71,S4061A,MILLER,99800.,4,-0.86,0.269,0.0149,polars/raw/ALL.PD,5381
ST8-PD-071-02,71,S4061A,MILLER,99800.,5,0.17,0.366,0.0163,polars/raw/ALL.PD,5382
ST8-PD-071-02,71,S4061A,MILLER,99800.,6,1.19,0.458,0.0168,polars/raw/ALL.PD,5383
ST8-PD-071-02,71,S4061A,MILLER,99800.,7,2.21,0.554,0.0171,polars/raw/ALL.PD,5384
ST8-PD-071-02,71,S4061A,MILLER,99800.,8,3.24,0.653,0.0170,polars/raw/ALL.PD,5385
ST8-PD-071-02,71,S4061A,MILLER,99800.,9,4.25,0.746,0.0174,polars/raw/ALL.PD,5386
ST8-PD-071-02,71,S4061A,MILLER,99800.,10,5.28,0.843,0.0187,polars/raw/ALL.PD,5387
ST8-PD-071-02,71,S4061A,MILLER,99800.,11,6.28,0.933,0.0195,polars/raw/ALL.PD,5388
ST8-PD-071-02,71,S4061A,MILLER,99800.,12,7.31,1.026,0.0210,polars/raw/ALL.PD,5389
ST8-PD-071-02,71,S4061A,MILLER,99800.,13,8.32,1.078,0.0256,polars/raw/ALL.PD,5390
ST8-PD-071-02,71,S4061A,MILLER,99800.,14,9.33,1.114,0.0324,polars/raw/ALL.PD,5391
ST8-PD-071-02,71,S4061A,MILLER,99800.,15,10.34,1.132,0.0432,polars/raw/ALL.PD,5392
ST8-PD-071-03,71,S4061A,MILLER,200400.,1,-3.95,-.076,0.0144,polars/raw/ALL.PD,5395
ST8-PD-071-03,71,S4061A,MILLER,200400.,2,-2.93,0.027,0.0129,polars/raw/ALL.PD,5396
ST8-PD-071-03,71,S4061A,MILLER,200400.,3,-1.89,0.131,0.0121,polars/raw/ALL.PD,5397
ST8-PD-071-03,71,S4061A,MILLER,200400.,4,-0.86,0.236,0.0113,polars/raw/ALL.PD,5398
ST8-PD-071-03,71,S4061A,MILLER,200400.,5,0.16,0.338,0.0102,polars/raw/ALL.PD,5399
ST8-PD-071-03,71,S4061A,MILLER,200400.,6,1.18,0.448,0.0098,polars/raw/ALL.PD,5400
ST8-PD-071-03,71,S4061A,MILLER,200400.,7,2.19,0.552,0.0101,polars/raw/ALL.PD,5401
ST8-PD-071-03,71,S4061A,MILLER,200400.,8,3.22,0.652,0.0107,polars/raw/ALL.PD,5402
ST8-PD-071-03,71,S4061A,MILLER,200400.,9,4.26,0.751,0.0117,polars/raw/ALL.PD,5403
ST8-PD-071-03,71,S4061A,MILLER,200400.,10,5.27,0.846,0.0127,polars/raw/ALL.PD,5404
ST8-PD-071-03,71,S4061A,MILLER,200400.,11,6.30,0.937,0.0143,polars/raw/ALL.PD,5405
ST8-PD-071-03,71,S4061A,MILLER,200400.,12,7.30,1.008,0.0179,polars/raw/ALL.PD,5406
ST8-PD-071-03,71,S4061A,MILLER,200400.,13,8.32,1.057,0.0252,polars/raw/ALL.PD,5407
ST8-PD-071-03,71,S4061A,MILLER,200400.,14,9.33,1.089,0.0311,polars/raw/ALL.PD,5408
ST8-PD-071-03,71,S4061A,MILLER,200400.,15,10.34,1.100,0.0413,polars/raw/ALL.PD,5409
ST8-PD-071-03,71,S4061A,MILLER,200400.,16,11.33,1.098,0.0539,polars/raw/ALL.PD,5410
ST8-PD-072-01,72,S4061B,MICHAELIS,60200.,1,-2.91,-.036,0.0268,polars/raw/ALL.PD,5419
ST8-PD-072-01,72,S4061B,MICHAELIS,60200.,2,-1.89,0.071,0.0250,polars/raw/ALL.PD,5420
ST8-PD-072-01,72,S4061B,MICHAELIS,60200.,3,-0.88,0.177,0.0209,polars/raw/ALL.PD,5421
ST8-PD-072-01,72,S4061B,MICHAELIS,60200.,4,0.15,0.287,0.0264,polars/raw/ALL.PD,5422
ST8-PD-072-01,72,S4061B,MICHAELIS,60200.,5,1.18,0.397,0.0299,polars/raw/ALL.PD,5423
ST8-PD-072-01,72,S4061B,MICHAELIS,60200.,6,2.20,0.510,0.0341,polars/raw/ALL.PD,5424
ST8-PD-072-01,72,S4061B,MICHAELIS,60200.,7,3.23,0.624,0.0339,polars/raw/ALL.PD,5425
ST8-PD-072-01,72,S4061B,MICHAELIS,60200.,8,4.24,0.721,0.0344,polars/raw/ALL.PD,5426
ST8-PD-072-01,72,S4061B,MICHAELIS,60200.,9,5.27,0.817,0.0374,polars/raw/ALL.PD,5427
ST8-PD-072-01,72,S4061B,MICHAELIS,60200.,10,6.28,0.911,0.0336,polars/raw/ALL.PD,5428
ST8-PD-072-01,72,S4061B,MICHAELIS,60200.,11,7.31,0.995,0.0310,polars/raw/ALL.PD,5429
ST8-PD-072-01,72,S4061B,MICHAELIS,60200.,12,8.33,1.069,0.0297,polars/raw/ALL.PD,5430
ST8-PD-072-01,72,S4061B,MICHAELIS,60200.,13,9.34,1.131,0.0314,polars/raw/ALL.PD,5431
ST8-PD-072-01,72,S4061B,MICHAELIS,60200.,14,10.33,1.169,0.0377,polars/raw/ALL.PD,5432
ST8-PD-072-01,72,S4061B,MICHAELIS,60200.,15,11.36,1.176,0.0458,polars/raw/ALL.PD,5433
ST8-PD-072-02,72,S4061B,MICHAELIS,100000.,1,-2.90,0.082,0.0218,polars/raw/ALL.PD,5436
ST8-PD-072-02,72,S4061B,MICHAELIS,100000.,2,-1.87,0.194,0.0204,polars/raw/ALL.PD,5437
ST8-PD-072-02,72,S4061B,MICHAELIS,100000.,3,-0.84,0.296,0.0199,polars/raw/ALL.PD,5438
ST8-PD-072-02,72,S4061B,MICHAELIS,100000.,4,0.18,0.398,0.0209,polars/raw/ALL.PD,5439
ST8-PD-072-02,72,S4061B,MICHAELIS,100000.,5,1.20,0.500,0.0230,polars/raw/ALL.PD,5440
ST8-PD-072-02,72,S4061B,MICHAELIS,100000.,6,2.22,0.604,0.0241,polars/raw/ALL.PD,5441
ST8-PD-072-02,72,S4061B,MICHAELIS,100000.,7,3.24,0.700,0.0223,polars/raw/ALL.PD,5442
ST8-PD-072-02,72,S4061B,MICHAELIS,100000.,8,4.26,0.791,0.0222,polars/raw/ALL.PD,5443
ST8-PD-072-02,72,S4061B,MICHAELIS,100000.,9,5.28,0.886,0.0212,polars/raw/ALL.PD,5444
ST8-PD-072-02,72,S4061B,MICHAELIS,100000.,10,6.31,0.979,0.0206,polars/raw/ALL.PD,5445
ST8-PD-072-02,72,S4061B,MICHAELIS,100000.,11,7.31,1.065,0.0203,polars/raw/ALL.PD,5446
ST8-PD-072-02,72,S4061B,MICHAELIS,100000.,12,8.33,1.143,0.0225,polars/raw/ALL.PD,5447
ST8-PD-072-02,72,S4061B,MICHAELIS,100000.,13,9.34,1.210,0.0253,polars/raw/ALL.PD,5448
ST8-PD-072-02,72,S4061B,MICHAELIS,100000.,14,10.35,1.240,0.0312,polars/raw/ALL.PD,5449
ST8-PD-072-02,72,S4061B,MICHAELIS,100000.,15,11.37,1.245,0.0406,polars/raw/ALL.PD,5450
ST8-PD-072-03,72,S4061B,MICHAELIS,150800.,1,-1.87,0.234,0.0157,polars/raw/ALL.PD,5453
ST8-PD-072-03,72,S4061B,MICHAELIS,150800.,2,0.16,0.419,0.0131,polars/raw/ALL.PD,5454
ST8-PD-072-03,72,S4061B,MICHAELIS,150800.,3,2.23,0.619,0.0135,polars/raw/ALL.PD,5455
ST8-PD-072-03,72,S4061B,MICHAELIS,150800.,4,4.25,0.812,0.0145,polars/raw/ALL.PD,5456
ST8-PD-072-03,72,S4061B,MICHAELIS,150800.,5,6.31,1.019,0.0157,polars/raw/ALL.PD,5457
ST8-PD-072-03,72,S4061B,MICHAELIS,150800.,6,7.33,1.100,0.0170,polars/raw/ALL.PD,5458
ST8-PD-072-03,72,S4061B,MICHAELIS,150800.,7,8.34,1.169,0.0198,polars/raw/ALL.PD,5459
ST8-PD-072-03,72,S4061B,MICHAELIS,150800.,8,9.34,1.223,0.0227,polars/raw/ALL.PD,5460
ST8-PD-072-03,72,S4061B,MICHAELIS,150800.,9,10.36,1.253,0.0284,polars/raw/ALL.PD,5461
ST8-PD-072-04,72,S4061B,MICHAELIS,198900.,1,-4.97,-.142,0.0442,polars/raw/ALL.PD,5464
ST8-PD-072-04,72,S4061B,MICHAELIS,198900.,2,-3.99,-.039,0.0211,polars/raw/ALL.PD,5465
ST8-PD-072-04,72,S4061B,MICHAELIS,198900.,3,-2.95,0.055,0.0163,polars/raw/ALL.PD,5466
ST8-PD-072-04,72,S4061B,MICHAELIS,198900.,4,-1.91,0.154,0.0140,polars/raw/ALL.PD,5467
ST8-PD-072-04,72,S4061B,MICHAELIS,198900.,5,-0.91,0.252,0.0124,polars/raw/ALL.PD,5468
ST8-PD-072-04,72,S4061B,MICHAELIS,198900.,6,0.16,0.352,0.0116,polars/raw/ALL.PD,5469
ST8-PD-072-04,72,S4061B,MICHAELIS,198900.,7,1.16,0.457,0.0106,polars/raw/ALL.PD,5470
ST8-PD-072-04,72,S4061B,MICHAELIS,198900.,8,2.21,0.591,0.0108,polars/raw/ALL.PD,5471
ST8-PD-072-04,72,S4061B,MICHAELIS,198900.,9,3.24,0.692,0.0113,polars/raw/ALL.PD,5472
ST8-PD-072-04,72,S4061B,MICHAELIS,198900.,10,4.24,0.789,0.0116,polars/raw/ALL.PD,5473
ST8-PD-072-04,72,S4061B,MICHAELIS,198900.,11,5.28,0.890,0.0127,polars/raw/ALL.PD,5474
ST8-PD-072-04,72,S4061B,MICHAELIS,198900.,12,6.30,0.983,0.0133,polars/raw/ALL.PD,5475
ST8-PD-072-04,72,S4061B,MICHAELIS,198900.,13,7.32,1.069,0.0147,polars/raw/ALL.PD,5476
ST8-PD-072-04,72,S4061B,MICHAELIS,198900.,14,8.34,1.144,0.0171,polars/raw/ALL.PD,5477
ST8-PD-072-04,72,S4061B,MICHAELIS,198900.,15,9.35,1.207,0.0203,polars/raw/ALL.PD,5478
ST8-PD-072-04,72,S4061B,MICHAELIS,198900.,16,10.35,1.247,0.0265,polars/raw/ALL.PD,5479
ST8-PD-072-04,72,S4061B,MICHAELIS,198900.,17,11.36,1.267,0.0336,polars/raw/ALL.PD,5480
ST8-PD-072-04,72,S4061B,MICHAELIS,198900.,18,12.36,1.264,0.0421,polars/raw/ALL.PD,5481
ST8-PD-072-05,72,S4061B,MICHAELIS,300300.,1,-3.92,-.056,0.0176,polars/raw/ALL.PD,5484
ST8-PD-072-05,72,S4061B,MICHAELIS,300300.,2,-2.91,0.048,0.0134,polars/raw/ALL.PD,5485
ST8-PD-072-05,72,S4061B,MICHAELIS,300300.,3,-1.87,0.155,0.0115,polars/raw/ALL.PD,5486
ST8-PD-072-05,72,S4061B,MICHAELIS,300300.,4,-0.85,0.291,0.0101,polars/raw/ALL.PD,5487
ST8-PD-072-05,72,S4061B,MICHAELIS,300300.,5,0.18,0.393,0.0095,polars/raw/ALL.PD,5488
ST8-PD-072-05,72,S4061B,MICHAELIS,300300.,6,1.20,0.502,0.0086,polars/raw/ALL.PD,5489
ST8-PD-072-05,72,S4061B,MICHAELIS,300300.,7,2.21,0.603,0.0087,polars/raw/ALL.PD,5490
ST8-PD-072-05,72,S4061B,MICHAELIS,300300.,8,3.22,0.703,0.0095,polars/raw/ALL.PD,5491
ST8-PD-072-05,72,S4061B,MICHAELIS,300300.,9,4.25,0.803,0.0099,polars/raw/ALL.PD,5492
ST8-PD-072-05,72,S4061B,MICHAELIS,300300.,10,5.24,0.895,0.0109,polars/raw/ALL.PD,5493
ST8-PD-073-01,73,"S4061B UST .020, .125, 45%",MICHAELIS,60900.,1,-2.92,0.039,0.0247,polars/raw/ALL.PD,5502
ST8-PD-073-01,73,"S4061B UST .020, .125, 45%",MICHAELIS,60900.,2,-1.38,0.188,0.0200,polars/raw/ALL.PD,5503
ST8-PD-073-01,73,"S4061B UST .020, .125, 45%",MICHAELIS,60900.,3,0.15,0.337,0.0228,polars/raw/ALL.PD,5504
ST8-PD-073-01,73,"S4061B UST .020, .125, 45%",MICHAELIS,60900.,4,1.68,0.475,0.0273,polars/raw/ALL.PD,5505
ST8-PD-073-01,73,"S4061B UST .020, .125, 45%",MICHAELIS,60900.,5,3.23,0.600,0.0313,polars/raw/ALL.PD,5506
ST8-PD-073-01,73,"S4061B UST .020, .125, 45%",MICHAELIS,60900.,6,4.74,0.749,0.0292,polars/raw/ALL.PD,5507
ST8-PD-073-01,73,"S4061B UST .020, .125, 45%",MICHAELIS,60900.,7,6.27,0.884,0.0288,polars/raw/ALL.PD,5508
ST8-PD-073-01,73,"S4061B UST .020, .125, 45%",MICHAELIS,60900.,8,7.80,1.016,0.0291,polars/raw/ALL.PD,5509
ST8-PD-073-01,73,"S4061B UST .020, .125, 45%",MICHAELIS,60900.,9,9.32,1.117,0.0300,polars/raw/ALL.PD,5510
ST8-PD-073-01,73,"S4061B UST .020, .125, 45%",MICHAELIS,60900.,10,10.85,1.182,0.0359,polars/raw/ALL.PD,5511
ST8-PD-073-01,73,"S4061B UST .020, .125, 45%",MICHAELIS,60900.,11,12.36,1.199,0.0434,polars/raw/ALL.PD,5512
ST8-PD-073-02,73,"S4061B UST .020, .125, 45%",MICHAELIS,100700.,1,-3.94,-.048,0.0282,polars/raw/ALL.PD,5515
ST8-PD-073-02,73,"S4061B UST .020, .125, 45%",MICHAELIS,100700.,2,-2.39,0.114,0.0183,polars/raw/ALL.PD,5516
ST8-PD-073-02,73,"S4061B UST .020, .125, 45%",MICHAELIS,100700.,3,-0.87,0.253,0.0153,polars/raw/ALL.PD,5517
ST8-PD-073-02,73,"S4061B UST .020, .125, 45%",MICHAELIS,100700.,4,0.68,0.402,0.0144,polars/raw/ALL.PD,5518
ST8-PD-073-02,73,"S4061B UST .020, .125, 45%",MICHAELIS,100700.,5,2.20,0.558,0.0170,polars/raw/ALL.PD,5519
ST8-PD-073-02,73,"S4061B UST .020, .125, 45%",MICHAELIS,100700.,6,3.71,0.708,0.0202,polars/raw/ALL.PD,5520
ST8-PD-073-02,73,"S4061B UST .020, .125, 45%",MICHAELIS,100700.,7,5.27,0.852,0.0201,polars/raw/ALL.PD,5521
ST8-PD-073-02,73,"S4061B UST .020, .125, 45%",MICHAELIS,100700.,8,6.78,0.989,0.0191,polars/raw/ALL.PD,5522
ST8-PD-073-02,73,"S4061B UST .020, .125, 45%",MICHAELIS,100700.,9,8.32,1.114,0.0217,polars/raw/ALL.PD,5523
ST8-PD-073-02,73,"S4061B UST .020, .125, 45%",MICHAELIS,100700.,10,9.84,1.208,0.0253,polars/raw/ALL.PD,5524
ST8-PD-073-02,73,"S4061B UST .020, .125, 45%",MICHAELIS,100700.,11,11.36,1.231,0.0344,polars/raw/ALL.PD,5525
ST8-PD-073-02,73,"S4061B UST .020, .125, 45%",MICHAELIS,100700.,12,12.84,1.227,0.0493,polars/raw/ALL.PD,5526
ST8-PD-073-02,73,"S4061B UST .020, .125, 45%",MICHAELIS,100700.,13,14.35,1.193,0.0603,polars/raw/ALL.PD,5527
ST8-PD-073-03,73,"S4061B UST .020, .125, 45%",MICHAELIS,150200.,1,-2.93,0.058,0.0172,polars/raw/ALL.PD,5530
ST8-PD-073-03,73,"S4061B UST .020, .125, 45%",MICHAELIS,150200.,2,-1.39,0.207,0.0134,polars/raw/ALL.PD,5531
ST8-PD-073-03,73,"S4061B UST .020, .125, 45%",MICHAELIS,150200.,3,0.15,0.355,0.0108,polars/raw/ALL.PD,5532
ST8-PD-073-03,73,"S4061B UST .020, .125, 45%",MICHAELIS,150200.,4,1.71,0.513,0.0117,polars/raw/ALL.PD,5533
ST8-PD-073-03,73,"S4061B UST .020, .125, 45%",MICHAELIS,150200.,5,3.21,0.663,0.0134,polars/raw/ALL.PD,5534
ST8-PD-073-03,73,"S4061B UST .020, .125, 45%",MICHAELIS,150200.,6,4.77,0.810,0.0143,polars/raw/ALL.PD,5535
ST8-PD-073-03,73,"S4061B UST .020, .125, 45%",MICHAELIS,150200.,7,6.27,0.948,0.0148,polars/raw/ALL.PD,5536
ST8-PD-073-03,73,"S4061B UST .020, .125, 45%",MICHAELIS,150200.,8,7.83,1.079,0.0170,polars/raw/ALL.PD,5537
ST8-PD-073-03,73,"S4061B UST .020, .125, 45%",MICHAELIS,150200.,9,9.35,1.179,0.0214,polars/raw/ALL.PD,5538
ST8-PD-073-03,73,"S4061B UST .020, .125, 45%",MICHAELIS,150200.,10,10.85,1.233,0.0308,polars/raw/ALL.PD,5539
ST8-PD-073-03,73,"S4061B UST .020, .125, 45%",MICHAELIS,150200.,11,12.33,1.233,0.0466,polars/raw/ALL.PD,5540
ST8-PD-073-04,73,"S4061B UST .020, .125, 45%",MICHAELIS,200500.,1,-3.94,-.060,0.0197,polars/raw/ALL.PD,5543
ST8-PD-073-04,73,"S4061B UST .020, .125, 45%",MICHAELIS,200500.,2,-2.41,0.086,0.0143,polars/raw/ALL.PD,5544
ST8-PD-073-04,73,"S4061B UST .020, .125, 45%",MICHAELIS,200500.,3,-0.86,0.239,0.0114,polars/raw/ALL.PD,5545
ST8-PD-073-04,73,"S4061B UST .020, .125, 45%",MICHAELIS,200500.,4,0.66,0.391,0.0095,polars/raw/ALL.PD,5546
ST8-PD-073-04,73,"S4061B UST .020, .125, 45%",MICHAELIS,200500.,5,2.20,0.550,0.0107,polars/raw/ALL.PD,5547
ST8-PD-073-04,73,"S4061B UST .020, .125, 45%",MICHAELIS,200500.,6,3.72,0.706,0.0113,polars/raw/ALL.PD,5548
ST8-PD-073-04,73,"S4061B UST .020, .125, 45%",MICHAELIS,200500.,7,5.28,0.855,0.0121,polars/raw/ALL.PD,5549
ST8-PD-073-04,73,"S4061B UST .020, .125, 45%",MICHAELIS,200500.,8,6.79,0.993,0.0137,polars/raw/ALL.PD,5550
ST8-PD-073-04,73,"S4061B UST .020, .125, 45%",MICHAELIS,200500.,9,8.33,1.109,0.0172,polars/raw/ALL.PD,5551
ST8-PD-073-04,73,"S4061B UST .020, .125, 45%",MICHAELIS,200500.,10,9.84,1.197,0.0218,polars/raw/ALL.PD,5552
ST8-PD-073-04,73,"S4061B UST .020, .125, 45%",MICHAELIS,200500.,11,11.34,1.241,0.0325,polars/raw/ALL.PD,5553
ST8-PD-073-04,73,"S4061B UST .020, .125, 45%",MICHAELIS,200500.,12,12.85,1.229,0.0516,polars/raw/ALL.PD,5554
ST8-PD-073-04,73,"S4061B UST .020, .125, 45%",MICHAELIS,200500.,13,14.35,1.197,0.0624,polars/raw/ALL.PD,5555
ST8-PD-073-05,73,"S4061B UST .020, .125, 45%",MICHAELIS,299700.,1,-2.90,0.050,0.0140,polars/raw/ALL.PD,5558
ST8-PD-073-05,73,"S4061B UST .020, .125, 45%",MICHAELIS,299700.,2,-1.39,0.204,0.0111,polars/raw/ALL.PD,5559
ST8-PD-073-05,73,"S4061B UST .020, .125, 45%",MICHAELIS,299700.,3,0.14,0.362,0.0098,polars/raw/ALL.PD,5560
ST8-PD-073-05,73,"S4061B UST .020, .125, 45%",MICHAELIS,299700.,4,1.69,0.524,0.0088,polars/raw/ALL.PD,5561
ST8-PD-073-05,73,"S4061B UST .020, .125, 45%",MICHAELIS,299700.,5,3.22,0.682,0.0096,polars/raw/ALL.PD,5562
ST8-PD-073-05,73,"S4061B UST .020, .125, 45%",MICHAELIS,299700.,6,4.74,0.829,0.0105,polars/raw/ALL.PD,5563
ST8-PD-073-05,73,"S4061B UST .020, .125, 45%",MICHAELIS,299700.,7,6.28,0.970,0.0122,polars/raw/ALL.PD,5564
ST8-PD-073-05,73,"S4061B UST .020, .125, 45%",MICHAELIS,299700.,8,7.80,1.085,0.0150,polars/raw/ALL.PD,5565
ST8-PD-073-05,73,"S4061B UST .020, .125, 45%",MICHAELIS,299700.,9,9.34,1.178,0.0192,polars/raw/ALL.PD,5566
ST8-PD-073-05,73,"S4061B UST .020, .125, 45%",MICHAELIS,299700.,10,10.86,1.235,0.0270,polars/raw/ALL.PD,5567
ST8-PD-073-05,73,"S4061B UST .020, .125, 45%",MICHAELIS,299700.,11,12.34,1.243,0.0425,polars/raw/ALL.PD,5568
ST8-PD-074-01,74,S4061B UST AT 150k,MICHAELIS,150800.,1,-1.87,0.234,0.0157,polars/raw/ALL.PD,5577
ST8-PD-074-01,74,S4061B UST AT 150k,MICHAELIS,150800.,2,0.16,0.419,0.0131,polars/raw/ALL.PD,5578
ST8-PD-074-01,74,S4061B UST AT 150k,MICHAELIS,150800.,3,2.23,0.619,0.0135,polars/raw/ALL.PD,5579
ST8-PD-074-01,74,S4061B UST AT 150k,MICHAELIS,150800.,4,4.25,0.812,0.0145,polars/raw/ALL.PD,5580
ST8-PD-074-01,74,S4061B UST AT 150k,MICHAELIS,150800.,5,6.31,1.019,0.0157,polars/raw/ALL.PD,5581
ST8-PD-074-01,74,S4061B UST AT 150k,MICHAELIS,150800.,6,7.33,1.100,0.0170,polars/raw/ALL.PD,5582
ST8-PD-074-01,74,S4061B UST AT 150k,MICHAELIS,150800.,7,8.34,1.169,0.0198,polars/raw/ALL.PD,5583
ST8-PD-074-01,74,S4061B UST AT 150k,MICHAELIS,150800.,8,9.34,1.223,0.0227,polars/raw/ALL.PD,5584
ST8-PD-074-01,74,S4061B UST AT 150k,MICHAELIS,150800.,9,10.36,1.253,0.0284,polars/raw/ALL.PD,5585
ST8-PD-074-02,74,S4061B UST AT 150k,MICHAELIS,150200.,1,-2.93,0.058,0.0172,polars/raw/ALL.PD,5588
ST8-PD-074-02,74,S4061B UST AT 150k,MICHAELIS,150200.,2,-1.39,0.207,0.0134,polars/raw/ALL.PD,5589
ST8-PD-074-02,74,S4061B UST AT 150k,MICHAELIS,150200.,3,0.15,0.355,0.0108,polars/raw/ALL.PD,5590
ST8-PD-074-02,74,S4061B UST AT 150k,MICHAELIS,150200.,4,1.71,0.513,0.0117,polars/raw/ALL.PD,5591
ST8-PD-074-02,74,S4061B UST AT 150k,MICHAELIS,150200.,5,3.21,0.663,0.0134,polars/raw/ALL.PD,5592
ST8-PD-074-02,74,S4061B UST AT 150k,MICHAELIS,150200.,6,4.77,0.810,0.0143,polars/raw/ALL.PD,5593
ST8-PD-074-02,74,S4061B UST AT 150k,MICHAELIS,150200.,7,6.27,0.948,0.0148,polars/raw/ALL.PD,5594
ST8-PD-074-02,74,S4061B UST AT 150k,MICHAELIS,150200.,8,7.83,1.079,0.0170,polars/raw/ALL.PD,5595
ST8-PD-074-02,74,S4061B UST AT 150k,MICHAELIS,150200.,9,9.35,1.179,0.0214,polars/raw/ALL.PD,5596
ST8-PD-074-02,74,S4061B UST AT 150k,MICHAELIS,150200.,10,10.85,1.233,0.0308,polars/raw/ALL.PD,5597
ST8-PD-074-02,74,S4061B UST AT 150k,MICHAELIS,150200.,11,12.33,1.233,0.0466,polars/raw/ALL.PD,5598
ST8-PD-074-03,74,S4061B UST AT 150k,MICHAELIS,151000.,1,-3.93,-.051,0.0209,polars/raw/ALL.PD,5601
ST8-PD-074-03,74,S4061B UST AT 150k,MICHAELIS,151000.,2,-2.39,0.092,0.0155,polars/raw/ALL.PD,5602
ST8-PD-074-03,74,S4061B UST AT 150k,MICHAELIS,151000.,3,-0.88,0.241,0.0127,polars/raw/ALL.PD,5603
ST8-PD-074-03,74,S4061B UST AT 150k,MICHAELIS,151000.,4,0.65,0.395,0.0110,polars/raw/ALL.PD,5604
ST8-PD-074-03,74,S4061B UST AT 150k,MICHAELIS,151000.,5,2.21,0.556,0.0120,polars/raw/ALL.PD,5605
ST8-PD-074-03,74,S4061B UST AT 150k,MICHAELIS,151000.,6,3.74,0.707,0.0135,polars/raw/ALL.PD,5606
ST8-PD-074-03,74,S4061B UST AT 150k,MICHAELIS,151000.,7,5.25,0.853,0.0144,polars/raw/ALL.PD,5607
ST8-PD-074-03,74,S4061B UST AT 150k,MICHAELIS,151000.,8,6.79,0.992,0.0155,polars/raw/ALL.PD,5608
ST8-PD-074-03,74,S4061B UST AT 150k,MICHAELIS,151000.,9,8.32,1.115,0.0184,polars/raw/ALL.PD,5609
ST8-PD-074-03,74,S4061B UST AT 150k,MICHAELIS,151000.,10,9.85,1.205,0.0233,polars/raw/ALL.PD,5610
ST8-PD-074-03,74,S4061B UST AT 150k,MICHAELIS,151000.,11,11.34,1.239,0.0342,polars/raw/ALL.PD,5611
ST8-PD-075-01,75,S4061B TWO UST AT 150k AND 300k,MICHAELIS,150200.,1,-2.93,0.058,0.0172,polars/raw/ALL.PD,5620
ST8-PD-075-01,75,S4061B TWO UST AT 150k AND 300k,MICHAELIS,150200.,2,-1.39,0.207,0.0134,polars/raw/ALL.PD,5621
ST8-PD-075-01,75,S4061B TWO UST AT 150k AND 300k,MICHAELIS,150200.,3,0.15,0.355,0.0108,polars/raw/ALL.PD,5622
ST8-PD-075-01,75,S4061B TWO UST AT 150k AND 300k,MICHAELIS,150200.,4,1.71,0.513,0.0117,polars/raw/ALL.PD,5623
ST8-PD-075-01,75,S4061B TWO UST AT 150k AND 300k,MICHAELIS,150200.,5,3.21,0.663,0.0134,polars/raw/ALL.PD,5624
ST8-PD-075-01,75,S4061B TWO UST AT 150k AND 300k,MICHAELIS,150200.,6,4.77,0.810,0.0143,polars/raw/ALL.PD,5625
ST8-PD-075-01,75,S4061B TWO UST AT 150k AND 300k,MICHAELIS,150200.,7,6.27,0.948,0.0148,polars/raw/ALL.PD,5626
ST8-PD-075-01,75,S4061B TWO UST AT 150k AND 300k,MICHAELIS,150200.,8,7.83,1.079,0.0170,polars/raw/ALL.PD,5627
ST8-PD-075-01,75,S4061B TWO UST AT 150k AND 300k,MICHAELIS,150200.,9,9.35,1.179,0.0214,polars/raw/ALL.PD,5628
ST8-PD-075-01,75,S4061B TWO UST AT 150k AND 300k,MICHAELIS,150200.,10,10.85,1.233,0.0308,polars/raw/ALL.PD,5629
ST8-PD-075-01,75,S4061B TWO UST AT 150k AND 300k,MICHAELIS,150200.,11,12.33,1.233,0.0466,polars/raw/ALL.PD,5630
ST8-PD-075-02,75,S4061B TWO UST AT 150k AND 300k,MICHAELIS,151000.,1,-3.93,-.051,0.0209,polars/raw/ALL.PD,5633
ST8-PD-075-02,75,S4061B TWO UST AT 150k AND 300k,MICHAELIS,151000.,2,-2.39,0.092,0.0155,polars/raw/ALL.PD,5634
ST8-PD-075-02,75,S4061B TWO UST AT 150k AND 300k,MICHAELIS,151000.,3,-0.88,0.241,0.0127,polars/raw/ALL.PD,5635
ST8-PD-075-02,75,S4061B TWO UST AT 150k AND 300k,MICHAELIS,151000.,4,0.65,0.395,0.0110,polars/raw/ALL.PD,5636
ST8-PD-075-02,75,S4061B TWO UST AT 150k AND 300k,MICHAELIS,151000.,5,2.21,0.556,0.0120,polars/raw/ALL.PD,5637
ST8-PD-075-02,75,S4061B TWO UST AT 150k AND 300k,MICHAELIS,151000.,6,3.74,0.707,0.0135,polars/raw/ALL.PD,5638
ST8-PD-075-02,75,S4061B TWO UST AT 150k AND 300k,MICHAELIS,151000.,7,5.25,0.853,0.0144,polars/raw/ALL.PD,5639
ST8-PD-075-02,75,S4061B TWO UST AT 150k AND 300k,MICHAELIS,151000.,8,6.79,0.992,0.0155,polars/raw/ALL.PD,5640
ST8-PD-075-02,75,S4061B TWO UST AT 150k AND 300k,MICHAELIS,151000.,9,8.32,1.115,0.0184,polars/raw/ALL.PD,5641
ST8-PD-075-02,75,S4061B TWO UST AT 150k AND 300k,MICHAELIS,151000.,10,9.85,1.205,0.0233,polars/raw/ALL.PD,5642
ST8-PD-075-02,75,S4061B TWO UST AT 150k AND 300k,MICHAELIS,151000.,11,11.34,1.239,0.0342,polars/raw/ALL.PD,5643
ST8-PD-075-03,75,S4061B TWO UST AT 150k AND 300k,MICHAELIS,299700.,1,-2.90,0.050,0.0140,polars/raw/ALL.PD,5646
ST8-PD-075-03,75,S4061B TWO UST AT 150k AND 300k,MICHAELIS,299700.,2,-1.39,0.204,0.0111,polars/raw/ALL.PD,5647
ST8-PD-075-03,75,S4061B TWO UST AT 150k AND 300k,MICHAELIS,299700.,3,0.14,0.362,0.0098,polars/raw/ALL.PD,5648
ST8-PD-075-03,75,S4061B TWO UST AT 150k AND 300k,MICHAELIS,299700.,4,1.69,0.524,0.0088,polars/raw/ALL.PD,5649
ST8-PD-075-03,75,S4061B TWO UST AT 150k AND 300k,MICHAELIS,299700.,5,3.22,0.682,0.0096,polars/raw/ALL.PD,5650
ST8-PD-075-03,75,S4061B TWO UST AT 150k AND 300k,MICHAELIS,299700.,6,4.74,0.829,0.0105,polars/raw/ALL.PD,5651
ST8-PD-075-03,75,S4061B TWO UST AT 150k AND 300k,MICHAELIS,299700.,7,6.28,0.970,0.0122,polars/raw/ALL.PD,5652
ST8-PD-075-03,75,S4061B TWO UST AT 150k AND 300k,MICHAELIS,299700.,8,7.80,1.085,0.0150,polars/raw/ALL.PD,5653
ST8-PD-075-03,75,S4061B TWO UST AT 150k AND 300k,MICHAELIS,299700.,9,9.34,1.178,0.0192,polars/raw/ALL.PD,5654
ST8-PD-075-03,75,S4061B TWO UST AT 150k AND 300k,MICHAELIS,299700.,10,10.86,1.235,0.0270,polars/raw/ALL.PD,5655
ST8-PD-075-03,75,S4061B TWO UST AT 150k AND 300k,MICHAELIS,299700.,11,12.34,1.243,0.0425,polars/raw/ALL.PD,5656
ST8-PD-075-04,75,S4061B TWO UST AT 150k AND 300k,MICHAELIS,301300.,1,-2.91,0.029,0.0139,polars/raw/ALL.PD,5659
ST8-PD-075-04,75,S4061B TWO UST AT 150k AND 300k,MICHAELIS,301300.,2,-1.38,0.183,0.0114,polars/raw/ALL.PD,5660
ST8-PD-075-04,75,S4061B TWO UST AT 150k AND 300k,MICHAELIS,301300.,3,0.13,0.340,0.0098,polars/raw/ALL.PD,5661
ST8-PD-075-04,75,S4061B TWO UST AT 150k AND 300k,MICHAELIS,301300.,4,1.67,0.501,0.0086,polars/raw/ALL.PD,5662
ST8-PD-075-04,75,S4061B TWO UST AT 150k AND 300k,MICHAELIS,301300.,5,3.17,0.654,0.0093,polars/raw/ALL.PD,5663
ST8-PD-075-04,75,S4061B TWO UST AT 150k AND 300k,MICHAELIS,301300.,6,4.73,0.807,0.0103,polars/raw/ALL.PD,5664
ST8-PD-075-04,75,S4061B TWO UST AT 150k AND 300k,MICHAELIS,301300.,7,6.28,0.950,0.0118,polars/raw/ALL.PD,5665
ST8-PD-075-04,75,S4061B TWO UST AT 150k AND 300k,MICHAELIS,301300.,8,7.80,1.071,0.0147,polars/raw/ALL.PD,5666
ST8-PD-075-04,75,S4061B TWO UST AT 150k AND 300k,MICHAELIS,301300.,9,9.32,1.170,0.0185,polars/raw/ALL.PD,5667
ST8-PD-075-04,75,S4061B TWO UST AT 150k AND 300k,MICHAELIS,301300.,10,10.84,1.232,0.0255,polars/raw/ALL.PD,5668
ST8-PD-076-01,76,S4062,WATSON/BOREN,59300.,1,-2.90,0.024,0.0291,polars/raw/ALL.PD,5677
ST8-PD-076-01,76,S4062,WATSON/BOREN,59300.,2,-1.88,0.139,0.0236,polars/raw/ALL.PD,5678
ST8-PD-076-01,76,S4062,WATSON/BOREN,59300.,3,-0.86,0.222,0.0226,polars/raw/ALL.PD,5679
ST8-PD-076-01,76,S4062,WATSON/BOREN,59300.,4,0.16,0.305,0.0270,polars/raw/ALL.PD,5680
ST8-PD-076-01,76,S4062,WATSON/BOREN,59300.,5,1.17,0.407,0.0294,polars/raw/ALL.PD,5681
ST8-PD-076-01,76,S4062,WATSON/BOREN,59300.,6,2.21,0.502,0.0346,polars/raw/ALL.PD,5682
ST8-PD-076-01,76,S4062,WATSON/BOREN,59300.,7,3.23,0.619,0.0361,polars/raw/ALL.PD,5683
ST8-PD-076-01,76,S4062,WATSON/BOREN,59300.,8,4.26,0.761,0.0323,polars/raw/ALL.PD,5684
ST8-PD-076-01,76,S4062,WATSON/BOREN,59300.,9,5.29,0.865,0.0274,polars/raw/ALL.PD,5685
ST8-PD-076-01,76,S4062,WATSON/BOREN,59300.,10,6.30,0.953,0.0257,polars/raw/ALL.PD,5686
ST8-PD-076-01,76,S4062,WATSON/BOREN,59300.,11,7.32,1.027,0.0229,polars/raw/ALL.PD,5687
ST8-PD-076-01,76,S4062,WATSON/BOREN,59300.,12,8.33,1.107,0.0289,polars/raw/ALL.PD,5688
ST8-PD-076-01,76,S4062,WATSON/BOREN,59300.,13,9.35,1.145,0.0293,polars/raw/ALL.PD,5689
ST8-PD-076-01,76,S4062,WATSON/BOREN,59300.,14,10.35,1.158,0.0415,polars/raw/ALL.PD,5690
ST8-PD-076-01,76,S4062,WATSON/BOREN,59300.,15,11.35,1.181,0.0451,polars/raw/ALL.PD,5691
ST8-PD-076-02,76,S4062,WATSON/BOREN,98900.,1,-3.90,0.031,0.0259,polars/raw/ALL.PD,5694
ST8-PD-076-02,76,S4062,WATSON/BOREN,98900.,2,-2.89,0.131,0.0223,polars/raw/ALL.PD,5695
ST8-PD-076-02,76,S4062,WATSON/BOREN,98900.,3,-1.86,0.238,0.0203,polars/raw/ALL.PD,5696
ST8-PD-076-02,76,S4062,WATSON/BOREN,98900.,4,-0.84,0.324,0.0197,polars/raw/ALL.PD,5697
ST8-PD-076-02,76,S4062,WATSON/BOREN,98900.,5,0.18,0.430,0.0220,polars/raw/ALL.PD,5698
ST8-PD-076-02,76,S4062,WATSON/BOREN,98900.,6,1.21,0.529,0.0252,polars/raw/ALL.PD,5699
ST8-PD-076-02,76,S4062,WATSON/BOREN,98900.,7,2.23,0.627,0.0256,polars/raw/ALL.PD,5700
ST8-PD-076-02,76,S4062,WATSON/BOREN,98900.,8,3.25,0.726,0.0255,polars/raw/ALL.PD,5701
ST8-PD-076-02,76,S4062,WATSON/BOREN,98900.,9,4.27,0.822,0.0222,polars/raw/ALL.PD,5702
ST8-PD-076-02,76,S4062,WATSON/BOREN,98900.,10,5.29,0.916,0.0198,polars/raw/ALL.PD,5703
ST8-PD-076-02,76,S4062,WATSON/BOREN,98900.,11,6.31,1.009,0.0191,polars/raw/ALL.PD,5704
ST8-PD-076-02,76,S4062,WATSON/BOREN,98900.,12,7.33,1.090,0.0202,polars/raw/ALL.PD,5705
ST8-PD-076-02,76,S4062,WATSON/BOREN,98900.,13,8.34,1.144,0.0227,polars/raw/ALL.PD,5706
ST8-PD-076-02,76,S4062,WATSON/BOREN,98900.,14,9.34,1.168,0.0307,polars/raw/ALL.PD,5707
ST8-PD-076-02,76,S4062,WATSON/BOREN,98900.,15,10.36,1.197,0.0384,polars/raw/ALL.PD,5708
ST8-PD-076-03,76,S4062,WATSON/BOREN,150200.,1,-3.92,0.066,0.0206,polars/raw/ALL.PD,5711
ST8-PD-076-03,76,S4062,WATSON/BOREN,150200.,2,-2.88,0.159,0.0178,polars/raw/ALL.PD,5712
ST8-PD-076-03,76,S4062,WATSON/BOREN,150200.,3,-1.84,0.251,0.0156,polars/raw/ALL.PD,5713
ST8-PD-076-03,76,S4062,WATSON/BOREN,150200.,4,-0.82,0.335,0.0136,polars/raw/ALL.PD,5714
ST8-PD-076-03,76,S4062,WATSON/BOREN,150200.,5,0.18,0.432,0.0141,polars/raw/ALL.PD,5715
ST8-PD-076-03,76,S4062,WATSON/BOREN,150200.,6,1.19,0.531,0.0148,polars/raw/ALL.PD,5716
ST8-PD-076-03,76,S4062,WATSON/BOREN,150200.,7,2.22,0.627,0.0146,polars/raw/ALL.PD,5717
ST8-PD-076-03,76,S4062,WATSON/BOREN,150200.,8,3.25,0.731,0.0151,polars/raw/ALL.PD,5718
ST8-PD-076-03,76,S4062,WATSON/BOREN,150200.,9,4.27,0.826,0.0147,polars/raw/ALL.PD,5719
ST8-PD-076-03,76,S4062,WATSON/BOREN,150200.,10,5.29,0.923,0.0146,polars/raw/ALL.PD,5720
ST8-PD-076-03,76,S4062,WATSON/BOREN,150200.,11,6.31,0.999,0.0147,polars/raw/ALL.PD,5721
ST8-PD-076-03,76,S4062,WATSON/BOREN,150200.,12,7.32,1.072,0.0172,polars/raw/ALL.PD,5722
ST8-PD-076-03,76,S4062,WATSON/BOREN,150200.,13,8.34,1.122,0.0226,polars/raw/ALL.PD,5723
ST8-PD-076-03,76,S4062,WATSON/BOREN,150200.,14,9.34,1.157,0.0281,polars/raw/ALL.PD,5724
ST8-PD-076-03,76,S4062,WATSON/BOREN,150200.,15,10.35,1.189,0.0341,polars/raw/ALL.PD,5725
ST8-PD-076-03,76,S4062,WATSON/BOREN,150200.,16,11.36,1.203,0.0437,polars/raw/ALL.PD,5726
ST8-PD-076-03,76,S4062,WATSON/BOREN,150200.,17,12.35,1.201,0.0621,polars/raw/ALL.PD,5727
ST8-PD-076-04,76,S4062,WATSON/BOREN,201600.,1,-4.93,-.042,0.0269,polars/raw/ALL.PD,5730
ST8-PD-076-04,76,S4062,WATSON/BOREN,201600.,2,-3.95,0.049,0.0194,polars/raw/ALL.PD,5731
ST8-PD-076-04,76,S4062,WATSON/BOREN,201600.,3,-2.90,0.146,0.0162,polars/raw/ALL.PD,5732
ST8-PD-076-04,76,S4062,WATSON/BOREN,201600.,4,-1.86,0.246,0.0139,polars/raw/ALL.PD,5733
ST8-PD-076-04,76,S4062,WATSON/BOREN,201600.,5,-0.85,0.345,0.0116,polars/raw/ALL.PD,5734
ST8-PD-076-04,76,S4062,WATSON/BOREN,201600.,6,0.19,0.442,0.0104,polars/raw/ALL.PD,5735
ST8-PD-076-04,76,S4062,WATSON/BOREN,201600.,7,1.21,0.545,0.0108,polars/raw/ALL.PD,5736
ST8-PD-076-04,76,S4062,WATSON/BOREN,201600.,8,2.23,0.650,0.0114,polars/raw/ALL.PD,5737
ST8-PD-076-04,76,S4062,WATSON/BOREN,201600.,9,3.26,0.753,0.0117,polars/raw/ALL.PD,5738
ST8-PD-076-04,76,S4062,WATSON/BOREN,201600.,10,4.28,0.853,0.0121,polars/raw/ALL.PD,5739
ST8-PD-076-04,76,S4062,WATSON/BOREN,201600.,11,5.30,0.945,0.0125,polars/raw/ALL.PD,5740
ST8-PD-076-04,76,S4062,WATSON/BOREN,201600.,12,6.31,1.026,0.0141,polars/raw/ALL.PD,5741
ST8-PD-076-04,76,S4062,WATSON/BOREN,201600.,13,7.33,1.095,0.0173,polars/raw/ALL.PD,5742
ST8-PD-076-04,76,S4062,WATSON/BOREN,201600.,14,8.34,1.147,0.0219,polars/raw/ALL.PD,5743
ST8-PD-076-04,76,S4062,WATSON/BOREN,201600.,15,9.35,1.189,0.0274,polars/raw/ALL.PD,5744
ST8-PD-076-04,76,S4062,WATSON/BOREN,201600.,16,10.36,1.217,0.0338,polars/raw/ALL.PD,5745
ST8-PD-076-04,76,S4062,WATSON/BOREN,201600.,17,11.36,1.229,0.0447,polars/raw/ALL.PD,5746
ST8-PD-076-05,76,S4062,WATSON/BOREN,304900.,1,-3.91,0.016,0.0186,polars/raw/ALL.PD,5749
ST8-PD-076-05,76,S4062,WATSON/BOREN,304900.,2,-2.88,0.121,0.0141,polars/raw/ALL.PD,5750
ST8-PD-076-05,76,S4062,WATSON/BOREN,304900.,3,-1.86,0.225,0.0125,polars/raw/ALL.PD,5751
ST8-PD-076-05,76,S4062,WATSON/BOREN,304900.,4,-0.86,0.337,0.0103,polars/raw/ALL.PD,5752
ST8-PD-076-05,76,S4062,WATSON/BOREN,304900.,5,0.17,0.436,0.0087,polars/raw/ALL.PD,5753
ST8-PD-076-05,76,S4062,WATSON/BOREN,304900.,6,1.19,0.541,0.0084,polars/raw/ALL.PD,5754
ST8-PD-076-05,76,S4062,WATSON/BOREN,304900.,7,2.23,0.650,0.0088,polars/raw/ALL.PD,5755
ST8-PD-076-05,76,S4062,WATSON/BOREN,304900.,8,3.25,0.751,0.0092,polars/raw/ALL.PD,5756
ST8-PD-076-05,76,S4062,WATSON/BOREN,304900.,9,4.26,0.848,0.0099,polars/raw/ALL.PD,5757
ST8-PD-076-05,76,S4062,WATSON/BOREN,304900.,10,5.29,0.939,0.0111,polars/raw/ALL.PD,5758
ST8-PD-076-05,76,S4062,WATSON/BOREN,304900.,11,6.31,1.019,0.0134,polars/raw/ALL.PD,5759
ST8-PD-077-01,77,S4180,RUMINISKI,106400.,1,-2.91,0.013,0.0277,polars/raw/ALL.PD,5768
ST8-PD-077-01,77,S4180,RUMINISKI,106400.,2,-0.88,0.202,0.0185,polars/raw/ALL.PD,5769
ST8-PD-077-01,77,S4180,RUMINISKI,106400.,3,1.16,0.398,0.0167,polars/raw/ALL.PD,5770
ST8-PD-077-01,77,S4180,RUMINISKI,106400.,4,3.23,0.596,0.0178,polars/raw/ALL.PD,5771
ST8-PD-077-01,77,S4180,RUMINISKI,106400.,5,5.26,0.789,0.0210,polars/raw/ALL.PD,5772
ST8-PD-077-01,77,S4180,RUMINISKI,106400.,6,7.29,0.968,0.0223,polars/raw/ALL.PD,5773
ST8-PD-077-01,77,S4180,RUMINISKI,106400.,7,8.32,1.056,0.0199,polars/raw/ALL.PD,5774
ST8-PD-077-01,77,S4180,RUMINISKI,106400.,8,9.33,1.116,0.0271,polars/raw/ALL.PD,5775
ST8-PD-077-01,77,S4180,RUMINISKI,106400.,9,10.33,1.148,0.0408,polars/raw/ALL.PD,5776
ST8-PD-077-01,77,S4180,RUMINISKI,106400.,10,11.34,1.171,0.0452,polars/raw/ALL.PD,5777
ST8-PD-077-01,77,S4180,RUMINISKI,106400.,11,12.35,1.176,0.0543,polars/raw/ALL.PD,5778
ST8-PD-077-01,77,S4180,RUMINISKI,106400.,12,13.32,1.110,0.1460,polars/raw/ALL.PD,5779
ST8-PD-077-02,77,S4180,RUMINISKI,201800.,1,-2.92,0.011,0.0156,polars/raw/ALL.PD,5782
ST8-PD-077-02,77,S4180,RUMINISKI,201800.,2,-0.86,0.217,0.0127,polars/raw/ALL.PD,5783
ST8-PD-077-02,77,S4180,RUMINISKI,201800.,3,1.18,0.423,0.0114,polars/raw/ALL.PD,5784
ST8-PD-077-02,77,S4180,RUMINISKI,201800.,4,3.23,0.635,0.0123,polars/raw/ALL.PD,5785
ST8-PD-077-02,77,S4180,RUMINISKI,201800.,5,5.27,0.833,0.0139,polars/raw/ALL.PD,5786
ST8-PD-077-02,77,S4180,RUMINISKI,201800.,6,7.30,1.021,0.0162,polars/raw/ALL.PD,5787
ST8-PD-077-02,77,S4180,RUMINISKI,201800.,7,8.32,1.100,0.0210,polars/raw/ALL.PD,5788
ST8-PD-077-02,77,S4180,RUMINISKI,201800.,8,9.33,1.156,0.0300,polars/raw/ALL.PD,5789
ST8-PD-077-02,77,S4180,RUMINISKI,201800.,9,10.32,1.175,0.0418,polars/raw/ALL.PD,5790
ST8-PD-077-02,77,S4180,RUMINISKI,201800.,10,11.34,1.175,0.0647,polars/raw/ALL.PD,5791
ST8-PD-077-02,77,S4180,RUMINISKI,201800.,11,12.35,1.162,0.0975,polars/raw/ALL.PD,5792
ST8-PD-077-03,77,S4180,RUMINISKI,304700.,1,-2.95,-.005,0.0135,polars/raw/ALL.PD,5795
ST8-PD-077-03,77,S4180,RUMINISKI,304700.,2,-1.93,0.111,0.0121,polars/raw/ALL.PD,5796
ST8-PD-077-03,77,S4180,RUMINISKI,304700.,3,-0.87,0.221,0.0111,polars/raw/ALL.PD,5797
ST8-PD-077-03,77,S4180,RUMINISKI,304700.,4,0.14,0.331,0.0108,polars/raw/ALL.PD,5798
ST8-PD-077-03,77,S4180,RUMINISKI,304700.,5,1.17,0.431,0.0092,polars/raw/ALL.PD,5799
ST8-PD-077-03,77,S4180,RUMINISKI,304700.,6,2.19,0.538,0.0094,polars/raw/ALL.PD,5800
ST8-PD-077-03,77,S4180,RUMINISKI,304700.,7,3.20,0.639,0.0100,polars/raw/ALL.PD,5801
ST8-PD-077-03,77,S4180,RUMINISKI,304700.,8,4.24,0.741,0.0106,polars/raw/ALL.PD,5802
ST8-PD-077-03,77,S4180,RUMINISKI,304700.,9,5.26,0.838,0.0115,polars/raw/ALL.PD,5803
ST8-PD-077-03,77,S4180,RUMINISKI,304700.,10,6.28,0.929,0.0123,polars/raw/ALL.PD,5804
ST8-PD-077-03,77,S4180,RUMINISKI,304700.,11,7.30,1.017,0.0152,polars/raw/ALL.PD,5805
ST8-PD-077-03,77,S4180,RUMINISKI,304700.,12,8.32,1.093,0.0193,polars/raw/ALL.PD,5806
ST8-PD-077-03,77,S4180,RUMINISKI,304700.,13,9.32,1.146,0.0257,polars/raw/ALL.PD,5807
ST8-PD-077-03,77,S4180,RUMINISKI,304700.,14,10.32,1.170,0.0418,polars/raw/ALL.PD,5808
ST8-PD-078-01,78,S4233,CHAMPINE,60300.,1,-2.92,-.047,0.0263,polars/raw/ALL.PD,5817
ST8-PD-078-01,78,S4233,CHAMPINE,60300.,2,-1.90,0.005,0.0284,polars/raw/ALL.PD,5818
ST8-PD-078-01,78,S4233,CHAMPINE,60300.,3,-0.88,0.116,0.0310,polars/raw/ALL.PD,5819
ST8-PD-078-01,78,S4233,CHAMPINE,60300.,4,0.15,0.220,0.0336,polars/raw/ALL.PD,5820
ST8-PD-078-01,78,S4233,CHAMPINE,60300.,5,1.16,0.292,0.0381,polars/raw/ALL.PD,5821
ST8-PD-078-02,78,S4233,CHAMPINE,101300.,1,-6.97,-.354,0.0290,polars/raw/ALL.PD,5824
ST8-PD-078-02,78,S4233,CHAMPINE,101300.,2,-5.97,-.255,0.0253,polars/raw/ALL.PD,5825
ST8-PD-078-02,78,S4233,CHAMPINE,101300.,3,-4.94,-.163,0.0211,polars/raw/ALL.PD,5826
ST8-PD-078-02,78,S4233,CHAMPINE,101300.,4,-3.94,-.075,0.0183,polars/raw/ALL.PD,5827
ST8-PD-078-02,78,S4233,CHAMPINE,101300.,5,-2.91,0.011,0.0191,polars/raw/ALL.PD,5828
ST8-PD-078-02,78,S4233,CHAMPINE,101300.,6,-1.90,0.076,0.0188,polars/raw/ALL.PD,5829
ST8-PD-078-02,78,S4233,CHAMPINE,101300.,7,-0.89,0.149,0.0193,polars/raw/ALL.PD,5830
ST8-PD-078-02,78,S4233,CHAMPINE,101300.,8,0.15,0.265,0.0204,polars/raw/ALL.PD,5831
ST8-PD-078-02,78,S4233,CHAMPINE,101300.,9,1.17,0.373,0.0241,polars/raw/ALL.PD,5832
ST8-PD-078-02,78,S4233,CHAMPINE,101300.,10,2.19,0.474,0.0260,polars/raw/ALL.PD,5833
ST8-PD-078-02,78,S4233,CHAMPINE,101300.,11,3.22,0.552,0.0292,polars/raw/ALL.PD,5834
ST8-PD-078-02,78,S4233,CHAMPINE,101300.,12,4.23,0.640,0.0292,polars/raw/ALL.PD,5835
ST8-PD-078-02,78,S4233,CHAMPINE,101300.,13,5.25,0.752,0.0292,polars/raw/ALL.PD,5836
ST8-PD-078-02,78,S4233,CHAMPINE,101300.,14,6.28,0.849,0.0298,polars/raw/ALL.PD,5837
ST8-PD-078-02,78,S4233,CHAMPINE,101300.,15,7.30,0.962,0.0256,polars/raw/ALL.PD,5838
ST8-PD-078-02,78,S4233,CHAMPINE,101300.,16,8.33,1.065,0.0242,polars/raw/ALL.PD,5839
ST8-PD-078-02,78,S4233,CHAMPINE,101300.,17,9.34,1.159,0.0242,polars/raw/ALL.PD,5840
ST8-PD-078-02,78,S4233,CHAMPINE,101300.,18,10.35,1.221,0.0267,polars/raw/ALL.PD,5841
ST8-PD-078-02,78,S4233,CHAMPINE,101300.,19,11.35,1.199,0.0356,polars/raw/ALL.PD,5842
ST8-PD-078-03,78,S4233,CHAMPINE,127300.,1,-4.97,-.224,0.0198,polars/raw/ALL.PD,5845
ST8-PD-078-03,78,S4233,CHAMPINE,127300.,2,-3.95,-.138,0.0182,polars/raw/ALL.PD,5846
ST8-PD-078-03,78,S4233,CHAMPINE,127300.,3,-2.92,-.057,0.0171,polars/raw/ALL.PD,5847
ST8-PD-078-03,78,S4233,CHAMPINE,127300.,4,-1.90,0.019,0.0180,polars/raw/ALL.PD,5848
ST8-PD-078-03,78,S4233,CHAMPINE,127300.,5,-0.87,0.117,0.0162,polars/raw/ALL.PD,5849
ST8-PD-078-03,78,S4233,CHAMPINE,127300.,6,0.13,0.214,0.0162,polars/raw/ALL.PD,5850
ST8-PD-078-03,78,S4233,CHAMPINE,127300.,7,1.16,0.306,0.0180,polars/raw/ALL.PD,5851
ST8-PD-078-03,78,S4233,CHAMPINE,127300.,8,2.18,0.418,0.0181,polars/raw/ALL.PD,5852
ST8-PD-078-03,78,S4233,CHAMPINE,127300.,9,3.20,0.528,0.0203,polars/raw/ALL.PD,5853
ST8-PD-078-03,78,S4233,CHAMPINE,127300.,10,4.23,0.624,0.0212,polars/raw/ALL.PD,5854
ST8-PD-078-03,78,S4233,CHAMPINE,127300.,11,5.25,0.734,0.0213,polars/raw/ALL.PD,5855
ST8-PD-078-03,78,S4233,CHAMPINE,127300.,12,6.27,0.832,0.0212,polars/raw/ALL.PD,5856
ST8-PD-078-03,78,S4233,CHAMPINE,127300.,13,7.28,0.935,0.0210,polars/raw/ALL.PD,5857
ST8-PD-078-03,78,S4233,CHAMPINE,127300.,14,8.30,1.028,0.0221,polars/raw/ALL.PD,5858
ST8-PD-078-03,78,S4233,CHAMPINE,127300.,15,9.33,1.111,0.0199,polars/raw/ALL.PD,5859
ST8-PD-078-04,78,S4233,CHAMPINE,150200.,1,-4.94,-.144,0.0166,polars/raw/ALL.PD,5862
ST8-PD-078-04,78,S4233,CHAMPINE,150200.,2,-3.92,-.057,0.0156,polars/raw/ALL.PD,5863
ST8-PD-078-04,78,S4233,CHAMPINE,150200.,3,-2.91,0.033,0.0149,polars/raw/ALL.PD,5864
ST8-PD-078-04,78,S4233,CHAMPINE,150200.,4,-1.89,0.128,0.0149,polars/raw/ALL.PD,5865
ST8-PD-078-04,78,S4233,CHAMPINE,150200.,5,-0.86,0.219,0.0147,polars/raw/ALL.PD,5866
ST8-PD-078-04,78,S4233,CHAMPINE,150200.,6,0.16,0.313,0.0155,polars/raw/ALL.PD,5867
ST8-PD-078-04,78,S4233,CHAMPINE,150200.,7,1.18,0.433,0.0152,polars/raw/ALL.PD,5868
ST8-PD-078-04,78,S4233,CHAMPINE,150200.,8,2.20,0.538,0.0161,polars/raw/ALL.PD,5869
ST8-PD-078-04,78,S4233,CHAMPINE,150200.,9,3.24,0.643,0.0172,polars/raw/ALL.PD,5870
ST8-PD-078-04,78,S4233,CHAMPINE,150200.,10,4.25,0.745,0.0179,polars/raw/ALL.PD,5871
ST8-PD-078-04,78,S4233,CHAMPINE,150200.,11,5.28,0.845,0.0182,polars/raw/ALL.PD,5872
ST8-PD-078-04,78,S4233,CHAMPINE,150200.,12,6.30,0.945,0.0185,polars/raw/ALL.PD,5873
ST8-PD-078-04,78,S4233,CHAMPINE,150200.,13,7.32,1.042,0.0188,polars/raw/ALL.PD,5874
ST8-PD-078-04,78,S4233,CHAMPINE,150200.,14,8.35,1.140,0.0195,polars/raw/ALL.PD,5875
ST8-PD-078-04,78,S4233,CHAMPINE,150200.,15,9.35,1.213,0.0213,polars/raw/ALL.PD,5876
ST8-PD-078-04,78,S4233,CHAMPINE,150200.,16,10.37,1.234,0.0267,polars/raw/ALL.PD,5877
ST8-PD-078-05,78,S4233,CHAMPINE,200200.,1,-5.05,-.174,0.0154,polars/raw/ALL.PD,5880
ST8-PD-078-05,78,S4233,CHAMPINE,200200.,2,-3.99,-.077,0.0136,polars/raw/ALL.PD,5881
ST8-PD-078-05,78,S4233,CHAMPINE,200200.,3,-2.97,0.020,0.0126,polars/raw/ALL.PD,5882
ST8-PD-078-05,78,S4233,CHAMPINE,200200.,4,-1.94,0.120,0.0123,polars/raw/ALL.PD,5883
ST8-PD-078-05,78,S4233,CHAMPINE,200200.,5,-0.90,0.225,0.0121,polars/raw/ALL.PD,5884
ST8-PD-078-05,78,S4233,CHAMPINE,200200.,6,0.13,0.321,0.0119,polars/raw/ALL.PD,5885
ST8-PD-078-05,78,S4233,CHAMPINE,200200.,7,1.15,0.428,0.0124,polars/raw/ALL.PD,5886
ST8-PD-078-05,78,S4233,CHAMPINE,200200.,8,2.18,0.542,0.0123,polars/raw/ALL.PD,5887
ST8-PD-078-05,78,S4233,CHAMPINE,200200.,9,3.22,0.651,0.0133,polars/raw/ALL.PD,5888
ST8-PD-078-05,78,S4233,CHAMPINE,200200.,10,4.24,0.754,0.0139,polars/raw/ALL.PD,5889
ST8-PD-078-05,78,S4233,CHAMPINE,200200.,11,5.27,0.862,0.0147,polars/raw/ALL.PD,5890
ST8-PD-078-05,78,S4233,CHAMPINE,200200.,12,6.30,0.964,0.0154,polars/raw/ALL.PD,5891
ST8-PD-078-05,78,S4233,CHAMPINE,200200.,13,7.31,1.064,0.0162,polars/raw/ALL.PD,5892
ST8-PD-078-05,78,S4233,CHAMPINE,200200.,14,8.34,1.158,0.0173,polars/raw/ALL.PD,5893
ST8-PD-078-05,78,S4233,CHAMPINE,200200.,15,9.36,1.220,0.0197,polars/raw/ALL.PD,5894
ST8-PD-078-05,78,S4233,CHAMPINE,200200.,16,10.36,1.234,0.0281,polars/raw/ALL.PD,5895
ST8-PD-078-06,78,S4233,CHAMPINE,305100.,1,-5.97,-.269,0.0165,polars/raw/ALL.PD,5898
ST8-PD-078-06,78,S4233,CHAMPINE,305100.,2,-4.95,-.170,0.0139,polars/raw/ALL.PD,5899
ST8-PD-078-06,78,S4233,CHAMPINE,305100.,3,-3.98,-.074,0.0121,polars/raw/ALL.PD,5900
ST8-PD-078-06,78,S4233,CHAMPINE,305100.,4,-2.98,0.025,0.0109,polars/raw/ALL.PD,5901
ST8-PD-078-06,78,S4233,CHAMPINE,305100.,5,-1.98,0.124,0.0102,polars/raw/ALL.PD,5902
ST8-PD-078-06,78,S4233,CHAMPINE,305100.,6,-0.98,0.226,0.0097,polars/raw/ALL.PD,5903
ST8-PD-078-06,78,S4233,CHAMPINE,305100.,7,0.11,0.342,0.0097,polars/raw/ALL.PD,5904
ST8-PD-078-06,78,S4233,CHAMPINE,305100.,8,1.17,0.451,0.0097,polars/raw/ALL.PD,5905
ST8-PD-078-06,78,S4233,CHAMPINE,305100.,9,2.17,0.552,0.0100,polars/raw/ALL.PD,5906
ST8-PD-078-06,78,S4233,CHAMPINE,305100.,10,3.23,0.663,0.0104,polars/raw/ALL.PD,5907
ST8-PD-078-06,78,S4233,CHAMPINE,305100.,11,4.25,0.766,0.0112,polars/raw/ALL.PD,5908
ST8-PD-078-06,78,S4233,CHAMPINE,305100.,12,5.27,0.869,0.0118,polars/raw/ALL.PD,5909
ST8-PD-078-06,78,S4233,CHAMPINE,305100.,13,6.29,0.967,0.0125,polars/raw/ALL.PD,5910
ST8-PD-078-06,78,S4233,CHAMPINE,305100.,14,7.32,1.062,0.0137,polars/raw/ALL.PD,5911
ST8-PD-078-06,78,S4233,CHAMPINE,305100.,15,8.34,1.142,0.0153,polars/raw/ALL.PD,5912
ST8-PD-078-06,78,S4233,CHAMPINE,305100.,16,9.34,1.191,0.0189,polars/raw/ALL.PD,5913
ST8-PD-078-06,78,S4233,CHAMPINE,305100.,17,10.35,1.196,0.0265,polars/raw/ALL.PD,5914
ST8-PD-078-06,78,S4233,CHAMPINE,305100.,18,11.35,1.186,0.0404,polars/raw/ALL.PD,5915
ST8-PD-079-01,79,"S4233 UST .020, .125, 20%",CHAMPINE,60200.,1,-3.94,-.136,0.0249,polars/raw/ALL.PD,5924
ST8-PD-079-01,79,"S4233 UST .020, .125, 20%",CHAMPINE,60200.,2,-2.92,-.024,0.0262,polars/raw/ALL.PD,5925
ST8-PD-079-01,79,"S4233 UST .020, .125, 20%",CHAMPINE,60200.,3,-1.89,0.049,0.0266,polars/raw/ALL.PD,5926
ST8-PD-079-01,79,"S4233 UST .020, .125, 20%",CHAMPINE,60200.,4,-0.86,0.220,0.0264,polars/raw/ALL.PD,5927
ST8-PD-079-01,79,"S4233 UST .020, .125, 20%",CHAMPINE,60200.,5,0.15,0.306,0.0264,polars/raw/ALL.PD,5928
ST8-PD-079-01,79,"S4233 UST .020, .125, 20%",CHAMPINE,60200.,6,1.18,0.403,0.0282,polars/raw/ALL.PD,5929
ST8-PD-079-01,79,"S4233 UST .020, .125, 20%",CHAMPINE,60200.,7,2.20,0.500,0.0299,polars/raw/ALL.PD,5930
ST8-PD-079-01,79,"S4233 UST .020, .125, 20%",CHAMPINE,60200.,8,3.23,0.595,0.0290,polars/raw/ALL.PD,5931
ST8-PD-079-01,79,"S4233 UST .020, .125, 20%",CHAMPINE,60200.,9,4.24,0.691,0.0293,polars/raw/ALL.PD,5932
ST8-PD-079-01,79,"S4233 UST .020, .125, 20%",CHAMPINE,60200.,10,5.27,0.787,0.0311,polars/raw/ALL.PD,5933
ST8-PD-079-01,79,"S4233 UST .020, .125, 20%",CHAMPINE,60200.,11,6.28,0.881,0.0294,polars/raw/ALL.PD,5934
ST8-PD-079-01,79,"S4233 UST .020, .125, 20%",CHAMPINE,60200.,12,7.30,0.977,0.0316,polars/raw/ALL.PD,5935
ST8-PD-079-01,79,"S4233 UST .020, .125, 20%",CHAMPINE,60200.,13,8.32,1.064,0.0328,polars/raw/ALL.PD,5936
ST8-PD-079-01,79,"S4233 UST .020, .125, 20%",CHAMPINE,60200.,14,9.35,1.145,0.0370,polars/raw/ALL.PD,5937
ST8-PD-079-01,79,"S4233 UST .020, .125, 20%",CHAMPINE,60200.,15,10.36,1.234,0.0349,polars/raw/ALL.PD,5938
ST8-PD-079-01,79,"S4233 UST .020, .125, 20%",CHAMPINE,60200.,16,11.37,1.284,0.0368,polars/raw/ALL.PD,5939
ST8-PD-079-01,79,"S4233 UST .020, .125, 20%",CHAMPINE,60200.,17,12.36,1.234,0.0485,polars/raw/ALL.PD,5940
ST8-PD-079-02,79,"S4233 UST .020, .125, 20%",CHAMPINE,101700.,1,-3.93,-.055,0.0182,polars/raw/ALL.PD,5943
ST8-PD-079-02,79,"S4233 UST .020, .125, 20%",CHAMPINE,101700.,2,-2.91,0.021,0.0177,polars/raw/ALL.PD,5944
ST8-PD-079-02,79,"S4233 UST .020, .125, 20%",CHAMPINE,101700.,3,-1.88,0.099,0.0172,polars/raw/ALL.PD,5945
ST8-PD-079-02,79,"S4233 UST .020, .125, 20%",CHAMPINE,101700.,4,-0.87,0.175,0.0162,polars/raw/ALL.PD,5946
ST8-PD-079-02,79,"S4233 UST .020, .125, 20%",CHAMPINE,101700.,5,0.17,0.308,0.0160,polars/raw/ALL.PD,5947
ST8-PD-079-02,79,"S4233 UST .020, .125, 20%",CHAMPINE,101700.,6,1.18,0.409,0.0160,polars/raw/ALL.PD,5948
ST8-PD-079-02,79,"S4233 UST .020, .125, 20%",CHAMPINE,101700.,7,2.21,0.513,0.0164,polars/raw/ALL.PD,5949
ST8-PD-079-02,79,"S4233 UST .020, .125, 20%",CHAMPINE,101700.,8,3.22,0.613,0.0173,polars/raw/ALL.PD,5950
ST8-PD-079-02,79,"S4233 UST .020, .125, 20%",CHAMPINE,101700.,9,4.25,0.713,0.0182,polars/raw/ALL.PD,5951
ST8-PD-079-02,79,"S4233 UST .020, .125, 20%",CHAMPINE,101700.,10,5.27,0.815,0.0190,polars/raw/ALL.PD,5952
ST8-PD-079-02,79,"S4233 UST .020, .125, 20%",CHAMPINE,101700.,11,6.30,0.912,0.0204,polars/raw/ALL.PD,5953
ST8-PD-079-02,79,"S4233 UST .020, .125, 20%",CHAMPINE,101700.,12,7.31,1.006,0.0212,polars/raw/ALL.PD,5954
ST8-PD-079-02,79,"S4233 UST .020, .125, 20%",CHAMPINE,101700.,13,8.34,1.101,0.0226,polars/raw/ALL.PD,5955
ST8-PD-079-02,79,"S4233 UST .020, .125, 20%",CHAMPINE,101700.,14,9.35,1.189,0.0248,polars/raw/ALL.PD,5956
ST8-PD-079-02,79,"S4233 UST .020, .125, 20%",CHAMPINE,101700.,15,10.37,1.257,0.0263,polars/raw/ALL.PD,5957
ST8-PD-079-02,79,"S4233 UST .020, .125, 20%",CHAMPINE,101700.,16,11.36,1.233,0.0398,polars/raw/ALL.PD,5958
ST8-PD-079-03,79,"S4233 UST .020, .125, 20%",CHAMPINE,152100.,1,-5.98,-.253,0.0192,polars/raw/ALL.PD,5961
ST8-PD-079-03,79,"S4233 UST .020, .125, 20%",CHAMPINE,152100.,2,-4.97,-.172,0.0164,polars/raw/ALL.PD,5962
ST8-PD-079-03,79,"S4233 UST .020, .125, 20%",CHAMPINE,152100.,3,-3.92,-.080,0.0139,polars/raw/ALL.PD,5963
ST8-PD-079-03,79,"S4233 UST .020, .125, 20%",CHAMPINE,152100.,4,-2.92,0.011,0.0127,polars/raw/ALL.PD,5964
ST8-PD-079-03,79,"S4233 UST .020, .125, 20%",CHAMPINE,152100.,5,-1.88,0.108,0.0128,polars/raw/ALL.PD,5965
ST8-PD-079-03,79,"S4233 UST .020, .125, 20%",CHAMPINE,152100.,6,-0.88,0.201,0.0121,polars/raw/ALL.PD,5966
ST8-PD-079-03,79,"S4233 UST .020, .125, 20%",CHAMPINE,152100.,7,0.14,0.290,0.0122,polars/raw/ALL.PD,5967
ST8-PD-079-03,79,"S4233 UST .020, .125, 20%",CHAMPINE,152100.,8,1.17,0.411,0.0112,polars/raw/ALL.PD,5968
ST8-PD-079-03,79,"S4233 UST .020, .125, 20%",CHAMPINE,152100.,9,2.20,0.520,0.0118,polars/raw/ALL.PD,5969
ST8-PD-079-03,79,"S4233 UST .020, .125, 20%",CHAMPINE,152100.,10,3.20,0.622,0.0125,polars/raw/ALL.PD,5970
ST8-PD-079-03,79,"S4233 UST .020, .125, 20%",CHAMPINE,152100.,11,4.23,0.724,0.0144,polars/raw/ALL.PD,5971
ST8-PD-079-03,79,"S4233 UST .020, .125, 20%",CHAMPINE,152100.,12,5.26,0.824,0.0149,polars/raw/ALL.PD,5972
ST8-PD-079-03,79,"S4233 UST .020, .125, 20%",CHAMPINE,152100.,13,6.27,0.920,0.0162,polars/raw/ALL.PD,5973
ST8-PD-079-03,79,"S4233 UST .020, .125, 20%",CHAMPINE,152100.,14,7.30,1.014,0.0173,polars/raw/ALL.PD,5974
ST8-PD-079-03,79,"S4233 UST .020, .125, 20%",CHAMPINE,152100.,15,8.32,1.105,0.0197,polars/raw/ALL.PD,5975
ST8-PD-079-03,79,"S4233 UST .020, .125, 20%",CHAMPINE,152100.,16,9.35,1.189,0.0217,polars/raw/ALL.PD,5976
ST8-PD-079-03,79,"S4233 UST .020, .125, 20%",CHAMPINE,152100.,17,10.34,1.229,0.0301,polars/raw/ALL.PD,5977
ST8-PD-079-03,79,"S4233 UST .020, .125, 20%",CHAMPINE,152100.,18,11.36,1.197,0.0464,polars/raw/ALL.PD,5978
ST8-PD-079-04,79,"S4233 UST .020, .125, 20%",CHAMPINE,202200.,1,-3.93,-.076,0.0132,polars/raw/ALL.PD,5981
ST8-PD-079-04,79,"S4233 UST .020, .125, 20%",CHAMPINE,202200.,2,-2.92,0.024,0.0121,polars/raw/ALL.PD,5982
ST8-PD-079-04,79,"S4233 UST .020, .125, 20%",CHAMPINE,202200.,3,-1.88,0.124,0.0116,polars/raw/ALL.PD,5983
ST8-PD-079-04,79,"S4233 UST .020, .125, 20%",CHAMPINE,202200.,4,-0.87,0.222,0.0114,polars/raw/ALL.PD,5984
ST8-PD-079-04,79,"S4233 UST .020, .125, 20%",CHAMPINE,202200.,5,0.16,0.318,0.0112,polars/raw/ALL.PD,5985
ST8-PD-079-04,79,"S4233 UST .020, .125, 20%",CHAMPINE,202200.,6,1.18,0.415,0.0112,polars/raw/ALL.PD,5986
ST8-PD-079-04,79,"S4233 UST .020, .125, 20%",CHAMPINE,202200.,7,2.21,0.526,0.0113,polars/raw/ALL.PD,5987
ST8-PD-079-04,79,"S4233 UST .020, .125, 20%",CHAMPINE,202200.,8,3.23,0.629,0.0122,polars/raw/ALL.PD,5988
ST8-PD-079-04,79,"S4233 UST .020, .125, 20%",CHAMPINE,202200.,9,4.25,0.730,0.0130,polars/raw/ALL.PD,5989
ST8-PD-079-04,79,"S4233 UST .020, .125, 20%",CHAMPINE,202200.,10,5.27,0.826,0.0143,polars/raw/ALL.PD,5990
ST8-PD-079-04,79,"S4233 UST .020, .125, 20%",CHAMPINE,202200.,11,6.30,0.921,0.0154,polars/raw/ALL.PD,5991
ST8-PD-079-04,79,"S4233 UST .020, .125, 20%",CHAMPINE,202200.,12,7.31,1.013,0.0167,polars/raw/ALL.PD,5992
ST8-PD-079-04,79,"S4233 UST .020, .125, 20%",CHAMPINE,202200.,13,8.33,1.098,0.0183,polars/raw/ALL.PD,5993
ST8-PD-079-04,79,"S4233 UST .020, .125, 20%",CHAMPINE,202200.,14,9.35,1.173,0.0206,polars/raw/ALL.PD,5994
ST8-PD-079-04,79,"S4233 UST .020, .125, 20%",CHAMPINE,202200.,15,10.36,1.202,0.0258,polars/raw/ALL.PD,5995
ST8-PD-079-05,79,"S4233 UST .020, .125, 20%",CHAMPINE,298900.,1,-6.00,-.289,0.0162,polars/raw/ALL.PD,5998
ST8-PD-079-05,79,"S4233 UST .020, .125, 20%",CHAMPINE,298900.,2,-4.43,-.144,0.0130,polars/raw/ALL.PD,5999
ST8-PD-079-05,79,"S4233 UST .020, .125, 20%",CHAMPINE,298900.,3,-2.92,0.002,0.0109,polars/raw/ALL.PD,6000
ST8-PD-079-05,79,"S4233 UST .020, .125, 20%",CHAMPINE,298900.,4,-1.41,0.152,0.0109,polars/raw/ALL.PD,6001
ST8-PD-079-05,79,"S4233 UST .020, .125, 20%",CHAMPINE,298900.,5,0.16,0.313,0.0114,polars/raw/ALL.PD,6002
ST8-PD-079-05,79,"S4233 UST .020, .125, 20%",CHAMPINE,298900.,6,1.68,0.460,0.0117,polars/raw/ALL.PD,6003
ST8-PD-079-05,79,"S4233 UST .020, .125, 20%",CHAMPINE,298900.,7,3.21,0.616,0.0125,polars/raw/ALL.PD,6004
ST8-PD-079-05,79,"S4233 UST .020, .125, 20%",CHAMPINE,298900.,8,4.77,0.770,0.0137,polars/raw/ALL.PD,6005
ST8-PD-079-05,79,"S4233 UST .020, .125, 20%",CHAMPINE,298900.,9,6.29,0.917,0.0151,polars/raw/ALL.PD,6006
ST8-PD-079-05,79,"S4233 UST .020, .125, 20%",CHAMPINE,298900.,10,7.82,1.056,0.0166,polars/raw/ALL.PD,6007
ST8-PD-079-05,79,"S4233 UST .020, .125, 20%",CHAMPINE,298900.,11,9.34,1.170,0.0205,polars/raw/ALL.PD,6008
ST8-PD-079-05,79,"S4233 UST .020, .125, 20%",CHAMPINE,298900.,12,10.84,1.162,0.0375,polars/raw/ALL.PD,6009
ST8-PD-079-05,79,"S4233 UST .020, .125, 20%",CHAMPINE,298900.,13,12.33,1.137,0.0629,polars/raw/ALL.PD,6010
ST8-PD-080-01,80,SD2030,WAGNER/OLSEN,101000.,1,-2.94,-.119,0.0155,polars/raw/ALL.PD,6019
ST8-PD-080-01,80,SD2030,WAGNER/OLSEN,101000.,2,-0.91,0.094,0.0148,polars/raw/ALL.PD,6020
ST8-PD-080-01,80,SD2030,WAGNER/OLSEN,101000.,3,0.11,0.165,0.0150,polars/raw/ALL.PD,6021
ST8-PD-080-01,80,SD2030,WAGNER/OLSEN,101000.,4,1.66,0.376,0.0182,polars/raw/ALL.PD,6022
ST8-PD-080-01,80,SD2030,WAGNER/OLSEN,101000.,5,3.19,0.593,0.0156,polars/raw/ALL.PD,6023
ST8-PD-080-01,80,SD2030,WAGNER/OLSEN,101000.,6,4.72,0.743,0.0152,polars/raw/ALL.PD,6024
ST8-PD-080-01,80,SD2030,WAGNER/OLSEN,101000.,7,6.27,0.844,0.0187,polars/raw/ALL.PD,6025
ST8-PD-080-01,80,SD2030,WAGNER/OLSEN,101000.,8,7.76,0.914,0.0273,polars/raw/ALL.PD,6026
ST8-PD-080-02,80,SD2030,WAGNER/OLSEN,150200.,1,-2.94,-.089,0.0143,polars/raw/ALL.PD,6029
ST8-PD-080-02,80,SD2030,WAGNER/OLSEN,150200.,2,-1.39,0.053,0.0155,polars/raw/ALL.PD,6030
ST8-PD-080-02,80,SD2030,WAGNER/OLSEN,150200.,3,0.13,0.255,0.0150,polars/raw/ALL.PD,6031
ST8-PD-080-02,80,SD2030,WAGNER/OLSEN,150200.,4,1.66,0.471,0.0125,polars/raw/ALL.PD,6032
ST8-PD-080-02,80,SD2030,WAGNER/OLSEN,150200.,5,3.23,0.628,0.0115,polars/raw/ALL.PD,6033
ST8-PD-080-02,80,SD2030,WAGNER/OLSEN,150200.,6,4.74,0.749,0.0133,polars/raw/ALL.PD,6034
ST8-PD-080-02,80,SD2030,WAGNER/OLSEN,150200.,7,6.26,0.849,0.0186,polars/raw/ALL.PD,6035
ST8-PD-080-02,80,SD2030,WAGNER/OLSEN,150200.,8,7.78,0.942,0.0247,polars/raw/ALL.PD,6036
ST8-PD-080-02,80,SD2030,WAGNER/OLSEN,150200.,9,9.32,1.021,0.0384,polars/raw/ALL.PD,6037
ST8-PD-080-02,80,SD2030,WAGNER/OLSEN,150200.,10,10.81,1.062,0.0780,polars/raw/ALL.PD,6038
ST8-PD-080-02,80,SD2030,WAGNER/OLSEN,150200.,11,12.27,0.996,0.1826,polars/raw/ALL.PD,6039
ST8-PD-080-03,80,SD2030,WAGNER/OLSEN,198100.,1,-3.96,-.176,0.0154,polars/raw/ALL.PD,6042
ST8-PD-080-03,80,SD2030,WAGNER/OLSEN,198100.,2,-2.94,-.061,0.0141,polars/raw/ALL.PD,6043
ST8-PD-080-03,80,SD2030,WAGNER/OLSEN,198100.,3,-1.93,0.060,0.0122,polars/raw/ALL.PD,6044
ST8-PD-080-03,80,SD2030,WAGNER/OLSEN,198100.,4,-0.90,0.176,0.0112,polars/raw/ALL.PD,6045
ST8-PD-080-03,80,SD2030,WAGNER/OLSEN,198100.,5,0.14,0.315,0.0104,polars/raw/ALL.PD,6046
ST8-PD-080-03,80,SD2030,WAGNER/OLSEN,198100.,6,1.18,0.436,0.0098,polars/raw/ALL.PD,6047
ST8-PD-080-03,80,SD2030,WAGNER/OLSEN,198100.,7,2.20,0.538,0.0095,polars/raw/ALL.PD,6048
ST8-PD-080-03,80,SD2030,WAGNER/OLSEN,198100.,8,3.23,0.640,0.0096,polars/raw/ALL.PD,6049
ST8-PD-080-03,80,SD2030,WAGNER/OLSEN,198100.,9,4.23,0.721,0.0116,polars/raw/ALL.PD,6050
ST8-PD-080-03,80,SD2030,WAGNER/OLSEN,198100.,10,5.25,0.794,0.0147,polars/raw/ALL.PD,6051
ST8-PD-080-03,80,SD2030,WAGNER/OLSEN,198100.,11,6.27,0.867,0.0182,polars/raw/ALL.PD,6052
ST8-PD-080-03,80,SD2030,WAGNER/OLSEN,198100.,12,7.28,0.936,0.0211,polars/raw/ALL.PD,6053
ST8-PD-080-03,80,SD2030,WAGNER/OLSEN,198100.,13,8.30,0.991,0.0277,polars/raw/ALL.PD,6054
ST8-PD-080-03,80,SD2030,WAGNER/OLSEN,198100.,14,9.30,1.036,0.0344,polars/raw/ALL.PD,6055
ST8-PD-080-03,80,SD2030,WAGNER/OLSEN,198100.,15,10.31,1.074,0.0536,polars/raw/ALL.PD,6056
ST8-PD-080-04,80,SD2030,WAGNER/OLSEN,303800.,1,-5.08,-.265,0.0176,polars/raw/ALL.PD,6059
ST8-PD-080-04,80,SD2030,WAGNER/OLSEN,303800.,2,-4.07,-.146,0.0141,polars/raw/ALL.PD,6060
ST8-PD-080-04,80,SD2030,WAGNER/OLSEN,303800.,3,-2.91,0.009,0.0113,polars/raw/ALL.PD,6061
ST8-PD-080-04,80,SD2030,WAGNER/OLSEN,303800.,4,-1.92,0.129,0.0090,polars/raw/ALL.PD,6062
ST8-PD-080-04,80,SD2030,WAGNER/OLSEN,303800.,5,-0.95,0.217,0.0075,polars/raw/ALL.PD,6063
ST8-PD-080-04,80,SD2030,WAGNER/OLSEN,303800.,6,0.11,0.322,0.0069,polars/raw/ALL.PD,6064
ST8-PD-080-04,80,SD2030,WAGNER/OLSEN,303800.,7,1.07,0.424,0.0072,polars/raw/ALL.PD,6065
ST8-PD-080-04,80,SD2030,WAGNER/OLSEN,303800.,8,2.16,0.536,0.0073,polars/raw/ALL.PD,6066
ST8-PD-080-04,80,SD2030,WAGNER/OLSEN,303800.,9,3.20,0.635,0.0089,polars/raw/ALL.PD,6067
ST8-PD-080-04,80,SD2030,WAGNER/OLSEN,303800.,10,4.22,0.718,0.0111,polars/raw/ALL.PD,6068
ST8-PD-080-04,80,SD2030,WAGNER/OLSEN,303800.,11,5.24,0.795,0.0136,polars/raw/ALL.PD,6069
ST8-PD-080-04,80,SD2030,WAGNER/OLSEN,303800.,12,6.26,0.874,0.0167,polars/raw/ALL.PD,6070
ST8-PD-080-04,80,SD2030,WAGNER/OLSEN,303800.,13,7.28,0.945,0.0199,polars/raw/ALL.PD,6071
ST8-PD-080-04,80,SD2030,WAGNER/OLSEN,303800.,14,8.30,1.007,0.0244,polars/raw/ALL.PD,6072
ST8-PD-080-04,80,SD2030,WAGNER/OLSEN,303800.,15,9.30,1.053,0.0314,polars/raw/ALL.PD,6073
ST8-PD-081-01,81,SD2083,OFF,63300.,1,-3.95,-.161,0.0229,polars/raw/ALL.PD,6082
ST8-PD-081-01,81,SD2083,OFF,63300.,2,-2.92,-.066,0.0196,polars/raw/ALL.PD,6083
ST8-PD-081-01,81,SD2083,OFF,63300.,3,-1.90,0.030,0.0140,polars/raw/ALL.PD,6084
ST8-PD-081-01,81,SD2083,OFF,63300.,4,-0.88,0.142,0.0187,polars/raw/ALL.PD,6085
ST8-PD-081-01,81,SD2083,OFF,63300.,5,0.15,0.267,0.0215,polars/raw/ALL.PD,6086
ST8-PD-081-01,81,SD2083,OFF,63300.,6,1.18,0.395,0.0237,polars/raw/ALL.PD,6087
ST8-PD-081-01,81,SD2083,OFF,63300.,7,2.21,0.521,0.0253,polars/raw/ALL.PD,6088
ST8-PD-081-01,81,SD2083,OFF,63300.,8,3.23,0.635,0.0237,polars/raw/ALL.PD,6089
ST8-PD-081-01,81,SD2083,OFF,63300.,9,4.25,0.721,0.0203,polars/raw/ALL.PD,6090
ST8-PD-081-01,81,SD2083,OFF,63300.,10,5.27,0.792,0.0207,polars/raw/ALL.PD,6091
ST8-PD-081-01,81,SD2083,OFF,63300.,11,6.28,0.846,0.0228,polars/raw/ALL.PD,6092
ST8-PD-081-01,81,SD2083,OFF,63300.,12,7.29,0.885,0.0289,polars/raw/ALL.PD,6093
ST8-PD-081-01,81,SD2083,OFF,63300.,13,8.30,0.928,0.0352,polars/raw/ALL.PD,6094
ST8-PD-081-01,81,SD2083,OFF,63300.,14,9.31,0.968,0.0460,polars/raw/ALL.PD,6095
ST8-PD-081-02,81,SD2083,OFF,101200.,1,-3.93,-.081,0.0197,polars/raw/ALL.PD,6098
ST8-PD-081-02,81,SD2083,OFF,101200.,2,-2.90,0.040,0.0160,polars/raw/ALL.PD,6099
ST8-PD-081-02,81,SD2083,OFF,101200.,3,-1.88,0.148,0.0142,polars/raw/ALL.PD,6100
ST8-PD-081-02,81,SD2083,OFF,101200.,4,-0.85,0.265,0.0163,polars/raw/ALL.PD,6101
ST8-PD-081-02,81,SD2083,OFF,101200.,5,0.17,0.385,0.0170,polars/raw/ALL.PD,6102
ST8-PD-081-02,81,SD2083,OFF,101200.,6,1.20,0.494,0.0179,polars/raw/ALL.PD,6103
ST8-PD-081-02,81,SD2083,OFF,101200.,7,2.22,0.593,0.0169,polars/raw/ALL.PD,6104
ST8-PD-081-02,81,SD2083,OFF,101200.,8,3.24,0.679,0.0166,polars/raw/ALL.PD,6105
ST8-PD-081-02,81,SD2083,OFF,101200.,9,4.26,0.764,0.0162,polars/raw/ALL.PD,6106
ST8-PD-081-02,81,SD2083,OFF,101200.,10,5.27,0.825,0.0160,polars/raw/ALL.PD,6107
ST8-PD-081-02,81,SD2083,OFF,101200.,11,6.28,0.867,0.0211,polars/raw/ALL.PD,6108
ST8-PD-081-02,81,SD2083,OFF,101200.,12,7.29,0.908,0.0270,polars/raw/ALL.PD,6109
ST8-PD-081-02,81,SD2083,OFF,101200.,13,8.30,0.956,0.0331,polars/raw/ALL.PD,6110
ST8-PD-081-02,81,SD2083,OFF,101200.,14,9.31,0.993,0.0388,polars/raw/ALL.PD,6111
ST8-PD-081-02,81,SD2083,OFF,101200.,15,10.32,1.013,0.0492,polars/raw/ALL.PD,6112
ST8-PD-081-02,81,SD2083,OFF,101200.,16,11.29,1.002,0.0893,polars/raw/ALL.PD,6113
ST8-PD-081-03,81,SD2083,OFF,200900.,1,-3.91,0.003,0.0143,polars/raw/ALL.PD,6116
ST8-PD-081-03,81,SD2083,OFF,200900.,2,-2.90,0.095,0.0123,polars/raw/ALL.PD,6117
ST8-PD-081-03,81,SD2083,OFF,200900.,3,-1.87,0.191,0.0097,polars/raw/ALL.PD,6118
ST8-PD-081-03,81,SD2083,OFF,200900.,4,-0.83,0.303,0.0098,polars/raw/ALL.PD,6119
ST8-PD-081-03,81,SD2083,OFF,200900.,5,0.17,0.400,0.0103,polars/raw/ALL.PD,6120
ST8-PD-081-03,81,SD2083,OFF,200900.,6,1.20,0.499,0.0109,polars/raw/ALL.PD,6121
ST8-PD-081-03,81,SD2083,OFF,200900.,7,2.23,0.599,0.0108,polars/raw/ALL.PD,6122
ST8-PD-081-03,81,SD2083,OFF,200900.,8,3.24,0.694,0.0106,polars/raw/ALL.PD,6123
ST8-PD-081-03,81,SD2083,OFF,200900.,9,4.26,0.767,0.0123,polars/raw/ALL.PD,6124
ST8-PD-081-03,81,SD2083,OFF,200900.,10,5.27,0.821,0.0163,polars/raw/ALL.PD,6125
ST8-PD-081-03,81,SD2083,OFF,200900.,11,6.29,0.876,0.0212,polars/raw/ALL.PD,6126
ST8-PD-081-03,81,SD2083,OFF,200900.,12,7.29,0.929,0.0261,polars/raw/ALL.PD,6127
ST8-PD-081-03,81,SD2083,OFF,200900.,13,8.31,0.974,0.0323,polars/raw/ALL.PD,6128
ST8-PD-081-03,81,SD2083,OFF,200900.,14,9.31,1.010,0.0429,polars/raw/ALL.PD,6129
ST8-PD-081-04,81,SD2083,OFF,300700.,1,-3.92,-.006,0.0121,polars/raw/ALL.PD,6132
ST8-PD-081-04,81,SD2083,OFF,300700.,2,-2.90,0.088,0.0109,polars/raw/ALL.PD,6133
ST8-PD-081-04,81,SD2083,OFF,300700.,3,-1.89,0.184,0.0092,polars/raw/ALL.PD,6134
ST8-PD-081-04,81,SD2083,OFF,300700.,4,-0.85,0.302,0.0080,polars/raw/ALL.PD,6135
ST8-PD-081-04,81,SD2083,OFF,300700.,5,0.18,0.405,0.0083,polars/raw/ALL.PD,6136
ST8-PD-081-04,81,SD2083,OFF,300700.,6,1.19,0.505,0.0088,polars/raw/ALL.PD,6137
ST8-PD-081-04,81,SD2083,OFF,300700.,7,2.21,0.603,0.0089,polars/raw/ALL.PD,6138
ST8-PD-081-04,81,SD2083,OFF,300700.,8,3.24,0.693,0.0094,polars/raw/ALL.PD,6139
ST8-PD-081-04,81,SD2083,OFF,300700.,9,4.24,0.761,0.0121,polars/raw/ALL.PD,6140
ST8-PD-081-04,81,SD2083,OFF,300700.,10,5.27,0.821,0.0162,polars/raw/ALL.PD,6141
ST8-PD-082-01,82,SD5060,REED,60000.,1,-3.95,-.211,0.0207,polars/raw/ALL.PD,6150
ST8-PD-082-01,82,SD5060,REED,60000.,2,-2.94,-.137,0.0193,polars/raw/ALL.PD,6151
ST8-PD-082-01,82,SD5060,REED,60000.,3,-1.92,-.056,0.0144,polars/raw/ALL.PD,6152
ST8-PD-082-01,82,SD5060,REED,60000.,4,-0.90,0.049,0.0145,polars/raw/ALL.PD,6153
ST8-PD-082-01,82,SD5060,REED,60000.,5,0.14,0.201,0.0163,polars/raw/ALL.PD,6154
ST8-PD-082-01,82,SD5060,REED,60000.,6,1.18,0.372,0.0172,polars/raw/ALL.PD,6155
ST8-PD-082-01,82,SD5060,REED,60000.,7,2.18,0.484,0.0206,polars/raw/ALL.PD,6156
ST8-PD-082-01,82,SD5060,REED,60000.,8,3.20,0.563,0.0204,polars/raw/ALL.PD,6157
ST8-PD-082-01,82,SD5060,REED,60000.,9,4.23,0.645,0.0228,polars/raw/ALL.PD,6158
ST8-PD-082-01,82,SD5060,REED,60000.,10,5.25,0.726,0.0232,polars/raw/ALL.PD,6159
ST8-PD-082-01,82,SD5060,REED,60000.,11,6.26,0.806,0.0232,polars/raw/ALL.PD,6160
ST8-PD-082-01,82,SD5060,REED,60000.,12,7.29,0.876,0.0283,polars/raw/ALL.PD,6161
ST8-PD-082-01,82,SD5060,REED,60000.,13,8.30,0.935,0.0345,polars/raw/ALL.PD,6162
ST8-PD-082-01,82,SD5060,REED,60000.,14,9.31,0.983,0.0460,polars/raw/ALL.PD,6163
ST8-PD-082-01,82,SD5060,REED,60000.,15,10.31,1.004,0.0627,polars/raw/ALL.PD,6164
ST8-PD-082-02,82,SD5060,REED,99800.,1,-2.94,-.128,0.0154,polars/raw/ALL.PD,6167
ST8-PD-082-02,82,SD5060,REED,99800.,2,-1.91,0.004,0.0136,polars/raw/ALL.PD,6168
ST8-PD-082-02,82,SD5060,REED,99800.,3,-0.87,0.151,0.0125,polars/raw/ALL.PD,6169
ST8-PD-082-02,82,SD5060,REED,99800.,4,0.15,0.291,0.0134,polars/raw/ALL.PD,6170
ST8-PD-082-02,82,SD5060,REED,99800.,5,1.19,0.393,0.0135,polars/raw/ALL.PD,6171
ST8-PD-082-02,82,SD5060,REED,99800.,6,2.20,0.479,0.0138,polars/raw/ALL.PD,6172
ST8-PD-082-02,82,SD5060,REED,99800.,7,3.21,0.566,0.0152,polars/raw/ALL.PD,6173
ST8-PD-082-02,82,SD5060,REED,99800.,8,4.23,0.658,0.0155,polars/raw/ALL.PD,6174
ST8-PD-082-02,82,SD5060,REED,99800.,9,5.25,0.751,0.0171,polars/raw/ALL.PD,6175
ST8-PD-082-02,82,SD5060,REED,99800.,10,6.27,0.835,0.0195,polars/raw/ALL.PD,6176
ST8-PD-082-02,82,SD5060,REED,99800.,11,7.29,0.918,0.0215,polars/raw/ALL.PD,6177
ST8-PD-082-02,82,SD5060,REED,99800.,12,8.31,0.983,0.0272,polars/raw/ALL.PD,6178
ST8-PD-082-02,82,SD5060,REED,99800.,13,9.32,1.045,0.0327,polars/raw/ALL.PD,6179
ST8-PD-082-02,82,SD5060,REED,99800.,14,10.32,1.092,0.0403,polars/raw/ALL.PD,6180
ST8-PD-082-03,82,SD5060,REED,150400.,1,-4.98,-.320,0.0154,polars/raw/ALL.PD,6183
ST8-PD-082-03,82,SD5060,REED,150400.,2,-3.96,-.209,0.0142,polars/raw/ALL.PD,6184
ST8-PD-082-03,82,SD5060,REED,150400.,3,-2.92,-.081,0.0124,polars/raw/ALL.PD,6185
ST8-PD-082-03,82,SD5060,REED,150400.,4,-1.92,0.026,0.0113,polars/raw/ALL.PD,6186
ST8-PD-082-03,82,SD5060,REED,150400.,5,-0.89,0.127,0.0101,polars/raw/ALL.PD,6187
ST8-PD-082-03,82,SD5060,REED,150400.,6,0.15,0.231,0.0103,polars/raw/ALL.PD,6188
ST8-PD-082-03,82,SD5060,REED,150400.,7,1.15,0.325,0.0108,polars/raw/ALL.PD,6189
ST8-PD-082-03,82,SD5060,REED,150400.,8,2.19,0.426,0.0119,polars/raw/ALL.PD,6190
ST8-PD-082-03,82,SD5060,REED,150400.,9,3.20,0.524,0.0116,polars/raw/ALL.PD,6191
ST8-PD-082-03,82,SD5060,REED,150400.,10,4.23,0.619,0.0129,polars/raw/ALL.PD,6192
ST8-PD-082-03,82,SD5060,REED,150400.,11,5.25,0.711,0.0148,polars/raw/ALL.PD,6193
ST8-PD-082-03,82,SD5060,REED,150400.,12,6.27,0.801,0.0156,polars/raw/ALL.PD,6194
ST8-PD-082-03,82,SD5060,REED,150400.,13,7.28,0.884,0.0196,polars/raw/ALL.PD,6195
ST8-PD-082-03,82,SD5060,REED,150400.,14,8.30,0.958,0.0239,polars/raw/ALL.PD,6196
ST8-PD-082-03,82,SD5060,REED,150400.,15,9.32,1.021,0.0268,polars/raw/ALL.PD,6197
ST8-PD-082-03,82,SD5060,REED,150400.,16,10.32,1.071,0.0330,polars/raw/ALL.PD,6198
ST8-PD-082-03,82,SD5060,REED,150400.,17,11.33,1.089,0.0431,polars/raw/ALL.PD,6199
ST8-PD-082-04,82,SD5060,REED,202500.,1,-4.96,-.269,0.0135,polars/raw/ALL.PD,6202
ST8-PD-082-04,82,SD5060,REED,202500.,2,-3.95,-.142,0.0121,polars/raw/ALL.PD,6203
ST8-PD-082-04,82,SD5060,REED,202500.,3,-2.91,-.022,0.0109,polars/raw/ALL.PD,6204
ST8-PD-082-04,82,SD5060,REED,202500.,4,-1.90,0.077,0.0104,polars/raw/ALL.PD,6205
ST8-PD-082-04,82,SD5060,REED,202500.,5,-0.88,0.165,0.0097,polars/raw/ALL.PD,6206
ST8-PD-082-04,82,SD5060,REED,202500.,6,0.15,0.273,0.0092,polars/raw/ALL.PD,6207
ST8-PD-082-04,82,SD5060,REED,202500.,7,1.17,0.373,0.0093,polars/raw/ALL.PD,6208
ST8-PD-082-04,82,SD5060,REED,202500.,8,2.20,0.474,0.0097,polars/raw/ALL.PD,6209
ST8-PD-082-04,82,SD5060,REED,202500.,9,3.22,0.572,0.0100,polars/raw/ALL.PD,6210
ST8-PD-082-04,82,SD5060,REED,202500.,10,4.24,0.670,0.0113,polars/raw/ALL.PD,6211
ST8-PD-082-04,82,SD5060,REED,202500.,11,5.26,0.758,0.0132,polars/raw/ALL.PD,6212
ST8-PD-082-04,82,SD5060,REED,202500.,12,6.27,0.845,0.0151,polars/raw/ALL.PD,6213
ST8-PD-082-04,82,SD5060,REED,202500.,13,7.30,0.931,0.0178,polars/raw/ALL.PD,6214
ST8-PD-082-04,82,SD5060,REED,202500.,14,8.31,1.008,0.0212,polars/raw/ALL.PD,6215
ST8-PD-082-04,82,SD5060,REED,202500.,15,9.32,1.072,0.0245,polars/raw/ALL.PD,6216
ST8-PD-082-04,82,SD5060,REED,202500.,16,10.34,1.123,0.0296,polars/raw/ALL.PD,6217
ST8-PD-082-04,82,SD5060,REED,202500.,17,11.34,1.145,0.0400,polars/raw/ALL.PD,6218
ST8-PD-082-04,82,SD5060,REED,202500.,18,12.34,1.124,0.0605,polars/raw/ALL.PD,6219
ST8-PD-082-05,82,SD5060,REED,304100.,1,-6.07,-.371,0.0132,polars/raw/ALL.PD,6222
ST8-PD-082-05,82,SD5060,REED,304100.,2,-5.05,-.247,0.0115,polars/raw/ALL.PD,6223
ST8-PD-082-05,82,SD5060,REED,304100.,3,-4.01,-.140,0.0108,polars/raw/ALL.PD,6224
ST8-PD-082-05,82,SD5060,REED,304100.,4,-2.98,-.042,0.0100,polars/raw/ALL.PD,6225
ST8-PD-082-05,82,SD5060,REED,304100.,5,-1.93,0.057,0.0095,polars/raw/ALL.PD,6226
ST8-PD-082-05,82,SD5060,REED,304100.,6,-0.91,0.157,0.0086,polars/raw/ALL.PD,6227
ST8-PD-082-05,82,SD5060,REED,304100.,7,0.13,0.259,0.0076,polars/raw/ALL.PD,6228
ST8-PD-082-05,82,SD5060,REED,304100.,8,1.16,0.371,0.0075,polars/raw/ALL.PD,6229
ST8-PD-082-05,82,SD5060,REED,304100.,9,2.19,0.475,0.0081,polars/raw/ALL.PD,6230
ST8-PD-082-05,82,SD5060,REED,304100.,10,3.22,0.572,0.0092,polars/raw/ALL.PD,6231
ST8-PD-082-05,82,SD5060,REED,304100.,11,4.23,0.666,0.0107,polars/raw/ALL.PD,6232
ST8-PD-082-05,82,SD5060,REED,304100.,12,5.25,0.755,0.0124,polars/raw/ALL.PD,6233
ST8-PD-082-05,82,SD5060,REED,304100.,13,6.26,0.841,0.0138,polars/raw/ALL.PD,6234
ST8-PD-082-05,82,SD5060,REED,304100.,14,7.30,0.929,0.0160,polars/raw/ALL.PD,6235
ST8-PD-082-05,82,SD5060,REED,304100.,15,8.30,1.007,0.0189,polars/raw/ALL.PD,6236
ST8-PD-083-01,83,SD6060,FOX,59100.,1,-6.00,-.399,0.0288,polars/raw/ALL.PD,6245
ST8-PD-083-01,83,SD6060,FOX,59100.,2,-4.97,-.331,0.0223,polars/raw/ALL.PD,6246
ST8-PD-083-01,83,SD6060,FOX,59100.,3,-3.96,-.277,0.0158,polars/raw/ALL.PD,6247
ST8-PD-083-01,83,SD6060,FOX,59100.,4,-2.96,-.187,0.0156,polars/raw/ALL.PD,6248
ST8-PD-083-01,83,SD6060,FOX,59100.,5,-1.93,-.125,0.0145,polars/raw/ALL.PD,6249
ST8-PD-083-01,83,SD6060,FOX,59100.,6,-0.93,-.009,0.0186,polars/raw/ALL.PD,6250
ST8-PD-083-01,83,SD6060,FOX,59100.,7,0.12,0.143,0.0217,polars/raw/ALL.PD,6251
ST8-PD-083-01,83,SD6060,FOX,59100.,8,1.15,0.273,0.0231,polars/raw/ALL.PD,6252
ST8-PD-083-01,83,SD6060,FOX,59100.,9,2.17,0.395,0.0258,polars/raw/ALL.PD,6253
ST8-PD-083-01,83,SD6060,FOX,59100.,10,3.19,0.490,0.0249,polars/raw/ALL.PD,6254
ST8-PD-083-01,83,SD6060,FOX,59100.,11,4.21,0.579,0.0258,polars/raw/ALL.PD,6255
ST8-PD-083-01,83,SD6060,FOX,59100.,12,5.23,0.661,0.0242,polars/raw/ALL.PD,6256
ST8-PD-083-01,83,SD6060,FOX,59100.,13,6.25,0.742,0.0218,polars/raw/ALL.PD,6257
ST8-PD-083-01,83,SD6060,FOX,59100.,14,7.26,0.813,0.0240,polars/raw/ALL.PD,6258
ST8-PD-083-01,83,SD6060,FOX,59100.,15,8.28,0.866,0.0312,polars/raw/ALL.PD,6259
ST8-PD-083-01,83,SD6060,FOX,59100.,16,9.28,0.892,0.0457,polars/raw/ALL.PD,6260
ST8-PD-083-01,83,SD6060,FOX,59100.,17,10.28,0.906,0.0662,polars/raw/ALL.PD,6261
ST8-PD-083-02,83,SD6060,FOX,100600.,1,-5.98,-.388,0.0237,polars/raw/ALL.PD,6264
ST8-PD-083-02,83,SD6060,FOX,100600.,2,-4.99,-.322,0.0183,polars/raw/ALL.PD,6265
ST8-PD-083-02,83,SD6060,FOX,100600.,3,-3.96,-.248,0.0145,polars/raw/ALL.PD,6266
ST8-PD-083-02,83,SD6060,FOX,100600.,4,-2.95,-.161,0.0132,polars/raw/ALL.PD,6267
ST8-PD-083-02,83,SD6060,FOX,100600.,5,-1.92,-.035,0.0138,polars/raw/ALL.PD,6268
ST8-PD-083-02,83,SD6060,FOX,100600.,6,-0.89,0.144,0.0151,polars/raw/ALL.PD,6269
ST8-PD-083-02,83,SD6060,FOX,100600.,7,0.16,0.249,0.0169,polars/raw/ALL.PD,6270
ST8-PD-083-02,83,SD6060,FOX,100600.,8,1.17,0.341,0.0177,polars/raw/ALL.PD,6271
ST8-PD-083-02,83,SD6060,FOX,100600.,9,2.19,0.429,0.0180,polars/raw/ALL.PD,6272
ST8-PD-083-02,83,SD6060,FOX,100600.,10,3.21,0.519,0.0180,polars/raw/ALL.PD,6273
ST8-PD-083-02,83,SD6060,FOX,100600.,11,4.22,0.611,0.0170,polars/raw/ALL.PD,6274
ST8-PD-083-02,83,SD6060,FOX,100600.,12,5.25,0.704,0.0176,polars/raw/ALL.PD,6275
ST8-PD-083-02,83,SD6060,FOX,100600.,13,6.26,0.788,0.0174,polars/raw/ALL.PD,6276
ST8-PD-083-02,83,SD6060,FOX,100600.,14,7.27,0.863,0.0206,polars/raw/ALL.PD,6277
ST8-PD-083-02,83,SD6060,FOX,100600.,15,8.29,0.921,0.0289,polars/raw/ALL.PD,6278
ST8-PD-083-02,83,SD6060,FOX,100600.,16,9.30,0.960,0.0374,polars/raw/ALL.PD,6279
ST8-PD-083-03,83,SD6060,FOX,155700.,1,-5.99,-.403,0.0206,polars/raw/ALL.PD,6282
ST8-PD-083-03,83,SD6060,FOX,155700.,2,-4.97,-.328,0.0159,polars/raw/ALL.PD,6283
ST8-PD-083-03,83,SD6060,FOX,155700.,3,-3.95,-.197,0.0123,polars/raw/ALL.PD,6284
ST8-PD-083-03,83,SD6060,FOX,155700.,4,-2.93,-.083,0.0112,polars/raw/ALL.PD,6285
ST8-PD-083-03,83,SD6060,FOX,155700.,5,-1.91,-.012,0.0114,polars/raw/ALL.PD,6286
ST8-PD-083-03,83,SD6060,FOX,155700.,6,-0.89,0.115,0.0119,polars/raw/ALL.PD,6287
ST8-PD-083-03,83,SD6060,FOX,155700.,7,0.13,0.211,0.0117,polars/raw/ALL.PD,6288
ST8-PD-083-03,83,SD6060,FOX,155700.,8,1.15,0.300,0.0118,polars/raw/ALL.PD,6289
ST8-PD-083-03,83,SD6060,FOX,155700.,9,2.18,0.398,0.0115,polars/raw/ALL.PD,6290
ST8-PD-083-03,83,SD6060,FOX,155700.,10,3.21,0.499,0.0123,polars/raw/ALL.PD,6291
ST8-PD-083-03,83,SD6060,FOX,155700.,11,4.23,0.598,0.0126,polars/raw/ALL.PD,6292
ST8-PD-083-03,83,SD6060,FOX,155700.,12,5.24,0.695,0.0134,polars/raw/ALL.PD,6293
ST8-PD-083-03,83,SD6060,FOX,155700.,13,6.27,0.784,0.0154,polars/raw/ALL.PD,6294
ST8-PD-083-03,83,SD6060,FOX,155700.,14,7.27,0.860,0.0199,polars/raw/ALL.PD,6295
ST8-PD-083-03,83,SD6060,FOX,155700.,15,8.28,0.916,0.0251,polars/raw/ALL.PD,6296
ST8-PD-083-03,83,SD6060,FOX,155700.,16,9.31,0.950,0.0336,polars/raw/ALL.PD,6297
ST8-PD-083-03,83,SD6060,FOX,155700.,17,10.29,0.961,0.0465,polars/raw/ALL.PD,6298
ST8-PD-083-04,83,SD6060,FOX,199700.,1,-3.97,-.154,0.0117,polars/raw/ALL.PD,6301
ST8-PD-083-04,83,SD6060,FOX,199700.,2,-2.93,-.076,0.0102,polars/raw/ALL.PD,6302
ST8-PD-083-04,83,SD6060,FOX,199700.,3,-1.92,-.006,0.0102,polars/raw/ALL.PD,6303
ST8-PD-083-04,83,SD6060,FOX,199700.,4,-0.90,0.078,0.0101,polars/raw/ALL.PD,6304
ST8-PD-083-04,83,SD6060,FOX,199700.,5,0.15,0.213,0.0097,polars/raw/ALL.PD,6305
ST8-PD-083-04,83,SD6060,FOX,199700.,6,1.16,0.305,0.0098,polars/raw/ALL.PD,6306
ST8-PD-083-04,83,SD6060,FOX,199700.,7,2.18,0.404,0.0100,polars/raw/ALL.PD,6307
ST8-PD-083-04,83,SD6060,FOX,199700.,8,3.20,0.507,0.0103,polars/raw/ALL.PD,6308
ST8-PD-083-04,83,SD6060,FOX,199700.,9,4.22,0.609,0.0109,polars/raw/ALL.PD,6309
ST8-PD-083-04,83,SD6060,FOX,199700.,10,5.25,0.707,0.0121,polars/raw/ALL.PD,6310
ST8-PD-083-04,83,SD6060,FOX,199700.,11,6.26,0.794,0.0143,polars/raw/ALL.PD,6311
ST8-PD-083-04,83,SD6060,FOX,199700.,12,7.28,0.873,0.0179,polars/raw/ALL.PD,6312
ST8-PD-083-04,83,SD6060,FOX,199700.,13,8.30,0.934,0.0239,polars/raw/ALL.PD,6313
ST8-PD-083-04,83,SD6060,FOX,199700.,14,9.31,0.971,0.0315,polars/raw/ALL.PD,6314
ST8-PD-083-04,83,SD6060,FOX,199700.,15,10.31,0.985,0.0420,polars/raw/ALL.PD,6315
ST8-PD-083-05,83,SD6060,FOX,307400.,1,-3.99,-.191,0.0112,polars/raw/ALL.PD,6318
ST8-PD-083-05,83,SD6060,FOX,307400.,2,-2.96,-.099,0.0094,polars/raw/ALL.PD,6319
ST8-PD-083-05,83,SD6060,FOX,307400.,3,-1.94,-.012,0.0082,polars/raw/ALL.PD,6320
ST8-PD-083-05,83,SD6060,FOX,307400.,4,-0.91,0.078,0.0077,polars/raw/ALL.PD,6321
ST8-PD-083-05,83,SD6060,FOX,307400.,5,0.12,0.177,0.0080,polars/raw/ALL.PD,6322
ST8-PD-083-05,83,SD6060,FOX,307400.,6,1.15,0.302,0.0077,polars/raw/ALL.PD,6323
ST8-PD-083-05,83,SD6060,FOX,307400.,7,2.18,0.407,0.0078,polars/raw/ALL.PD,6324
ST8-PD-083-05,83,SD6060,FOX,307400.,8,3.20,0.510,0.0087,polars/raw/ALL.PD,6325
ST8-PD-083-05,83,SD6060,FOX,307400.,9,4.22,0.610,0.0095,polars/raw/ALL.PD,6326
ST8-PD-083-05,83,SD6060,FOX,307400.,10,5.24,0.705,0.0109,polars/raw/ALL.PD,6327
ST8-PD-083-05,83,SD6060,FOX,307400.,11,6.27,0.794,0.0131,polars/raw/ALL.PD,6328
ST8-PD-083-05,83,SD6060,FOX,307400.,12,7.28,0.871,0.0170,polars/raw/ALL.PD,6329
ST8-PD-083-05,83,SD6060,FOX,307400.,13,8.29,0.937,0.0212,polars/raw/ALL.PD,6330
ST8-PD-083-05,83,SD6060,FOX,307400.,14,9.30,0.978,0.0284,polars/raw/ALL.PD,6331
ST8-PD-084-01,84,"SD6060 UST .020, .125, 20%",FOX,100900.,1,-3.96,-.209,0.0131,polars/raw/ALL.PD,6340
ST8-PD-084-01,84,"SD6060 UST .020, .125, 20%",FOX,100900.,2,-2.93,-.094,0.0129,polars/raw/ALL.PD,6341
ST8-PD-084-01,84,"SD6060 UST .020, .125, 20%",FOX,100900.,3,-1.93,0.001,0.0128,polars/raw/ALL.PD,6342
ST8-PD-084-01,84,"SD6060 UST .020, .125, 20%",FOX,100900.,4,-0.89,0.119,0.0132,polars/raw/ALL.PD,6343
ST8-PD-084-01,84,"SD6060 UST .020, .125, 20%",FOX,100900.,5,0.12,0.200,0.0133,polars/raw/ALL.PD,6344
ST8-PD-084-01,84,"SD6060 UST .020, .125, 20%",FOX,100900.,6,1.15,0.287,0.0133,polars/raw/ALL.PD,6345
ST8-PD-084-01,84,"SD6060 UST .020, .125, 20%",FOX,100900.,7,2.17,0.381,0.0139,polars/raw/ALL.PD,6346
ST8-PD-084-01,84,"SD6060 UST .020, .125, 20%",FOX,100900.,8,3.20,0.480,0.0150,polars/raw/ALL.PD,6347
ST8-PD-084-01,84,"SD6060 UST .020, .125, 20%",FOX,100900.,9,4.22,0.582,0.0168,polars/raw/ALL.PD,6348
ST8-PD-084-01,84,"SD6060 UST .020, .125, 20%",FOX,100900.,10,5.24,0.679,0.0167,polars/raw/ALL.PD,6349
ST8-PD-084-01,84,"SD6060 UST .020, .125, 20%",FOX,100900.,11,6.25,0.771,0.0198,polars/raw/ALL.PD,6350
ST8-PD-084-01,84,"SD6060 UST .020, .125, 20%",FOX,100900.,12,7.28,0.846,0.0268,polars/raw/ALL.PD,6351
ST8-PD-084-01,84,"SD6060 UST .020, .125, 20%",FOX,100900.,13,8.29,0.897,0.0331,polars/raw/ALL.PD,6352
ST8-PD-084-01,84,"SD6060 UST .020, .125, 20%",FOX,100900.,14,9.30,0.937,0.0394,polars/raw/ALL.PD,6353
ST8-PD-084-01,84,"SD6060 UST .020, .125, 20%",FOX,100900.,15,10.30,0.972,0.0611,polars/raw/ALL.PD,6354
ST8-PD-084-01,84,"SD6060 UST .020, .125, 20%",FOX,100900.,16,11.30,0.967,0.0957,polars/raw/ALL.PD,6355
ST8-PD-084-02,84,"SD6060 UST .020, .125, 20%",FOX,154200.,1,-3.96,-.180,0.0123,polars/raw/ALL.PD,6358
ST8-PD-084-02,84,"SD6060 UST .020, .125, 20%",FOX,154200.,2,-2.94,-.105,0.0112,polars/raw/ALL.PD,6359
ST8-PD-084-02,84,"SD6060 UST .020, .125, 20%",FOX,154200.,3,-1.91,-.033,0.0106,polars/raw/ALL.PD,6360
ST8-PD-084-02,84,"SD6060 UST .020, .125, 20%",FOX,154200.,4,-0.91,0.092,0.0107,polars/raw/ALL.PD,6361
ST8-PD-084-02,84,"SD6060 UST .020, .125, 20%",FOX,154200.,5,0.14,0.200,0.0103,polars/raw/ALL.PD,6362
ST8-PD-084-02,84,"SD6060 UST .020, .125, 20%",FOX,154200.,6,1.15,0.297,0.0106,polars/raw/ALL.PD,6363
ST8-PD-084-02,84,"SD6060 UST .020, .125, 20%",FOX,154200.,7,2.18,0.399,0.0113,polars/raw/ALL.PD,6364
ST8-PD-084-02,84,"SD6060 UST .020, .125, 20%",FOX,154200.,8,3.19,0.499,0.0121,polars/raw/ALL.PD,6365
ST8-PD-084-02,84,"SD6060 UST .020, .125, 20%",FOX,154200.,9,4.22,0.601,0.0134,polars/raw/ALL.PD,6366
ST8-PD-084-02,84,"SD6060 UST .020, .125, 20%",FOX,154200.,10,5.24,0.701,0.0143,polars/raw/ALL.PD,6367
ST8-PD-084-02,84,"SD6060 UST .020, .125, 20%",FOX,154200.,11,6.26,0.796,0.0167,polars/raw/ALL.PD,6368
ST8-PD-084-02,84,"SD6060 UST .020, .125, 20%",FOX,154200.,12,7.28,0.879,0.0209,polars/raw/ALL.PD,6369
ST8-PD-084-02,84,"SD6060 UST .020, .125, 20%",FOX,154200.,13,8.28,0.935,0.0274,polars/raw/ALL.PD,6370
ST8-PD-084-02,84,"SD6060 UST .020, .125, 20%",FOX,154200.,14,9.30,0.965,0.0370,polars/raw/ALL.PD,6371
ST8-PD-084-02,84,"SD6060 UST .020, .125, 20%",FOX,154200.,15,10.30,0.980,0.0466,polars/raw/ALL.PD,6372
ST8-PD-084-02,84,"SD6060 UST .020, .125, 20%",FOX,154200.,16,11.30,0.975,0.0653,polars/raw/ALL.PD,6373
ST8-PD-084-03,84,"SD6060 UST .020, .125, 20%",FOX,205500.,1,-3.96,-.186,0.0121,polars/raw/ALL.PD,6376
ST8-PD-084-03,84,"SD6060 UST .020, .125, 20%",FOX,205500.,2,-2.94,-.102,0.0094,polars/raw/ALL.PD,6377
ST8-PD-084-03,84,"SD6060 UST .020, .125, 20%",FOX,205500.,3,-1.91,-.023,0.0094,polars/raw/ALL.PD,6378
ST8-PD-084-03,84,"SD6060 UST .020, .125, 20%",FOX,205500.,4,-0.89,0.067,0.0096,polars/raw/ALL.PD,6379
ST8-PD-084-03,84,"SD6060 UST .020, .125, 20%",FOX,205500.,5,0.11,0.200,0.0098,polars/raw/ALL.PD,6380
ST8-PD-084-03,84,"SD6060 UST .020, .125, 20%",FOX,205500.,6,1.15,0.299,0.0094,polars/raw/ALL.PD,6381
ST8-PD-084-03,84,"SD6060 UST .020, .125, 20%",FOX,205500.,7,2.16,0.398,0.0107,polars/raw/ALL.PD,6382
ST8-PD-084-03,84,"SD6060 UST .020, .125, 20%",FOX,205500.,8,3.19,0.501,0.0109,polars/raw/ALL.PD,6383
ST8-PD-084-03,84,"SD6060 UST .020, .125, 20%",FOX,205500.,9,4.22,0.605,0.0122,polars/raw/ALL.PD,6384
ST8-PD-084-03,84,"SD6060 UST .020, .125, 20%",FOX,205500.,10,5.24,0.707,0.0131,polars/raw/ALL.PD,6385
ST8-PD-084-03,84,"SD6060 UST .020, .125, 20%",FOX,205500.,11,6.26,0.805,0.0151,polars/raw/ALL.PD,6386
ST8-PD-084-03,84,"SD6060 UST .020, .125, 20%",FOX,205500.,12,7.28,0.884,0.0192,polars/raw/ALL.PD,6387
ST8-PD-084-03,84,"SD6060 UST .020, .125, 20%",FOX,205500.,13,8.30,0.944,0.0249,polars/raw/ALL.PD,6388
ST8-PD-084-03,84,"SD6060 UST .020, .125, 20%",FOX,205500.,14,9.29,0.977,0.0328,polars/raw/ALL.PD,6389
ST8-PD-084-03,84,"SD6060 UST .020, .125, 20%",FOX,205500.,15,10.30,0.983,0.0455,polars/raw/ALL.PD,6390
ST8-PD-084-03,84,"SD6060 UST .020, .125, 20%",FOX,205500.,16,11.30,0.975,0.0669,polars/raw/ALL.PD,6391
ST8-PD-084-04,84,"SD6060 UST .020, .125, 20%",FOX,313800.,1,-3.98,-.212,0.0119,polars/raw/ALL.PD,6394
ST8-PD-084-04,84,"SD6060 UST .020, .125, 20%",FOX,313800.,2,-2.93,-.113,0.0107,polars/raw/ALL.PD,6395
ST8-PD-084-04,84,"SD6060 UST .020, .125, 20%",FOX,313800.,3,-1.92,-.026,0.0092,polars/raw/ALL.PD,6396
ST8-PD-084-04,84,"SD6060 UST .020, .125, 20%",FOX,313800.,4,-0.90,0.062,0.0095,polars/raw/ALL.PD,6397
ST8-PD-084-04,84,"SD6060 UST .020, .125, 20%",FOX,313800.,5,0.12,0.161,0.0097,polars/raw/ALL.PD,6398
ST8-PD-084-04,84,"SD6060 UST .020, .125, 20%",FOX,313800.,6,1.16,0.288,0.0098,polars/raw/ALL.PD,6399
ST8-PD-084-04,84,"SD6060 UST .020, .125, 20%",FOX,313800.,7,2.17,0.397,0.0098,polars/raw/ALL.PD,6400
ST8-PD-084-04,84,"SD6060 UST .020, .125, 20%",FOX,313800.,8,3.21,0.504,0.0103,polars/raw/ALL.PD,6401
ST8-PD-084-04,84,"SD6060 UST .020, .125, 20%",FOX,313800.,9,4.22,0.608,0.0110,polars/raw/ALL.PD,6402
ST8-PD-084-04,84,"SD6060 UST .020, .125, 20%",FOX,313800.,10,5.23,0.709,0.0121,polars/raw/ALL.PD,6403
ST8-PD-084-04,84,"SD6060 UST .020, .125, 20%",FOX,313800.,11,6.26,0.804,0.0143,polars/raw/ALL.PD,6404
ST8-PD-084-04,84,"SD6060 UST .020, .125, 20%",FOX,313800.,12,7.27,0.877,0.0179,polars/raw/ALL.PD,6405
ST8-PD-084-04,84,"SD6060 UST .020, .125, 20%",FOX,313800.,13,8.29,0.942,0.0233,polars/raw/ALL.PD,6406
ST8-PD-084-04,84,"SD6060 UST .020, .125, 20%",FOX,313800.,14,9.29,0.978,0.0297,polars/raw/ALL.PD,6407
ST8-PD-084-04,84,"SD6060 UST .020, .125, 20%",FOX,313800.,15,10.30,0.981,0.0415,polars/raw/ALL.PD,6408
ST8-PD-085-01,85,"SD6060 UST .020, .125, 40%",FOX,103200.,1,-2.94,-.123,0.0136,polars/raw/ALL.PD,6417
ST8-PD-085-01,85,"SD6060 UST .020, .125, 40%",FOX,103200.,2,-1.42,0.006,0.0138,polars/raw/ALL.PD,6418
ST8-PD-085-01,85,"SD6060 UST .020, .125, 40%",FOX,103200.,3,0.13,0.177,0.0150,polars/raw/ALL.PD,6419
ST8-PD-085-01,85,"SD6060 UST .020, .125, 40%",FOX,103200.,4,1.66,0.317,0.0153,polars/raw/ALL.PD,6420
ST8-PD-085-01,85,"SD6060 UST .020, .125, 40%",FOX,103200.,5,3.19,0.468,0.0150,polars/raw/ALL.PD,6421
ST8-PD-085-01,85,"SD6060 UST .020, .125, 40%",FOX,103200.,6,4.73,0.609,0.0178,polars/raw/ALL.PD,6422
ST8-PD-085-01,85,"SD6060 UST .020, .125, 40%",FOX,103200.,7,6.24,0.731,0.0214,polars/raw/ALL.PD,6423
ST8-PD-085-01,85,"SD6060 UST .020, .125, 40%",FOX,103200.,8,7.26,0.804,0.0230,polars/raw/ALL.PD,6424
ST8-PD-085-01,85,"SD6060 UST .020, .125, 40%",FOX,103200.,9,8.28,0.859,0.0358,polars/raw/ALL.PD,6425
ST8-PD-085-01,85,"SD6060 UST .020, .125, 40%",FOX,103200.,10,9.28,0.915,0.0414,polars/raw/ALL.PD,6426
ST8-PD-085-02,85,"SD6060 UST .020, .125, 40%",FOX,152000.,1,-2.94,-.114,0.0114,polars/raw/ALL.PD,6429
ST8-PD-085-02,85,"SD6060 UST .020, .125, 40%",FOX,152000.,2,-1.41,0.016,0.0107,polars/raw/ALL.PD,6430
ST8-PD-085-02,85,"SD6060 UST .020, .125, 40%",FOX,152000.,3,0.14,0.191,0.0114,polars/raw/ALL.PD,6431
ST8-PD-085-02,85,"SD6060 UST .020, .125, 40%",FOX,152000.,4,1.66,0.334,0.0114,polars/raw/ALL.PD,6432
ST8-PD-085-02,85,"SD6060 UST .020, .125, 40%",FOX,152000.,5,3.20,0.491,0.0123,polars/raw/ALL.PD,6433
ST8-PD-085-02,85,"SD6060 UST .020, .125, 40%",FOX,152000.,6,4.74,0.640,0.0137,polars/raw/ALL.PD,6434
ST8-PD-085-02,85,"SD6060 UST .020, .125, 40%",FOX,152000.,7,6.25,0.770,0.0180,polars/raw/ALL.PD,6435
ST8-PD-085-02,85,"SD6060 UST .020, .125, 40%",FOX,152000.,8,7.27,0.846,0.0239,polars/raw/ALL.PD,6436
ST8-PD-085-02,85,"SD6060 UST .020, .125, 40%",FOX,152000.,9,8.28,0.892,0.0281,polars/raw/ALL.PD,6437
ST8-PD-085-02,85,"SD6060 UST .020, .125, 40%",FOX,152000.,10,9.30,0.923,0.0398,polars/raw/ALL.PD,6438
ST8-PD-085-02,85,"SD6060 UST .020, .125, 40%",FOX,152000.,11,10.30,0.954,0.0564,polars/raw/ALL.PD,6439
ST8-PD-085-02,85,"SD6060 UST .020, .125, 40%",FOX,152000.,12,11.29,0.954,0.1261,polars/raw/ALL.PD,6440
ST8-PD-085-03,85,"SD6060 UST .020, .125, 40%",FOX,200900.,1,-2.94,-.108,0.0098,polars/raw/ALL.PD,6443
ST8-PD-085-03,85,"SD6060 UST .020, .125, 40%",FOX,200900.,2,-1.41,0.015,0.0095,polars/raw/ALL.PD,6444
ST8-PD-085-03,85,"SD6060 UST .020, .125, 40%",FOX,200900.,3,0.13,0.200,0.0098,polars/raw/ALL.PD,6445
ST8-PD-085-03,85,"SD6060 UST .020, .125, 40%",FOX,200900.,4,1.67,0.353,0.0101,polars/raw/ALL.PD,6446
ST8-PD-085-03,85,"SD6060 UST .020, .125, 40%",FOX,200900.,5,3.20,0.510,0.0106,polars/raw/ALL.PD,6447
ST8-PD-085-03,85,"SD6060 UST .020, .125, 40%",FOX,200900.,6,4.74,0.663,0.0125,polars/raw/ALL.PD,6448
ST8-PD-085-03,85,"SD6060 UST .020, .125, 40%",FOX,200900.,7,6.27,0.797,0.0159,polars/raw/ALL.PD,6449
ST8-PD-085-03,85,"SD6060 UST .020, .125, 40%",FOX,200900.,8,7.27,0.873,0.0198,polars/raw/ALL.PD,6450
ST8-PD-085-03,85,"SD6060 UST .020, .125, 40%",FOX,200900.,9,8.30,0.930,0.0283,polars/raw/ALL.PD,6451
ST8-PD-085-03,85,"SD6060 UST .020, .125, 40%",FOX,200900.,10,9.29,0.965,0.0334,polars/raw/ALL.PD,6452
ST8-PD-085-03,85,"SD6060 UST .020, .125, 40%",FOX,200900.,11,10.30,0.981,0.0450,polars/raw/ALL.PD,6453
ST8-PD-085-03,85,"SD6060 UST .020, .125, 40%",FOX,200900.,12,11.31,0.987,0.0711,polars/raw/ALL.PD,6454
ST8-PD-085-04,85,"SD6060 UST .020, .125, 40%",FOX,309100.,1,-2.94,-.110,0.0102,polars/raw/ALL.PD,6457
ST8-PD-085-04,85,"SD6060 UST .020, .125, 40%",FOX,309100.,2,-1.41,0.022,0.0090,polars/raw/ALL.PD,6458
ST8-PD-085-04,85,"SD6060 UST .020, .125, 40%",FOX,309100.,3,0.12,0.167,0.0081,polars/raw/ALL.PD,6459
ST8-PD-085-04,85,"SD6060 UST .020, .125, 40%",FOX,309100.,4,1.67,0.352,0.0087,polars/raw/ALL.PD,6460
ST8-PD-085-04,85,"SD6060 UST .020, .125, 40%",FOX,309100.,5,3.21,0.512,0.0092,polars/raw/ALL.PD,6461
ST8-PD-085-04,85,"SD6060 UST .020, .125, 40%",FOX,309100.,6,4.75,0.667,0.0109,polars/raw/ALL.PD,6462
ST8-PD-085-04,85,"SD6060 UST .020, .125, 40%",FOX,309100.,7,6.26,0.801,0.0145,polars/raw/ALL.PD,6463
ST8-PD-085-04,85,"SD6060 UST .020, .125, 40%",FOX,309100.,8,7.28,0.879,0.0184,polars/raw/ALL.PD,6464
ST8-PD-085-04,85,"SD6060 UST .020, .125, 40%",FOX,309100.,9,8.30,0.942,0.0241,polars/raw/ALL.PD,6465
ST8-PD-085-04,85,"SD6060 UST .020, .125, 40%",FOX,309100.,10,9.31,0.977,0.0318,polars/raw/ALL.PD,6466
ST8-PD-085-04,85,"SD6060 UST .020, .125, 40%",FOX,309100.,11,10.30,0.983,0.0437,polars/raw/ALL.PD,6467
ST8-PD-086-01,86,SD6080,HOHENSEE/MURRAY,59400.,1,-2.90,-.001,0.0246,polars/raw/ALL.PD,6476
ST8-PD-086-01,86,SD6080,HOHENSEE/MURRAY,59400.,2,-1.89,0.101,0.0211,polars/raw/ALL.PD,6477
ST8-PD-086-01,86,SD6080,HOHENSEE/MURRAY,59400.,3,-0.88,0.213,0.0215,polars/raw/ALL.PD,6478
ST8-PD-086-01,86,SD6080,HOHENSEE/MURRAY,59400.,4,0.17,0.350,0.0252,polars/raw/ALL.PD,6479
ST8-PD-086-01,86,SD6080,HOHENSEE/MURRAY,59400.,5,1.19,0.455,0.0295,polars/raw/ALL.PD,6480
ST8-PD-086-01,86,SD6080,HOHENSEE/MURRAY,59400.,6,2.21,0.563,0.0327,polars/raw/ALL.PD,6481
ST8-PD-086-01,86,SD6080,HOHENSEE/MURRAY,59400.,7,3.24,0.661,0.0334,polars/raw/ALL.PD,6482
ST8-PD-086-01,86,SD6080,HOHENSEE/MURRAY,59400.,8,4.26,0.742,0.0310,polars/raw/ALL.PD,6483
ST8-PD-086-01,86,SD6080,HOHENSEE/MURRAY,59400.,9,5.27,0.838,0.0334,polars/raw/ALL.PD,6484
ST8-PD-086-01,86,SD6080,HOHENSEE/MURRAY,59400.,10,6.29,0.923,0.0310,polars/raw/ALL.PD,6485
ST8-PD-086-01,86,SD6080,HOHENSEE/MURRAY,59400.,11,7.30,0.992,0.0258,polars/raw/ALL.PD,6486
ST8-PD-086-01,86,SD6080,HOHENSEE/MURRAY,59400.,12,8.32,1.061,0.0267,polars/raw/ALL.PD,6487
ST8-PD-086-01,86,SD6080,HOHENSEE/MURRAY,59400.,13,9.33,1.112,0.0291,polars/raw/ALL.PD,6488
ST8-PD-086-01,86,SD6080,HOHENSEE/MURRAY,59400.,14,10.34,1.142,0.0382,polars/raw/ALL.PD,6489
ST8-PD-086-01,86,SD6080,HOHENSEE/MURRAY,59400.,15,11.33,1.144,0.0398,polars/raw/ALL.PD,6490
ST8-PD-086-01,86,SD6080,HOHENSEE/MURRAY,59400.,16,12.35,1.137,0.0548,polars/raw/ALL.PD,6491
ST8-PD-086-02,86,SD6080,HOHENSEE/MURRAY,100400.,1,-3.90,-.017,0.0256,polars/raw/ALL.PD,6494
ST8-PD-086-02,86,SD6080,HOHENSEE/MURRAY,100400.,2,-2.89,0.130,0.0204,polars/raw/ALL.PD,6495
ST8-PD-086-02,86,SD6080,HOHENSEE/MURRAY,100400.,3,-1.88,0.235,0.0166,polars/raw/ALL.PD,6496
ST8-PD-086-02,86,SD6080,HOHENSEE/MURRAY,100400.,4,-0.83,0.349,0.0167,polars/raw/ALL.PD,6497
ST8-PD-086-02,86,SD6080,HOHENSEE/MURRAY,100400.,5,0.18,0.443,0.0185,polars/raw/ALL.PD,6498
ST8-PD-086-02,86,SD6080,HOHENSEE/MURRAY,100400.,6,1.21,0.536,0.0189,polars/raw/ALL.PD,6499
ST8-PD-086-02,86,SD6080,HOHENSEE/MURRAY,100400.,7,2.23,0.633,0.0209,polars/raw/ALL.PD,6500
ST8-PD-086-02,86,SD6080,HOHENSEE/MURRAY,100400.,8,3.25,0.731,0.0224,polars/raw/ALL.PD,6501
ST8-PD-086-02,86,SD6080,HOHENSEE/MURRAY,100400.,9,4.27,0.824,0.0220,polars/raw/ALL.PD,6502
ST8-PD-086-02,86,SD6080,HOHENSEE/MURRAY,100400.,10,5.29,0.914,0.0203,polars/raw/ALL.PD,6503
ST8-PD-086-02,86,SD6080,HOHENSEE/MURRAY,100400.,11,6.30,1.003,0.0192,polars/raw/ALL.PD,6504
ST8-PD-086-02,86,SD6080,HOHENSEE/MURRAY,100400.,12,7.33,1.090,0.0199,polars/raw/ALL.PD,6505
ST8-PD-086-02,86,SD6080,HOHENSEE/MURRAY,100400.,13,8.35,1.166,0.0217,polars/raw/ALL.PD,6506
ST8-PD-086-02,86,SD6080,HOHENSEE/MURRAY,100400.,14,9.37,1.225,0.0266,polars/raw/ALL.PD,6507
ST8-PD-086-02,86,SD6080,HOHENSEE/MURRAY,100400.,15,10.36,1.232,0.0324,polars/raw/ALL.PD,6508
ST8-PD-086-02,86,SD6080,HOHENSEE/MURRAY,100400.,16,11.35,1.215,0.0451,polars/raw/ALL.PD,6509
ST8-PD-086-03,86,SD6080,HOHENSEE/MURRAY,149700.,1,-1.89,0.240,0.0133,polars/raw/ALL.PD,6512
ST8-PD-086-03,86,SD6080,HOHENSEE/MURRAY,149700.,2,0.18,0.431,0.0119,polars/raw/ALL.PD,6513
ST8-PD-086-03,86,SD6080,HOHENSEE/MURRAY,149700.,3,2.23,0.634,0.0134,polars/raw/ALL.PD,6514
ST8-PD-086-03,86,SD6080,HOHENSEE/MURRAY,149700.,4,3.24,0.731,0.0141,polars/raw/ALL.PD,6515
ST8-PD-086-03,86,SD6080,HOHENSEE/MURRAY,149700.,5,4.27,0.829,0.0150,polars/raw/ALL.PD,6516
ST8-PD-086-03,86,SD6080,HOHENSEE/MURRAY,149700.,6,6.30,1.020,0.0160,polars/raw/ALL.PD,6517
ST8-PD-086-03,86,SD6080,HOHENSEE/MURRAY,149700.,7,7.32,1.103,0.0175,polars/raw/ALL.PD,6518
ST8-PD-086-03,86,SD6080,HOHENSEE/MURRAY,149700.,8,8.34,1.171,0.0201,polars/raw/ALL.PD,6519
ST8-PD-086-03,86,SD6080,HOHENSEE/MURRAY,149700.,9,9.35,1.223,0.0257,polars/raw/ALL.PD,6520
ST8-PD-086-04,86,SD6080,HOHENSEE/MURRAY,200500.,1,-3.94,0.036,0.0157,polars/raw/ALL.PD,6523
ST8-PD-086-04,86,SD6080,HOHENSEE/MURRAY,200500.,2,-2.88,0.129,0.0132,polars/raw/ALL.PD,6524
ST8-PD-086-04,86,SD6080,HOHENSEE/MURRAY,200500.,3,-1.88,0.224,0.0117,polars/raw/ALL.PD,6525
ST8-PD-086-04,86,SD6080,HOHENSEE/MURRAY,200500.,4,-0.84,0.315,0.0091,polars/raw/ALL.PD,6526
ST8-PD-086-04,86,SD6080,HOHENSEE/MURRAY,200500.,5,0.13,0.417,0.0094,polars/raw/ALL.PD,6527
ST8-PD-086-04,86,SD6080,HOHENSEE/MURRAY,200500.,6,1.17,0.521,0.0099,polars/raw/ALL.PD,6528
ST8-PD-086-04,86,SD6080,HOHENSEE/MURRAY,200500.,7,2.21,0.627,0.0106,polars/raw/ALL.PD,6529
ST8-PD-086-04,86,SD6080,HOHENSEE/MURRAY,200500.,8,3.23,0.729,0.0115,polars/raw/ALL.PD,6530
ST8-PD-086-04,86,SD6080,HOHENSEE/MURRAY,200500.,9,4.26,0.829,0.0122,polars/raw/ALL.PD,6531
ST8-PD-086-04,86,SD6080,HOHENSEE/MURRAY,200500.,10,5.27,0.923,0.0128,polars/raw/ALL.PD,6532
ST8-PD-086-04,86,SD6080,HOHENSEE/MURRAY,200500.,11,6.31,1.011,0.0141,polars/raw/ALL.PD,6533
ST8-PD-086-04,86,SD6080,HOHENSEE/MURRAY,200500.,12,7.32,1.087,0.0157,polars/raw/ALL.PD,6534
ST8-PD-086-04,86,SD6080,HOHENSEE/MURRAY,200500.,13,8.35,1.160,0.0192,polars/raw/ALL.PD,6535
ST8-PD-086-04,86,SD6080,HOHENSEE/MURRAY,200500.,14,9.35,1.213,0.0235,polars/raw/ALL.PD,6536
ST8-PD-086-04,86,SD6080,HOHENSEE/MURRAY,200500.,15,10.34,1.221,0.0339,polars/raw/ALL.PD,6537
ST8-PD-086-04,86,SD6080,HOHENSEE/MURRAY,200500.,16,11.34,1.208,0.0499,polars/raw/ALL.PD,6538
ST8-PD-086-05,86,SD6080,HOHENSEE/MURRAY,301100.,1,-4.93,-.081,0.0196,polars/raw/ALL.PD,6541
ST8-PD-086-05,86,SD6080,HOHENSEE/MURRAY,301100.,2,-3.94,0.011,0.0134,polars/raw/ALL.PD,6542
ST8-PD-086-05,86,SD6080,HOHENSEE/MURRAY,301100.,3,-2.91,0.113,0.0112,polars/raw/ALL.PD,6543
ST8-PD-086-05,86,SD6080,HOHENSEE/MURRAY,301100.,4,-1.91,0.214,0.0097,polars/raw/ALL.PD,6544
ST8-PD-086-05,86,SD6080,HOHENSEE/MURRAY,301100.,5,-0.87,0.320,0.0082,polars/raw/ALL.PD,6545
ST8-PD-086-05,86,SD6080,HOHENSEE/MURRAY,301100.,6,0.13,0.416,0.0072,polars/raw/ALL.PD,6546
ST8-PD-086-05,86,SD6080,HOHENSEE/MURRAY,301100.,7,1.16,0.519,0.0080,polars/raw/ALL.PD,6547
ST8-PD-086-05,86,SD6080,HOHENSEE/MURRAY,301100.,8,2.16,0.621,0.0086,polars/raw/ALL.PD,6548
ST8-PD-086-05,86,SD6080,HOHENSEE/MURRAY,301100.,9,3.16,0.719,0.0092,polars/raw/ALL.PD,6549
ST8-PD-086-05,86,SD6080,HOHENSEE/MURRAY,301100.,10,4.13,0.811,0.0103,polars/raw/ALL.PD,6550
ST8-PD-086-05,86,SD6080,HOHENSEE/MURRAY,301100.,11,5.19,0.910,0.0110,polars/raw/ALL.PD,6551
ST8-PD-086-05,86,SD6080,HOHENSEE/MURRAY,301100.,12,6.27,1.003,0.0122,polars/raw/ALL.PD,6552
ST8-PD-086-05,86,SD6080,HOHENSEE/MURRAY,301100.,13,7.26,1.077,0.0148,polars/raw/ALL.PD,6553
ST8-PD-086-05,86,SD6080,HOHENSEE/MURRAY,301100.,14,8.31,1.152,0.0175,polars/raw/ALL.PD,6554
ST8-PD-087-01,87,SD6080 THICK T.E.,HOHENSEE/MURRAY,98100.,1,-2.90,0.087,0.0205,polars/raw/ALL.PD,6563
ST8-PD-087-01,87,SD6080 THICK T.E.,HOHENSEE/MURRAY,98100.,2,-1.35,0.267,0.0149,polars/raw/ALL.PD,6564
ST8-PD-087-01,87,SD6080 THICK T.E.,HOHENSEE/MURRAY,98100.,3,0.17,0.417,0.0180,polars/raw/ALL.PD,6565
ST8-PD-087-01,87,SD6080 THICK T.E.,HOHENSEE/MURRAY,98100.,4,1.72,0.558,0.0202,polars/raw/ALL.PD,6566
ST8-PD-087-01,87,SD6080 THICK T.E.,HOHENSEE/MURRAY,98100.,5,3.24,0.698,0.0243,polars/raw/ALL.PD,6567
ST8-PD-087-01,87,SD6080 THICK T.E.,HOHENSEE/MURRAY,98100.,6,4.77,0.835,0.0220,polars/raw/ALL.PD,6568
ST8-PD-087-01,87,SD6080 THICK T.E.,HOHENSEE/MURRAY,98100.,7,6.30,0.981,0.0217,polars/raw/ALL.PD,6569
ST8-PD-087-01,87,SD6080 THICK T.E.,HOHENSEE/MURRAY,98100.,8,7.82,1.108,0.0231,polars/raw/ALL.PD,6570
ST8-PD-087-01,87,SD6080 THICK T.E.,HOHENSEE/MURRAY,98100.,9,9.36,1.209,0.0264,polars/raw/ALL.PD,6571
ST8-PD-087-01,87,SD6080 THICK T.E.,HOHENSEE/MURRAY,98100.,10,10.85,1.210,0.0474,polars/raw/ALL.PD,6572
ST8-PD-087-02,87,SD6080 THICK T.E.,HOHENSEE/MURRAY,151700.,1,-2.90,0.074,0.0157,polars/raw/ALL.PD,6575
ST8-PD-087-02,87,SD6080 THICK T.E.,HOHENSEE/MURRAY,151700.,2,-1.39,0.211,0.0125,polars/raw/ALL.PD,6576
ST8-PD-087-02,87,SD6080 THICK T.E.,HOHENSEE/MURRAY,151700.,3,0.12,0.354,0.0118,polars/raw/ALL.PD,6577
ST8-PD-087-02,87,SD6080 THICK T.E.,HOHENSEE/MURRAY,151700.,4,1.67,0.510,0.0119,polars/raw/ALL.PD,6578
ST8-PD-087-02,87,SD6080 THICK T.E.,HOHENSEE/MURRAY,151700.,5,3.23,0.672,0.0136,polars/raw/ALL.PD,6579
ST8-PD-087-02,87,SD6080 THICK T.E.,HOHENSEE/MURRAY,151700.,6,4.74,0.826,0.0149,polars/raw/ALL.PD,6580
ST8-PD-087-02,87,SD6080 THICK T.E.,HOHENSEE/MURRAY,151700.,7,6.27,0.977,0.0155,polars/raw/ALL.PD,6581
ST8-PD-087-02,87,SD6080 THICK T.E.,HOHENSEE/MURRAY,151700.,8,7.81,1.108,0.0179,polars/raw/ALL.PD,6582
ST8-PD-087-02,87,SD6080 THICK T.E.,HOHENSEE/MURRAY,151700.,9,9.33,1.215,0.0241,polars/raw/ALL.PD,6583
ST8-PD-087-03,87,SD6080 THICK T.E.,HOHENSEE/MURRAY,200000.,1,-2.93,0.056,0.0148,polars/raw/ALL.PD,6586
ST8-PD-087-03,87,SD6080 THICK T.E.,HOHENSEE/MURRAY,200000.,2,-1.38,0.212,0.0121,polars/raw/ALL.PD,6587
ST8-PD-087-03,87,SD6080 THICK T.E.,HOHENSEE/MURRAY,200000.,3,0.16,0.358,0.0102,polars/raw/ALL.PD,6588
ST8-PD-087-03,87,SD6080 THICK T.E.,HOHENSEE/MURRAY,200000.,4,1.69,0.521,0.0108,polars/raw/ALL.PD,6589
ST8-PD-087-03,87,SD6080 THICK T.E.,HOHENSEE/MURRAY,200000.,5,3.23,0.680,0.0117,polars/raw/ALL.PD,6590
ST8-PD-087-03,87,SD6080 THICK T.E.,HOHENSEE/MURRAY,200000.,6,4.75,0.835,0.0130,polars/raw/ALL.PD,6591
ST8-PD-087-03,87,SD6080 THICK T.E.,HOHENSEE/MURRAY,200000.,7,6.28,0.983,0.0144,polars/raw/ALL.PD,6592
ST8-PD-087-03,87,SD6080 THICK T.E.,HOHENSEE/MURRAY,200000.,8,7.79,1.110,0.0168,polars/raw/ALL.PD,6593
ST8-PD-087-03,87,SD6080 THICK T.E.,HOHENSEE/MURRAY,200000.,9,9.35,1.216,0.0226,polars/raw/ALL.PD,6594
ST8-PD-087-03,87,SD6080 THICK T.E.,HOHENSEE/MURRAY,200000.,10,10.86,1.225,0.0417,polars/raw/ALL.PD,6595
ST8-PD-087-03,87,SD6080 THICK T.E.,HOHENSEE/MURRAY,200000.,11,12.35,1.190,0.0860,polars/raw/ALL.PD,6596
ST8-PD-087-04,87,SD6080 THICK T.E.,HOHENSEE/MURRAY,299800.,1,-2.98,0.048,0.0131,polars/raw/ALL.PD,6599
ST8-PD-087-04,87,SD6080 THICK T.E.,HOHENSEE/MURRAY,299800.,2,-1.40,0.214,0.0105,polars/raw/ALL.PD,6600
ST8-PD-087-04,87,SD6080 THICK T.E.,HOHENSEE/MURRAY,299800.,3,0.14,0.367,0.0080,polars/raw/ALL.PD,6601
ST8-PD-087-04,87,SD6080 THICK T.E.,HOHENSEE/MURRAY,299800.,4,1.64,0.528,0.0090,polars/raw/ALL.PD,6602
ST8-PD-087-04,87,SD6080 THICK T.E.,HOHENSEE/MURRAY,299800.,5,3.19,0.691,0.0098,polars/raw/ALL.PD,6603
ST8-PD-087-04,87,SD6080 THICK T.E.,HOHENSEE/MURRAY,299800.,6,4.71,0.844,0.0109,polars/raw/ALL.PD,6604
ST8-PD-087-04,87,SD6080 THICK T.E.,HOHENSEE/MURRAY,299800.,7,6.28,0.990,0.0125,polars/raw/ALL.PD,6605
ST8-PD-087-04,87,SD6080 THICK T.E.,HOHENSEE/MURRAY,299800.,8,7.80,1.116,0.0167,polars/raw/ALL.PD,6606
ST8-PD-087-04,87,SD6080 THICK T.E.,HOHENSEE/MURRAY,299800.,9,9.32,1.210,0.0230,polars/raw/ALL.PD,6607
ST8-PD-088-01,88,"SD6080 UST .020, .125, 10%",HOHENSEE/MURRAY,100100.,1,-2.90,0.075,0.0222,polars/raw/ALL.PD,6616
ST8-PD-088-01,88,"SD6080 UST .020, .125, 10%",HOHENSEE/MURRAY,100100.,2,-1.35,0.243,0.0150,polars/raw/ALL.PD,6617
ST8-PD-088-01,88,"SD6080 UST .020, .125, 10%",HOHENSEE/MURRAY,100100.,3,0.17,0.381,0.0163,polars/raw/ALL.PD,6618
ST8-PD-088-01,88,"SD6080 UST .020, .125, 10%",HOHENSEE/MURRAY,100100.,4,1.71,0.522,0.0161,polars/raw/ALL.PD,6619
ST8-PD-088-01,88,"SD6080 UST .020, .125, 10%",HOHENSEE/MURRAY,100100.,5,3.24,0.670,0.0158,polars/raw/ALL.PD,6620
ST8-PD-088-01,88,"SD6080 UST .020, .125, 10%",HOHENSEE/MURRAY,100100.,6,4.78,0.807,0.0174,polars/raw/ALL.PD,6621
ST8-PD-088-01,88,"SD6080 UST .020, .125, 10%",HOHENSEE/MURRAY,100100.,7,6.29,0.934,0.0201,polars/raw/ALL.PD,6622
ST8-PD-088-01,88,"SD6080 UST .020, .125, 10%",HOHENSEE/MURRAY,100100.,8,7.31,1.014,0.0247,polars/raw/ALL.PD,6623
ST8-PD-088-01,88,"SD6080 UST .020, .125, 10%",HOHENSEE/MURRAY,100100.,9,8.32,1.073,0.0225,polars/raw/ALL.PD,6624
ST8-PD-088-01,88,"SD6080 UST .020, .125, 10%",HOHENSEE/MURRAY,100100.,10,9.34,1.106,0.0406,polars/raw/ALL.PD,6625
ST8-PD-088-01,88,"SD6080 UST .020, .125, 10%",HOHENSEE/MURRAY,100100.,11,10.32,1.125,0.0482,polars/raw/ALL.PD,6626
ST8-PD-088-01,88,"SD6080 UST .020, .125, 10%",HOHENSEE/MURRAY,100100.,12,11.34,1.105,0.1122,polars/raw/ALL.PD,6627
ST8-PD-088-02,88,"SD6080 UST .020, .125, 10%",HOHENSEE/MURRAY,151900.,1,-3.92,0.028,0.0169,polars/raw/ALL.PD,6630
ST8-PD-088-02,88,"SD6080 UST .020, .125, 10%",HOHENSEE/MURRAY,151900.,2,-2.88,0.125,0.0145,polars/raw/ALL.PD,6631
ST8-PD-088-02,88,"SD6080 UST .020, .125, 10%",HOHENSEE/MURRAY,151900.,3,-1.87,0.210,0.0124,polars/raw/ALL.PD,6632
ST8-PD-088-02,88,"SD6080 UST .020, .125, 10%",HOHENSEE/MURRAY,151900.,4,-0.85,0.302,0.0111,polars/raw/ALL.PD,6633
ST8-PD-088-02,88,"SD6080 UST .020, .125, 10%",HOHENSEE/MURRAY,151900.,5,0.17,0.406,0.0108,polars/raw/ALL.PD,6634
ST8-PD-088-02,88,"SD6080 UST .020, .125, 10%",HOHENSEE/MURRAY,151900.,6,1.20,0.510,0.0115,polars/raw/ALL.PD,6635
ST8-PD-088-02,88,"SD6080 UST .020, .125, 10%",HOHENSEE/MURRAY,151900.,7,2.23,0.622,0.0123,polars/raw/ALL.PD,6636
ST8-PD-088-02,88,"SD6080 UST .020, .125, 10%",HOHENSEE/MURRAY,151900.,8,3.23,0.709,0.0134,polars/raw/ALL.PD,6637
ST8-PD-088-02,88,"SD6080 UST .020, .125, 10%",HOHENSEE/MURRAY,151900.,9,4.26,0.803,0.0150,polars/raw/ALL.PD,6638
ST8-PD-088-02,88,"SD6080 UST .020, .125, 10%",HOHENSEE/MURRAY,151900.,10,5.29,0.889,0.0165,polars/raw/ALL.PD,6639
ST8-PD-088-02,88,"SD6080 UST .020, .125, 10%",HOHENSEE/MURRAY,151900.,11,6.29,0.973,0.0190,polars/raw/ALL.PD,6640
ST8-PD-088-02,88,"SD6080 UST .020, .125, 10%",HOHENSEE/MURRAY,151900.,12,7.32,1.057,0.0222,polars/raw/ALL.PD,6641
ST8-PD-088-02,88,"SD6080 UST .020, .125, 10%",HOHENSEE/MURRAY,151900.,13,8.32,1.136,0.0244,polars/raw/ALL.PD,6642
ST8-PD-088-02,88,"SD6080 UST .020, .125, 10%",HOHENSEE/MURRAY,151900.,14,9.35,1.181,0.0314,polars/raw/ALL.PD,6643
ST8-PD-088-02,88,"SD6080 UST .020, .125, 10%",HOHENSEE/MURRAY,151900.,15,10.33,1.181,0.0494,polars/raw/ALL.PD,6644
ST8-PD-088-02,88,"SD6080 UST .020, .125, 10%",HOHENSEE/MURRAY,151900.,16,11.35,1.161,0.0795,polars/raw/ALL.PD,6645
ST8-PD-088-03,88,"SD6080 UST .020, .125, 10%",HOHENSEE/MURRAY,199400.,1,-3.92,0.036,0.0143,polars/raw/ALL.PD,6648
ST8-PD-088-03,88,"SD6080 UST .020, .125, 10%",HOHENSEE/MURRAY,199400.,2,-2.89,0.133,0.0118,polars/raw/ALL.PD,6649
ST8-PD-088-03,88,"SD6080 UST .020, .125, 10%",HOHENSEE/MURRAY,199400.,3,-1.87,0.230,0.0112,polars/raw/ALL.PD,6650
ST8-PD-088-03,88,"SD6080 UST .020, .125, 10%",HOHENSEE/MURRAY,199400.,4,-0.85,0.323,0.0089,polars/raw/ALL.PD,6651
ST8-PD-088-03,88,"SD6080 UST .020, .125, 10%",HOHENSEE/MURRAY,199400.,5,0.17,0.426,0.0098,polars/raw/ALL.PD,6652
ST8-PD-088-03,88,"SD6080 UST .020, .125, 10%",HOHENSEE/MURRAY,199400.,6,1.19,0.527,0.0099,polars/raw/ALL.PD,6653
ST8-PD-088-03,88,"SD6080 UST .020, .125, 10%",HOHENSEE/MURRAY,199400.,7,2.23,0.629,0.0117,polars/raw/ALL.PD,6654
ST8-PD-088-03,88,"SD6080 UST .020, .125, 10%",HOHENSEE/MURRAY,199400.,8,3.24,0.724,0.0133,polars/raw/ALL.PD,6655
ST8-PD-088-03,88,"SD6080 UST .020, .125, 10%",HOHENSEE/MURRAY,199400.,9,4.27,0.818,0.0148,polars/raw/ALL.PD,6656
ST8-PD-088-03,88,"SD6080 UST .020, .125, 10%",HOHENSEE/MURRAY,199400.,10,5.28,0.910,0.0162,polars/raw/ALL.PD,6657
ST8-PD-088-03,88,"SD6080 UST .020, .125, 10%",HOHENSEE/MURRAY,199400.,11,6.32,1.003,0.0178,polars/raw/ALL.PD,6658
ST8-PD-088-03,88,"SD6080 UST .020, .125, 10%",HOHENSEE/MURRAY,199400.,12,7.32,1.085,0.0201,polars/raw/ALL.PD,6659
ST8-PD-088-03,88,"SD6080 UST .020, .125, 10%",HOHENSEE/MURRAY,199400.,13,8.35,1.166,0.0225,polars/raw/ALL.PD,6660
ST8-PD-088-03,88,"SD6080 UST .020, .125, 10%",HOHENSEE/MURRAY,199400.,14,9.35,1.210,0.0285,polars/raw/ALL.PD,6661
ST8-PD-088-03,88,"SD6080 UST .020, .125, 10%",HOHENSEE/MURRAY,199400.,15,10.36,1.199,0.0434,polars/raw/ALL.PD,6662
ST8-PD-088-03,88,"SD6080 UST .020, .125, 10%",HOHENSEE/MURRAY,199400.,16,11.36,1.174,0.0825,polars/raw/ALL.PD,6663
ST8-PD-088-04,88,"SD6080 UST .020, .125, 10%",HOHENSEE/MURRAY,308500.,1,-3.92,0.028,0.0130,polars/raw/ALL.PD,6666
ST8-PD-088-04,88,"SD6080 UST .020, .125, 10%",HOHENSEE/MURRAY,308500.,2,-2.90,0.127,0.0109,polars/raw/ALL.PD,6667
ST8-PD-088-04,88,"SD6080 UST .020, .125, 10%",HOHENSEE/MURRAY,308500.,3,-1.88,0.230,0.0101,polars/raw/ALL.PD,6668
ST8-PD-088-04,88,"SD6080 UST .020, .125, 10%",HOHENSEE/MURRAY,308500.,4,-0.87,0.329,0.0086,polars/raw/ALL.PD,6669
ST8-PD-088-04,88,"SD6080 UST .020, .125, 10%",HOHENSEE/MURRAY,308500.,5,0.17,0.427,0.0091,polars/raw/ALL.PD,6670
ST8-PD-088-04,88,"SD6080 UST .020, .125, 10%",HOHENSEE/MURRAY,308500.,6,1.21,0.528,0.0106,polars/raw/ALL.PD,6671
ST8-PD-088-04,88,"SD6080 UST .020, .125, 10%",HOHENSEE/MURRAY,308500.,7,2.21,0.627,0.0119,polars/raw/ALL.PD,6672
ST8-PD-088-04,88,"SD6080 UST .020, .125, 10%",HOHENSEE/MURRAY,308500.,8,3.22,0.725,0.0130,polars/raw/ALL.PD,6673
ST8-PD-088-04,88,"SD6080 UST .020, .125, 10%",HOHENSEE/MURRAY,308500.,9,4.24,0.820,0.0140,polars/raw/ALL.PD,6674
ST8-PD-088-04,88,"SD6080 UST .020, .125, 10%",HOHENSEE/MURRAY,308500.,10,5.27,0.911,0.0150,polars/raw/ALL.PD,6675
ST8-PD-088-04,88,"SD6080 UST .020, .125, 10%",HOHENSEE/MURRAY,308500.,11,6.28,1.000,0.0164,polars/raw/ALL.PD,6676
ST8-PD-088-04,88,"SD6080 UST .020, .125, 10%",HOHENSEE/MURRAY,308500.,12,7.32,1.086,0.0179,polars/raw/ALL.PD,6677
ST8-PD-088-04,88,"SD6080 UST .020, .125, 10%",HOHENSEE/MURRAY,308500.,13,8.34,1.161,0.0204,polars/raw/ALL.PD,6678
ST8-PD-088-04,88,"SD6080 UST .020, .125, 10%",HOHENSEE/MURRAY,308500.,14,9.34,1.188,0.0297,polars/raw/ALL.PD,6679
ST8-PD-088-04,88,"SD6080 UST .020, .125, 10%",HOHENSEE/MURRAY,308500.,15,10.34,1.186,0.0443,polars/raw/ALL.PD,6680
ST8-PD-089-01,89,"SD6080 UST .020, .125, 20%",HOHENSEE/MURRAY,100500.,1,-2.88,0.164,0.0153,polars/raw/ALL.PD,6689
ST8-PD-089-01,89,"SD6080 UST .020, .125, 20%",HOHENSEE/MURRAY,100500.,2,-1.37,0.287,0.0143,polars/raw/ALL.PD,6690
ST8-PD-089-01,89,"SD6080 UST .020, .125, 20%",HOHENSEE/MURRAY,100500.,3,0.16,0.434,0.0149,polars/raw/ALL.PD,6691
ST8-PD-089-01,89,"SD6080 UST .020, .125, 20%",HOHENSEE/MURRAY,100500.,4,1.70,0.582,0.0150,polars/raw/ALL.PD,6692
ST8-PD-089-01,89,"SD6080 UST .020, .125, 20%",HOHENSEE/MURRAY,100500.,5,3.25,0.730,0.0169,polars/raw/ALL.PD,6693
ST8-PD-089-01,89,"SD6080 UST .020, .125, 20%",HOHENSEE/MURRAY,100500.,6,4.77,0.874,0.0186,polars/raw/ALL.PD,6694
ST8-PD-089-01,89,"SD6080 UST .020, .125, 20%",HOHENSEE/MURRAY,100500.,7,6.30,1.013,0.0208,polars/raw/ALL.PD,6695
ST8-PD-089-01,89,"SD6080 UST .020, .125, 20%",HOHENSEE/MURRAY,100500.,8,7.32,1.095,0.0241,polars/raw/ALL.PD,6696
ST8-PD-089-01,89,"SD6080 UST .020, .125, 20%",HOHENSEE/MURRAY,100500.,9,8.35,1.172,0.0261,polars/raw/ALL.PD,6697
ST8-PD-089-01,89,"SD6080 UST .020, .125, 20%",HOHENSEE/MURRAY,100500.,10,9.34,1.212,0.0340,polars/raw/ALL.PD,6698
ST8-PD-089-01,89,"SD6080 UST .020, .125, 20%",HOHENSEE/MURRAY,100500.,11,10.34,1.205,0.0501,polars/raw/ALL.PD,6699
ST8-PD-089-02,89,"SD6080 UST .020, .125, 20%",HOHENSEE/MURRAY,153800.,1,-2.88,0.133,0.0137,polars/raw/ALL.PD,6702
ST8-PD-089-02,89,"SD6080 UST .020, .125, 20%",HOHENSEE/MURRAY,153800.,2,-1.36,0.270,0.0101,polars/raw/ALL.PD,6703
ST8-PD-089-02,89,"SD6080 UST .020, .125, 20%",HOHENSEE/MURRAY,153800.,3,0.18,0.429,0.0107,polars/raw/ALL.PD,6704
ST8-PD-089-02,89,"SD6080 UST .020, .125, 20%",HOHENSEE/MURRAY,153800.,4,1.72,0.590,0.0118,polars/raw/ALL.PD,6705
ST8-PD-089-02,89,"SD6080 UST .020, .125, 20%",HOHENSEE/MURRAY,153800.,5,3.24,0.739,0.0134,polars/raw/ALL.PD,6706
ST8-PD-089-02,89,"SD6080 UST .020, .125, 20%",HOHENSEE/MURRAY,153800.,6,4.79,0.893,0.0153,polars/raw/ALL.PD,6707
ST8-PD-089-02,89,"SD6080 UST .020, .125, 20%",HOHENSEE/MURRAY,153800.,7,6.29,1.026,0.0163,polars/raw/ALL.PD,6708
ST8-PD-089-02,89,"SD6080 UST .020, .125, 20%",HOHENSEE/MURRAY,153800.,8,7.32,1.109,0.0192,polars/raw/ALL.PD,6709
ST8-PD-089-02,89,"SD6080 UST .020, .125, 20%",HOHENSEE/MURRAY,153800.,9,8.34,1.180,0.0221,polars/raw/ALL.PD,6710
ST8-PD-089-02,89,"SD6080 UST .020, .125, 20%",HOHENSEE/MURRAY,153800.,10,9.35,1.215,0.0308,polars/raw/ALL.PD,6711
ST8-PD-089-02,89,"SD6080 UST .020, .125, 20%",HOHENSEE/MURRAY,153800.,11,10.35,1.208,0.0440,polars/raw/ALL.PD,6712
ST8-PD-089-02,89,"SD6080 UST .020, .125, 20%",HOHENSEE/MURRAY,153800.,12,11.36,1.189,0.0718,polars/raw/ALL.PD,6713
ST8-PD-089-03,89,"SD6080 UST .020, .125, 20%",HOHENSEE/MURRAY,204800.,1,-2.89,0.136,0.0123,polars/raw/ALL.PD,6716
ST8-PD-089-03,89,"SD6080 UST .020, .125, 20%",HOHENSEE/MURRAY,204800.,2,-1.37,0.280,0.0097,polars/raw/ALL.PD,6717
ST8-PD-089-03,89,"SD6080 UST .020, .125, 20%",HOHENSEE/MURRAY,204800.,3,0.17,0.431,0.0094,polars/raw/ALL.PD,6718
ST8-PD-089-03,89,"SD6080 UST .020, .125, 20%",HOHENSEE/MURRAY,204800.,4,1.69,0.586,0.0102,polars/raw/ALL.PD,6719
ST8-PD-089-03,89,"SD6080 UST .020, .125, 20%",HOHENSEE/MURRAY,204800.,5,3.24,0.741,0.0115,polars/raw/ALL.PD,6720
ST8-PD-089-03,89,"SD6080 UST .020, .125, 20%",HOHENSEE/MURRAY,204800.,6,4.78,0.891,0.0135,polars/raw/ALL.PD,6721
ST8-PD-089-03,89,"SD6080 UST .020, .125, 20%",HOHENSEE/MURRAY,204800.,7,6.30,1.026,0.0158,polars/raw/ALL.PD,6722
ST8-PD-089-03,89,"SD6080 UST .020, .125, 20%",HOHENSEE/MURRAY,204800.,8,7.32,1.113,0.0169,polars/raw/ALL.PD,6723
ST8-PD-089-03,89,"SD6080 UST .020, .125, 20%",HOHENSEE/MURRAY,204800.,9,8.35,1.182,0.0221,polars/raw/ALL.PD,6724
ST8-PD-089-03,89,"SD6080 UST .020, .125, 20%",HOHENSEE/MURRAY,204800.,10,9.35,1.212,0.0264,polars/raw/ALL.PD,6725
ST8-PD-089-03,89,"SD6080 UST .020, .125, 20%",HOHENSEE/MURRAY,204800.,11,10.34,1.208,0.0405,polars/raw/ALL.PD,6726
ST8-PD-089-04,89,"SD6080 UST .020, .125, 20%",HOHENSEE/MURRAY,304200.,1,-2.91,0.121,0.0114,polars/raw/ALL.PD,6729
ST8-PD-089-04,89,"SD6080 UST .020, .125, 20%",HOHENSEE/MURRAY,304200.,2,-1.39,0.279,0.0098,polars/raw/ALL.PD,6730
ST8-PD-089-04,89,"SD6080 UST .020, .125, 20%",HOHENSEE/MURRAY,304200.,3,0.14,0.421,0.0091,polars/raw/ALL.PD,6731
ST8-PD-089-04,89,"SD6080 UST .020, .125, 20%",HOHENSEE/MURRAY,304200.,4,1.70,0.583,0.0099,polars/raw/ALL.PD,6732
ST8-PD-089-04,89,"SD6080 UST .020, .125, 20%",HOHENSEE/MURRAY,304200.,5,3.23,0.739,0.0116,polars/raw/ALL.PD,6733
ST8-PD-089-04,89,"SD6080 UST .020, .125, 20%",HOHENSEE/MURRAY,304200.,6,4.76,0.885,0.0128,polars/raw/ALL.PD,6734
ST8-PD-089-04,89,"SD6080 UST .020, .125, 20%",HOHENSEE/MURRAY,304200.,7,6.31,1.024,0.0147,polars/raw/ALL.PD,6735
ST8-PD-089-04,89,"SD6080 UST .020, .125, 20%",HOHENSEE/MURRAY,304200.,8,7.31,1.110,0.0165,polars/raw/ALL.PD,6736
ST8-PD-089-04,89,"SD6080 UST .020, .125, 20%",HOHENSEE/MURRAY,304200.,9,8.34,1.176,0.0202,polars/raw/ALL.PD,6737
ST8-PD-089-04,89,"SD6080 UST .020, .125, 20%",HOHENSEE/MURRAY,304200.,10,9.34,1.207,0.0274,polars/raw/ALL.PD,6738
ST8-PD-089-04,89,"SD6080 UST .020, .125, 20%",HOHENSEE/MURRAY,304200.,11,10.35,1.204,0.0443,polars/raw/ALL.PD,6739
ST8-PD-090-01,90,"SD6080 UST .020, .125, 30%",HOHENSEE/MURRAY,99100.,1,-2.88,0.150,0.0165,polars/raw/ALL.PD,6748
ST8-PD-090-01,90,"SD6080 UST .020, .125, 30%",HOHENSEE/MURRAY,99100.,2,-1.36,0.285,0.0143,polars/raw/ALL.PD,6749
ST8-PD-090-01,90,"SD6080 UST .020, .125, 30%",HOHENSEE/MURRAY,99100.,3,0.19,0.438,0.0144,polars/raw/ALL.PD,6750
ST8-PD-090-01,90,"SD6080 UST .020, .125, 30%",HOHENSEE/MURRAY,99100.,4,1.72,0.595,0.0145,polars/raw/ALL.PD,6751
ST8-PD-090-01,90,"SD6080 UST .020, .125, 30%",HOHENSEE/MURRAY,99100.,5,3.25,0.742,0.0164,polars/raw/ALL.PD,6752
ST8-PD-090-01,90,"SD6080 UST .020, .125, 30%",HOHENSEE/MURRAY,99100.,6,4.77,0.885,0.0186,polars/raw/ALL.PD,6753
ST8-PD-090-01,90,"SD6080 UST .020, .125, 30%",HOHENSEE/MURRAY,99100.,7,6.30,1.024,0.0210,polars/raw/ALL.PD,6754
ST8-PD-090-01,90,"SD6080 UST .020, .125, 30%",HOHENSEE/MURRAY,99100.,8,7.33,1.112,0.0199,polars/raw/ALL.PD,6755
ST8-PD-090-01,90,"SD6080 UST .020, .125, 30%",HOHENSEE/MURRAY,99100.,9,8.34,1.182,0.0246,polars/raw/ALL.PD,6756
ST8-PD-090-01,90,"SD6080 UST .020, .125, 30%",HOHENSEE/MURRAY,99100.,10,9.35,1.218,0.0337,polars/raw/ALL.PD,6757
ST8-PD-090-01,90,"SD6080 UST .020, .125, 30%",HOHENSEE/MURRAY,99100.,11,10.35,1.210,0.0444,polars/raw/ALL.PD,6758
ST8-PD-090-02,90,"SD6080 UST .020, .125, 30%",HOHENSEE/MURRAY,149300.,1,-2.88,0.140,0.0141,polars/raw/ALL.PD,6761
ST8-PD-090-02,90,"SD6080 UST .020, .125, 30%",HOHENSEE/MURRAY,149300.,2,-1.36,0.280,0.0102,polars/raw/ALL.PD,6762
ST8-PD-090-02,90,"SD6080 UST .020, .125, 30%",HOHENSEE/MURRAY,149300.,3,0.19,0.437,0.0104,polars/raw/ALL.PD,6763
ST8-PD-090-02,90,"SD6080 UST .020, .125, 30%",HOHENSEE/MURRAY,149300.,4,1.72,0.593,0.0116,polars/raw/ALL.PD,6764
ST8-PD-090-02,90,"SD6080 UST .020, .125, 30%",HOHENSEE/MURRAY,149300.,5,3.24,0.743,0.0133,polars/raw/ALL.PD,6765
ST8-PD-090-02,90,"SD6080 UST .020, .125, 30%",HOHENSEE/MURRAY,149300.,6,4.77,0.890,0.0157,polars/raw/ALL.PD,6766
ST8-PD-090-02,90,"SD6080 UST .020, .125, 30%",HOHENSEE/MURRAY,149300.,7,6.31,1.032,0.0173,polars/raw/ALL.PD,6767
ST8-PD-090-02,90,"SD6080 UST .020, .125, 30%",HOHENSEE/MURRAY,149300.,8,7.33,1.113,0.0179,polars/raw/ALL.PD,6768
ST8-PD-090-02,90,"SD6080 UST .020, .125, 30%",HOHENSEE/MURRAY,149300.,9,8.34,1.180,0.0215,polars/raw/ALL.PD,6769
ST8-PD-090-02,90,"SD6080 UST .020, .125, 30%",HOHENSEE/MURRAY,149300.,10,9.34,1.211,0.0321,polars/raw/ALL.PD,6770
ST8-PD-090-02,90,"SD6080 UST .020, .125, 30%",HOHENSEE/MURRAY,149300.,11,10.34,1.203,0.0461,polars/raw/ALL.PD,6771
ST8-PD-090-03,90,"SD6080 UST .020, .125, 30%",HOHENSEE/MURRAY,197800.,1,-2.88,0.127,0.0125,polars/raw/ALL.PD,6774
ST8-PD-090-03,90,"SD6080 UST .020, .125, 30%",HOHENSEE/MURRAY,197800.,2,-1.38,0.274,0.0096,polars/raw/ALL.PD,6775
ST8-PD-090-03,90,"SD6080 UST .020, .125, 30%",HOHENSEE/MURRAY,197800.,3,0.18,0.431,0.0094,polars/raw/ALL.PD,6776
ST8-PD-090-03,90,"SD6080 UST .020, .125, 30%",HOHENSEE/MURRAY,197800.,4,1.72,0.591,0.0103,polars/raw/ALL.PD,6777
ST8-PD-090-03,90,"SD6080 UST .020, .125, 30%",HOHENSEE/MURRAY,197800.,5,3.25,0.743,0.0118,polars/raw/ALL.PD,6778
ST8-PD-090-03,90,"SD6080 UST .020, .125, 30%",HOHENSEE/MURRAY,197800.,6,4.78,0.897,0.0138,polars/raw/ALL.PD,6779
ST8-PD-090-03,90,"SD6080 UST .020, .125, 30%",HOHENSEE/MURRAY,197800.,7,6.31,1.042,0.0154,polars/raw/ALL.PD,6780
ST8-PD-090-03,90,"SD6080 UST .020, .125, 30%",HOHENSEE/MURRAY,197800.,8,7.32,1.121,0.0177,polars/raw/ALL.PD,6781
ST8-PD-090-03,90,"SD6080 UST .020, .125, 30%",HOHENSEE/MURRAY,197800.,9,8.33,1.188,0.0215,polars/raw/ALL.PD,6782
ST8-PD-090-03,90,"SD6080 UST .020, .125, 30%",HOHENSEE/MURRAY,197800.,10,9.35,1.219,0.0292,polars/raw/ALL.PD,6783
ST8-PD-090-03,90,"SD6080 UST .020, .125, 30%",HOHENSEE/MURRAY,197800.,11,10.34,1.213,0.0506,polars/raw/ALL.PD,6784
ST8-PD-090-03,90,"SD6080 UST .020, .125, 30%",HOHENSEE/MURRAY,197800.,12,11.35,1.197,0.0709,polars/raw/ALL.PD,6785
ST8-PD-090-04,90,"SD6080 UST .020, .125, 30%",HOHENSEE/MURRAY,300300.,1,-2.89,0.114,0.0124,polars/raw/ALL.PD,6788
ST8-PD-090-04,90,"SD6080 UST .020, .125, 30%",HOHENSEE/MURRAY,300300.,2,-1.39,0.267,0.0107,polars/raw/ALL.PD,6789
ST8-PD-090-04,90,"SD6080 UST .020, .125, 30%",HOHENSEE/MURRAY,300300.,3,0.16,0.419,0.0093,polars/raw/ALL.PD,6790
ST8-PD-090-04,90,"SD6080 UST .020, .125, 30%",HOHENSEE/MURRAY,300300.,4,1.70,0.581,0.0099,polars/raw/ALL.PD,6791
ST8-PD-090-04,90,"SD6080 UST .020, .125, 30%",HOHENSEE/MURRAY,300300.,5,3.24,0.739,0.0110,polars/raw/ALL.PD,6792
ST8-PD-090-04,90,"SD6080 UST .020, .125, 30%",HOHENSEE/MURRAY,300300.,6,4.78,0.889,0.0119,polars/raw/ALL.PD,6793
ST8-PD-090-04,90,"SD6080 UST .020, .125, 30%",HOHENSEE/MURRAY,300300.,7,6.30,1.025,0.0139,polars/raw/ALL.PD,6794
ST8-PD-090-04,90,"SD6080 UST .020, .125, 30%",HOHENSEE/MURRAY,300300.,8,7.32,1.095,0.0171,polars/raw/ALL.PD,6795
ST8-PD-090-04,90,"SD6080 UST .020, .125, 30%",HOHENSEE/MURRAY,300300.,9,8.33,1.160,0.0206,polars/raw/ALL.PD,6796
ST8-PD-090-04,90,"SD6080 UST .020, .125, 30%",HOHENSEE/MURRAY,300300.,10,9.34,1.190,0.0286,polars/raw/ALL.PD,6797
ST8-PD-090-04,90,"SD6080 UST .020, .125, 30%",HOHENSEE/MURRAY,300300.,11,10.34,1.188,0.0479,polars/raw/ALL.PD,6798
ST8-PD-090-04,90,"SD6080 UST .020, .125, 30%",HOHENSEE/MURRAY,300300.,12,11.32,1.169,0.0775,polars/raw/ALL.PD,6799
ST8-PD-091-01,91,SD7003,ALLEN,60300.,1,-2.95,-.172,0.0122,polars/raw/ALL.PD,6808
ST8-PD-091-01,91,SD7003,ALLEN,60300.,2,-1.41,-.039,0.0114,polars/raw/ALL.PD,6809
ST8-PD-091-01,91,SD7003,ALLEN,60300.,3,0.12,0.142,0.0121,polars/raw/ALL.PD,6810
ST8-PD-091-01,91,SD7003,ALLEN,60300.,4,1.67,0.370,0.0158,polars/raw/ALL.PD,6811
ST8-PD-091-01,91,SD7003,ALLEN,60300.,5,3.20,0.501,0.0193,polars/raw/ALL.PD,6812
ST8-PD-091-01,91,SD7003,ALLEN,60300.,6,4.73,0.651,0.0223,polars/raw/ALL.PD,6813
ST8-PD-091-01,91,SD7003,ALLEN,60300.,7,6.26,0.779,0.0267,polars/raw/ALL.PD,6814
ST8-PD-091-01,91,SD7003,ALLEN,60300.,8,7.78,0.871,0.0399,polars/raw/ALL.PD,6815
ST8-PD-091-01,91,SD7003,ALLEN,60300.,9,9.30,0.978,0.0736,polars/raw/ALL.PD,6816
ST8-PD-091-02,91,SD7003,ALLEN,102000.,1,-2.93,-.138,0.0116,polars/raw/ALL.PD,6819
ST8-PD-091-02,91,SD7003,ALLEN,102000.,2,-1.41,-.014,0.0091,polars/raw/ALL.PD,6820
ST8-PD-091-02,91,SD7003,ALLEN,102000.,3,0.13,0.176,0.0125,polars/raw/ALL.PD,6821
ST8-PD-091-02,91,SD7003,ALLEN,102000.,4,1.67,0.362,0.0123,polars/raw/ALL.PD,6822
ST8-PD-091-02,91,SD7003,ALLEN,102000.,5,3.20,0.494,0.0142,polars/raw/ALL.PD,6823
ST8-PD-091-02,91,SD7003,ALLEN,102000.,6,4.73,0.632,0.0158,polars/raw/ALL.PD,6824
ST8-PD-091-02,91,SD7003,ALLEN,102000.,7,6.26,0.784,0.0183,polars/raw/ALL.PD,6825
ST8-PD-091-02,91,SD7003,ALLEN,102000.,8,7.78,0.904,0.0254,polars/raw/ALL.PD,6826
ST8-PD-091-02,91,SD7003,ALLEN,102000.,9,9.31,0.995,0.0356,polars/raw/ALL.PD,6827
ST8-PD-091-02,91,SD7003,ALLEN,102000.,10,10.81,0.936,0.1200,polars/raw/ALL.PD,6828
ST8-PD-091-03,91,SD7003,ALLEN,151800.,1,-2.93,-.119,0.0101,polars/raw/ALL.PD,6831
ST8-PD-091-03,91,SD7003,ALLEN,151800.,2,-1.40,0.008,0.0091,polars/raw/ALL.PD,6832
ST8-PD-091-03,91,SD7003,ALLEN,151800.,3,0.13,0.209,0.0095,polars/raw/ALL.PD,6833
ST8-PD-091-03,91,SD7003,ALLEN,151800.,4,1.67,0.362,0.0095,polars/raw/ALL.PD,6834
ST8-PD-091-03,91,SD7003,ALLEN,151800.,5,3.19,0.511,0.0112,polars/raw/ALL.PD,6835
ST8-PD-091-03,91,SD7003,ALLEN,151800.,6,4.73,0.658,0.0143,polars/raw/ALL.PD,6836
ST8-PD-091-03,91,SD7003,ALLEN,151800.,7,6.26,0.797,0.0165,polars/raw/ALL.PD,6837
ST8-PD-091-03,91,SD7003,ALLEN,151800.,8,7.79,0.917,0.0227,polars/raw/ALL.PD,6838
ST8-PD-091-03,91,SD7003,ALLEN,151800.,9,9.31,1.015,0.0325,polars/raw/ALL.PD,6839
ST8-PD-091-03,91,SD7003,ALLEN,151800.,10,10.82,0.995,0.0949,polars/raw/ALL.PD,6840
ST8-PD-091-04,91,SD7003,ALLEN,200800.,1,-2.92,-.115,0.0097,polars/raw/ALL.PD,6843
ST8-PD-091-04,91,SD7003,ALLEN,200800.,2,-1.40,0.026,0.0081,polars/raw/ALL.PD,6844
ST8-PD-091-04,91,SD7003,ALLEN,200800.,3,0.14,0.199,0.0079,polars/raw/ALL.PD,6845
ST8-PD-091-04,91,SD7003,ALLEN,200800.,4,1.66,0.350,0.0091,polars/raw/ALL.PD,6846
ST8-PD-091-04,91,SD7003,ALLEN,200800.,5,3.20,0.507,0.0110,polars/raw/ALL.PD,6847
ST8-PD-091-04,91,SD7003,ALLEN,200800.,6,4.74,0.657,0.0128,polars/raw/ALL.PD,6848
ST8-PD-091-04,91,SD7003,ALLEN,200800.,7,6.28,0.799,0.0153,polars/raw/ALL.PD,6849
ST8-PD-091-04,91,SD7003,ALLEN,200800.,8,7.80,0.926,0.0222,polars/raw/ALL.PD,6850
ST8-PD-091-04,91,SD7003,ALLEN,200800.,9,9.31,1.024,0.0308,polars/raw/ALL.PD,6851
ST8-PD-091-04,91,SD7003,ALLEN,200800.,10,10.83,0.982,0.1169,polars/raw/ALL.PD,6852
ST8-PD-091-04,91,SD7003,ALLEN,200800.,11,11.82,0.905,0.1858,polars/raw/ALL.PD,6853
ST8-PD-091-05,91,SD7003,ALLEN,300300.,1,-2.94,-.112,0.0093,polars/raw/ALL.PD,6856
ST8-PD-091-05,91,SD7003,ALLEN,300300.,2,-1.91,0.000,0.0079,polars/raw/ALL.PD,6857
ST8-PD-091-05,91,SD7003,ALLEN,300300.,3,-0.90,0.103,0.0074,polars/raw/ALL.PD,6858
ST8-PD-091-05,91,SD7003,ALLEN,300300.,4,0.14,0.196,0.0072,polars/raw/ALL.PD,6859
ST8-PD-091-05,91,SD7003,ALLEN,300300.,5,1.15,0.301,0.0078,polars/raw/ALL.PD,6860
ST8-PD-091-05,91,SD7003,ALLEN,300300.,6,2.18,0.409,0.0084,polars/raw/ALL.PD,6861
ST8-PD-091-05,91,SD7003,ALLEN,300300.,7,3.20,0.516,0.0095,polars/raw/ALL.PD,6862
ST8-PD-091-05,91,SD7003,ALLEN,300300.,8,4.23,0.620,0.0109,polars/raw/ALL.PD,6863
ST8-PD-091-05,91,SD7003,ALLEN,300300.,9,5.25,0.719,0.0123,polars/raw/ALL.PD,6864
ST8-PD-091-05,91,SD7003,ALLEN,300300.,10,6.26,0.814,0.0138,polars/raw/ALL.PD,6865
ST8-PD-091-05,91,SD7003,ALLEN,300300.,11,7.28,0.903,0.0168,polars/raw/ALL.PD,6866
ST8-PD-091-05,91,SD7003,ALLEN,300300.,12,8.31,0.983,0.0205,polars/raw/ALL.PD,6867
ST8-PD-091-05,91,SD7003,ALLEN,300300.,13,9.32,1.053,0.0253,polars/raw/ALL.PD,6868
ST8-PD-091-05,91,SD7003,ALLEN,300300.,14,10.34,1.101,0.0337,polars/raw/ALL.PD,6869
ST8-PD-091-05,91,SD7003,ALLEN,300300.,15,11.32,1.098,0.0505,polars/raw/ALL.PD,6870
ST8-PD-092-01,92,SD7003 REPEAT,ALLEN,99600.,1,-2.94,-.131,0.0129,polars/raw/ALL.PD,6879
ST8-PD-092-01,92,SD7003 REPEAT,ALLEN,99600.,2,-1.91,-.053,0.0111,polars/raw/ALL.PD,6880
ST8-PD-092-01,92,SD7003 REPEAT,ALLEN,99600.,3,-0.90,0.036,0.0110,polars/raw/ALL.PD,6881
ST8-PD-092-01,92,SD7003 REPEAT,ALLEN,99600.,4,0.13,0.181,0.0108,polars/raw/ALL.PD,6882
ST8-PD-092-01,92,SD7003 REPEAT,ALLEN,99600.,5,1.16,0.318,0.0124,polars/raw/ALL.PD,6883
ST8-PD-092-01,92,SD7003 REPEAT,ALLEN,99600.,6,2.19,0.413,0.0127,polars/raw/ALL.PD,6884
ST8-PD-092-01,92,SD7003 REPEAT,ALLEN,99600.,7,3.19,0.502,0.0129,polars/raw/ALL.PD,6885
ST8-PD-092-01,92,SD7003 REPEAT,ALLEN,99600.,8,4.21,0.598,0.0145,polars/raw/ALL.PD,6886
ST8-PD-092-01,92,SD7003 REPEAT,ALLEN,99600.,9,5.23,0.692,0.0166,polars/raw/ALL.PD,6887
ST8-PD-092-01,92,SD7003 REPEAT,ALLEN,99600.,10,6.25,0.783,0.0185,polars/raw/ALL.PD,6888
ST8-PD-092-01,92,SD7003 REPEAT,ALLEN,99600.,11,7.28,0.865,0.0231,polars/raw/ALL.PD,6889
ST8-PD-092-01,92,SD7003 REPEAT,ALLEN,99600.,12,8.29,0.936,0.0290,polars/raw/ALL.PD,6890
ST8-PD-092-01,92,SD7003 REPEAT,ALLEN,99600.,13,9.30,0.992,0.0376,polars/raw/ALL.PD,6891
ST8-PD-092-01,92,SD7003 REPEAT,ALLEN,99600.,14,10.32,1.024,0.0480,polars/raw/ALL.PD,6892
ST8-PD-092-01,92,SD7003 REPEAT,ALLEN,99600.,15,11.29,0.901,0.1563,polars/raw/ALL.PD,6893
ST8-PD-092-02,92,SD7003 REPEAT,ALLEN,153300.,1,-2.93,-.119,0.0108,polars/raw/ALL.PD,6896
ST8-PD-092-02,92,SD7003 REPEAT,ALLEN,153300.,2,-1.92,-.035,0.0096,polars/raw/ALL.PD,6897
ST8-PD-092-02,92,SD7003 REPEAT,ALLEN,153300.,3,-0.89,0.058,0.0088,polars/raw/ALL.PD,6898
ST8-PD-092-02,92,SD7003 REPEAT,ALLEN,153300.,4,0.14,0.203,0.0088,polars/raw/ALL.PD,6899
ST8-PD-092-02,92,SD7003 REPEAT,ALLEN,153300.,5,1.15,0.302,0.0096,polars/raw/ALL.PD,6900
ST8-PD-092-02,92,SD7003 REPEAT,ALLEN,153300.,6,2.17,0.400,0.0103,polars/raw/ALL.PD,6901
ST8-PD-092-02,92,SD7003 REPEAT,ALLEN,153300.,7,3.20,0.504,0.0119,polars/raw/ALL.PD,6902
ST8-PD-092-02,92,SD7003 REPEAT,ALLEN,153300.,8,4.21,0.601,0.0126,polars/raw/ALL.PD,6903
ST8-PD-092-02,92,SD7003 REPEAT,ALLEN,153300.,9,5.24,0.699,0.0143,polars/raw/ALL.PD,6904
ST8-PD-092-02,92,SD7003 REPEAT,ALLEN,153300.,10,6.26,0.793,0.0158,polars/raw/ALL.PD,6905
ST8-PD-092-02,92,SD7003 REPEAT,ALLEN,153300.,11,7.28,0.878,0.0194,polars/raw/ALL.PD,6906
ST8-PD-092-02,92,SD7003 REPEAT,ALLEN,153300.,12,8.30,0.950,0.0251,polars/raw/ALL.PD,6907
ST8-PD-092-02,92,SD7003 REPEAT,ALLEN,153300.,13,9.31,1.013,0.0327,polars/raw/ALL.PD,6908
ST8-PD-092-02,92,SD7003 REPEAT,ALLEN,153300.,14,10.32,1.054,0.0416,polars/raw/ALL.PD,6909
ST8-PD-092-02,92,SD7003 REPEAT,ALLEN,153300.,15,11.28,0.925,0.1646,polars/raw/ALL.PD,6910
ST8-PD-092-03,92,SD7003 REPEAT,ALLEN,201500.,1,-2.93,-.126,0.0101,polars/raw/ALL.PD,6913
ST8-PD-092-03,92,SD7003 REPEAT,ALLEN,201500.,2,-1.92,-.038,0.0086,polars/raw/ALL.PD,6914
ST8-PD-092-03,92,SD7003 REPEAT,ALLEN,201500.,3,-0.91,0.072,0.0079,polars/raw/ALL.PD,6915
ST8-PD-092-03,92,SD7003 REPEAT,ALLEN,201500.,4,0.12,0.184,0.0076,polars/raw/ALL.PD,6916
ST8-PD-092-03,92,SD7003 REPEAT,ALLEN,201500.,5,1.14,0.286,0.0086,polars/raw/ALL.PD,6917
ST8-PD-092-03,92,SD7003 REPEAT,ALLEN,201500.,6,2.18,0.392,0.0094,polars/raw/ALL.PD,6918
ST8-PD-092-03,92,SD7003 REPEAT,ALLEN,201500.,7,3.21,0.496,0.0102,polars/raw/ALL.PD,6919
ST8-PD-092-03,92,SD7003 REPEAT,ALLEN,201500.,8,4.22,0.596,0.0115,polars/raw/ALL.PD,6920
ST8-PD-092-03,92,SD7003 REPEAT,ALLEN,201500.,9,5.24,0.696,0.0131,polars/raw/ALL.PD,6921
ST8-PD-092-03,92,SD7003 REPEAT,ALLEN,201500.,10,6.27,0.791,0.0144,polars/raw/ALL.PD,6922
ST8-PD-092-03,92,SD7003 REPEAT,ALLEN,201500.,11,7.28,0.878,0.0177,polars/raw/ALL.PD,6923
ST8-PD-092-03,92,SD7003 REPEAT,ALLEN,201500.,12,8.30,0.953,0.0225,polars/raw/ALL.PD,6924
ST8-PD-092-03,92,SD7003 REPEAT,ALLEN,201500.,13,9.31,1.022,0.0284,polars/raw/ALL.PD,6925
ST8-PD-092-03,92,SD7003 REPEAT,ALLEN,201500.,14,10.33,1.070,0.0353,polars/raw/ALL.PD,6926
ST8-PD-092-04,92,SD7003 REPEAT,ALLEN,303700.,1,-3.98,-.214,0.0104,polars/raw/ALL.PD,6929
ST8-PD-092-04,92,SD7003 REPEAT,ALLEN,303700.,2,-2.92,-.112,0.0093,polars/raw/ALL.PD,6930
ST8-PD-092-04,92,SD7003 REPEAT,ALLEN,303700.,3,-1.92,-.005,0.0080,polars/raw/ALL.PD,6931
ST8-PD-092-04,92,SD7003 REPEAT,ALLEN,303700.,4,-0.91,0.099,0.0074,polars/raw/ALL.PD,6932
ST8-PD-092-04,92,SD7003 REPEAT,ALLEN,303700.,5,0.12,0.191,0.0073,polars/raw/ALL.PD,6933
ST8-PD-092-04,92,SD7003 REPEAT,ALLEN,303700.,6,1.16,0.296,0.0081,polars/raw/ALL.PD,6934
ST8-PD-092-04,92,SD7003 REPEAT,ALLEN,303700.,7,2.17,0.402,0.0084,polars/raw/ALL.PD,6935
ST8-PD-092-04,92,SD7003 REPEAT,ALLEN,303700.,8,3.19,0.507,0.0098,polars/raw/ALL.PD,6936
ST8-PD-092-04,92,SD7003 REPEAT,ALLEN,303700.,9,4.21,0.611,0.0109,polars/raw/ALL.PD,6937
ST8-PD-092-04,92,SD7003 REPEAT,ALLEN,303700.,10,5.23,0.711,0.0121,polars/raw/ALL.PD,6938
ST8-PD-092-04,92,SD7003 REPEAT,ALLEN,303700.,11,6.27,0.809,0.0138,polars/raw/ALL.PD,6939
ST8-PD-092-04,92,SD7003 REPEAT,ALLEN,303700.,12,7.29,0.899,0.0167,polars/raw/ALL.PD,6940
ST8-PD-092-04,92,SD7003 REPEAT,ALLEN,303700.,13,8.31,0.978,0.0207,polars/raw/ALL.PD,6941
ST8-PD-092-04,92,SD7003 REPEAT,ALLEN,303700.,14,9.32,1.049,0.0248,polars/raw/ALL.PD,6942
ST8-PD-092-04,92,SD7003 REPEAT,ALLEN,303700.,15,10.34,1.099,0.0325,polars/raw/ALL.PD,6943
ST8-PD-092-04,92,SD7003 REPEAT,ALLEN,303700.,16,11.33,1.100,0.0490,polars/raw/ALL.PD,6944
ST8-PD-093-01,93,SD7003 BUMP SHOT TRIP 50%,ALLEN,101700.,1,-2.95,-.133,0.0120,polars/raw/ALL.PD,6953
ST8-PD-093-01,93,SD7003 BUMP SHOT TRIP 50%,ALLEN,101700.,2,-1.42,0.000,0.0100,polars/raw/ALL.PD,6954
ST8-PD-093-01,93,SD7003 BUMP SHOT TRIP 50%,ALLEN,101700.,3,0.14,0.207,0.0115,polars/raw/ALL.PD,6955
ST8-PD-093-01,93,SD7003 BUMP SHOT TRIP 50%,ALLEN,101700.,4,1.66,0.366,0.0121,polars/raw/ALL.PD,6956
ST8-PD-093-01,93,SD7003 BUMP SHOT TRIP 50%,ALLEN,101700.,5,3.19,0.501,0.0150,polars/raw/ALL.PD,6957
ST8-PD-093-01,93,SD7003 BUMP SHOT TRIP 50%,ALLEN,101700.,6,4.74,0.645,0.0167,polars/raw/ALL.PD,6958
ST8-PD-093-01,93,SD7003 BUMP SHOT TRIP 50%,ALLEN,101700.,7,6.26,0.789,0.0208,polars/raw/ALL.PD,6959
ST8-PD-093-01,93,SD7003 BUMP SHOT TRIP 50%,ALLEN,101700.,8,7.79,0.906,0.0278,polars/raw/ALL.PD,6960
ST8-PD-093-01,93,SD7003 BUMP SHOT TRIP 50%,ALLEN,101700.,9,9.31,0.992,0.0417,polars/raw/ALL.PD,6961
ST8-PD-093-01,93,SD7003 BUMP SHOT TRIP 50%,ALLEN,101700.,10,10.79,0.888,0.1601,polars/raw/ALL.PD,6962
ST8-PD-093-02,93,SD7003 BUMP SHOT TRIP 50%,ALLEN,150600.,1,-2.94,-.099,0.0114,polars/raw/ALL.PD,6965
ST8-PD-093-02,93,SD7003 BUMP SHOT TRIP 50%,ALLEN,150600.,2,-1.40,0.037,0.0100,polars/raw/ALL.PD,6966
ST8-PD-093-02,93,SD7003 BUMP SHOT TRIP 50%,ALLEN,150600.,3,0.14,0.212,0.0092,polars/raw/ALL.PD,6967
ST8-PD-093-02,93,SD7003 BUMP SHOT TRIP 50%,ALLEN,150600.,4,1.67,0.362,0.0104,polars/raw/ALL.PD,6968
ST8-PD-093-02,93,SD7003 BUMP SHOT TRIP 50%,ALLEN,150600.,5,3.19,0.518,0.0127,polars/raw/ALL.PD,6969
ST8-PD-093-02,93,SD7003 BUMP SHOT TRIP 50%,ALLEN,150600.,6,4.74,0.666,0.0146,polars/raw/ALL.PD,6970
ST8-PD-093-02,93,SD7003 BUMP SHOT TRIP 50%,ALLEN,150600.,7,6.27,0.808,0.0174,polars/raw/ALL.PD,6971
ST8-PD-093-02,93,SD7003 BUMP SHOT TRIP 50%,ALLEN,150600.,8,7.78,0.926,0.0236,polars/raw/ALL.PD,6972
ST8-PD-093-02,93,SD7003 BUMP SHOT TRIP 50%,ALLEN,150600.,9,9.32,1.024,0.0346,polars/raw/ALL.PD,6973
ST8-PD-093-02,93,SD7003 BUMP SHOT TRIP 50%,ALLEN,150600.,10,10.79,0.954,0.1398,polars/raw/ALL.PD,6974
ST8-PD-093-03,93,SD7003 BUMP SHOT TRIP 50%,ALLEN,205000.,1,-2.95,-.109,0.0112,polars/raw/ALL.PD,6977
ST8-PD-093-03,93,SD7003 BUMP SHOT TRIP 50%,ALLEN,205000.,2,-1.40,0.034,0.0095,polars/raw/ALL.PD,6978
ST8-PD-093-03,93,SD7003 BUMP SHOT TRIP 50%,ALLEN,205000.,3,0.15,0.189,0.0086,polars/raw/ALL.PD,6979
ST8-PD-093-03,93,SD7003 BUMP SHOT TRIP 50%,ALLEN,205000.,4,1.66,0.354,0.0096,polars/raw/ALL.PD,6980
ST8-PD-093-03,93,SD7003 BUMP SHOT TRIP 50%,ALLEN,205000.,5,3.18,0.510,0.0109,polars/raw/ALL.PD,6981
ST8-PD-093-03,93,SD7003 BUMP SHOT TRIP 50%,ALLEN,205000.,6,4.74,0.662,0.0130,polars/raw/ALL.PD,6982
ST8-PD-093-03,93,SD7003 BUMP SHOT TRIP 50%,ALLEN,205000.,7,6.27,0.805,0.0157,polars/raw/ALL.PD,6983
ST8-PD-093-03,93,SD7003 BUMP SHOT TRIP 50%,ALLEN,205000.,8,7.79,0.929,0.0214,polars/raw/ALL.PD,6984
ST8-PD-093-03,93,SD7003 BUMP SHOT TRIP 50%,ALLEN,205000.,9,9.31,1.030,0.0298,polars/raw/ALL.PD,6985
ST8-PD-093-03,93,SD7003 BUMP SHOT TRIP 50%,ALLEN,205000.,10,10.82,1.076,0.0471,polars/raw/ALL.PD,6986
ST8-PD-093-04,93,SD7003 BUMP SHOT TRIP 50%,ALLEN,300500.,1,-2.94,-.103,0.0110,polars/raw/ALL.PD,6989
ST8-PD-093-04,93,SD7003 BUMP SHOT TRIP 50%,ALLEN,300500.,2,-1.40,0.046,0.0093,polars/raw/ALL.PD,6990
ST8-PD-093-04,93,SD7003 BUMP SHOT TRIP 50%,ALLEN,300500.,3,0.12,0.192,0.0081,polars/raw/ALL.PD,6991
ST8-PD-093-04,93,SD7003 BUMP SHOT TRIP 50%,ALLEN,300500.,4,1.66,0.358,0.0085,polars/raw/ALL.PD,6992
ST8-PD-093-04,93,SD7003 BUMP SHOT TRIP 50%,ALLEN,300500.,5,3.20,0.517,0.0100,polars/raw/ALL.PD,6993
ST8-PD-093-04,93,SD7003 BUMP SHOT TRIP 50%,ALLEN,300500.,6,4.74,0.672,0.0118,polars/raw/ALL.PD,6994
ST8-PD-093-04,93,SD7003 BUMP SHOT TRIP 50%,ALLEN,300500.,7,6.27,0.816,0.0146,polars/raw/ALL.PD,6995
ST8-PD-093-04,93,SD7003 BUMP SHOT TRIP 50%,ALLEN,300500.,8,7.78,0.943,0.0188,polars/raw/ALL.PD,6996
ST8-PD-093-04,93,SD7003 BUMP SHOT TRIP 50%,ALLEN,300500.,9,9.32,1.052,0.0258,polars/raw/ALL.PD,6997
ST8-PD-093-04,93,SD7003 BUMP SHOT TRIP 50%,ALLEN,300500.,10,10.82,1.108,0.0391,polars/raw/ALL.PD,6998
ST8-PD-094-01,94,SD7003 BUMP SHOT TRIP 60%,ALLEN,99700.,1,-3.96,-.234,0.0159,polars/raw/ALL.PD,7007
ST8-PD-094-01,94,SD7003 BUMP SHOT TRIP 60%,ALLEN,99700.,2,-2.73,-.123,0.0116,polars/raw/ALL.PD,7008
ST8-PD-094-01,94,SD7003 BUMP SHOT TRIP 60%,ALLEN,99700.,3,-1.53,-.038,0.0101,polars/raw/ALL.PD,7009
ST8-PD-094-01,94,SD7003 BUMP SHOT TRIP 60%,ALLEN,99700.,4,-0.30,0.106,0.0121,polars/raw/ALL.PD,7010
ST8-PD-094-01,94,SD7003 BUMP SHOT TRIP 60%,ALLEN,99700.,5,0.96,0.297,0.0123,polars/raw/ALL.PD,7011
ST8-PD-094-01,94,SD7003 BUMP SHOT TRIP 60%,ALLEN,99700.,6,2.17,0.404,0.0134,polars/raw/ALL.PD,7012
ST8-PD-094-01,94,SD7003 BUMP SHOT TRIP 60%,ALLEN,99700.,7,3.40,0.517,0.0145,polars/raw/ALL.PD,7013
ST8-PD-094-01,94,SD7003 BUMP SHOT TRIP 60%,ALLEN,99700.,8,4.63,0.633,0.0166,polars/raw/ALL.PD,7014
ST8-PD-094-01,94,SD7003 BUMP SHOT TRIP 60%,ALLEN,99700.,9,5.85,0.744,0.0200,polars/raw/ALL.PD,7015
ST8-PD-094-01,94,SD7003 BUMP SHOT TRIP 60%,ALLEN,99700.,10,7.07,0.845,0.0231,polars/raw/ALL.PD,7016
ST8-PD-094-01,94,SD7003 BUMP SHOT TRIP 60%,ALLEN,99700.,11,8.29,0.929,0.0311,polars/raw/ALL.PD,7017
ST8-PD-094-01,94,SD7003 BUMP SHOT TRIP 60%,ALLEN,99700.,12,9.50,0.995,0.0424,polars/raw/ALL.PD,7018
ST8-PD-094-01,94,SD7003 BUMP SHOT TRIP 60%,ALLEN,99700.,13,10.71,0.928,0.1357,polars/raw/ALL.PD,7019
ST8-PD-094-02,94,SD7003 BUMP SHOT TRIP 60%,ALLEN,151800.,1,-3.96,-.210,0.0129,polars/raw/ALL.PD,7022
ST8-PD-094-02,94,SD7003 BUMP SHOT TRIP 60%,ALLEN,151800.,2,-2.73,-.093,0.0108,polars/raw/ALL.PD,7023
ST8-PD-094-02,94,SD7003 BUMP SHOT TRIP 60%,ALLEN,151800.,3,-1.51,0.002,0.0091,polars/raw/ALL.PD,7024
ST8-PD-094-02,94,SD7003 BUMP SHOT TRIP 60%,ALLEN,151800.,4,-0.28,0.161,0.0089,polars/raw/ALL.PD,7025
ST8-PD-094-02,94,SD7003 BUMP SHOT TRIP 60%,ALLEN,151800.,5,0.94,0.286,0.0093,polars/raw/ALL.PD,7026
ST8-PD-094-02,94,SD7003 BUMP SHOT TRIP 60%,ALLEN,151800.,6,2.17,0.404,0.0108,polars/raw/ALL.PD,7027
ST8-PD-094-02,94,SD7003 BUMP SHOT TRIP 60%,ALLEN,151800.,7,3.40,0.525,0.0121,polars/raw/ALL.PD,7028
ST8-PD-094-02,94,SD7003 BUMP SHOT TRIP 60%,ALLEN,151800.,8,4.63,0.642,0.0140,polars/raw/ALL.PD,7029
ST8-PD-094-02,94,SD7003 BUMP SHOT TRIP 60%,ALLEN,151800.,9,5.85,0.756,0.0161,polars/raw/ALL.PD,7030
ST8-PD-094-02,94,SD7003 BUMP SHOT TRIP 60%,ALLEN,151800.,10,7.08,0.863,0.0199,polars/raw/ALL.PD,7031
ST8-PD-094-02,94,SD7003 BUMP SHOT TRIP 60%,ALLEN,151800.,11,8.29,0.951,0.0254,polars/raw/ALL.PD,7032
ST8-PD-094-02,94,SD7003 BUMP SHOT TRIP 60%,ALLEN,151800.,12,9.51,1.023,0.0343,polars/raw/ALL.PD,7033
ST8-PD-094-02,94,SD7003 BUMP SHOT TRIP 60%,ALLEN,151800.,13,10.73,1.064,0.0461,polars/raw/ALL.PD,7034
ST8-PD-094-03,94,SD7003 BUMP SHOT TRIP 60%,ALLEN,202300.,1,-2.96,-.109,0.0112,polars/raw/ALL.PD,7037
ST8-PD-094-03,94,SD7003 BUMP SHOT TRIP 60%,ALLEN,202300.,2,-1.72,0.010,0.0094,polars/raw/ALL.PD,7038
ST8-PD-094-03,94,SD7003 BUMP SHOT TRIP 60%,ALLEN,202300.,3,-0.49,0.122,0.0081,polars/raw/ALL.PD,7039
ST8-PD-094-03,94,SD7003 BUMP SHOT TRIP 60%,ALLEN,202300.,4,0.74,0.259,0.0081,polars/raw/ALL.PD,7040
ST8-PD-094-03,94,SD7003 BUMP SHOT TRIP 60%,ALLEN,202300.,5,1.97,0.386,0.0090,polars/raw/ALL.PD,7041
ST8-PD-094-03,94,SD7003 BUMP SHOT TRIP 60%,ALLEN,202300.,6,3.21,0.512,0.0108,polars/raw/ALL.PD,7042
ST8-PD-094-03,94,SD7003 BUMP SHOT TRIP 60%,ALLEN,202300.,7,4.43,0.632,0.0123,polars/raw/ALL.PD,7043
ST8-PD-094-03,94,SD7003 BUMP SHOT TRIP 60%,ALLEN,202300.,8,5.64,0.747,0.0139,polars/raw/ALL.PD,7044
ST8-PD-094-03,94,SD7003 BUMP SHOT TRIP 60%,ALLEN,202300.,9,6.87,0.859,0.0163,polars/raw/ALL.PD,7045
ST8-PD-094-03,94,SD7003 BUMP SHOT TRIP 60%,ALLEN,202300.,10,8.09,0.955,0.0215,polars/raw/ALL.PD,7046
ST8-PD-094-03,94,SD7003 BUMP SHOT TRIP 60%,ALLEN,202300.,11,9.32,1.035,0.0272,polars/raw/ALL.PD,7047
ST8-PD-094-03,94,SD7003 BUMP SHOT TRIP 60%,ALLEN,202300.,12,10.52,1.087,0.0376,polars/raw/ALL.PD,7048
ST8-PD-094-03,94,SD7003 BUMP SHOT TRIP 60%,ALLEN,202300.,13,11.67,0.956,0.1591,polars/raw/ALL.PD,7049
ST8-PD-094-04,94,SD7003 BUMP SHOT TRIP 60%,ALLEN,300700.,1,-3.95,-.199,0.0119,polars/raw/ALL.PD,7052
ST8-PD-094-04,94,SD7003 BUMP SHOT TRIP 60%,ALLEN,300700.,2,-2.74,-.079,0.0105,polars/raw/ALL.PD,7053
ST8-PD-094-04,94,SD7003 BUMP SHOT TRIP 60%,ALLEN,300700.,3,-1.52,0.041,0.0089,polars/raw/ALL.PD,7054
ST8-PD-094-04,94,SD7003 BUMP SHOT TRIP 60%,ALLEN,300700.,4,-0.29,0.157,0.0079,polars/raw/ALL.PD,7055
ST8-PD-094-04,94,SD7003 BUMP SHOT TRIP 60%,ALLEN,300700.,5,0.94,0.284,0.0078,polars/raw/ALL.PD,7056
ST8-PD-094-04,94,SD7003 BUMP SHOT TRIP 60%,ALLEN,300700.,6,2.18,0.414,0.0090,polars/raw/ALL.PD,7057
ST8-PD-094-04,94,SD7003 BUMP SHOT TRIP 60%,ALLEN,300700.,7,3.40,0.538,0.0103,polars/raw/ALL.PD,7058
ST8-PD-094-04,94,SD7003 BUMP SHOT TRIP 60%,ALLEN,300700.,8,4.64,0.659,0.0114,polars/raw/ALL.PD,7059
ST8-PD-094-04,94,SD7003 BUMP SHOT TRIP 60%,ALLEN,300700.,9,5.86,0.775,0.0130,polars/raw/ALL.PD,7060
ST8-PD-094-04,94,SD7003 BUMP SHOT TRIP 60%,ALLEN,300700.,10,7.07,0.882,0.0162,polars/raw/ALL.PD,7061
ST8-PD-094-04,94,SD7003 BUMP SHOT TRIP 60%,ALLEN,300700.,11,8.30,0.977,0.0203,polars/raw/ALL.PD,7062
ST8-PD-094-04,94,SD7003 BUMP SHOT TRIP 60%,ALLEN,300700.,12,9.52,1.057,0.0261,polars/raw/ALL.PD,7063
ST8-PD-094-04,94,SD7003 BUMP SHOT TRIP 60%,ALLEN,300700.,13,10.73,1.105,0.0360,polars/raw/ALL.PD,7064
ST8-PD-094-04,94,SD7003 BUMP SHOT TRIP 60%,ALLEN,300700.,14,11.98,0.952,0.1724,polars/raw/ALL.PD,7065
ST8-PD-094-04,94,SD7003 BUMP SHOT TRIP 60%,ALLEN,300700.,15,13.07,0.872,0.2246,polars/raw/ALL.PD,7066
ST8-PD-095-01,95,SD7003 BUMP SHOT TRIP 70%,ALLEN,100600.,1,-3.96,-.222,0.0153,polars/raw/ALL.PD,7075
ST8-PD-095-01,95,SD7003 BUMP SHOT TRIP 70%,ALLEN,100600.,2,-2.43,-.090,0.0121,polars/raw/ALL.PD,7076
ST8-PD-095-01,95,SD7003 BUMP SHOT TRIP 70%,ALLEN,100600.,3,-0.89,0.049,0.0113,polars/raw/ALL.PD,7077
ST8-PD-095-01,95,SD7003 BUMP SHOT TRIP 70%,ALLEN,100600.,4,0.65,0.271,0.0115,polars/raw/ALL.PD,7078
ST8-PD-095-01,95,SD7003 BUMP SHOT TRIP 70%,ALLEN,100600.,5,2.18,0.415,0.0128,polars/raw/ALL.PD,7079
ST8-PD-095-01,95,SD7003 BUMP SHOT TRIP 70%,ALLEN,100600.,6,3.71,0.559,0.0152,polars/raw/ALL.PD,7080
ST8-PD-095-01,95,SD7003 BUMP SHOT TRIP 70%,ALLEN,100600.,7,5.25,0.702,0.0178,polars/raw/ALL.PD,7081
ST8-PD-095-01,95,SD7003 BUMP SHOT TRIP 70%,ALLEN,100600.,8,6.78,0.834,0.0214,polars/raw/ALL.PD,7082
ST8-PD-095-01,95,SD7003 BUMP SHOT TRIP 70%,ALLEN,100600.,9,8.30,0.939,0.0324,polars/raw/ALL.PD,7083
ST8-PD-095-01,95,SD7003 BUMP SHOT TRIP 70%,ALLEN,100600.,10,9.81,1.013,0.0496,polars/raw/ALL.PD,7084
ST8-PD-095-01,95,SD7003 BUMP SHOT TRIP 70%,ALLEN,100600.,11,11.30,0.863,0.1808,polars/raw/ALL.PD,7085
ST8-PD-095-02,95,SD7003 BUMP SHOT TRIP 70%,ALLEN,150200.,1,-3.96,-.217,0.0131,polars/raw/ALL.PD,7088
ST8-PD-095-02,95,SD7003 BUMP SHOT TRIP 70%,ALLEN,150200.,2,-2.73,-.101,0.0106,polars/raw/ALL.PD,7089
ST8-PD-095-02,95,SD7003 BUMP SHOT TRIP 70%,ALLEN,150200.,3,-1.52,-.003,0.0090,polars/raw/ALL.PD,7090
ST8-PD-095-02,95,SD7003 BUMP SHOT TRIP 70%,ALLEN,150200.,4,-0.28,0.161,0.0093,polars/raw/ALL.PD,7091
ST8-PD-095-02,95,SD7003 BUMP SHOT TRIP 70%,ALLEN,150200.,5,0.95,0.291,0.0094,polars/raw/ALL.PD,7092
ST8-PD-095-02,95,SD7003 BUMP SHOT TRIP 70%,ALLEN,150200.,6,2.18,0.410,0.0114,polars/raw/ALL.PD,7093
ST8-PD-095-02,95,SD7003 BUMP SHOT TRIP 70%,ALLEN,150200.,7,3.41,0.530,0.0127,polars/raw/ALL.PD,7094
ST8-PD-095-02,95,SD7003 BUMP SHOT TRIP 70%,ALLEN,150200.,8,4.63,0.647,0.0138,polars/raw/ALL.PD,7095
ST8-PD-095-02,95,SD7003 BUMP SHOT TRIP 70%,ALLEN,150200.,9,5.86,0.763,0.0161,polars/raw/ALL.PD,7096
ST8-PD-095-02,95,SD7003 BUMP SHOT TRIP 70%,ALLEN,150200.,10,7.09,0.869,0.0196,polars/raw/ALL.PD,7097
ST8-PD-095-02,95,SD7003 BUMP SHOT TRIP 70%,ALLEN,150200.,11,8.29,0.954,0.0266,polars/raw/ALL.PD,7098
ST8-PD-095-02,95,SD7003 BUMP SHOT TRIP 70%,ALLEN,150200.,12,9.51,1.028,0.0353,polars/raw/ALL.PD,7099
ST8-PD-095-02,95,SD7003 BUMP SHOT TRIP 70%,ALLEN,150200.,13,10.72,1.066,0.0491,polars/raw/ALL.PD,7100
ST8-PD-095-02,95,SD7003 BUMP SHOT TRIP 70%,ALLEN,150200.,14,11.87,0.881,0.1911,polars/raw/ALL.PD,7101
ST8-PD-095-03,95,SD7003 BUMP SHOT TRIP 70%,ALLEN,201400.,1,-3.94,-.197,0.0121,polars/raw/ALL.PD,7104
ST8-PD-095-03,95,SD7003 BUMP SHOT TRIP 70%,ALLEN,201400.,2,-2.74,-.078,0.0098,polars/raw/ALL.PD,7105
ST8-PD-095-03,95,SD7003 BUMP SHOT TRIP 70%,ALLEN,201400.,3,-1.51,0.039,0.0084,polars/raw/ALL.PD,7106
ST8-PD-095-03,95,SD7003 BUMP SHOT TRIP 70%,ALLEN,201400.,4,-0.29,0.163,0.0078,polars/raw/ALL.PD,7107
ST8-PD-095-03,95,SD7003 BUMP SHOT TRIP 70%,ALLEN,201400.,5,0.96,0.286,0.0084,polars/raw/ALL.PD,7108
ST8-PD-095-03,95,SD7003 BUMP SHOT TRIP 70%,ALLEN,201400.,6,2.18,0.409,0.0100,polars/raw/ALL.PD,7109
ST8-PD-095-03,95,SD7003 BUMP SHOT TRIP 70%,ALLEN,201400.,7,3.39,0.533,0.0111,polars/raw/ALL.PD,7110
ST8-PD-095-03,95,SD7003 BUMP SHOT TRIP 70%,ALLEN,201400.,8,4.64,0.655,0.0127,polars/raw/ALL.PD,7111
ST8-PD-095-03,95,SD7003 BUMP SHOT TRIP 70%,ALLEN,201400.,9,5.86,0.769,0.0148,polars/raw/ALL.PD,7112
ST8-PD-095-03,95,SD7003 BUMP SHOT TRIP 70%,ALLEN,201400.,10,7.08,0.878,0.0179,polars/raw/ALL.PD,7113
ST8-PD-095-03,95,SD7003 BUMP SHOT TRIP 70%,ALLEN,201400.,11,8.30,0.969,0.0236,polars/raw/ALL.PD,7114
ST8-PD-095-03,95,SD7003 BUMP SHOT TRIP 70%,ALLEN,201400.,12,9.51,1.045,0.0311,polars/raw/ALL.PD,7115
ST8-PD-095-03,95,SD7003 BUMP SHOT TRIP 70%,ALLEN,201400.,13,10.72,1.087,0.0437,polars/raw/ALL.PD,7116
ST8-PD-095-04,95,SD7003 BUMP SHOT TRIP 70%,ALLEN,301600.,1,-3.97,-.202,0.0108,polars/raw/ALL.PD,7119
ST8-PD-095-04,95,SD7003 BUMP SHOT TRIP 70%,ALLEN,301600.,2,-2.73,-.078,0.0095,polars/raw/ALL.PD,7120
ST8-PD-095-04,95,SD7003 BUMP SHOT TRIP 70%,ALLEN,301600.,3,-1.49,0.046,0.0080,polars/raw/ALL.PD,7121
ST8-PD-095-04,95,SD7003 BUMP SHOT TRIP 70%,ALLEN,301600.,4,-0.27,0.162,0.0077,polars/raw/ALL.PD,7122
ST8-PD-095-04,95,SD7003 BUMP SHOT TRIP 70%,ALLEN,301600.,5,0.94,0.286,0.0079,polars/raw/ALL.PD,7123
ST8-PD-095-04,95,SD7003 BUMP SHOT TRIP 70%,ALLEN,301600.,6,2.18,0.415,0.0090,polars/raw/ALL.PD,7124
ST8-PD-095-04,95,SD7003 BUMP SHOT TRIP 70%,ALLEN,301600.,7,3.40,0.541,0.0097,polars/raw/ALL.PD,7125
ST8-PD-095-04,95,SD7003 BUMP SHOT TRIP 70%,ALLEN,301600.,8,4.63,0.661,0.0112,polars/raw/ALL.PD,7126
ST8-PD-095-04,95,SD7003 BUMP SHOT TRIP 70%,ALLEN,301600.,9,5.86,0.779,0.0134,polars/raw/ALL.PD,7127
ST8-PD-095-04,95,SD7003 BUMP SHOT TRIP 70%,ALLEN,301600.,10,7.09,0.888,0.0164,polars/raw/ALL.PD,7128
ST8-PD-095-04,95,SD7003 BUMP SHOT TRIP 70%,ALLEN,301600.,11,8.30,0.983,0.0208,polars/raw/ALL.PD,7129
ST8-PD-095-04,95,SD7003 BUMP SHOT TRIP 70%,ALLEN,301600.,12,9.53,1.065,0.0265,polars/raw/ALL.PD,7130
ST8-PD-095-04,95,SD7003 BUMP SHOT TRIP 70%,ALLEN,301600.,13,10.73,1.109,0.0366,polars/raw/ALL.PD,7131
ST8-PD-095-04,95,SD7003 BUMP SHOT TRIP 70%,ALLEN,301600.,14,11.74,0.942,0.1817,polars/raw/ALL.PD,7132
ST8-PD-095-04,95,SD7003 BUMP SHOT TRIP 70%,ALLEN,301600.,15,13.11,0.868,0.2264,polars/raw/ALL.PD,7133
ST8-PD-096-01,96,"SD7003 UST .020, .125, 60%",ALLEN,199500.,1,-2.96,-.113,0.0101,polars/raw/ALL.PD,7142
ST8-PD-096-01,96,"SD7003 UST .020, .125, 60%",ALLEN,199500.,2,-1.40,0.042,0.0082,polars/raw/ALL.PD,7143
ST8-PD-096-01,96,"SD7003 UST .020, .125, 60%",ALLEN,199500.,3,0.12,0.201,0.0079,polars/raw/ALL.PD,7144
ST8-PD-096-01,96,"SD7003 UST .020, .125, 60%",ALLEN,199500.,4,1.66,0.353,0.0093,polars/raw/ALL.PD,7145
ST8-PD-096-01,96,"SD7003 UST .020, .125, 60%",ALLEN,199500.,5,3.20,0.507,0.0111,polars/raw/ALL.PD,7146
ST8-PD-096-01,96,"SD7003 UST .020, .125, 60%",ALLEN,199500.,6,4.74,0.659,0.0133,polars/raw/ALL.PD,7147
ST8-PD-096-01,96,"SD7003 UST .020, .125, 60%",ALLEN,199500.,7,6.25,0.801,0.0160,polars/raw/ALL.PD,7148
ST8-PD-096-01,96,"SD7003 UST .020, .125, 60%",ALLEN,199500.,8,7.79,0.927,0.0210,polars/raw/ALL.PD,7149
ST8-PD-096-01,96,"SD7003 UST .020, .125, 60%",ALLEN,199500.,9,9.32,1.029,0.0302,polars/raw/ALL.PD,7150
ST8-PD-096-01,96,"SD7003 UST .020, .125, 60%",ALLEN,199500.,10,10.82,1.078,0.0455,polars/raw/ALL.PD,7151
ST8-PD-096-01,96,"SD7003 UST .020, .125, 60%",ALLEN,199500.,11,11.80,0.921,0.1899,polars/raw/ALL.PD,7152
ST8-PD-096-02,96,"SD7003 UST .020, .125, 60%",ALLEN,301600.,1,-2.92,-.094,0.0092,polars/raw/ALL.PD,7155
ST8-PD-096-02,96,"SD7003 UST .020, .125, 60%",ALLEN,301600.,2,-1.41,0.055,0.0080,polars/raw/ALL.PD,7156
ST8-PD-096-02,96,"SD7003 UST .020, .125, 60%",ALLEN,301600.,3,0.13,0.195,0.0076,polars/raw/ALL.PD,7157
ST8-PD-096-02,96,"SD7003 UST .020, .125, 60%",ALLEN,301600.,4,1.66,0.354,0.0083,polars/raw/ALL.PD,7158
ST8-PD-096-02,96,"SD7003 UST .020, .125, 60%",ALLEN,301600.,5,3.19,0.511,0.0100,polars/raw/ALL.PD,7159
ST8-PD-096-02,96,"SD7003 UST .020, .125, 60%",ALLEN,301600.,6,4.73,0.664,0.0114,polars/raw/ALL.PD,7160
ST8-PD-096-02,96,"SD7003 UST .020, .125, 60%",ALLEN,301600.,7,6.25,0.808,0.0141,polars/raw/ALL.PD,7161
ST8-PD-096-02,96,"SD7003 UST .020, .125, 60%",ALLEN,301600.,8,7.80,0.939,0.0186,polars/raw/ALL.PD,7162
ST8-PD-096-02,96,"SD7003 UST .020, .125, 60%",ALLEN,301600.,9,9.31,1.048,0.0245,polars/raw/ALL.PD,7163
ST8-PD-096-02,96,"SD7003 UST .020, .125, 60%",ALLEN,301600.,10,10.82,1.108,0.0374,polars/raw/ALL.PD,7164
ST8-PD-097-01,97,"SD7003 UST .020, .125, 70%",ALLEN,201200.,1,-2.94,-.111,0.0099,polars/raw/ALL.PD,7173
ST8-PD-097-01,97,"SD7003 UST .020, .125, 70%",ALLEN,201200.,2,-1.41,0.040,0.0082,polars/raw/ALL.PD,7174
ST8-PD-097-01,97,"SD7003 UST .020, .125, 70%",ALLEN,201200.,3,0.12,0.206,0.0079,polars/raw/ALL.PD,7175
ST8-PD-097-01,97,"SD7003 UST .020, .125, 70%",ALLEN,201200.,4,1.66,0.359,0.0089,polars/raw/ALL.PD,7176
ST8-PD-097-01,97,"SD7003 UST .020, .125, 70%",ALLEN,201200.,5,3.19,0.513,0.0111,polars/raw/ALL.PD,7177
ST8-PD-097-01,97,"SD7003 UST .020, .125, 70%",ALLEN,201200.,6,4.72,0.664,0.0131,polars/raw/ALL.PD,7178
ST8-PD-097-01,97,"SD7003 UST .020, .125, 70%",ALLEN,201200.,7,6.25,0.806,0.0151,polars/raw/ALL.PD,7179
ST8-PD-097-01,97,"SD7003 UST .020, .125, 70%",ALLEN,201200.,8,7.79,0.933,0.0215,polars/raw/ALL.PD,7180
ST8-PD-097-01,97,"SD7003 UST .020, .125, 70%",ALLEN,201200.,9,9.31,1.036,0.0293,polars/raw/ALL.PD,7181
ST8-PD-097-01,97,"SD7003 UST .020, .125, 70%",ALLEN,201200.,10,10.83,1.077,0.0450,polars/raw/ALL.PD,7182
ST8-PD-097-01,97,"SD7003 UST .020, .125, 70%",ALLEN,201200.,11,11.78,0.921,0.1799,polars/raw/ALL.PD,7183
ST8-PD-097-01,97,"SD7003 UST .020, .125, 70%",ALLEN,201200.,12,12.80,0.864,0.2182,polars/raw/ALL.PD,7184
ST8-PD-097-02,97,"SD7003 UST .020, .125, 70%",ALLEN,298000.,1,-2.94,-.110,0.0091,polars/raw/ALL.PD,7187
ST8-PD-097-02,97,"SD7003 UST .020, .125, 70%",ALLEN,298000.,2,-1.40,0.057,0.0077,polars/raw/ALL.PD,7188
ST8-PD-097-02,97,"SD7003 UST .020, .125, 70%",ALLEN,298000.,3,0.11,0.195,0.0072,polars/raw/ALL.PD,7189
ST8-PD-097-02,97,"SD7003 UST .020, .125, 70%",ALLEN,298000.,4,1.67,0.353,0.0086,polars/raw/ALL.PD,7190
ST8-PD-097-02,97,"SD7003 UST .020, .125, 70%",ALLEN,298000.,5,3.19,0.511,0.0099,polars/raw/ALL.PD,7191
ST8-PD-097-02,97,"SD7003 UST .020, .125, 70%",ALLEN,298000.,6,4.73,0.664,0.0117,polars/raw/ALL.PD,7192
ST8-PD-097-02,97,"SD7003 UST .020, .125, 70%",ALLEN,298000.,7,6.27,0.809,0.0139,polars/raw/ALL.PD,7193
ST8-PD-097-02,97,"SD7003 UST .020, .125, 70%",ALLEN,298000.,8,7.80,0.939,0.0187,polars/raw/ALL.PD,7194
ST8-PD-097-02,97,"SD7003 UST .020, .125, 70%",ALLEN,298000.,9,9.31,1.047,0.0252,polars/raw/ALL.PD,7195
ST8-PD-097-02,97,"SD7003 UST .020, .125, 70%",ALLEN,298000.,10,10.83,1.106,0.0376,polars/raw/ALL.PD,7196
ST8-PD-097-02,97,"SD7003 UST .020, .125, 70%",ALLEN,298000.,11,11.79,0.942,0.1814,polars/raw/ALL.PD,7197
ST8-PD-097-02,97,"SD7003 UST .020, .125, 70%",ALLEN,298000.,12,12.79,0.874,0.2202,polars/raw/ALL.PD,7198
ST8-PD-098-01,98,SD7032A SANDED BALSA FINISH,FRASER,64200.,1,-3.93,-.152,0.0253,polars/raw/ALL.PD,7207
ST8-PD-098-01,98,SD7032A SANDED BALSA FINISH,FRASER,64200.,2,-2.92,-.076,0.0188,polars/raw/ALL.PD,7208
ST8-PD-098-01,98,SD7032A SANDED BALSA FINISH,FRASER,64200.,3,-1.91,0.022,0.0167,polars/raw/ALL.PD,7209
ST8-PD-098-01,98,SD7032A SANDED BALSA FINISH,FRASER,64200.,4,-0.87,0.149,0.0202,polars/raw/ALL.PD,7210
ST8-PD-098-01,98,SD7032A SANDED BALSA FINISH,FRASER,64200.,5,0.16,0.315,0.0224,polars/raw/ALL.PD,7211
ST8-PD-098-01,98,SD7032A SANDED BALSA FINISH,FRASER,64200.,6,1.19,0.446,0.0195,polars/raw/ALL.PD,7212
ST8-PD-098-01,98,SD7032A SANDED BALSA FINISH,FRASER,64200.,7,2.21,0.525,0.0208,polars/raw/ALL.PD,7213
ST8-PD-098-01,98,SD7032A SANDED BALSA FINISH,FRASER,64200.,8,3.22,0.610,0.0215,polars/raw/ALL.PD,7214
ST8-PD-098-01,98,SD7032A SANDED BALSA FINISH,FRASER,64200.,9,4.24,0.692,0.0223,polars/raw/ALL.PD,7215
ST8-PD-098-01,98,SD7032A SANDED BALSA FINISH,FRASER,64200.,10,5.26,0.779,0.0228,polars/raw/ALL.PD,7216
ST8-PD-098-01,98,SD7032A SANDED BALSA FINISH,FRASER,64200.,11,6.28,0.851,0.0252,polars/raw/ALL.PD,7217
ST8-PD-098-01,98,SD7032A SANDED BALSA FINISH,FRASER,64200.,12,7.29,0.927,0.0273,polars/raw/ALL.PD,7218
ST8-PD-098-01,98,SD7032A SANDED BALSA FINISH,FRASER,64200.,13,8.31,0.998,0.0329,polars/raw/ALL.PD,7219
ST8-PD-098-01,98,SD7032A SANDED BALSA FINISH,FRASER,64200.,14,9.33,1.065,0.0328,polars/raw/ALL.PD,7220
ST8-PD-098-01,98,SD7032A SANDED BALSA FINISH,FRASER,64200.,15,10.34,1.117,0.0376,polars/raw/ALL.PD,7221
ST8-PD-098-01,98,SD7032A SANDED BALSA FINISH,FRASER,64200.,16,11.34,1.151,0.0424,polars/raw/ALL.PD,7222
ST8-PD-098-01,98,SD7032A SANDED BALSA FINISH,FRASER,64200.,17,12.33,1.109,0.0494,polars/raw/ALL.PD,7223
ST8-PD-098-01,98,SD7032A SANDED BALSA FINISH,FRASER,64200.,18,13.28,0.813,0.2163,polars/raw/ALL.PD,7224
ST8-PD-098-02,98,SD7032A SANDED BALSA FINISH,FRASER,104600.,1,-3.93,-.045,0.0221,polars/raw/ALL.PD,7227
ST8-PD-098-02,98,SD7032A SANDED BALSA FINISH,FRASER,104600.,2,-2.90,0.098,0.0186,polars/raw/ALL.PD,7228
ST8-PD-098-02,98,SD7032A SANDED BALSA FINISH,FRASER,104600.,3,-1.86,0.233,0.0150,polars/raw/ALL.PD,7229
ST8-PD-098-02,98,SD7032A SANDED BALSA FINISH,FRASER,104600.,4,-0.83,0.360,0.0134,polars/raw/ALL.PD,7230
ST8-PD-098-02,98,SD7032A SANDED BALSA FINISH,FRASER,104600.,5,0.19,0.472,0.0131,polars/raw/ALL.PD,7231
ST8-PD-098-02,98,SD7032A SANDED BALSA FINISH,FRASER,104600.,6,1.22,0.567,0.0137,polars/raw/ALL.PD,7232
ST8-PD-098-02,98,SD7032A SANDED BALSA FINISH,FRASER,104600.,7,2.24,0.654,0.0141,polars/raw/ALL.PD,7233
ST8-PD-098-02,98,SD7032A SANDED BALSA FINISH,FRASER,104600.,8,3.25,0.744,0.0156,polars/raw/ALL.PD,7234
ST8-PD-098-02,98,SD7032A SANDED BALSA FINISH,FRASER,104600.,9,4.27,0.831,0.0164,polars/raw/ALL.PD,7235
ST8-PD-098-02,98,SD7032A SANDED BALSA FINISH,FRASER,104600.,10,5.29,0.915,0.0179,polars/raw/ALL.PD,7236
ST8-PD-098-02,98,SD7032A SANDED BALSA FINISH,FRASER,104600.,11,6.31,0.997,0.0209,polars/raw/ALL.PD,7237
ST8-PD-098-02,98,SD7032A SANDED BALSA FINISH,FRASER,104600.,12,7.32,1.076,0.0221,polars/raw/ALL.PD,7238
ST8-PD-098-02,98,SD7032A SANDED BALSA FINISH,FRASER,104600.,13,8.35,1.154,0.0242,polars/raw/ALL.PD,7239
ST8-PD-098-02,98,SD7032A SANDED BALSA FINISH,FRASER,104600.,14,9.36,1.214,0.0271,polars/raw/ALL.PD,7240
ST8-PD-098-02,98,SD7032A SANDED BALSA FINISH,FRASER,104600.,15,10.37,1.243,0.0341,polars/raw/ALL.PD,7241
ST8-PD-098-02,98,SD7032A SANDED BALSA FINISH,FRASER,104600.,16,11.38,1.267,0.0407,polars/raw/ALL.PD,7242
ST8-PD-098-03,98,SD7032A SANDED BALSA FINISH,FRASER,200100.,1,-3.92,0.095,0.0168,polars/raw/ALL.PD,7245
ST8-PD-098-03,98,SD7032A SANDED BALSA FINISH,FRASER,200100.,2,-2.88,0.213,0.0132,polars/raw/ALL.PD,7246
ST8-PD-098-03,98,SD7032A SANDED BALSA FINISH,FRASER,200100.,3,-1.85,0.319,0.0105,polars/raw/ALL.PD,7247
ST8-PD-098-03,98,SD7032A SANDED BALSA FINISH,FRASER,200100.,4,-0.84,0.404,0.0097,polars/raw/ALL.PD,7248
ST8-PD-098-03,98,SD7032A SANDED BALSA FINISH,FRASER,200100.,5,0.19,0.499,0.0098,polars/raw/ALL.PD,7249
ST8-PD-098-03,98,SD7032A SANDED BALSA FINISH,FRASER,200100.,6,1.20,0.594,0.0108,polars/raw/ALL.PD,7250
ST8-PD-098-03,98,SD7032A SANDED BALSA FINISH,FRASER,200100.,7,2.24,0.689,0.0120,polars/raw/ALL.PD,7251
ST8-PD-098-03,98,SD7032A SANDED BALSA FINISH,FRASER,200100.,8,3.25,0.782,0.0132,polars/raw/ALL.PD,7252
ST8-PD-098-03,98,SD7032A SANDED BALSA FINISH,FRASER,200100.,9,4.28,0.873,0.0145,polars/raw/ALL.PD,7253
ST8-PD-098-03,98,SD7032A SANDED BALSA FINISH,FRASER,200100.,10,5.29,0.961,0.0157,polars/raw/ALL.PD,7254
ST8-PD-098-03,98,SD7032A SANDED BALSA FINISH,FRASER,200100.,11,6.32,1.043,0.0175,polars/raw/ALL.PD,7255
ST8-PD-098-03,98,SD7032A SANDED BALSA FINISH,FRASER,200100.,12,7.34,1.116,0.0196,polars/raw/ALL.PD,7256
ST8-PD-098-03,98,SD7032A SANDED BALSA FINISH,FRASER,200100.,13,8.34,1.180,0.0219,polars/raw/ALL.PD,7257
ST8-PD-098-03,98,SD7032A SANDED BALSA FINISH,FRASER,200100.,14,9.35,1.232,0.0257,polars/raw/ALL.PD,7258
ST8-PD-098-03,98,SD7032A SANDED BALSA FINISH,FRASER,200100.,15,10.37,1.272,0.0316,polars/raw/ALL.PD,7259
ST8-PD-098-03,98,SD7032A SANDED BALSA FINISH,FRASER,200100.,16,11.37,1.293,0.0386,polars/raw/ALL.PD,7260
ST8-PD-098-03,98,SD7032A SANDED BALSA FINISH,FRASER,200100.,17,12.36,1.282,0.0635,polars/raw/ALL.PD,7261
ST8-PD-098-03,98,SD7032A SANDED BALSA FINISH,FRASER,200100.,18,13.36,1.256,0.0588,polars/raw/ALL.PD,7262
ST8-PD-098-03,98,SD7032A SANDED BALSA FINISH,FRASER,200100.,19,14.31,1.201,0.0966,polars/raw/ALL.PD,7263
ST8-PD-098-04,98,SD7032A SANDED BALSA FINISH,FRASER,301700.,1,-3.91,0.039,0.0144,polars/raw/ALL.PD,7266
ST8-PD-098-04,98,SD7032A SANDED BALSA FINISH,FRASER,301700.,2,-2.89,0.140,0.0125,polars/raw/ALL.PD,7267
ST8-PD-098-04,98,SD7032A SANDED BALSA FINISH,FRASER,301700.,3,-1.87,0.242,0.0110,polars/raw/ALL.PD,7268
ST8-PD-098-04,98,SD7032A SANDED BALSA FINISH,FRASER,301700.,4,-0.84,0.340,0.0100,polars/raw/ALL.PD,7269
ST8-PD-098-04,98,SD7032A SANDED BALSA FINISH,FRASER,301700.,5,0.18,0.431,0.0098,polars/raw/ALL.PD,7270
ST8-PD-098-04,98,SD7032A SANDED BALSA FINISH,FRASER,301700.,6,1.20,0.524,0.0102,polars/raw/ALL.PD,7271
ST8-PD-098-04,98,SD7032A SANDED BALSA FINISH,FRASER,301700.,7,2.21,0.620,0.0110,polars/raw/ALL.PD,7272
ST8-PD-098-04,98,SD7032A SANDED BALSA FINISH,FRASER,301700.,8,3.23,0.712,0.0122,polars/raw/ALL.PD,7273
ST8-PD-098-04,98,SD7032A SANDED BALSA FINISH,FRASER,301700.,9,4.25,0.804,0.0130,polars/raw/ALL.PD,7274
ST8-PD-098-04,98,SD7032A SANDED BALSA FINISH,FRASER,301700.,10,5.27,0.891,0.0143,polars/raw/ALL.PD,7275
ST8-PD-098-04,98,SD7032A SANDED BALSA FINISH,FRASER,301700.,11,6.26,0.965,0.0154,polars/raw/ALL.PD,7276
ST8-PD-098-04,98,SD7032A SANDED BALSA FINISH,FRASER,301700.,12,7.29,1.045,0.0178,polars/raw/ALL.PD,7277
ST8-PD-098-04,98,SD7032A SANDED BALSA FINISH,FRASER,301700.,13,8.31,1.115,0.0200,polars/raw/ALL.PD,7278
ST8-PD-099-01,99,SD7032B,FRASER,61200.,1,-3.92,-.069,0.0248,polars/raw/ALL.PD,7287
ST8-PD-099-01,99,SD7032B,FRASER,61200.,2,-2.90,0.012,0.0214,polars/raw/ALL.PD,7288
ST8-PD-099-01,99,SD7032B,FRASER,61200.,3,-1.89,0.091,0.0161,polars/raw/ALL.PD,7289
ST8-PD-099-01,99,SD7032B,FRASER,61200.,4,-0.87,0.206,0.0175,polars/raw/ALL.PD,7290
ST8-PD-099-01,99,SD7032B,FRASER,61200.,5,0.17,0.357,0.0202,polars/raw/ALL.PD,7291
ST8-PD-099-01,99,SD7032B,FRASER,61200.,6,1.20,0.501,0.0219,polars/raw/ALL.PD,7292
ST8-PD-099-01,99,SD7032B,FRASER,61200.,7,2.23,0.603,0.0220,polars/raw/ALL.PD,7293
ST8-PD-099-01,99,SD7032B,FRASER,61200.,8,3.25,0.679,0.0205,polars/raw/ALL.PD,7294
ST8-PD-099-01,99,SD7032B,FRASER,61200.,9,4.26,0.764,0.0197,polars/raw/ALL.PD,7295
ST8-PD-099-01,99,SD7032B,FRASER,61200.,10,5.27,0.839,0.0274,polars/raw/ALL.PD,7296
ST8-PD-099-01,99,SD7032B,FRASER,61200.,11,6.29,0.909,0.0256,polars/raw/ALL.PD,7297
ST8-PD-099-01,99,SD7032B,FRASER,61200.,12,7.31,0.973,0.0295,polars/raw/ALL.PD,7298
ST8-PD-099-01,99,SD7032B,FRASER,61200.,13,8.31,1.037,0.0333,polars/raw/ALL.PD,7299
ST8-PD-099-01,99,SD7032B,FRASER,61200.,14,9.33,1.106,0.0328,polars/raw/ALL.PD,7300
ST8-PD-099-01,99,SD7032B,FRASER,61200.,15,10.34,1.151,0.0398,polars/raw/ALL.PD,7301
ST8-PD-099-01,99,SD7032B,FRASER,61200.,16,11.35,1.167,0.0477,polars/raw/ALL.PD,7302
ST8-PD-099-02,99,SD7032B,FRASER,101300.,1,-3.92,-.050,0.0217,polars/raw/ALL.PD,7305
ST8-PD-099-02,99,SD7032B,FRASER,101300.,2,-2.89,0.076,0.0178,polars/raw/ALL.PD,7306
ST8-PD-099-02,99,SD7032B,FRASER,101300.,3,-1.86,0.207,0.0145,polars/raw/ALL.PD,7307
ST8-PD-099-02,99,SD7032B,FRASER,101300.,4,-0.84,0.341,0.0143,polars/raw/ALL.PD,7308
ST8-PD-099-02,99,SD7032B,FRASER,101300.,5,0.19,0.457,0.0148,polars/raw/ALL.PD,7309
ST8-PD-099-02,99,SD7032B,FRASER,101300.,6,1.21,0.553,0.0139,polars/raw/ALL.PD,7310
ST8-PD-099-02,99,SD7032B,FRASER,101300.,7,2.23,0.642,0.0144,polars/raw/ALL.PD,7311
ST8-PD-099-02,99,SD7032B,FRASER,101300.,8,3.25,0.729,0.0152,polars/raw/ALL.PD,7312
ST8-PD-099-02,99,SD7032B,FRASER,101300.,9,4.26,0.816,0.0176,polars/raw/ALL.PD,7313
ST8-PD-099-02,99,SD7032B,FRASER,101300.,10,5.28,0.903,0.0192,polars/raw/ALL.PD,7314
ST8-PD-099-02,99,SD7032B,FRASER,101300.,11,6.30,0.981,0.0219,polars/raw/ALL.PD,7315
ST8-PD-099-02,99,SD7032B,FRASER,101300.,12,7.32,1.053,0.0253,polars/raw/ALL.PD,7316
ST8-PD-099-02,99,SD7032B,FRASER,101300.,13,8.34,1.131,0.0242,polars/raw/ALL.PD,7317
ST8-PD-099-02,99,SD7032B,FRASER,101300.,14,9.35,1.192,0.0274,polars/raw/ALL.PD,7318
ST8-PD-099-02,99,SD7032B,FRASER,101300.,15,10.37,1.254,0.0310,polars/raw/ALL.PD,7319
ST8-PD-099-02,99,SD7032B,FRASER,101300.,16,11.37,1.267,0.0416,polars/raw/ALL.PD,7320
ST8-PD-099-03,99,SD7032B,FRASER,203400.,1,-3.91,0.067,0.0153,polars/raw/ALL.PD,7323
ST8-PD-099-03,99,SD7032B,FRASER,203400.,2,-2.88,0.196,0.0123,polars/raw/ALL.PD,7324
ST8-PD-099-03,99,SD7032B,FRASER,203400.,3,-1.85,0.301,0.0100,polars/raw/ALL.PD,7325
ST8-PD-099-03,99,SD7032B,FRASER,203400.,4,-0.83,0.383,0.0093,polars/raw/ALL.PD,7326
ST8-PD-099-03,99,SD7032B,FRASER,203400.,5,0.19,0.483,0.0096,polars/raw/ALL.PD,7327
ST8-PD-099-03,99,SD7032B,FRASER,203400.,6,1.21,0.582,0.0102,polars/raw/ALL.PD,7328
ST8-PD-099-03,99,SD7032B,FRASER,203400.,7,2.24,0.675,0.0108,polars/raw/ALL.PD,7329
ST8-PD-099-03,99,SD7032B,FRASER,203400.,8,3.24,0.768,0.0120,polars/raw/ALL.PD,7330
ST8-PD-099-03,99,SD7032B,FRASER,203400.,9,4.27,0.860,0.0139,polars/raw/ALL.PD,7331
ST8-PD-099-03,99,SD7032B,FRASER,203400.,10,5.30,0.952,0.0146,polars/raw/ALL.PD,7332
ST8-PD-099-03,99,SD7032B,FRASER,203400.,11,6.31,1.040,0.0156,polars/raw/ALL.PD,7333
ST8-PD-099-03,99,SD7032B,FRASER,203400.,12,7.34,1.124,0.0172,polars/raw/ALL.PD,7334
ST8-PD-099-03,99,SD7032B,FRASER,203400.,13,8.34,1.194,0.0187,polars/raw/ALL.PD,7335
ST8-PD-099-03,99,SD7032B,FRASER,203400.,14,9.35,1.257,0.0213,polars/raw/ALL.PD,7336
ST8-PD-099-03,99,SD7032B,FRASER,203400.,15,10.37,1.305,0.0263,polars/raw/ALL.PD,7337
ST8-PD-099-03,99,SD7032B,FRASER,203400.,16,11.38,1.337,0.0312,polars/raw/ALL.PD,7338
ST8-PD-099-04,99,SD7032B,FRASER,305400.,1,-3.88,0.100,0.0117,polars/raw/ALL.PD,7341
ST8-PD-099-04,99,SD7032B,FRASER,305400.,2,-2.87,0.213,0.0101,polars/raw/ALL.PD,7342
ST8-PD-099-04,99,SD7032B,FRASER,305400.,3,-1.85,0.318,0.0088,polars/raw/ALL.PD,7343
ST8-PD-099-04,99,SD7032B,FRASER,305400.,4,-0.83,0.413,0.0081,polars/raw/ALL.PD,7344
ST8-PD-099-04,99,SD7032B,FRASER,305400.,5,0.19,0.499,0.0082,polars/raw/ALL.PD,7345
ST8-PD-099-04,99,SD7032B,FRASER,305400.,6,1.22,0.594,0.0093,polars/raw/ALL.PD,7346
ST8-PD-099-04,99,SD7032B,FRASER,305400.,7,2.22,0.689,0.0104,polars/raw/ALL.PD,7347
ST8-PD-099-04,99,SD7032B,FRASER,305400.,8,3.26,0.786,0.0115,polars/raw/ALL.PD,7348
ST8-PD-099-04,99,SD7032B,FRASER,305400.,9,4.26,0.879,0.0124,polars/raw/ALL.PD,7349
ST8-PD-099-04,99,SD7032B,FRASER,305400.,10,5.30,0.970,0.0136,polars/raw/ALL.PD,7350
ST8-PD-099-04,99,SD7032B,FRASER,305400.,11,6.30,1.052,0.0142,polars/raw/ALL.PD,7351
ST8-PD-099-04,99,SD7032B,FRASER,305400.,12,7.31,1.125,0.0157,polars/raw/ALL.PD,7352
ST8-PD-099-04,99,SD7032B,FRASER,305400.,13,8.34,1.199,0.0183,polars/raw/ALL.PD,7353
ST8-PD-099-04,99,SD7032B,FRASER,305400.,14,9.34,1.257,0.0212,polars/raw/ALL.PD,7354
ST8-PD-099-04,99,SD7032B,FRASER,305400.,15,10.36,1.309,0.0254,polars/raw/ALL.PD,7355
ST8-PD-099-04,99,SD7032B,FRASER,305400.,16,11.37,1.344,0.0306,polars/raw/ALL.PD,7356
ST8-PD-100-01,100,SD7032C F0,FRASER,62200.,1,-3.92,-.058,0.0216,polars/raw/ALL.PD,7365
ST8-PD-100-01,100,SD7032C F0,FRASER,62200.,2,-2.92,0.023,0.0172,polars/raw/ALL.PD,7366
ST8-PD-100-01,100,SD7032C F0,FRASER,62200.,3,-1.88,0.126,0.0194,polars/raw/ALL.PD,7367
ST8-PD-100-01,100,SD7032C F0,FRASER,62200.,4,-0.85,0.269,0.0218,polars/raw/ALL.PD,7368
ST8-PD-100-01,100,SD7032C F0,FRASER,62200.,5,0.18,0.405,0.0226,polars/raw/ALL.PD,7369
ST8-PD-100-01,100,SD7032C F0,FRASER,62200.,6,1.20,0.542,0.0206,polars/raw/ALL.PD,7370
ST8-PD-100-01,100,SD7032C F0,FRASER,62200.,7,2.22,0.621,0.0238,polars/raw/ALL.PD,7371
ST8-PD-100-01,100,SD7032C F0,FRASER,62200.,8,3.25,0.722,0.0243,polars/raw/ALL.PD,7372
ST8-PD-100-01,100,SD7032C F0,FRASER,62200.,9,4.25,0.764,0.0248,polars/raw/ALL.PD,7373
ST8-PD-100-01,100,SD7032C F0,FRASER,62200.,10,5.27,0.831,0.0246,polars/raw/ALL.PD,7374
ST8-PD-100-01,100,SD7032C F0,FRASER,62200.,11,6.28,0.896,0.0301,polars/raw/ALL.PD,7375
ST8-PD-100-01,100,SD7032C F0,FRASER,62200.,12,7.30,0.982,0.0302,polars/raw/ALL.PD,7376
ST8-PD-100-01,100,SD7032C F0,FRASER,62200.,13,8.32,1.072,0.0368,polars/raw/ALL.PD,7377
ST8-PD-100-01,100,SD7032C F0,FRASER,62200.,14,9.33,1.146,0.0335,polars/raw/ALL.PD,7378
ST8-PD-100-02,100,SD7032C F0,FRASER,102100.,1,-2.89,0.111,0.0194,polars/raw/ALL.PD,7381
ST8-PD-100-02,100,SD7032C F0,FRASER,102100.,2,-1.85,0.244,0.0161,polars/raw/ALL.PD,7382
ST8-PD-100-02,100,SD7032C F0,FRASER,102100.,3,-0.84,0.362,0.0159,polars/raw/ALL.PD,7383
ST8-PD-100-02,100,SD7032C F0,FRASER,102100.,4,0.19,0.479,0.0148,polars/raw/ALL.PD,7384
ST8-PD-100-02,100,SD7032C F0,FRASER,102100.,5,1.22,0.570,0.0148,polars/raw/ALL.PD,7385
ST8-PD-100-02,100,SD7032C F0,FRASER,102100.,6,2.24,0.663,0.0152,polars/raw/ALL.PD,7386
ST8-PD-100-02,100,SD7032C F0,FRASER,102100.,7,3.26,0.753,0.0159,polars/raw/ALL.PD,7387
ST8-PD-100-02,100,SD7032C F0,FRASER,102100.,8,4.27,0.844,0.0176,polars/raw/ALL.PD,7388
ST8-PD-100-02,100,SD7032C F0,FRASER,102100.,9,5.30,0.927,0.0186,polars/raw/ALL.PD,7389
ST8-PD-100-02,100,SD7032C F0,FRASER,102100.,10,6.31,1.011,0.0217,polars/raw/ALL.PD,7390
ST8-PD-100-02,100,SD7032C F0,FRASER,102100.,11,7.33,1.091,0.0235,polars/raw/ALL.PD,7391
ST8-PD-100-02,100,SD7032C F0,FRASER,102100.,12,8.34,1.177,0.0241,polars/raw/ALL.PD,7392
ST8-PD-100-02,100,SD7032C F0,FRASER,102100.,13,9.36,1.250,0.0280,polars/raw/ALL.PD,7393
ST8-PD-100-02,100,SD7032C F0,FRASER,102100.,14,10.38,1.281,0.0334,polars/raw/ALL.PD,7394
ST8-PD-100-02,100,SD7032C F0,FRASER,102100.,15,11.38,1.304,0.0382,polars/raw/ALL.PD,7395
ST8-PD-100-03,100,SD7032C F0,FRASER,151200.,1,-3.91,0.075,0.0156,polars/raw/ALL.PD,7398
ST8-PD-100-03,100,SD7032C F0,FRASER,151200.,2,-2.88,0.196,0.0137,polars/raw/ALL.PD,7399
ST8-PD-100-03,100,SD7032C F0,FRASER,151200.,3,-1.86,0.290,0.0117,polars/raw/ALL.PD,7400
ST8-PD-100-03,100,SD7032C F0,FRASER,151200.,4,-0.85,0.383,0.0112,polars/raw/ALL.PD,7401
ST8-PD-100-03,100,SD7032C F0,FRASER,151200.,5,0.18,0.485,0.0118,polars/raw/ALL.PD,7402
ST8-PD-100-03,100,SD7032C F0,FRASER,151200.,6,1.20,0.588,0.0121,polars/raw/ALL.PD,7403
ST8-PD-100-03,100,SD7032C F0,FRASER,151200.,7,2.23,0.684,0.0132,polars/raw/ALL.PD,7404
ST8-PD-100-03,100,SD7032C F0,FRASER,151200.,8,3.24,0.780,0.0141,polars/raw/ALL.PD,7405
ST8-PD-100-03,100,SD7032C F0,FRASER,151200.,9,4.27,0.871,0.0166,polars/raw/ALL.PD,7406
ST8-PD-100-03,100,SD7032C F0,FRASER,151200.,10,5.30,0.963,0.0188,polars/raw/ALL.PD,7407
ST8-PD-100-03,100,SD7032C F0,FRASER,151200.,11,6.31,1.051,0.0196,polars/raw/ALL.PD,7408
ST8-PD-100-03,100,SD7032C F0,FRASER,151200.,12,7.32,1.139,0.0201,polars/raw/ALL.PD,7409
ST8-PD-100-03,100,SD7032C F0,FRASER,151200.,13,8.35,1.218,0.0236,polars/raw/ALL.PD,7410
ST8-PD-100-03,100,SD7032C F0,FRASER,151200.,14,9.36,1.274,0.0275,polars/raw/ALL.PD,7411
ST8-PD-100-03,100,SD7032C F0,FRASER,151200.,15,10.37,1.312,0.0319,polars/raw/ALL.PD,7412
ST8-PD-100-03,100,SD7032C F0,FRASER,151200.,16,11.37,1.305,0.0528,polars/raw/ALL.PD,7413
ST8-PD-100-04,100,SD7032C F0,FRASER,200300.,1,-2.89,0.196,0.0129,polars/raw/ALL.PD,7416
ST8-PD-100-04,100,SD7032C F0,FRASER,200300.,2,-1.85,0.300,0.0107,polars/raw/ALL.PD,7417
ST8-PD-100-04,100,SD7032C F0,FRASER,200300.,3,-0.83,0.387,0.0090,polars/raw/ALL.PD,7418
ST8-PD-100-04,100,SD7032C F0,FRASER,200300.,4,0.20,0.493,0.0088,polars/raw/ALL.PD,7419
ST8-PD-100-04,100,SD7032C F0,FRASER,200300.,5,1.23,0.592,0.0099,polars/raw/ALL.PD,7420
ST8-PD-100-04,100,SD7032C F0,FRASER,200300.,6,2.24,0.686,0.0112,polars/raw/ALL.PD,7421
ST8-PD-100-04,100,SD7032C F0,FRASER,200300.,7,3.26,0.777,0.0123,polars/raw/ALL.PD,7422
ST8-PD-100-04,100,SD7032C F0,FRASER,200300.,8,4.28,0.869,0.0141,polars/raw/ALL.PD,7423
ST8-PD-100-04,100,SD7032C F0,FRASER,200300.,9,5.30,0.959,0.0155,polars/raw/ALL.PD,7424
ST8-PD-100-04,100,SD7032C F0,FRASER,200300.,10,6.32,1.048,0.0167,polars/raw/ALL.PD,7425
ST8-PD-100-04,100,SD7032C F0,FRASER,200300.,11,7.33,1.127,0.0178,polars/raw/ALL.PD,7426
ST8-PD-100-04,100,SD7032C F0,FRASER,200300.,12,8.35,1.197,0.0195,polars/raw/ALL.PD,7427
ST8-PD-100-04,100,SD7032C F0,FRASER,200300.,13,9.36,1.258,0.0226,polars/raw/ALL.PD,7428
ST8-PD-100-04,100,SD7032C F0,FRASER,200300.,14,10.38,1.303,0.0270,polars/raw/ALL.PD,7429
ST8-PD-100-04,100,SD7032C F0,FRASER,200300.,15,11.37,1.328,0.0331,polars/raw/ALL.PD,7430
ST8-PD-100-05,100,SD7032C F0,FRASER,302000.,1,-2.87,0.185,0.0108,polars/raw/ALL.PD,7433
ST8-PD-100-05,100,SD7032C F0,FRASER,302000.,2,-1.84,0.294,0.0092,polars/raw/ALL.PD,7434
ST8-PD-100-05,100,SD7032C F0,FRASER,302000.,3,-0.85,0.387,0.0081,polars/raw/ALL.PD,7435
ST8-PD-100-05,100,SD7032C F0,FRASER,302000.,4,0.20,0.482,0.0083,polars/raw/ALL.PD,7436
ST8-PD-100-05,100,SD7032C F0,FRASER,302000.,5,1.20,0.575,0.0091,polars/raw/ALL.PD,7437
ST8-PD-100-05,100,SD7032C F0,FRASER,302000.,6,2.22,0.668,0.0102,polars/raw/ALL.PD,7438
ST8-PD-100-05,100,SD7032C F0,FRASER,302000.,7,3.25,0.764,0.0114,polars/raw/ALL.PD,7439
ST8-PD-100-05,100,SD7032C F0,FRASER,302000.,8,4.26,0.857,0.0121,polars/raw/ALL.PD,7440
ST8-PD-100-05,100,SD7032C F0,FRASER,302000.,9,5.28,0.947,0.0131,polars/raw/ALL.PD,7441
ST8-PD-100-05,100,SD7032C F0,FRASER,302000.,10,6.30,1.025,0.0140,polars/raw/ALL.PD,7442
ST8-PD-100-05,100,SD7032C F0,FRASER,302000.,11,7.33,1.108,0.0155,polars/raw/ALL.PD,7443
ST8-PD-100-05,100,SD7032C F0,FRASER,302000.,12,8.33,1.179,0.0174,polars/raw/ALL.PD,7444
ST8-PD-100-05,100,SD7032C F0,FRASER,302000.,13,9.34,1.239,0.0203,polars/raw/ALL.PD,7445
ST8-PD-100-05,100,SD7032C F0,FRASER,302000.,14,10.36,1.292,0.0237,polars/raw/ALL.PD,7446
ST8-PD-100-05,100,SD7032C F0,FRASER,302000.,15,11.38,1.325,0.0292,polars/raw/ALL.PD,7447
ST8-PD-100-05,100,SD7032C F0,FRASER,302000.,16,12.37,1.330,0.0333,polars/raw/ALL.PD,7448
ST8-PD-100-05,100,SD7032C F0,FRASER,302000.,17,13.35,1.291,0.0524,polars/raw/ALL.PD,7449
ST8-PD-101-01,101,SD7032C NF3,FRASER,62600.,1,-2.94,-.122,0.0216,polars/raw/ALL.PD,7458
ST8-PD-101-01,101,SD7032C NF3,FRASER,62600.,2,-1.92,-.033,0.0185,polars/raw/ALL.PD,7459
ST8-PD-101-01,101,SD7032C NF3,FRASER,62600.,3,-0.91,0.089,0.0167,polars/raw/ALL.PD,7460
ST8-PD-101-01,101,SD7032C NF3,FRASER,62600.,4,0.13,0.243,0.0173,polars/raw/ALL.PD,7461
ST8-PD-101-01,101,SD7032C NF3,FRASER,62600.,5,1.17,0.362,0.0204,polars/raw/ALL.PD,7462
ST8-PD-101-01,101,SD7032C NF3,FRASER,62600.,6,2.20,0.442,0.0216,polars/raw/ALL.PD,7463
ST8-PD-101-01,101,SD7032C NF3,FRASER,62600.,7,3.21,0.521,0.0212,polars/raw/ALL.PD,7464
ST8-PD-101-01,101,SD7032C NF3,FRASER,62600.,8,4.22,0.605,0.0250,polars/raw/ALL.PD,7465
ST8-PD-101-01,101,SD7032C NF3,FRASER,62600.,9,5.24,0.691,0.0266,polars/raw/ALL.PD,7466
ST8-PD-101-01,101,SD7032C NF3,FRASER,62600.,10,6.25,0.774,0.0259,polars/raw/ALL.PD,7467
ST8-PD-101-01,101,SD7032C NF3,FRASER,62600.,11,7.28,0.851,0.0280,polars/raw/ALL.PD,7468
ST8-PD-101-01,101,SD7032C NF3,FRASER,62600.,12,8.30,0.924,0.0291,polars/raw/ALL.PD,7469
ST8-PD-101-01,101,SD7032C NF3,FRASER,62600.,13,9.31,1.002,0.0325,polars/raw/ALL.PD,7470
ST8-PD-101-01,101,SD7032C NF3,FRASER,62600.,14,10.33,1.067,0.0335,polars/raw/ALL.PD,7471
ST8-PD-101-01,101,SD7032C NF3,FRASER,62600.,15,11.34,1.108,0.0403,polars/raw/ALL.PD,7472
ST8-PD-101-02,101,SD7032C NF3,FRASER,101500.,1,-2.93,-.056,0.0188,polars/raw/ALL.PD,7475
ST8-PD-101-02,101,SD7032C NF3,FRASER,101500.,2,-1.91,0.067,0.0142,polars/raw/ALL.PD,7476
ST8-PD-101-02,101,SD7032C NF3,FRASER,101500.,3,-0.88,0.175,0.0127,polars/raw/ALL.PD,7477
ST8-PD-101-02,101,SD7032C NF3,FRASER,101500.,4,0.15,0.269,0.0141,polars/raw/ALL.PD,7478
ST8-PD-101-02,101,SD7032C NF3,FRASER,101500.,5,1.17,0.347,0.0140,polars/raw/ALL.PD,7479
ST8-PD-101-02,101,SD7032C NF3,FRASER,101500.,6,2.19,0.433,0.0138,polars/raw/ALL.PD,7480
ST8-PD-101-02,101,SD7032C NF3,FRASER,101500.,7,3.21,0.525,0.0150,polars/raw/ALL.PD,7481
ST8-PD-101-02,101,SD7032C NF3,FRASER,101500.,8,4.22,0.613,0.0163,polars/raw/ALL.PD,7482
ST8-PD-101-02,101,SD7032C NF3,FRASER,101500.,9,5.24,0.707,0.0173,polars/raw/ALL.PD,7483
ST8-PD-101-02,101,SD7032C NF3,FRASER,101500.,10,6.26,0.794,0.0193,polars/raw/ALL.PD,7484
ST8-PD-101-02,101,SD7032C NF3,FRASER,101500.,11,7.29,0.877,0.0202,polars/raw/ALL.PD,7485
ST8-PD-101-02,101,SD7032C NF3,FRASER,101500.,12,8.30,0.964,0.0225,polars/raw/ALL.PD,7486
ST8-PD-101-02,101,SD7032C NF3,FRASER,101500.,13,9.31,1.049,0.0237,polars/raw/ALL.PD,7487
ST8-PD-101-02,101,SD7032C NF3,FRASER,101500.,14,10.34,1.125,0.0263,polars/raw/ALL.PD,7488
ST8-PD-101-02,101,SD7032C NF3,FRASER,101500.,15,11.35,1.167,0.0320,polars/raw/ALL.PD,7489
ST8-PD-101-02,101,SD7032C NF3,FRASER,101500.,16,12.34,1.195,0.0394,polars/raw/ALL.PD,7490
ST8-PD-101-02,101,SD7032C NF3,FRASER,101500.,17,13.36,1.206,0.0443,polars/raw/ALL.PD,7491
ST8-PD-101-03,101,SD7032C NF3,FRASER,200800.,1,-7.01,-.441,0.0772,polars/raw/ALL.PD,7494
ST8-PD-101-03,101,SD7032C NF3,FRASER,200800.,2,-6.02,-.352,0.0531,polars/raw/ALL.PD,7495
ST8-PD-101-03,101,SD7032C NF3,FRASER,200800.,3,-4.96,-.231,0.0277,polars/raw/ALL.PD,7496
ST8-PD-101-03,101,SD7032C NF3,FRASER,200800.,4,-3.96,-.128,0.0182,polars/raw/ALL.PD,7497
ST8-PD-101-03,101,SD7032C NF3,FRASER,200800.,5,-2.93,-.042,0.0151,polars/raw/ALL.PD,7498
ST8-PD-101-03,101,SD7032C NF3,FRASER,200800.,6,-1.91,0.052,0.0127,polars/raw/ALL.PD,7499
ST8-PD-101-03,101,SD7032C NF3,FRASER,200800.,7,-0.89,0.137,0.0103,polars/raw/ALL.PD,7500
ST8-PD-101-03,101,SD7032C NF3,FRASER,200800.,8,0.13,0.223,0.0091,polars/raw/ALL.PD,7501
ST8-PD-101-03,101,SD7032C NF3,FRASER,200800.,9,1.17,0.333,0.0093,polars/raw/ALL.PD,7502
ST8-PD-101-03,101,SD7032C NF3,FRASER,200800.,10,2.17,0.427,0.0106,polars/raw/ALL.PD,7503
ST8-PD-101-03,101,SD7032C NF3,FRASER,200800.,11,3.20,0.523,0.0107,polars/raw/ALL.PD,7504
ST8-PD-101-03,101,SD7032C NF3,FRASER,200800.,12,4.22,0.624,0.0123,polars/raw/ALL.PD,7505
ST8-PD-101-03,101,SD7032C NF3,FRASER,200800.,13,5.25,0.720,0.0136,polars/raw/ALL.PD,7506
ST8-PD-101-03,101,SD7032C NF3,FRASER,200800.,14,6.26,0.813,0.0147,polars/raw/ALL.PD,7507
ST8-PD-101-03,101,SD7032C NF3,FRASER,200800.,15,7.28,0.904,0.0158,polars/raw/ALL.PD,7508
ST8-PD-101-03,101,SD7032C NF3,FRASER,200800.,16,8.31,0.995,0.0167,polars/raw/ALL.PD,7509
ST8-PD-101-03,101,SD7032C NF3,FRASER,200800.,17,9.33,1.077,0.0182,polars/raw/ALL.PD,7510
ST8-PD-101-03,101,SD7032C NF3,FRASER,200800.,18,10.34,1.153,0.0209,polars/raw/ALL.PD,7511
ST8-PD-101-04,101,SD7032C NF3,FRASER,301600.,1,-4.98,-.226,0.0254,polars/raw/ALL.PD,7514
ST8-PD-101-04,101,SD7032C NF3,FRASER,301600.,2,-3.97,-.135,0.0173,polars/raw/ALL.PD,7515
ST8-PD-101-04,101,SD7032C NF3,FRASER,301600.,3,-2.95,-.048,0.0141,polars/raw/ALL.PD,7516
ST8-PD-101-04,101,SD7032C NF3,FRASER,301600.,4,-1.91,0.049,0.0120,polars/raw/ALL.PD,7517
ST8-PD-101-04,101,SD7032C NF3,FRASER,301600.,5,-0.90,0.147,0.0102,polars/raw/ALL.PD,7518
ST8-PD-101-04,101,SD7032C NF3,FRASER,301600.,6,0.12,0.230,0.0086,polars/raw/ALL.PD,7519
ST8-PD-101-04,101,SD7032C NF3,FRASER,301600.,7,1.13,0.323,0.0086,polars/raw/ALL.PD,7520
ST8-PD-101-04,101,SD7032C NF3,FRASER,301600.,8,2.18,0.426,0.0087,polars/raw/ALL.PD,7521
ST8-PD-101-04,101,SD7032C NF3,FRASER,301600.,9,3.20,0.523,0.0095,polars/raw/ALL.PD,7522
ST8-PD-101-04,101,SD7032C NF3,FRASER,301600.,10,4.22,0.619,0.0104,polars/raw/ALL.PD,7523
ST8-PD-101-04,101,SD7032C NF3,FRASER,301600.,11,5.22,0.713,0.0114,polars/raw/ALL.PD,7524
ST8-PD-101-04,101,SD7032C NF3,FRASER,301600.,12,6.25,0.808,0.0121,polars/raw/ALL.PD,7525
ST8-PD-101-04,101,SD7032C NF3,FRASER,301600.,13,7.28,0.900,0.0132,polars/raw/ALL.PD,7526
ST8-PD-101-04,101,SD7032C NF3,FRASER,301600.,14,8.29,0.984,0.0144,polars/raw/ALL.PD,7527
ST8-PD-101-04,101,SD7032C NF3,FRASER,301600.,15,9.32,1.067,0.0165,polars/raw/ALL.PD,7528
ST8-PD-101-04,101,SD7032C NF3,FRASER,301600.,16,10.34,1.140,0.0189,polars/raw/ALL.PD,7529
ST8-PD-101-04,101,SD7032C NF3,FRASER,301600.,17,11.33,1.198,0.0225,polars/raw/ALL.PD,7530
ST8-PD-101-04,101,SD7032C NF3,FRASER,301600.,18,12.35,1.237,0.0277,polars/raw/ALL.PD,7531
ST8-PD-102-01,102,SD7032C NF6,FRASER,59900.,1,-2.94,-.191,0.0255,polars/raw/ALL.PD,7540
ST8-PD-102-01,102,SD7032C NF6,FRASER,59900.,2,-1.92,-.072,0.0199,polars/raw/ALL.PD,7541
ST8-PD-102-01,102,SD7032C NF6,FRASER,59900.,3,-0.90,0.061,0.0169,polars/raw/ALL.PD,7542
ST8-PD-102-01,102,SD7032C NF6,FRASER,59900.,4,0.14,0.215,0.0177,polars/raw/ALL.PD,7543
ST8-PD-102-01,102,SD7032C NF6,FRASER,59900.,5,1.16,0.334,0.0200,polars/raw/ALL.PD,7544
ST8-PD-102-01,102,SD7032C NF6,FRASER,59900.,6,2.18,0.413,0.0239,polars/raw/ALL.PD,7545
ST8-PD-102-01,102,SD7032C NF6,FRASER,59900.,7,3.20,0.488,0.0279,polars/raw/ALL.PD,7546
ST8-PD-102-01,102,SD7032C NF6,FRASER,59900.,8,4.22,0.568,0.0295,polars/raw/ALL.PD,7547
ST8-PD-102-01,102,SD7032C NF6,FRASER,59900.,9,5.24,0.658,0.0290,polars/raw/ALL.PD,7548
ST8-PD-102-01,102,SD7032C NF6,FRASER,59900.,10,6.25,0.729,0.0319,polars/raw/ALL.PD,7549
ST8-PD-102-01,102,SD7032C NF6,FRASER,59900.,11,7.27,0.808,0.0262,polars/raw/ALL.PD,7550
ST8-PD-102-01,102,SD7032C NF6,FRASER,59900.,12,8.29,0.883,0.0322,polars/raw/ALL.PD,7551
ST8-PD-102-01,102,SD7032C NF6,FRASER,59900.,13,9.30,0.955,0.0336,polars/raw/ALL.PD,7552
ST8-PD-102-01,102,SD7032C NF6,FRASER,59900.,14,10.32,1.027,0.0388,polars/raw/ALL.PD,7553
ST8-PD-102-02,102,SD7032C NF6,FRASER,102000.,1,-2.93,-.114,0.0201,polars/raw/ALL.PD,7556
ST8-PD-102-02,102,SD7032C NF6,FRASER,102000.,2,-1.91,0.004,0.0161,polars/raw/ALL.PD,7557
ST8-PD-102-02,102,SD7032C NF6,FRASER,102000.,3,-0.90,0.090,0.0115,polars/raw/ALL.PD,7558
ST8-PD-102-02,102,SD7032C NF6,FRASER,102000.,4,0.15,0.216,0.0140,polars/raw/ALL.PD,7559
ST8-PD-102-02,102,SD7032C NF6,FRASER,102000.,5,1.16,0.290,0.0150,polars/raw/ALL.PD,7560
ST8-PD-102-02,102,SD7032C NF6,FRASER,102000.,6,2.17,0.369,0.0149,polars/raw/ALL.PD,7561
ST8-PD-102-02,102,SD7032C NF6,FRASER,102000.,7,3.18,0.451,0.0151,polars/raw/ALL.PD,7562
ST8-PD-102-02,102,SD7032C NF6,FRASER,102000.,8,4.22,0.544,0.0160,polars/raw/ALL.PD,7563
ST8-PD-102-02,102,SD7032C NF6,FRASER,102000.,9,5.23,0.638,0.0171,polars/raw/ALL.PD,7564
ST8-PD-102-02,102,SD7032C NF6,FRASER,102000.,10,6.26,0.730,0.0182,polars/raw/ALL.PD,7565
ST8-PD-102-02,102,SD7032C NF6,FRASER,102000.,11,7.28,0.817,0.0206,polars/raw/ALL.PD,7566
ST8-PD-102-02,102,SD7032C NF6,FRASER,102000.,12,8.29,0.906,0.0224,polars/raw/ALL.PD,7567
ST8-PD-102-02,102,SD7032C NF6,FRASER,102000.,13,9.30,0.993,0.0237,polars/raw/ALL.PD,7568
ST8-PD-102-02,102,SD7032C NF6,FRASER,102000.,14,10.34,1.083,0.0246,polars/raw/ALL.PD,7569
ST8-PD-102-02,102,SD7032C NF6,FRASER,102000.,15,11.33,1.131,0.0322,polars/raw/ALL.PD,7570
ST8-PD-102-02,102,SD7032C NF6,FRASER,102000.,16,12.35,1.162,0.0385,polars/raw/ALL.PD,7571
ST8-PD-102-02,102,SD7032C NF6,FRASER,102000.,17,13.35,1.168,0.0536,polars/raw/ALL.PD,7572
ST8-PD-102-03,102,SD7032C NF6,FRASER,201500.,1,-2.94,-.110,0.0164,polars/raw/ALL.PD,7575
ST8-PD-102-03,102,SD7032C NF6,FRASER,201500.,2,-1.91,-.022,0.0140,polars/raw/ALL.PD,7576
ST8-PD-102-03,102,SD7032C NF6,FRASER,201500.,3,-0.90,0.068,0.0114,polars/raw/ALL.PD,7577
ST8-PD-102-03,102,SD7032C NF6,FRASER,201500.,4,0.13,0.141,0.0102,polars/raw/ALL.PD,7578
ST8-PD-102-03,102,SD7032C NF6,FRASER,201500.,5,1.14,0.243,0.0102,polars/raw/ALL.PD,7579
ST8-PD-102-03,102,SD7032C NF6,FRASER,201500.,6,2.17,0.342,0.0096,polars/raw/ALL.PD,7580
ST8-PD-102-03,102,SD7032C NF6,FRASER,201500.,7,3.18,0.436,0.0101,polars/raw/ALL.PD,7581
ST8-PD-102-03,102,SD7032C NF6,FRASER,201500.,8,4.21,0.536,0.0113,polars/raw/ALL.PD,7582
ST8-PD-102-03,102,SD7032C NF6,FRASER,201500.,9,5.23,0.632,0.0124,polars/raw/ALL.PD,7583
ST8-PD-102-03,102,SD7032C NF6,FRASER,201500.,10,6.25,0.728,0.0136,polars/raw/ALL.PD,7584
ST8-PD-102-03,102,SD7032C NF6,FRASER,201500.,11,7.27,0.823,0.0146,polars/raw/ALL.PD,7585
ST8-PD-102-03,102,SD7032C NF6,FRASER,201500.,12,8.29,0.915,0.0158,polars/raw/ALL.PD,7586
ST8-PD-102-03,102,SD7032C NF6,FRASER,201500.,13,9.31,0.999,0.0173,polars/raw/ALL.PD,7587
ST8-PD-102-03,102,SD7032C NF6,FRASER,201500.,14,10.33,1.078,0.0193,polars/raw/ALL.PD,7588
ST8-PD-102-03,102,SD7032C NF6,FRASER,201500.,15,11.34,1.140,0.0236,polars/raw/ALL.PD,7589
ST8-PD-102-03,102,SD7032C NF6,FRASER,201500.,16,12.34,1.183,0.0290,polars/raw/ALL.PD,7590
ST8-PD-102-04,102,SD7032C NF6,FRASER,300700.,1,-2.94,-.127,0.0156,polars/raw/ALL.PD,7593
ST8-PD-102-04,102,SD7032C NF6,FRASER,300700.,2,-1.91,-.034,0.0130,polars/raw/ALL.PD,7594
ST8-PD-102-04,102,SD7032C NF6,FRASER,300700.,3,-0.91,0.058,0.0110,polars/raw/ALL.PD,7595
ST8-PD-102-04,102,SD7032C NF6,FRASER,300700.,4,0.12,0.147,0.0090,polars/raw/ALL.PD,7596
ST8-PD-102-04,102,SD7032C NF6,FRASER,300700.,5,1.13,0.225,0.0095,polars/raw/ALL.PD,7597
ST8-PD-102-04,102,SD7032C NF6,FRASER,300700.,6,2.17,0.326,0.0096,polars/raw/ALL.PD,7598
ST8-PD-102-04,102,SD7032C NF6,FRASER,300700.,7,3.19,0.425,0.0105,polars/raw/ALL.PD,7599
ST8-PD-102-04,102,SD7032C NF6,FRASER,300700.,8,4.20,0.524,0.0111,polars/raw/ALL.PD,7600
ST8-PD-102-04,102,SD7032C NF6,FRASER,300700.,9,5.22,0.620,0.0117,polars/raw/ALL.PD,7601
ST8-PD-102-04,102,SD7032C NF6,FRASER,300700.,10,6.24,0.714,0.0124,polars/raw/ALL.PD,7602
ST8-PD-102-04,102,SD7032C NF6,FRASER,300700.,11,7.27,0.806,0.0131,polars/raw/ALL.PD,7603
ST8-PD-102-04,102,SD7032C NF6,FRASER,300700.,12,8.28,0.894,0.0142,polars/raw/ALL.PD,7604
ST8-PD-102-04,102,SD7032C NF6,FRASER,300700.,13,9.30,0.980,0.0155,polars/raw/ALL.PD,7605
ST8-PD-102-04,102,SD7032C NF6,FRASER,300700.,14,10.31,1.060,0.0176,polars/raw/ALL.PD,7606
ST8-PD-103-01,103,SD7032C PF3,FRASER,60100.,1,-2.89,0.120,0.0201,polars/raw/ALL.PD,7615
ST8-PD-103-01,103,SD7032C PF3,FRASER,60100.,2,-1.87,0.213,0.0214,polars/raw/ALL.PD,7616
ST8-PD-103-01,103,SD7032C PF3,FRASER,60100.,3,-0.86,0.330,0.0255,polars/raw/ALL.PD,7617
ST8-PD-103-01,103,SD7032C PF3,FRASER,60100.,4,0.18,0.486,0.0285,polars/raw/ALL.PD,7618
ST8-PD-103-01,103,SD7032C PF3,FRASER,60100.,5,1.22,0.645,0.0261,polars/raw/ALL.PD,7619
ST8-PD-103-01,103,SD7032C PF3,FRASER,60100.,6,2.26,0.749,0.0269,polars/raw/ALL.PD,7620
ST8-PD-103-01,103,SD7032C PF3,FRASER,60100.,7,3.26,0.832,0.0283,polars/raw/ALL.PD,7621
ST8-PD-103-01,103,SD7032C PF3,FRASER,60100.,8,4.30,0.906,0.0290,polars/raw/ALL.PD,7622
ST8-PD-103-01,103,SD7032C PF3,FRASER,60100.,9,5.30,0.987,0.0333,polars/raw/ALL.PD,7623
ST8-PD-103-01,103,SD7032C PF3,FRASER,60100.,10,6.32,1.053,0.0316,polars/raw/ALL.PD,7624
ST8-PD-103-01,103,SD7032C PF3,FRASER,60100.,11,7.33,1.117,0.0345,polars/raw/ALL.PD,7625
ST8-PD-103-01,103,SD7032C PF3,FRASER,60100.,12,8.35,1.177,0.0362,polars/raw/ALL.PD,7626
ST8-PD-103-01,103,SD7032C PF3,FRASER,60100.,13,9.35,1.229,0.0380,polars/raw/ALL.PD,7627
ST8-PD-103-01,103,SD7032C PF3,FRASER,60100.,14,10.37,1.260,0.0450,polars/raw/ALL.PD,7628
ST8-PD-103-01,103,SD7032C PF3,FRASER,60100.,15,11.35,1.182,0.1061,polars/raw/ALL.PD,7629
ST8-PD-103-02,103,SD7032C PF3,FRASER,101400.,1,-2.88,0.172,0.0189,polars/raw/ALL.PD,7632
ST8-PD-103-02,103,SD7032C PF3,FRASER,101400.,2,-1.87,0.282,0.0180,polars/raw/ALL.PD,7633
ST8-PD-103-02,103,SD7032C PF3,FRASER,101400.,3,-0.84,0.419,0.0186,polars/raw/ALL.PD,7634
ST8-PD-103-02,103,SD7032C PF3,FRASER,101400.,4,0.17,0.546,0.0167,polars/raw/ALL.PD,7635
ST8-PD-103-02,103,SD7032C PF3,FRASER,101400.,5,1.23,0.646,0.0152,polars/raw/ALL.PD,7636
ST8-PD-103-02,103,SD7032C PF3,FRASER,101400.,6,2.24,0.735,0.0164,polars/raw/ALL.PD,7637
ST8-PD-103-02,103,SD7032C PF3,FRASER,101400.,7,3.26,0.825,0.0172,polars/raw/ALL.PD,7638
ST8-PD-103-02,103,SD7032C PF3,FRASER,101400.,8,4.30,0.911,0.0189,polars/raw/ALL.PD,7639
ST8-PD-103-02,103,SD7032C PF3,FRASER,101400.,9,5.29,0.989,0.0189,polars/raw/ALL.PD,7640
ST8-PD-103-02,103,SD7032C PF3,FRASER,101400.,10,6.31,1.067,0.0234,polars/raw/ALL.PD,7641
ST8-PD-103-02,103,SD7032C PF3,FRASER,101400.,11,7.33,1.149,0.0246,polars/raw/ALL.PD,7642
ST8-PD-103-02,103,SD7032C PF3,FRASER,101400.,12,8.34,1.224,0.0258,polars/raw/ALL.PD,7643
ST8-PD-103-02,103,SD7032C PF3,FRASER,101400.,13,9.36,1.291,0.0277,polars/raw/ALL.PD,7644
ST8-PD-103-02,103,SD7032C PF3,FRASER,101400.,14,10.38,1.324,0.0366,polars/raw/ALL.PD,7645
ST8-PD-103-02,103,SD7032C PF3,FRASER,101400.,15,11.38,1.335,0.0431,polars/raw/ALL.PD,7646
ST8-PD-103-02,103,SD7032C PF3,FRASER,101400.,16,12.37,1.343,0.0413,polars/raw/ALL.PD,7647
ST8-PD-103-03,103,SD7032C PF3,FRASER,202700.,1,-2.90,0.307,0.0125,polars/raw/ALL.PD,7650
ST8-PD-103-03,103,SD7032C PF3,FRASER,202700.,2,-1.87,0.402,0.0109,polars/raw/ALL.PD,7651
ST8-PD-103-03,103,SD7032C PF3,FRASER,202700.,3,-0.84,0.497,0.0090,polars/raw/ALL.PD,7652
ST8-PD-103-03,103,SD7032C PF3,FRASER,202700.,4,0.12,0.592,0.0094,polars/raw/ALL.PD,7653
ST8-PD-103-03,103,SD7032C PF3,FRASER,202700.,5,1.17,0.688,0.0103,polars/raw/ALL.PD,7654
ST8-PD-103-03,103,SD7032C PF3,FRASER,202700.,6,2.20,0.779,0.0118,polars/raw/ALL.PD,7655
ST8-PD-103-03,103,SD7032C PF3,FRASER,202700.,7,3.21,0.868,0.0131,polars/raw/ALL.PD,7656
ST8-PD-103-03,103,SD7032C PF3,FRASER,202700.,8,4.28,0.962,0.0148,polars/raw/ALL.PD,7657
ST8-PD-103-03,103,SD7032C PF3,FRASER,202700.,9,5.30,1.048,0.0163,polars/raw/ALL.PD,7658
ST8-PD-103-03,103,SD7032C PF3,FRASER,202700.,10,6.30,1.131,0.0177,polars/raw/ALL.PD,7659
ST8-PD-103-03,103,SD7032C PF3,FRASER,202700.,11,7.31,1.201,0.0192,polars/raw/ALL.PD,7660
ST8-PD-103-03,103,SD7032C PF3,FRASER,202700.,12,8.35,1.265,0.0213,polars/raw/ALL.PD,7661
ST8-PD-103-03,103,SD7032C PF3,FRASER,202700.,13,9.35,1.317,0.0250,polars/raw/ALL.PD,7662
ST8-PD-103-03,103,SD7032C PF3,FRASER,202700.,14,10.38,1.353,0.0292,polars/raw/ALL.PD,7663
ST8-PD-103-03,103,SD7032C PF3,FRASER,202700.,15,11.39,1.368,0.0345,polars/raw/ALL.PD,7664
ST8-PD-103-04,103,SD7032C PF3,FRASER,303200.,1,-2.85,0.313,0.0106,polars/raw/ALL.PD,7667
ST8-PD-103-04,103,SD7032C PF3,FRASER,303200.,2,-1.84,0.412,0.0092,polars/raw/ALL.PD,7668
ST8-PD-103-04,103,SD7032C PF3,FRASER,303200.,3,-0.81,0.506,0.0086,polars/raw/ALL.PD,7669
ST8-PD-103-04,103,SD7032C PF3,FRASER,303200.,4,0.22,0.596,0.0088,polars/raw/ALL.PD,7670
ST8-PD-103-04,103,SD7032C PF3,FRASER,303200.,5,1.23,0.686,0.0097,polars/raw/ALL.PD,7671
ST8-PD-103-04,103,SD7032C PF3,FRASER,303200.,6,2.26,0.779,0.0110,polars/raw/ALL.PD,7672
ST8-PD-103-04,103,SD7032C PF3,FRASER,303200.,7,3.27,0.871,0.0121,polars/raw/ALL.PD,7673
ST8-PD-103-04,103,SD7032C PF3,FRASER,303200.,8,4.29,0.961,0.0130,polars/raw/ALL.PD,7674
ST8-PD-103-04,103,SD7032C PF3,FRASER,303200.,9,5.27,1.042,0.0143,polars/raw/ALL.PD,7675
ST8-PD-103-04,103,SD7032C PF3,FRASER,303200.,10,6.30,1.120,0.0150,polars/raw/ALL.PD,7676
ST8-PD-103-04,103,SD7032C PF3,FRASER,303200.,11,7.28,1.188,0.0169,polars/raw/ALL.PD,7677
ST8-PD-103-04,103,SD7032C PF3,FRASER,303200.,12,8.27,1.247,0.0190,polars/raw/ALL.PD,7678
ST8-PD-103-04,103,SD7032C PF3,FRASER,303200.,13,9.34,1.304,0.0221,polars/raw/ALL.PD,7679
ST8-PD-103-04,103,SD7032C PF3,FRASER,303200.,14,10.33,1.344,0.0260,polars/raw/ALL.PD,7680
ST8-PD-104-01,104,SD7032C PF6,FRASER,59400.,1,-4.92,0.005,0.0299,polars/raw/ALL.PD,7689
ST8-PD-104-01,104,SD7032C PF6,FRASER,59400.,2,-3.89,0.107,0.0247,polars/raw/ALL.PD,7690
ST8-PD-104-01,104,SD7032C PF6,FRASER,59400.,3,-2.86,0.179,0.0215,polars/raw/ALL.PD,7691
ST8-PD-104-01,104,SD7032C PF6,FRASER,59400.,4,-1.86,0.271,0.0239,polars/raw/ALL.PD,7692
ST8-PD-104-01,104,SD7032C PF6,FRASER,59400.,5,-0.82,0.395,0.0313,polars/raw/ALL.PD,7693
ST8-PD-104-01,104,SD7032C PF6,FRASER,59400.,6,0.20,0.499,0.0314,polars/raw/ALL.PD,7694
ST8-PD-104-01,104,SD7032C PF6,FRASER,59400.,7,1.25,0.688,0.0309,polars/raw/ALL.PD,7695
ST8-PD-104-01,104,SD7032C PF6,FRASER,59400.,8,2.27,0.830,0.0260,polars/raw/ALL.PD,7696
ST8-PD-104-01,104,SD7032C PF6,FRASER,59400.,9,3.29,0.909,0.0248,polars/raw/ALL.PD,7697
ST8-PD-104-01,104,SD7032C PF6,FRASER,59400.,10,4.30,0.977,0.0271,polars/raw/ALL.PD,7698
ST8-PD-104-01,104,SD7032C PF6,FRASER,59400.,11,5.31,1.046,0.0325,polars/raw/ALL.PD,7699
ST8-PD-104-01,104,SD7032C PF6,FRASER,59400.,12,6.32,1.105,0.0334,polars/raw/ALL.PD,7700
ST8-PD-104-01,104,SD7032C PF6,FRASER,59400.,13,7.35,1.163,0.0340,polars/raw/ALL.PD,7701
ST8-PD-104-01,104,SD7032C PF6,FRASER,59400.,14,8.35,1.201,0.0424,polars/raw/ALL.PD,7702
ST8-PD-104-01,104,SD7032C PF6,FRASER,59400.,15,9.36,1.238,0.0403,polars/raw/ALL.PD,7703
ST8-PD-104-01,104,SD7032C PF6,FRASER,59400.,16,10.36,1.240,0.0467,polars/raw/ALL.PD,7704
ST8-PD-104-02,104,SD7032C PF6,FRASER,100500.,1,-4.91,0.127,0.0251,polars/raw/ALL.PD,7707
ST8-PD-104-02,104,SD7032C PF6,FRASER,100500.,2,-3.88,0.221,0.0225,polars/raw/ALL.PD,7708
ST8-PD-104-02,104,SD7032C PF6,FRASER,100500.,3,-2.86,0.300,0.0206,polars/raw/ALL.PD,7709
ST8-PD-104-02,104,SD7032C PF6,FRASER,100500.,4,-1.84,0.397,0.0231,polars/raw/ALL.PD,7710
ST8-PD-104-02,104,SD7032C PF6,FRASER,100500.,5,-0.79,0.553,0.0232,polars/raw/ALL.PD,7711
ST8-PD-104-02,104,SD7032C PF6,FRASER,100500.,6,0.23,0.715,0.0211,polars/raw/ALL.PD,7712
ST8-PD-104-02,104,SD7032C PF6,FRASER,100500.,7,1.26,0.835,0.0176,polars/raw/ALL.PD,7713
ST8-PD-104-02,104,SD7032C PF6,FRASER,100500.,8,2.28,0.926,0.0171,polars/raw/ALL.PD,7714
ST8-PD-104-02,104,SD7032C PF6,FRASER,100500.,9,3.31,1.006,0.0182,polars/raw/ALL.PD,7715
ST8-PD-104-02,104,SD7032C PF6,FRASER,100500.,10,4.31,1.080,0.0198,polars/raw/ALL.PD,7716
ST8-PD-104-02,104,SD7032C PF6,FRASER,100500.,11,5.33,1.160,0.0219,polars/raw/ALL.PD,7717
ST8-PD-104-02,104,SD7032C PF6,FRASER,100500.,12,6.34,1.230,0.0252,polars/raw/ALL.PD,7718
ST8-PD-104-02,104,SD7032C PF6,FRASER,100500.,13,7.38,1.312,0.0276,polars/raw/ALL.PD,7719
ST8-PD-104-02,104,SD7032C PF6,FRASER,100500.,14,8.39,1.368,0.0288,polars/raw/ALL.PD,7720
ST8-PD-104-02,104,SD7032C PF6,FRASER,100500.,15,9.38,1.383,0.0333,polars/raw/ALL.PD,7721
ST8-PD-104-02,104,SD7032C PF6,FRASER,100500.,16,10.39,1.391,0.0412,polars/raw/ALL.PD,7722
ST8-PD-104-02,104,SD7032C PF6,FRASER,100500.,17,11.39,1.385,0.0503,polars/raw/ALL.PD,7723
ST8-PD-104-03,104,SD7032C PF6,FRASER,200500.,1,-4.90,0.263,0.0152,polars/raw/ALL.PD,7726
ST8-PD-104-03,104,SD7032C PF6,FRASER,200500.,2,-3.88,0.369,0.0140,polars/raw/ALL.PD,7727
ST8-PD-104-03,104,SD7032C PF6,FRASER,200500.,3,-2.86,0.473,0.0150,polars/raw/ALL.PD,7728
ST8-PD-104-03,104,SD7032C PF6,FRASER,200500.,4,-1.82,0.579,0.0133,polars/raw/ALL.PD,7729
ST8-PD-104-03,104,SD7032C PF6,FRASER,200500.,5,-0.83,0.670,0.0112,polars/raw/ALL.PD,7730
ST8-PD-104-03,104,SD7032C PF6,FRASER,200500.,6,0.22,0.770,0.0107,polars/raw/ALL.PD,7731
ST8-PD-104-03,104,SD7032C PF6,FRASER,200500.,7,1.21,0.850,0.0114,polars/raw/ALL.PD,7732
ST8-PD-104-03,104,SD7032C PF6,FRASER,200500.,8,2.23,0.939,0.0132,polars/raw/ALL.PD,7733
ST8-PD-104-03,104,SD7032C PF6,FRASER,200500.,9,3.26,1.027,0.0149,polars/raw/ALL.PD,7734
ST8-PD-104-03,104,SD7032C PF6,FRASER,200500.,10,4.24,1.108,0.0166,polars/raw/ALL.PD,7735
ST8-PD-104-03,104,SD7032C PF6,FRASER,200500.,11,5.31,1.192,0.0181,polars/raw/ALL.PD,7736
ST8-PD-104-03,104,SD7032C PF6,FRASER,200500.,12,6.31,1.261,0.0191,polars/raw/ALL.PD,7737
ST8-PD-104-03,104,SD7032C PF6,FRASER,200500.,13,7.34,1.317,0.0213,polars/raw/ALL.PD,7738
ST8-PD-104-03,104,SD7032C PF6,FRASER,200500.,14,8.38,1.367,0.0244,polars/raw/ALL.PD,7739
ST8-PD-104-03,104,SD7032C PF6,FRASER,200500.,15,9.39,1.399,0.0292,polars/raw/ALL.PD,7740
ST8-PD-104-03,104,SD7032C PF6,FRASER,200500.,16,10.37,1.418,0.0339,polars/raw/ALL.PD,7741
ST8-PD-104-03,104,SD7032C PF6,FRASER,200500.,17,11.38,1.416,0.0434,polars/raw/ALL.PD,7742
ST8-PD-104-03,104,SD7032C PF6,FRASER,200500.,18,12.37,1.392,0.0521,polars/raw/ALL.PD,7743
ST8-PD-104-04,104,SD7032C PF6,FRASER,302500.,1,-5.86,0.193,0.0148,polars/raw/ALL.PD,7746
ST8-PD-104-04,104,SD7032C PF6,FRASER,302500.,2,-4.84,0.303,0.0128,polars/raw/ALL.PD,7747
ST8-PD-104-04,104,SD7032C PF6,FRASER,302500.,3,-3.82,0.411,0.0112,polars/raw/ALL.PD,7748
ST8-PD-104-04,104,SD7032C PF6,FRASER,302500.,4,-2.82,0.508,0.0104,polars/raw/ALL.PD,7749
ST8-PD-104-04,104,SD7032C PF6,FRASER,302500.,5,-1.78,0.608,0.0101,polars/raw/ALL.PD,7750
ST8-PD-104-04,104,SD7032C PF6,FRASER,302500.,6,-0.78,0.695,0.0097,polars/raw/ALL.PD,7751
ST8-PD-104-04,104,SD7032C PF6,FRASER,302500.,7,0.23,0.775,0.0104,polars/raw/ALL.PD,7752
ST8-PD-104-04,104,SD7032C PF6,FRASER,302500.,8,1.27,0.863,0.0116,polars/raw/ALL.PD,7753
ST8-PD-104-04,104,SD7032C PF6,FRASER,302500.,9,2.29,0.955,0.0125,polars/raw/ALL.PD,7754
ST8-PD-104-04,104,SD7032C PF6,FRASER,302500.,10,3.31,1.041,0.0139,polars/raw/ALL.PD,7755
ST8-PD-104-04,104,SD7032C PF6,FRASER,302500.,11,4.31,1.123,0.0150,polars/raw/ALL.PD,7756
ST8-PD-104-04,104,SD7032C PF6,FRASER,302500.,12,5.35,1.197,0.0162,polars/raw/ALL.PD,7757
ST8-PD-104-04,104,SD7032C PF6,FRASER,302500.,13,6.32,1.257,0.0180,polars/raw/ALL.PD,7758
ST8-PD-105-01,105,SD7032D,WATSON,59200.,1,-3.92,-.052,0.0271,polars/raw/ALL.PD,7767
ST8-PD-105-01,105,SD7032D,WATSON,59200.,2,-2.91,0.062,0.0208,polars/raw/ALL.PD,7768
ST8-PD-105-01,105,SD7032D,WATSON,59200.,3,-1.89,0.153,0.0196,polars/raw/ALL.PD,7769
ST8-PD-105-01,105,SD7032D,WATSON,59200.,4,-0.85,0.310,0.0205,polars/raw/ALL.PD,7770
ST8-PD-105-01,105,SD7032D,WATSON,59200.,5,0.19,0.444,0.0207,polars/raw/ALL.PD,7771
ST8-PD-105-01,105,SD7032D,WATSON,59200.,6,1.20,0.565,0.0263,polars/raw/ALL.PD,7772
ST8-PD-105-01,105,SD7032D,WATSON,59200.,7,2.23,0.671,0.0239,polars/raw/ALL.PD,7773
ST8-PD-105-01,105,SD7032D,WATSON,59200.,8,3.26,0.755,0.0225,polars/raw/ALL.PD,7774
ST8-PD-105-01,105,SD7032D,WATSON,59200.,9,4.26,0.839,0.0287,polars/raw/ALL.PD,7775
ST8-PD-105-01,105,SD7032D,WATSON,59200.,10,5.29,0.917,0.0269,polars/raw/ALL.PD,7776
ST8-PD-105-01,105,SD7032D,WATSON,59200.,11,6.31,1.000,0.0291,polars/raw/ALL.PD,7777
ST8-PD-105-01,105,SD7032D,WATSON,59200.,12,7.32,1.073,0.0330,polars/raw/ALL.PD,7778
ST8-PD-105-01,105,SD7032D,WATSON,59200.,13,8.33,1.141,0.0356,polars/raw/ALL.PD,7779
ST8-PD-105-01,105,SD7032D,WATSON,59200.,14,9.33,1.192,0.0369,polars/raw/ALL.PD,7780
ST8-PD-105-01,105,SD7032D,WATSON,59200.,15,10.36,1.229,0.0449,polars/raw/ALL.PD,7781
ST8-PD-105-01,105,SD7032D,WATSON,59200.,16,11.34,1.140,0.0845,polars/raw/ALL.PD,7782
ST8-PD-105-02,105,SD7032D,WATSON,99800.,1,-4.96,-.123,0.0280,polars/raw/ALL.PD,7785
ST8-PD-105-02,105,SD7032D,WATSON,99800.,2,-3.91,0.013,0.0227,polars/raw/ALL.PD,7786
ST8-PD-105-02,105,SD7032D,WATSON,99800.,3,-2.89,0.153,0.0182,polars/raw/ALL.PD,7787
ST8-PD-105-02,105,SD7032D,WATSON,99800.,4,-1.89,0.266,0.0160,polars/raw/ALL.PD,7788
ST8-PD-105-02,105,SD7032D,WATSON,99800.,5,-0.85,0.383,0.0157,polars/raw/ALL.PD,7789
ST8-PD-105-02,105,SD7032D,WATSON,99800.,6,0.20,0.486,0.0165,polars/raw/ALL.PD,7790
ST8-PD-105-02,105,SD7032D,WATSON,99800.,7,1.21,0.581,0.0174,polars/raw/ALL.PD,7791
ST8-PD-105-02,105,SD7032D,WATSON,99800.,8,2.23,0.680,0.0174,polars/raw/ALL.PD,7792
ST8-PD-105-02,105,SD7032D,WATSON,99800.,9,3.25,0.777,0.0188,polars/raw/ALL.PD,7793
ST8-PD-105-02,105,SD7032D,WATSON,99800.,10,4.26,0.869,0.0178,polars/raw/ALL.PD,7794
ST8-PD-105-02,105,SD7032D,WATSON,99800.,11,5.28,0.961,0.0205,polars/raw/ALL.PD,7795
ST8-PD-105-02,105,SD7032D,WATSON,99800.,12,6.30,1.046,0.0220,polars/raw/ALL.PD,7796
ST8-PD-105-02,105,SD7032D,WATSON,99800.,13,7.31,1.131,0.0224,polars/raw/ALL.PD,7797
ST8-PD-105-02,105,SD7032D,WATSON,99800.,14,8.34,1.207,0.0261,polars/raw/ALL.PD,7798
ST8-PD-105-02,105,SD7032D,WATSON,99800.,15,9.35,1.260,0.0306,polars/raw/ALL.PD,7799
ST8-PD-105-02,105,SD7032D,WATSON,99800.,16,10.35,1.275,0.0387,polars/raw/ALL.PD,7800
ST8-PD-105-02,105,SD7032D,WATSON,99800.,17,11.35,1.271,0.0469,polars/raw/ALL.PD,7801
ST8-PD-105-03,105,SD7032D,WATSON,147800.,1,-5.97,-.180,0.0323,polars/raw/ALL.PD,7804
ST8-PD-105-03,105,SD7032D,WATSON,147800.,2,-4.93,-.045,0.0211,polars/raw/ALL.PD,7805
ST8-PD-105-03,105,SD7032D,WATSON,147800.,3,-3.90,0.082,0.0166,polars/raw/ALL.PD,7806
ST8-PD-105-03,105,SD7032D,WATSON,147800.,4,-2.87,0.196,0.0133,polars/raw/ALL.PD,7807
ST8-PD-105-03,105,SD7032D,WATSON,147800.,5,-1.87,0.285,0.0115,polars/raw/ALL.PD,7808
ST8-PD-105-03,105,SD7032D,WATSON,147800.,6,-0.86,0.370,0.0114,polars/raw/ALL.PD,7809
ST8-PD-105-03,105,SD7032D,WATSON,147800.,7,0.16,0.473,0.0118,polars/raw/ALL.PD,7810
ST8-PD-105-03,105,SD7032D,WATSON,147800.,8,1.20,0.579,0.0128,polars/raw/ALL.PD,7811
ST8-PD-105-03,105,SD7032D,WATSON,147800.,9,2.23,0.683,0.0134,polars/raw/ALL.PD,7812
ST8-PD-105-03,105,SD7032D,WATSON,147800.,10,3.24,0.784,0.0138,polars/raw/ALL.PD,7813
ST8-PD-105-03,105,SD7032D,WATSON,147800.,11,4.27,0.882,0.0152,polars/raw/ALL.PD,7814
ST8-PD-105-03,105,SD7032D,WATSON,147800.,12,5.28,0.975,0.0165,polars/raw/ALL.PD,7815
ST8-PD-105-03,105,SD7032D,WATSON,147800.,13,6.30,1.063,0.0178,polars/raw/ALL.PD,7816
ST8-PD-105-03,105,SD7032D,WATSON,147800.,14,7.34,1.146,0.0200,polars/raw/ALL.PD,7817
ST8-PD-105-03,105,SD7032D,WATSON,147800.,15,8.34,1.221,0.0228,polars/raw/ALL.PD,7818
ST8-PD-105-03,105,SD7032D,WATSON,147800.,16,9.34,1.275,0.0283,polars/raw/ALL.PD,7819
ST8-PD-105-03,105,SD7032D,WATSON,147800.,17,10.35,1.298,0.0346,polars/raw/ALL.PD,7820
ST8-PD-105-03,105,SD7032D,WATSON,147800.,18,11.37,1.297,0.0547,polars/raw/ALL.PD,7821
ST8-PD-105-03,105,SD7032D,WATSON,147800.,19,12.34,1.268,0.0576,polars/raw/ALL.PD,7822
ST8-PD-105-04,105,SD7032D,WATSON,199100.,1,-6.00,-.145,0.0273,polars/raw/ALL.PD,7825
ST8-PD-105-04,105,SD7032D,WATSON,199100.,2,-4.98,-.025,0.0175,polars/raw/ALL.PD,7826
ST8-PD-105-04,105,SD7032D,WATSON,199100.,3,-3.89,0.083,0.0145,polars/raw/ALL.PD,7827
ST8-PD-105-04,105,SD7032D,WATSON,199100.,4,-2.89,0.180,0.0119,polars/raw/ALL.PD,7828
ST8-PD-105-04,105,SD7032D,WATSON,199100.,5,-1.87,0.278,0.0106,polars/raw/ALL.PD,7829
ST8-PD-105-04,105,SD7032D,WATSON,199100.,6,-0.88,0.364,0.0096,polars/raw/ALL.PD,7830
ST8-PD-105-04,105,SD7032D,WATSON,199100.,7,0.18,0.474,0.0098,polars/raw/ALL.PD,7831
ST8-PD-105-04,105,SD7032D,WATSON,199100.,8,1.20,0.581,0.0105,polars/raw/ALL.PD,7832
ST8-PD-105-04,105,SD7032D,WATSON,199100.,9,2.23,0.691,0.0112,polars/raw/ALL.PD,7833
ST8-PD-105-04,105,SD7032D,WATSON,199100.,10,3.24,0.793,0.0126,polars/raw/ALL.PD,7834
ST8-PD-105-04,105,SD7032D,WATSON,199100.,11,4.27,0.891,0.0134,polars/raw/ALL.PD,7835
ST8-PD-105-04,105,SD7032D,WATSON,199100.,12,5.28,0.984,0.0145,polars/raw/ALL.PD,7836
ST8-PD-105-04,105,SD7032D,WATSON,199100.,13,6.30,1.073,0.0159,polars/raw/ALL.PD,7837
ST8-PD-105-04,105,SD7032D,WATSON,199100.,14,7.33,1.156,0.0180,polars/raw/ALL.PD,7838
ST8-PD-105-04,105,SD7032D,WATSON,199100.,15,8.32,1.225,0.0201,polars/raw/ALL.PD,7839
ST8-PD-105-04,105,SD7032D,WATSON,199100.,16,9.35,1.281,0.0250,polars/raw/ALL.PD,7840
ST8-PD-105-04,105,SD7032D,WATSON,199100.,17,10.35,1.307,0.0317,polars/raw/ALL.PD,7841
ST8-PD-105-04,105,SD7032D,WATSON,199100.,18,11.37,1.307,0.0480,polars/raw/ALL.PD,7842
ST8-PD-105-05,105,SD7032D,WATSON,302600.,1,-5.94,-.115,0.0214,polars/raw/ALL.PD,7845
ST8-PD-105-05,105,SD7032D,WATSON,302600.,2,-4.95,-.021,0.0146,polars/raw/ALL.PD,7846
ST8-PD-105-05,105,SD7032D,WATSON,302600.,3,-3.92,0.073,0.0122,polars/raw/ALL.PD,7847
ST8-PD-105-05,105,SD7032D,WATSON,302600.,4,-2.90,0.168,0.0104,polars/raw/ALL.PD,7848
ST8-PD-105-05,105,SD7032D,WATSON,302600.,5,-1.90,0.272,0.0096,polars/raw/ALL.PD,7849
ST8-PD-105-05,105,SD7032D,WATSON,302600.,6,-0.88,0.377,0.0086,polars/raw/ALL.PD,7850
ST8-PD-105-05,105,SD7032D,WATSON,302600.,7,0.17,0.478,0.0080,polars/raw/ALL.PD,7851
ST8-PD-105-05,105,SD7032D,WATSON,302600.,8,1.17,0.586,0.0084,polars/raw/ALL.PD,7852
ST8-PD-105-05,105,SD7032D,WATSON,302600.,9,2.20,0.692,0.0094,polars/raw/ALL.PD,7853
ST8-PD-105-05,105,SD7032D,WATSON,302600.,10,3.21,0.794,0.0103,polars/raw/ALL.PD,7854
ST8-PD-105-05,105,SD7032D,WATSON,302600.,11,4.24,0.891,0.0114,polars/raw/ALL.PD,7855
ST8-PD-105-05,105,SD7032D,WATSON,302600.,12,5.29,0.988,0.0127,polars/raw/ALL.PD,7856
ST8-PD-105-05,105,SD7032D,WATSON,302600.,13,6.28,1.074,0.0145,polars/raw/ALL.PD,7857
ST8-PD-105-05,105,SD7032D,WATSON,302600.,14,7.30,1.155,0.0158,polars/raw/ALL.PD,7858
ST8-PD-105-05,105,SD7032D,WATSON,302600.,15,8.35,1.224,0.0186,polars/raw/ALL.PD,7859
ST8-PD-105-05,105,SD7032D,WATSON,302600.,16,9.33,1.276,0.0228,polars/raw/ALL.PD,7860
ST8-PD-105-05,105,SD7032D,WATSON,302600.,17,10.35,1.313,0.0282,polars/raw/ALL.PD,7861
ST8-PD-105-05,105,SD7032D,WATSON,302600.,18,11.36,1.321,0.0399,polars/raw/ALL.PD,7862
ST8-PD-105-05,105,SD7032D,WATSON,302600.,19,12.35,1.303,0.0643,polars/raw/ALL.PD,7863
ST8-PD-105-05,105,SD7032D,WATSON,302600.,20,13.33,1.275,0.0489,polars/raw/ALL.PD,7864
ST8-PD-106-01,106,"SD7032D UST .020, .125, 45%",WATSON,60500.,1,-3.94,-.046,0.0246,polars/raw/ALL.PD,7873
ST8-PD-106-01,106,"SD7032D UST .020, .125, 45%",WATSON,60500.,2,-2.37,0.144,0.0186,polars/raw/ALL.PD,7874
ST8-PD-106-01,106,"SD7032D UST .020, .125, 45%",WATSON,60500.,3,-0.84,0.297,0.0178,polars/raw/ALL.PD,7875
ST8-PD-106-01,106,"SD7032D UST .020, .125, 45%",WATSON,60500.,4,0.68,0.433,0.0230,polars/raw/ALL.PD,7876
ST8-PD-106-01,106,"SD7032D UST .020, .125, 45%",WATSON,60500.,5,2.23,0.588,0.0234,polars/raw/ALL.PD,7877
ST8-PD-106-01,106,"SD7032D UST .020, .125, 45%",WATSON,60500.,6,3.73,0.712,0.0265,polars/raw/ALL.PD,7878
ST8-PD-106-01,106,"SD7032D UST .020, .125, 45%",WATSON,60500.,7,5.27,0.837,0.0301,polars/raw/ALL.PD,7879
ST8-PD-106-01,106,"SD7032D UST .020, .125, 45%",WATSON,60500.,8,6.79,0.951,0.0323,polars/raw/ALL.PD,7880
ST8-PD-106-01,106,"SD7032D UST .020, .125, 45%",WATSON,60500.,9,8.31,1.053,0.0382,polars/raw/ALL.PD,7881
ST8-PD-106-01,106,"SD7032D UST .020, .125, 45%",WATSON,60500.,10,9.83,1.125,0.0373,polars/raw/ALL.PD,7882
ST8-PD-106-02,106,"SD7032D UST .020, .125, 45%",WATSON,100700.,1,-3.89,0.072,0.0190,polars/raw/ALL.PD,7885
ST8-PD-106-02,106,"SD7032D UST .020, .125, 45%",WATSON,100700.,2,-2.38,0.223,0.0134,polars/raw/ALL.PD,7886
ST8-PD-106-02,106,"SD7032D UST .020, .125, 45%",WATSON,100700.,3,-0.83,0.365,0.0138,polars/raw/ALL.PD,7887
ST8-PD-106-02,106,"SD7032D UST .020, .125, 45%",WATSON,100700.,4,0.71,0.528,0.0157,polars/raw/ALL.PD,7888
ST8-PD-106-02,106,"SD7032D UST .020, .125, 45%",WATSON,100700.,5,2.23,0.683,0.0169,polars/raw/ALL.PD,7889
ST8-PD-106-02,106,"SD7032D UST .020, .125, 45%",WATSON,100700.,6,3.77,0.829,0.0178,polars/raw/ALL.PD,7890
ST8-PD-106-02,106,"SD7032D UST .020, .125, 45%",WATSON,100700.,7,5.29,0.968,0.0194,polars/raw/ALL.PD,7891
ST8-PD-106-02,106,"SD7032D UST .020, .125, 45%",WATSON,100700.,8,6.81,1.093,0.0216,polars/raw/ALL.PD,7892
ST8-PD-106-02,106,"SD7032D UST .020, .125, 45%",WATSON,100700.,9,8.35,1.208,0.0264,polars/raw/ALL.PD,7893
ST8-PD-106-02,106,"SD7032D UST .020, .125, 45%",WATSON,100700.,10,9.86,1.271,0.0320,polars/raw/ALL.PD,7894
ST8-PD-106-02,106,"SD7032D UST .020, .125, 45%",WATSON,100700.,11,11.37,1.284,0.0455,polars/raw/ALL.PD,7895
ST8-PD-106-02,106,"SD7032D UST .020, .125, 45%",WATSON,100700.,12,12.85,1.259,0.0609,polars/raw/ALL.PD,7896
ST8-PD-106-03,106,"SD7032D UST .020, .125, 45%",WATSON,151500.,1,-3.91,0.061,0.0148,polars/raw/ALL.PD,7899
ST8-PD-106-03,106,"SD7032D UST .020, .125, 45%",WATSON,151500.,2,-2.38,0.219,0.0117,polars/raw/ALL.PD,7900
ST8-PD-106-03,106,"SD7032D UST .020, .125, 45%",WATSON,151500.,3,-0.83,0.358,0.0099,polars/raw/ALL.PD,7901
ST8-PD-106-03,106,"SD7032D UST .020, .125, 45%",WATSON,151500.,4,0.70,0.521,0.0116,polars/raw/ALL.PD,7902
ST8-PD-106-03,106,"SD7032D UST .020, .125, 45%",WATSON,151500.,5,2.21,0.676,0.0127,polars/raw/ALL.PD,7903
ST8-PD-106-03,106,"SD7032D UST .020, .125, 45%",WATSON,151500.,6,3.74,0.828,0.0144,polars/raw/ALL.PD,7904
ST8-PD-106-03,106,"SD7032D UST .020, .125, 45%",WATSON,151500.,7,5.28,0.968,0.0161,polars/raw/ALL.PD,7905
ST8-PD-106-03,106,"SD7032D UST .020, .125, 45%",WATSON,151500.,8,6.80,1.095,0.0182,polars/raw/ALL.PD,7906
ST8-PD-106-03,106,"SD7032D UST .020, .125, 45%",WATSON,151500.,9,8.35,1.212,0.0222,polars/raw/ALL.PD,7907
ST8-PD-106-03,106,"SD7032D UST .020, .125, 45%",WATSON,151500.,10,9.84,1.278,0.0317,polars/raw/ALL.PD,7908
ST8-PD-106-03,106,"SD7032D UST .020, .125, 45%",WATSON,151500.,11,11.34,1.286,0.0471,polars/raw/ALL.PD,7909
ST8-PD-106-03,106,"SD7032D UST .020, .125, 45%",WATSON,151500.,12,12.85,1.259,0.0689,polars/raw/ALL.PD,7910
ST8-PD-106-04,106,"SD7032D UST .020, .125, 45%",WATSON,201200.,1,-3.96,0.049,0.0140,polars/raw/ALL.PD,7913
ST8-PD-106-04,106,"SD7032D UST .020, .125, 45%",WATSON,201200.,2,-2.42,0.204,0.0116,polars/raw/ALL.PD,7914
ST8-PD-106-04,106,"SD7032D UST .020, .125, 45%",WATSON,201200.,3,-0.85,0.352,0.0086,polars/raw/ALL.PD,7915
ST8-PD-106-04,106,"SD7032D UST .020, .125, 45%",WATSON,201200.,4,0.65,0.513,0.0098,polars/raw/ALL.PD,7916
ST8-PD-106-04,106,"SD7032D UST .020, .125, 45%",WATSON,201200.,5,2.19,0.674,0.0109,polars/raw/ALL.PD,7917
ST8-PD-106-04,106,"SD7032D UST .020, .125, 45%",WATSON,201200.,6,3.77,0.833,0.0121,polars/raw/ALL.PD,7918
ST8-PD-106-04,106,"SD7032D UST .020, .125, 45%",WATSON,201200.,7,5.29,0.972,0.0142,polars/raw/ALL.PD,7919
ST8-PD-106-04,106,"SD7032D UST .020, .125, 45%",WATSON,201200.,8,6.81,1.098,0.0174,polars/raw/ALL.PD,7920
ST8-PD-106-04,106,"SD7032D UST .020, .125, 45%",WATSON,201200.,9,8.32,1.206,0.0198,polars/raw/ALL.PD,7921
ST8-PD-106-04,106,"SD7032D UST .020, .125, 45%",WATSON,201200.,10,9.86,1.279,0.0275,polars/raw/ALL.PD,7922
ST8-PD-106-04,106,"SD7032D UST .020, .125, 45%",WATSON,201200.,11,11.35,1.299,0.0387,polars/raw/ALL.PD,7923
ST8-PD-106-04,106,"SD7032D UST .020, .125, 45%",WATSON,201200.,12,12.85,1.279,0.0448,polars/raw/ALL.PD,7924
ST8-PD-106-05,106,"SD7032D UST .020, .125, 45%",WATSON,302000.,1,-3.93,0.059,0.0135,polars/raw/ALL.PD,7927
ST8-PD-106-05,106,"SD7032D UST .020, .125, 45%",WATSON,302000.,2,-2.37,0.219,0.0110,polars/raw/ALL.PD,7928
ST8-PD-106-05,106,"SD7032D UST .020, .125, 45%",WATSON,302000.,3,-0.83,0.380,0.0090,polars/raw/ALL.PD,7929
ST8-PD-106-05,106,"SD7032D UST .020, .125, 45%",WATSON,302000.,4,0.67,0.533,0.0090,polars/raw/ALL.PD,7930
ST8-PD-106-05,106,"SD7032D UST .020, .125, 45%",WATSON,302000.,5,2.19,0.694,0.0100,polars/raw/ALL.PD,7931
ST8-PD-106-05,106,"SD7032D UST .020, .125, 45%",WATSON,302000.,6,3.70,0.844,0.0113,polars/raw/ALL.PD,7932
ST8-PD-106-05,106,"SD7032D UST .020, .125, 45%",WATSON,302000.,7,5.24,0.981,0.0137,polars/raw/ALL.PD,7933
ST8-PD-106-05,106,"SD7032D UST .020, .125, 45%",WATSON,302000.,8,6.78,1.106,0.0161,polars/raw/ALL.PD,7934
ST8-PD-106-05,106,"SD7032D UST .020, .125, 45%",WATSON,302000.,9,8.33,1.214,0.0198,polars/raw/ALL.PD,7935
ST8-PD-106-05,106,"SD7032D UST .020, .125, 45%",WATSON,302000.,10,9.83,1.287,0.0259,polars/raw/ALL.PD,7936
ST8-PD-106-05,106,"SD7032D UST .020, .125, 45%",WATSON,302000.,11,11.36,1.308,0.0407,polars/raw/ALL.PD,7937
ST8-PD-106-05,106,"SD7032D UST .020, .125, 45%",WATSON,302000.,12,12.82,1.287,0.0491,polars/raw/ALL.PD,7938
ST8-PD-107-01,107,SD7037,MICHAELIS,62600.,1,-3.95,-.225,0.0261,polars/raw/ALL.PD,7947
ST8-PD-107-01,107,SD7037,MICHAELIS,62600.,2,-2.95,-.138,0.0208,polars/raw/ALL.PD,7948
ST8-PD-107-01,107,SD7037,MICHAELIS,62600.,3,-1.92,-.058,0.0153,polars/raw/ALL.PD,7949
ST8-PD-107-01,107,SD7037,MICHAELIS,62600.,4,-0.90,0.068,0.0166,polars/raw/ALL.PD,7950
ST8-PD-107-01,107,SD7037,MICHAELIS,62600.,5,0.13,0.223,0.0176,polars/raw/ALL.PD,7951
ST8-PD-107-01,107,SD7037,MICHAELIS,62600.,6,1.16,0.339,0.0196,polars/raw/ALL.PD,7952
ST8-PD-107-01,107,SD7037,MICHAELIS,62600.,7,2.19,0.485,0.0170,polars/raw/ALL.PD,7953
ST8-PD-107-01,107,SD7037,MICHAELIS,62600.,8,3.22,0.597,0.0187,polars/raw/ALL.PD,7954
ST8-PD-107-01,107,SD7037,MICHAELIS,62600.,9,4.24,0.685,0.0179,polars/raw/ALL.PD,7955
ST8-PD-107-01,107,SD7037,MICHAELIS,62600.,10,5.26,0.779,0.0163,polars/raw/ALL.PD,7956
ST8-PD-107-01,107,SD7037,MICHAELIS,62600.,11,6.27,0.837,0.0206,polars/raw/ALL.PD,7957
ST8-PD-107-01,107,SD7037,MICHAELIS,62600.,12,7.29,0.917,0.0321,polars/raw/ALL.PD,7958
ST8-PD-107-01,107,SD7037,MICHAELIS,62600.,13,8.31,1.008,0.0255,polars/raw/ALL.PD,7959
ST8-PD-107-02,107,SD7037,MICHAELIS,103900.,1,-2.95,-.128,0.0169,polars/raw/ALL.PD,7962
ST8-PD-107-02,107,SD7037,MICHAELIS,103900.,2,-1.93,-.019,0.0137,polars/raw/ALL.PD,7963
ST8-PD-107-02,107,SD7037,MICHAELIS,103900.,3,-0.90,0.109,0.0147,polars/raw/ALL.PD,7964
ST8-PD-107-02,107,SD7037,MICHAELIS,103900.,4,0.14,0.236,0.0135,polars/raw/ALL.PD,7965
ST8-PD-107-02,107,SD7037,MICHAELIS,103900.,5,1.16,0.368,0.0132,polars/raw/ALL.PD,7966
ST8-PD-107-02,107,SD7037,MICHAELIS,103900.,6,2.19,0.486,0.0137,polars/raw/ALL.PD,7967
ST8-PD-107-02,107,SD7037,MICHAELIS,103900.,7,3.22,0.579,0.0130,polars/raw/ALL.PD,7968
ST8-PD-107-02,107,SD7037,MICHAELIS,103900.,8,4.23,0.667,0.0127,polars/raw/ALL.PD,7969
ST8-PD-107-02,107,SD7037,MICHAELIS,103900.,9,5.26,0.753,0.0159,polars/raw/ALL.PD,7970
ST8-PD-107-02,107,SD7037,MICHAELIS,103900.,10,6.26,0.834,0.0150,polars/raw/ALL.PD,7971
ST8-PD-107-02,107,SD7037,MICHAELIS,103900.,11,7.27,0.907,0.0182,polars/raw/ALL.PD,7972
ST8-PD-107-02,107,SD7037,MICHAELIS,103900.,12,8.30,0.977,0.0180,polars/raw/ALL.PD,7973
ST8-PD-107-02,107,SD7037,MICHAELIS,103900.,13,9.31,1.011,0.0189,polars/raw/ALL.PD,7974
ST8-PD-107-02,107,SD7037,MICHAELIS,103900.,14,10.30,1.039,0.0567,polars/raw/ALL.PD,7975
ST8-PD-107-03,107,SD7037,MICHAELIS,153400.,1,-2.98,-.058,0.0157,polars/raw/ALL.PD,7978
ST8-PD-107-03,107,SD7037,MICHAELIS,153400.,2,-1.92,0.079,0.0127,polars/raw/ALL.PD,7979
ST8-PD-107-03,107,SD7037,MICHAELIS,153400.,3,-0.89,0.195,0.0100,polars/raw/ALL.PD,7980
ST8-PD-107-03,107,SD7037,MICHAELIS,153400.,4,0.14,0.309,0.0101,polars/raw/ALL.PD,7981
ST8-PD-107-03,107,SD7037,MICHAELIS,153400.,5,1.17,0.415,0.0102,polars/raw/ALL.PD,7982
ST8-PD-107-03,107,SD7037,MICHAELIS,153400.,6,2.17,0.508,0.0115,polars/raw/ALL.PD,7983
ST8-PD-107-03,107,SD7037,MICHAELIS,153400.,7,3.23,0.609,0.0118,polars/raw/ALL.PD,7984
ST8-PD-107-03,107,SD7037,MICHAELIS,153400.,8,4.22,0.696,0.0129,polars/raw/ALL.PD,7985
ST8-PD-107-03,107,SD7037,MICHAELIS,153400.,9,5.24,0.784,0.0142,polars/raw/ALL.PD,7986
ST8-PD-107-03,107,SD7037,MICHAELIS,153400.,10,6.26,0.866,0.0154,polars/raw/ALL.PD,7987
ST8-PD-107-03,107,SD7037,MICHAELIS,153400.,11,7.28,0.936,0.0213,polars/raw/ALL.PD,7988
ST8-PD-107-03,107,SD7037,MICHAELIS,153400.,12,8.30,0.997,0.0253,polars/raw/ALL.PD,7989
ST8-PD-107-03,107,SD7037,MICHAELIS,153400.,13,9.30,1.053,0.0331,polars/raw/ALL.PD,7990
ST8-PD-107-03,107,SD7037,MICHAELIS,153400.,14,10.32,1.089,0.0402,polars/raw/ALL.PD,7991
ST8-PD-107-04,107,SD7037,MICHAELIS,204200.,1,-2.97,-.001,0.0145,polars/raw/ALL.PD,7994
ST8-PD-107-04,107,SD7037,MICHAELIS,204200.,2,-1.91,0.120,0.0117,polars/raw/ALL.PD,7995
ST8-PD-107-04,107,SD7037,MICHAELIS,204200.,3,-0.89,0.217,0.0091,polars/raw/ALL.PD,7996
ST8-PD-107-04,107,SD7037,MICHAELIS,204200.,4,0.13,0.318,0.0088,polars/raw/ALL.PD,7997
ST8-PD-107-04,107,SD7037,MICHAELIS,204200.,5,1.16,0.416,0.0092,polars/raw/ALL.PD,7998
ST8-PD-107-04,107,SD7037,MICHAELIS,204200.,6,2.18,0.514,0.0097,polars/raw/ALL.PD,7999
ST8-PD-107-04,107,SD7037,MICHAELIS,204200.,7,3.22,0.611,0.0105,polars/raw/ALL.PD,8000
ST8-PD-107-04,107,SD7037,MICHAELIS,204200.,8,4.23,0.703,0.0120,polars/raw/ALL.PD,8001
ST8-PD-107-04,107,SD7037,MICHAELIS,204200.,9,5.26,0.792,0.0126,polars/raw/ALL.PD,8002
ST8-PD-107-04,107,SD7037,MICHAELIS,204200.,10,6.26,0.874,0.0147,polars/raw/ALL.PD,8003
ST8-PD-107-04,107,SD7037,MICHAELIS,204200.,11,7.28,0.944,0.0187,polars/raw/ALL.PD,8004
ST8-PD-107-04,107,SD7037,MICHAELIS,204200.,12,8.28,1.008,0.0226,polars/raw/ALL.PD,8005
ST8-PD-107-04,107,SD7037,MICHAELIS,204200.,13,9.31,1.069,0.0273,polars/raw/ALL.PD,8006
ST8-PD-107-04,107,SD7037,MICHAELIS,204200.,14,10.35,1.117,0.0339,polars/raw/ALL.PD,8007
ST8-PD-107-04,107,SD7037,MICHAELIS,204200.,15,11.32,1.138,0.0422,polars/raw/ALL.PD,8008
ST8-PD-107-05,107,SD7037,MICHAELIS,302900.,1,-2.96,0.021,0.0117,polars/raw/ALL.PD,8011
ST8-PD-107-05,107,SD7037,MICHAELIS,302900.,2,-1.93,0.119,0.0100,polars/raw/ALL.PD,8012
ST8-PD-107-05,107,SD7037,MICHAELIS,302900.,3,-0.93,0.214,0.0085,polars/raw/ALL.PD,8013
ST8-PD-107-05,107,SD7037,MICHAELIS,302900.,4,0.09,0.313,0.0067,polars/raw/ALL.PD,8014
ST8-PD-107-05,107,SD7037,MICHAELIS,302900.,5,1.01,0.406,0.0075,polars/raw/ALL.PD,8015
ST8-PD-107-05,107,SD7037,MICHAELIS,302900.,6,2.16,0.519,0.0084,polars/raw/ALL.PD,8016
ST8-PD-107-05,107,SD7037,MICHAELIS,302900.,7,3.18,0.615,0.0092,polars/raw/ALL.PD,8017
ST8-PD-107-05,107,SD7037,MICHAELIS,302900.,8,4.20,0.708,0.0103,polars/raw/ALL.PD,8018
ST8-PD-107-05,107,SD7037,MICHAELIS,302900.,9,5.23,0.798,0.0116,polars/raw/ALL.PD,8019
ST8-PD-107-05,107,SD7037,MICHAELIS,302900.,10,6.25,0.876,0.0140,polars/raw/ALL.PD,8020
ST8-PD-107-05,107,SD7037,MICHAELIS,302900.,11,7.27,0.947,0.0168,polars/raw/ALL.PD,8021
ST8-PD-107-05,107,SD7037,MICHAELIS,302900.,12,8.28,1.015,0.0206,polars/raw/ALL.PD,8022
ST8-PD-107-05,107,SD7037,MICHAELIS,302900.,13,9.30,1.076,0.0246,polars/raw/ALL.PD,8023
ST8-PD-107-05,107,SD7037,MICHAELIS,302900.,14,10.32,1.126,0.0292,polars/raw/ALL.PD,8024
ST8-PD-108-01,108,"SD7037 UST .020, .125, 30%",MICHAELIS,57500.,1,-3.98,-.243,0.0321,polars/raw/ALL.PD,8033
ST8-PD-108-01,108,"SD7037 UST .020, .125, 30%",MICHAELIS,57500.,2,-2.45,-.127,0.0246,polars/raw/ALL.PD,8034
ST8-PD-108-01,108,"SD7037 UST .020, .125, 30%",MICHAELIS,57500.,3,-0.92,0.037,0.0163,polars/raw/ALL.PD,8035
ST8-PD-108-01,108,"SD7037 UST .020, .125, 30%",MICHAELIS,57500.,4,0.64,0.247,0.0193,polars/raw/ALL.PD,8036
ST8-PD-108-01,108,"SD7037 UST .020, .125, 30%",MICHAELIS,57500.,5,2.18,0.441,0.0196,polars/raw/ALL.PD,8037
ST8-PD-108-01,108,"SD7037 UST .020, .125, 30%",MICHAELIS,57500.,6,3.72,0.606,0.0218,polars/raw/ALL.PD,8038
ST8-PD-108-01,108,"SD7037 UST .020, .125, 30%",MICHAELIS,57500.,7,5.25,0.735,0.0214,polars/raw/ALL.PD,8039
ST8-PD-108-01,108,"SD7037 UST .020, .125, 30%",MICHAELIS,57500.,8,6.78,0.858,0.0258,polars/raw/ALL.PD,8040
ST8-PD-108-01,108,"SD7037 UST .020, .125, 30%",MICHAELIS,57500.,9,8.28,0.986,0.0243,polars/raw/ALL.PD,8041
ST8-PD-108-01,108,"SD7037 UST .020, .125, 30%",MICHAELIS,57500.,10,9.81,1.054,0.0350,polars/raw/ALL.PD,8042
ST8-PD-108-02,108,"SD7037 UST .020, .125, 30%",MICHAELIS,98700.,1,-3.98,-.228,0.0289,polars/raw/ALL.PD,8045
ST8-PD-108-02,108,"SD7037 UST .020, .125, 30%",MICHAELIS,98700.,2,-2.43,-.054,0.0190,polars/raw/ALL.PD,8046
ST8-PD-108-02,108,"SD7037 UST .020, .125, 30%",MICHAELIS,98700.,3,-0.91,0.132,0.0144,polars/raw/ALL.PD,8047
ST8-PD-108-02,108,"SD7037 UST .020, .125, 30%",MICHAELIS,98700.,4,0.65,0.324,0.0128,polars/raw/ALL.PD,8048
ST8-PD-108-02,108,"SD7037 UST .020, .125, 30%",MICHAELIS,98700.,5,2.18,0.471,0.0128,polars/raw/ALL.PD,8049
ST8-PD-108-02,108,"SD7037 UST .020, .125, 30%",MICHAELIS,98700.,6,3.72,0.618,0.0145,polars/raw/ALL.PD,8050
ST8-PD-108-02,108,"SD7037 UST .020, .125, 30%",MICHAELIS,98700.,7,5.26,0.758,0.0163,polars/raw/ALL.PD,8051
ST8-PD-108-02,108,"SD7037 UST .020, .125, 30%",MICHAELIS,98700.,8,6.77,0.887,0.0185,polars/raw/ALL.PD,8052
ST8-PD-108-02,108,"SD7037 UST .020, .125, 30%",MICHAELIS,98700.,9,8.29,0.988,0.0219,polars/raw/ALL.PD,8053
ST8-PD-108-02,108,"SD7037 UST .020, .125, 30%",MICHAELIS,98700.,10,9.83,1.059,0.0338,polars/raw/ALL.PD,8054
ST8-PD-108-02,108,"SD7037 UST .020, .125, 30%",MICHAELIS,98700.,11,11.32,1.110,0.0432,polars/raw/ALL.PD,8055
ST8-PD-108-03,108,"SD7037 UST .020, .125, 30%",MICHAELIS,149600.,1,-3.96,-.173,0.0216,polars/raw/ALL.PD,8058
ST8-PD-108-03,108,"SD7037 UST .020, .125, 30%",MICHAELIS,149600.,2,-2.92,-.054,0.0167,polars/raw/ALL.PD,8059
ST8-PD-108-03,108,"SD7037 UST .020, .125, 30%",MICHAELIS,149600.,3,-1.89,0.063,0.0131,polars/raw/ALL.PD,8060
ST8-PD-108-03,108,"SD7037 UST .020, .125, 30%",MICHAELIS,149600.,4,-0.88,0.159,0.0105,polars/raw/ALL.PD,8061
ST8-PD-108-03,108,"SD7037 UST .020, .125, 30%",MICHAELIS,149600.,5,0.13,0.261,0.0101,polars/raw/ALL.PD,8062
ST8-PD-108-03,108,"SD7037 UST .020, .125, 30%",MICHAELIS,149600.,6,1.15,0.367,0.0099,polars/raw/ALL.PD,8063
ST8-PD-108-03,108,"SD7037 UST .020, .125, 30%",MICHAELIS,149600.,7,2.18,0.472,0.0101,polars/raw/ALL.PD,8064
ST8-PD-108-03,108,"SD7037 UST .020, .125, 30%",MICHAELIS,149600.,8,3.21,0.571,0.0108,polars/raw/ALL.PD,8065
ST8-PD-108-03,108,"SD7037 UST .020, .125, 30%",MICHAELIS,149600.,9,4.22,0.666,0.0124,polars/raw/ALL.PD,8066
ST8-PD-108-03,108,"SD7037 UST .020, .125, 30%",MICHAELIS,149600.,10,5.24,0.757,0.0135,polars/raw/ALL.PD,8067
ST8-PD-108-03,108,"SD7037 UST .020, .125, 30%",MICHAELIS,149600.,11,6.27,0.846,0.0144,polars/raw/ALL.PD,8068
ST8-PD-108-03,108,"SD7037 UST .020, .125, 30%",MICHAELIS,149600.,12,7.28,0.924,0.0167,polars/raw/ALL.PD,8069
ST8-PD-108-03,108,"SD7037 UST .020, .125, 30%",MICHAELIS,149600.,13,8.30,0.983,0.0214,polars/raw/ALL.PD,8070
ST8-PD-108-03,108,"SD7037 UST .020, .125, 30%",MICHAELIS,149600.,14,9.31,1.041,0.0270,polars/raw/ALL.PD,8071
ST8-PD-108-04,108,"SD7037 UST .020, .125, 30%",MICHAELIS,199800.,1,-3.95,-.139,0.0185,polars/raw/ALL.PD,8074
ST8-PD-108-04,108,"SD7037 UST .020, .125, 30%",MICHAELIS,199800.,2,-2.42,0.010,0.0129,polars/raw/ALL.PD,8075
ST8-PD-108-04,108,"SD7037 UST .020, .125, 30%",MICHAELIS,199800.,3,-0.91,0.153,0.0095,polars/raw/ALL.PD,8076
ST8-PD-108-04,108,"SD7037 UST .020, .125, 30%",MICHAELIS,199800.,4,0.64,0.310,0.0087,polars/raw/ALL.PD,8077
ST8-PD-108-04,108,"SD7037 UST .020, .125, 30%",MICHAELIS,199800.,5,2.18,0.462,0.0090,polars/raw/ALL.PD,8078
ST8-PD-108-04,108,"SD7037 UST .020, .125, 30%",MICHAELIS,199800.,6,3.72,0.613,0.0104,polars/raw/ALL.PD,8079
ST8-PD-108-04,108,"SD7037 UST .020, .125, 30%",MICHAELIS,199800.,7,5.25,0.757,0.0121,polars/raw/ALL.PD,8080
ST8-PD-108-04,108,"SD7037 UST .020, .125, 30%",MICHAELIS,199800.,8,6.78,0.885,0.0147,polars/raw/ALL.PD,8081
ST8-PD-108-04,108,"SD7037 UST .020, .125, 30%",MICHAELIS,199800.,9,8.30,0.982,0.0210,polars/raw/ALL.PD,8082
ST8-PD-108-04,108,"SD7037 UST .020, .125, 30%",MICHAELIS,199800.,10,9.82,1.068,0.0280,polars/raw/ALL.PD,8083
ST8-PD-108-04,108,"SD7037 UST .020, .125, 30%",MICHAELIS,199800.,11,11.32,1.119,0.0396,polars/raw/ALL.PD,8084
ST8-PD-108-04,108,"SD7037 UST .020, .125, 30%",MICHAELIS,199800.,12,12.84,1.105,0.0736,polars/raw/ALL.PD,8085
ST8-PD-108-04,108,"SD7037 UST .020, .125, 30%",MICHAELIS,199800.,13,14.22,0.945,0.2166,polars/raw/ALL.PD,8086
ST8-PD-109-01,109,SD7043,WAGNER/OLSEN,61600.,1,-3.90,-.004,0.0240,polars/raw/ALL.PD,8095
ST8-PD-109-01,109,SD7043,WAGNER/OLSEN,61600.,2,-2.89,0.100,0.0221,polars/raw/ALL.PD,8096
ST8-PD-109-01,109,SD7043,WAGNER/OLSEN,61600.,3,-1.87,0.194,0.0171,polars/raw/ALL.PD,8097
ST8-PD-109-01,109,SD7043,WAGNER/OLSEN,61600.,4,-0.86,0.283,0.0192,polars/raw/ALL.PD,8098
ST8-PD-109-01,109,SD7043,WAGNER/OLSEN,61600.,5,0.17,0.389,0.0218,polars/raw/ALL.PD,8099
ST8-PD-109-01,109,SD7043,WAGNER/OLSEN,61600.,6,1.22,0.537,0.0237,polars/raw/ALL.PD,8100
ST8-PD-109-01,109,SD7043,WAGNER/OLSEN,61600.,7,2.24,0.699,0.0227,polars/raw/ALL.PD,8101
ST8-PD-109-01,109,SD7043,WAGNER/OLSEN,61600.,8,3.27,0.811,0.0243,polars/raw/ALL.PD,8102
ST8-PD-109-01,109,SD7043,WAGNER/OLSEN,61600.,9,4.29,0.904,0.0232,polars/raw/ALL.PD,8103
ST8-PD-109-01,109,SD7043,WAGNER/OLSEN,61600.,10,5.30,0.974,0.0210,polars/raw/ALL.PD,8104
ST8-PD-109-01,109,SD7043,WAGNER/OLSEN,61600.,11,6.31,1.046,0.0239,polars/raw/ALL.PD,8105
ST8-PD-109-01,109,SD7043,WAGNER/OLSEN,61600.,12,7.33,1.111,0.0312,polars/raw/ALL.PD,8106
ST8-PD-109-01,109,SD7043,WAGNER/OLSEN,61600.,13,8.35,1.163,0.0385,polars/raw/ALL.PD,8107
ST8-PD-109-01,109,SD7043,WAGNER/OLSEN,61600.,14,9.35,1.198,0.0343,polars/raw/ALL.PD,8108
ST8-PD-109-01,109,SD7043,WAGNER/OLSEN,61600.,15,10.34,1.156,0.0685,polars/raw/ALL.PD,8109
ST8-PD-109-01,109,SD7043,WAGNER/OLSEN,61600.,16,11.31,0.945,0.1752,polars/raw/ALL.PD,8110
ST8-PD-109-02,109,SD7043,WAGNER/OLSEN,103800.,1,-3.91,-.008,0.0208,polars/raw/ALL.PD,8113
ST8-PD-109-02,109,SD7043,WAGNER/OLSEN,103800.,2,-2.90,0.100,0.0197,polars/raw/ALL.PD,8114
ST8-PD-109-02,109,SD7043,WAGNER/OLSEN,103800.,3,-1.87,0.233,0.0149,polars/raw/ALL.PD,8115
ST8-PD-109-02,109,SD7043,WAGNER/OLSEN,103800.,4,-0.85,0.339,0.0179,polars/raw/ALL.PD,8116
ST8-PD-109-02,109,SD7043,WAGNER/OLSEN,103800.,5,0.18,0.479,0.0193,polars/raw/ALL.PD,8117
ST8-PD-109-02,109,SD7043,WAGNER/OLSEN,103800.,6,1.22,0.617,0.0185,polars/raw/ALL.PD,8118
ST8-PD-109-02,109,SD7043,WAGNER/OLSEN,103800.,7,2.25,0.732,0.0183,polars/raw/ALL.PD,8119
ST8-PD-109-02,109,SD7043,WAGNER/OLSEN,103800.,8,3.27,0.818,0.0173,polars/raw/ALL.PD,8120
ST8-PD-109-02,109,SD7043,WAGNER/OLSEN,103800.,9,4.28,0.914,0.0161,polars/raw/ALL.PD,8121
ST8-PD-109-02,109,SD7043,WAGNER/OLSEN,103800.,10,5.30,0.995,0.0175,polars/raw/ALL.PD,8122
ST8-PD-109-02,109,SD7043,WAGNER/OLSEN,103800.,11,6.30,1.068,0.0206,polars/raw/ALL.PD,8123
ST8-PD-109-02,109,SD7043,WAGNER/OLSEN,103800.,12,7.33,1.139,0.0228,polars/raw/ALL.PD,8124
ST8-PD-109-02,109,SD7043,WAGNER/OLSEN,103800.,13,8.34,1.203,0.0291,polars/raw/ALL.PD,8125
ST8-PD-109-02,109,SD7043,WAGNER/OLSEN,103800.,14,9.35,1.256,0.0343,polars/raw/ALL.PD,8126
ST8-PD-109-02,109,SD7043,WAGNER/OLSEN,103800.,15,10.37,1.301,0.0367,polars/raw/ALL.PD,8127
ST8-PD-109-02,109,SD7043,WAGNER/OLSEN,103800.,16,11.36,1.328,0.0460,polars/raw/ALL.PD,8128
ST8-PD-109-03,109,SD7043,WAGNER/OLSEN,154900.,1,-3.89,0.057,0.0170,polars/raw/ALL.PD,8131
ST8-PD-109-03,109,SD7043,WAGNER/OLSEN,154900.,2,-2.88,0.198,0.0164,polars/raw/ALL.PD,8132
ST8-PD-109-03,109,SD7043,WAGNER/OLSEN,154900.,3,-1.85,0.334,0.0145,polars/raw/ALL.PD,8133
ST8-PD-109-03,109,SD7043,WAGNER/OLSEN,154900.,4,-0.83,0.431,0.0128,polars/raw/ALL.PD,8134
ST8-PD-109-03,109,SD7043,WAGNER/OLSEN,154900.,5,0.20,0.534,0.0124,polars/raw/ALL.PD,8135
ST8-PD-109-03,109,SD7043,WAGNER/OLSEN,154900.,6,1.22,0.636,0.0122,polars/raw/ALL.PD,8136
ST8-PD-109-03,109,SD7043,WAGNER/OLSEN,154900.,7,2.25,0.735,0.0127,polars/raw/ALL.PD,8137
ST8-PD-109-03,109,SD7043,WAGNER/OLSEN,154900.,8,3.27,0.832,0.0131,polars/raw/ALL.PD,8138
ST8-PD-109-03,109,SD7043,WAGNER/OLSEN,154900.,9,4.29,0.924,0.0140,polars/raw/ALL.PD,8139
ST8-PD-109-03,109,SD7043,WAGNER/OLSEN,154900.,10,5.31,1.009,0.0162,polars/raw/ALL.PD,8140
ST8-PD-109-03,109,SD7043,WAGNER/OLSEN,154900.,11,6.33,1.089,0.0185,polars/raw/ALL.PD,8141
ST8-PD-109-03,109,SD7043,WAGNER/OLSEN,154900.,12,7.34,1.163,0.0215,polars/raw/ALL.PD,8142
ST8-PD-109-03,109,SD7043,WAGNER/OLSEN,154900.,13,8.35,1.227,0.0253,polars/raw/ALL.PD,8143
ST8-PD-109-03,109,SD7043,WAGNER/OLSEN,154900.,14,9.37,1.284,0.0293,polars/raw/ALL.PD,8144
ST8-PD-109-03,109,SD7043,WAGNER/OLSEN,154900.,15,10.37,1.331,0.0339,polars/raw/ALL.PD,8145
ST8-PD-109-03,109,SD7043,WAGNER/OLSEN,154900.,16,11.38,1.357,0.0407,polars/raw/ALL.PD,8146
ST8-PD-109-04,109,SD7043,WAGNER/OLSEN,204000.,1,-3.88,0.117,0.0148,polars/raw/ALL.PD,8149
ST8-PD-109-04,109,SD7043,WAGNER/OLSEN,204000.,2,-2.86,0.246,0.0133,polars/raw/ALL.PD,8150
ST8-PD-109-04,109,SD7043,WAGNER/OLSEN,204000.,3,-1.84,0.359,0.0113,polars/raw/ALL.PD,8151
ST8-PD-109-04,109,SD7043,WAGNER/OLSEN,204000.,4,-0.83,0.451,0.0101,polars/raw/ALL.PD,8152
ST8-PD-109-04,109,SD7043,WAGNER/OLSEN,204000.,5,0.20,0.539,0.0097,polars/raw/ALL.PD,8153
ST8-PD-109-04,109,SD7043,WAGNER/OLSEN,204000.,6,1.23,0.644,0.0102,polars/raw/ALL.PD,8154
ST8-PD-109-04,109,SD7043,WAGNER/OLSEN,204000.,7,2.26,0.748,0.0106,polars/raw/ALL.PD,8155
ST8-PD-109-04,109,SD7043,WAGNER/OLSEN,204000.,8,3.28,0.843,0.0115,polars/raw/ALL.PD,8156
ST8-PD-109-04,109,SD7043,WAGNER/OLSEN,204000.,9,4.28,0.932,0.0130,polars/raw/ALL.PD,8157
ST8-PD-109-04,109,SD7043,WAGNER/OLSEN,204000.,10,5.31,1.015,0.0150,polars/raw/ALL.PD,8158
ST8-PD-109-04,109,SD7043,WAGNER/OLSEN,204000.,11,6.32,1.094,0.0173,polars/raw/ALL.PD,8159
ST8-PD-109-04,109,SD7043,WAGNER/OLSEN,204000.,12,7.35,1.170,0.0197,polars/raw/ALL.PD,8160
ST8-PD-109-04,109,SD7043,WAGNER/OLSEN,204000.,13,8.36,1.242,0.0226,polars/raw/ALL.PD,8161
ST8-PD-109-04,109,SD7043,WAGNER/OLSEN,204000.,14,9.37,1.307,0.0261,polars/raw/ALL.PD,8162
ST8-PD-109-04,109,SD7043,WAGNER/OLSEN,204000.,15,10.38,1.353,0.0308,polars/raw/ALL.PD,8163
ST8-PD-109-04,109,SD7043,WAGNER/OLSEN,204000.,16,11.38,1.375,0.0375,polars/raw/ALL.PD,8164
ST8-PD-109-04,109,SD7043,WAGNER/OLSEN,204000.,17,12.38,1.372,0.0475,polars/raw/ALL.PD,8165
ST8-PD-109-04,109,SD7043,WAGNER/OLSEN,204000.,18,13.39,1.350,0.0645,polars/raw/ALL.PD,8166
ST8-PD-109-05,109,SD7043,WAGNER/OLSEN,303400.,1,-4.90,0.049,0.0131,polars/raw/ALL.PD,8169
ST8-PD-109-05,109,SD7043,WAGNER/OLSEN,303400.,2,-3.87,0.159,0.0110,polars/raw/ALL.PD,8170
ST8-PD-109-05,109,SD7043,WAGNER/OLSEN,303400.,3,-2.86,0.262,0.0100,polars/raw/ALL.PD,8171
ST8-PD-109-05,109,SD7043,WAGNER/OLSEN,303400.,4,-1.82,0.374,0.0092,polars/raw/ALL.PD,8172
ST8-PD-109-05,109,SD7043,WAGNER/OLSEN,303400.,5,-0.82,0.476,0.0087,polars/raw/ALL.PD,8173
ST8-PD-109-05,109,SD7043,WAGNER/OLSEN,303400.,6,0.21,0.569,0.0084,polars/raw/ALL.PD,8174
ST8-PD-109-05,109,SD7043,WAGNER/OLSEN,303400.,7,1.23,0.667,0.0086,polars/raw/ALL.PD,8175
ST8-PD-109-05,109,SD7043,WAGNER/OLSEN,303400.,8,2.25,0.767,0.0095,polars/raw/ALL.PD,8176
ST8-PD-109-05,109,SD7043,WAGNER/OLSEN,303400.,9,3.26,0.859,0.0107,polars/raw/ALL.PD,8177
ST8-PD-109-05,109,SD7043,WAGNER/OLSEN,303400.,10,4.29,0.949,0.0123,polars/raw/ALL.PD,8178
ST8-PD-109-05,109,SD7043,WAGNER/OLSEN,303400.,11,5.30,1.034,0.0141,polars/raw/ALL.PD,8179
ST8-PD-109-05,109,SD7043,WAGNER/OLSEN,303400.,12,6.32,1.113,0.0160,polars/raw/ALL.PD,8180
ST8-PD-109-05,109,SD7043,WAGNER/OLSEN,303400.,13,7.33,1.191,0.0181,polars/raw/ALL.PD,8181
ST8-PD-110-01,110,"SD7043 UST .020, .125, 20%",WAGNER/OLSEN,202900.,1,-2.88,0.237,0.0110,polars/raw/ALL.PD,8190
ST8-PD-110-01,110,"SD7043 UST .020, .125, 20%",WAGNER/OLSEN,202900.,2,-1.87,0.337,0.0101,polars/raw/ALL.PD,8191
ST8-PD-110-01,110,"SD7043 UST .020, .125, 20%",WAGNER/OLSEN,202900.,3,-0.84,0.431,0.0095,polars/raw/ALL.PD,8192
ST8-PD-110-01,110,"SD7043 UST .020, .125, 20%",WAGNER/OLSEN,202900.,4,0.20,0.522,0.0099,polars/raw/ALL.PD,8193
ST8-PD-110-01,110,"SD7043 UST .020, .125, 20%",WAGNER/OLSEN,202900.,5,1.22,0.623,0.0115,polars/raw/ALL.PD,8194
ST8-PD-110-01,110,"SD7043 UST .020, .125, 20%",WAGNER/OLSEN,202900.,6,2.23,0.727,0.0128,polars/raw/ALL.PD,8195
ST8-PD-110-01,110,"SD7043 UST .020, .125, 20%",WAGNER/OLSEN,202900.,7,3.24,0.827,0.0138,polars/raw/ALL.PD,8196
ST8-PD-110-01,110,"SD7043 UST .020, .125, 20%",WAGNER/OLSEN,202900.,8,4.27,0.927,0.0152,polars/raw/ALL.PD,8197
ST8-PD-110-01,110,"SD7043 UST .020, .125, 20%",WAGNER/OLSEN,202900.,9,5.30,1.022,0.0164,polars/raw/ALL.PD,8198
ST8-PD-110-01,110,"SD7043 UST .020, .125, 20%",WAGNER/OLSEN,202900.,10,6.30,1.108,0.0183,polars/raw/ALL.PD,8199
ST8-PD-110-01,110,"SD7043 UST .020, .125, 20%",WAGNER/OLSEN,202900.,11,7.34,1.191,0.0215,polars/raw/ALL.PD,8200
ST8-PD-110-01,110,"SD7043 UST .020, .125, 20%",WAGNER/OLSEN,202900.,12,8.34,1.255,0.0252,polars/raw/ALL.PD,8201
ST8-PD-110-01,110,"SD7043 UST .020, .125, 20%",WAGNER/OLSEN,202900.,13,9.35,1.317,0.0281,polars/raw/ALL.PD,8202
ST8-PD-110-01,110,"SD7043 UST .020, .125, 20%",WAGNER/OLSEN,202900.,14,10.37,1.364,0.0349,polars/raw/ALL.PD,8203
ST8-PD-110-02,110,"SD7043 UST .020, .125, 20%",WAGNER/OLSEN,303700.,1,-2.88,0.219,0.0114,polars/raw/ALL.PD,8206
ST8-PD-110-02,110,"SD7043 UST .020, .125, 20%",WAGNER/OLSEN,303700.,2,-1.84,0.330,0.0110,polars/raw/ALL.PD,8207
ST8-PD-110-02,110,"SD7043 UST .020, .125, 20%",WAGNER/OLSEN,303700.,3,-0.82,0.437,0.0110,polars/raw/ALL.PD,8208
ST8-PD-110-02,110,"SD7043 UST .020, .125, 20%",WAGNER/OLSEN,303700.,4,0.19,0.533,0.0108,polars/raw/ALL.PD,8209
ST8-PD-110-02,110,"SD7043 UST .020, .125, 20%",WAGNER/OLSEN,303700.,5,1.20,0.631,0.0111,polars/raw/ALL.PD,8210
ST8-PD-110-02,110,"SD7043 UST .020, .125, 20%",WAGNER/OLSEN,303700.,6,2.20,0.735,0.0120,polars/raw/ALL.PD,8211
ST8-PD-110-02,110,"SD7043 UST .020, .125, 20%",WAGNER/OLSEN,303700.,7,3.26,0.841,0.0130,polars/raw/ALL.PD,8212
ST8-PD-110-02,110,"SD7043 UST .020, .125, 20%",WAGNER/OLSEN,303700.,8,4.23,0.933,0.0137,polars/raw/ALL.PD,8213
ST8-PD-110-02,110,"SD7043 UST .020, .125, 20%",WAGNER/OLSEN,303700.,9,5.25,1.022,0.0147,polars/raw/ALL.PD,8214
ST8-PD-110-02,110,"SD7043 UST .020, .125, 20%",WAGNER/OLSEN,303700.,10,6.26,1.111,0.0161,polars/raw/ALL.PD,8215
ST8-PD-110-02,110,"SD7043 UST .020, .125, 20%",WAGNER/OLSEN,303700.,11,7.32,1.187,0.0191,polars/raw/ALL.PD,8216
ST8-PD-110-02,110,"SD7043 UST .020, .125, 20%",WAGNER/OLSEN,303700.,12,8.33,1.257,0.0222,polars/raw/ALL.PD,8217
ST8-PD-110-02,110,"SD7043 UST .020, .125, 20%",WAGNER/OLSEN,303700.,13,9.34,1.321,0.0252,polars/raw/ALL.PD,8218
ST8-PD-110-02,110,"SD7043 UST .020, .125, 20%",WAGNER/OLSEN,303700.,14,10.36,1.371,0.0299,polars/raw/ALL.PD,8219
ST8-PD-110-02,110,"SD7043 UST .020, .125, 20%",WAGNER/OLSEN,303700.,15,11.37,1.397,0.0355,polars/raw/ALL.PD,8220
ST8-PD-111-01,111,SD7062,WIDINER,102600.,1,-5.93,-.094,0.0264,polars/raw/ALL.PD,8229
ST8-PD-111-01,111,SD7062,WIDINER,102600.,2,-4.91,0.020,0.0231,polars/raw/ALL.PD,8230
ST8-PD-111-01,111,SD7062,WIDINER,102600.,3,-3.90,0.109,0.0219,polars/raw/ALL.PD,8231
ST8-PD-111-01,111,SD7062,WIDINER,102600.,4,-2.86,0.195,0.0189,polars/raw/ALL.PD,8232
ST8-PD-111-01,111,SD7062,WIDINER,102600.,5,-1.85,0.277,0.0199,polars/raw/ALL.PD,8233
ST8-PD-111-01,111,SD7062,WIDINER,102600.,6,-0.83,0.369,0.0206,polars/raw/ALL.PD,8234
ST8-PD-111-01,111,SD7062,WIDINER,102600.,7,0.20,0.477,0.0183,polars/raw/ALL.PD,8235
ST8-PD-111-01,111,SD7062,WIDINER,102600.,8,1.22,0.577,0.0197,polars/raw/ALL.PD,8236
ST8-PD-111-01,111,SD7062,WIDINER,102600.,9,2.24,0.678,0.0212,polars/raw/ALL.PD,8237
ST8-PD-111-01,111,SD7062,WIDINER,102600.,10,3.26,0.771,0.0238,polars/raw/ALL.PD,8238
ST8-PD-111-01,111,SD7062,WIDINER,102600.,11,4.27,0.864,0.0204,polars/raw/ALL.PD,8239
ST8-PD-111-01,111,SD7062,WIDINER,102600.,12,5.30,0.950,0.0266,polars/raw/ALL.PD,8240
ST8-PD-111-01,111,SD7062,WIDINER,102600.,13,6.32,1.037,0.0248,polars/raw/ALL.PD,8241
ST8-PD-111-01,111,SD7062,WIDINER,102600.,14,7.33,1.118,0.0277,polars/raw/ALL.PD,8242
ST8-PD-111-01,111,SD7062,WIDINER,102600.,15,8.35,1.195,0.0297,polars/raw/ALL.PD,8243
ST8-PD-111-01,111,SD7062,WIDINER,102600.,16,9.37,1.259,0.0372,polars/raw/ALL.PD,8244
ST8-PD-111-01,111,SD7062,WIDINER,102600.,17,10.38,1.314,0.0429,polars/raw/ALL.PD,8245
ST8-PD-111-01,111,SD7062,WIDINER,102600.,18,11.28,0.870,0.1586,polars/raw/ALL.PD,8246
ST8-PD-111-01,111,SD7062,WIDINER,102600.,19,12.26,0.708,0.2118,polars/raw/ALL.PD,8247
ST8-PD-111-01,111,SD7062,WIDINER,102600.,20,13.26,0.716,0.2228,polars/raw/ALL.PD,8248
ST8-PD-111-02,111,SD7062,WIDINER,149700.,1,-6.94,-.160,0.0239,polars/raw/ALL.PD,8251
ST8-PD-111-02,111,SD7062,WIDINER,149700.,2,-5.92,-.075,0.0206,polars/raw/ALL.PD,8252
ST8-PD-111-02,111,SD7062,WIDINER,149700.,3,-4.91,0.006,0.0180,polars/raw/ALL.PD,8253
ST8-PD-111-02,111,SD7062,WIDINER,149700.,4,-3.90,0.097,0.0159,polars/raw/ALL.PD,8254
ST8-PD-111-02,111,SD7062,WIDINER,149700.,5,-2.87,0.190,0.0144,polars/raw/ALL.PD,8255
ST8-PD-111-02,111,SD7062,WIDINER,149700.,6,-1.85,0.284,0.0141,polars/raw/ALL.PD,8256
ST8-PD-111-02,111,SD7062,WIDINER,149700.,7,-0.83,0.376,0.0144,polars/raw/ALL.PD,8257
ST8-PD-111-02,111,SD7062,WIDINER,149700.,8,0.20,0.483,0.0135,polars/raw/ALL.PD,8258
ST8-PD-111-02,111,SD7062,WIDINER,149700.,9,1.23,0.590,0.0150,polars/raw/ALL.PD,8259
ST8-PD-111-02,111,SD7062,WIDINER,149700.,10,2.25,0.694,0.0159,polars/raw/ALL.PD,8260
ST8-PD-111-02,111,SD7062,WIDINER,149700.,11,3.25,0.790,0.0167,polars/raw/ALL.PD,8261
ST8-PD-111-02,111,SD7062,WIDINER,149700.,12,4.28,0.886,0.0173,polars/raw/ALL.PD,8262
ST8-PD-111-02,111,SD7062,WIDINER,149700.,13,5.31,0.975,0.0184,polars/raw/ALL.PD,8263
ST8-PD-111-02,111,SD7062,WIDINER,149700.,14,6.33,1.066,0.0189,polars/raw/ALL.PD,8264
ST8-PD-111-02,111,SD7062,WIDINER,149700.,15,7.33,1.147,0.0210,polars/raw/ALL.PD,8265
ST8-PD-111-02,111,SD7062,WIDINER,149700.,16,8.35,1.229,0.0241,polars/raw/ALL.PD,8266
ST8-PD-111-02,111,SD7062,WIDINER,149700.,17,9.37,1.300,0.0271,polars/raw/ALL.PD,8267
ST8-PD-111-02,111,SD7062,WIDINER,149700.,18,10.38,1.359,0.0315,polars/raw/ALL.PD,8268
ST8-PD-111-02,111,SD7062,WIDINER,149700.,19,11.40,1.408,0.0370,polars/raw/ALL.PD,8269
ST8-PD-111-02,111,SD7062,WIDINER,149700.,20,12.40,1.441,0.0470,polars/raw/ALL.PD,8270
ST8-PD-111-03,111,SD7062,WIDINER,210500.,1,-6.94,-.192,0.0216,polars/raw/ALL.PD,8273
ST8-PD-111-03,111,SD7062,WIDINER,210500.,2,-5.95,-.107,0.0176,polars/raw/ALL.PD,8274
ST8-PD-111-03,111,SD7062,WIDINER,210500.,3,-4.91,-.014,0.0147,polars/raw/ALL.PD,8275
ST8-PD-111-03,111,SD7062,WIDINER,210500.,4,-3.90,0.081,0.0141,polars/raw/ALL.PD,8276
ST8-PD-111-03,111,SD7062,WIDINER,210500.,5,-2.86,0.183,0.0125,polars/raw/ALL.PD,8277
ST8-PD-111-03,111,SD7062,WIDINER,210500.,6,-1.85,0.284,0.0118,polars/raw/ALL.PD,8278
ST8-PD-111-03,111,SD7062,WIDINER,210500.,7,-0.84,0.383,0.0114,polars/raw/ALL.PD,8279
ST8-PD-111-03,111,SD7062,WIDINER,210500.,8,0.20,0.483,0.0110,polars/raw/ALL.PD,8280
ST8-PD-111-03,111,SD7062,WIDINER,210500.,9,1.22,0.590,0.0112,polars/raw/ALL.PD,8281
ST8-PD-111-03,111,SD7062,WIDINER,210500.,10,2.24,0.695,0.0120,polars/raw/ALL.PD,8282
ST8-PD-111-03,111,SD7062,WIDINER,210500.,11,3.26,0.795,0.0127,polars/raw/ALL.PD,8283
ST8-PD-111-03,111,SD7062,WIDINER,210500.,12,4.29,0.892,0.0136,polars/raw/ALL.PD,8284
ST8-PD-111-03,111,SD7062,WIDINER,210500.,13,5.30,0.985,0.0151,polars/raw/ALL.PD,8285
ST8-PD-111-03,111,SD7062,WIDINER,210500.,14,6.33,1.075,0.0167,polars/raw/ALL.PD,8286
ST8-PD-111-03,111,SD7062,WIDINER,210500.,15,7.35,1.164,0.0186,polars/raw/ALL.PD,8287
ST8-PD-111-03,111,SD7062,WIDINER,210500.,16,8.36,1.243,0.0201,polars/raw/ALL.PD,8288
ST8-PD-111-03,111,SD7062,WIDINER,210500.,17,9.38,1.316,0.0221,polars/raw/ALL.PD,8289
ST8-PD-111-03,111,SD7062,WIDINER,210500.,18,10.40,1.379,0.0254,polars/raw/ALL.PD,8290
ST8-PD-111-03,111,SD7062,WIDINER,210500.,19,11.40,1.430,0.0290,polars/raw/ALL.PD,8291
ST8-PD-111-03,111,SD7062,WIDINER,210500.,20,12.41,1.464,0.0390,polars/raw/ALL.PD,8292
ST8-PD-111-03,111,SD7062,WIDINER,210500.,21,13.41,1.485,0.0512,polars/raw/ALL.PD,8293
ST8-PD-111-03,111,SD7062,WIDINER,210500.,22,14.42,1.497,0.0588,polars/raw/ALL.PD,8294
ST8-PD-111-04,111,SD7062,WIDINER,305800.,1,-7.00,-.201,0.0179,polars/raw/ALL.PD,8297
ST8-PD-111-04,111,SD7062,WIDINER,305800.,2,-6.00,-.117,0.0152,polars/raw/ALL.PD,8298
ST8-PD-111-04,111,SD7062,WIDINER,305800.,3,-4.98,-.020,0.0133,polars/raw/ALL.PD,8299
ST8-PD-111-04,111,SD7062,WIDINER,305800.,4,-3.90,0.090,0.0125,polars/raw/ALL.PD,8300
ST8-PD-111-04,111,SD7062,WIDINER,305800.,5,-2.92,0.188,0.0115,polars/raw/ALL.PD,8301
ST8-PD-111-04,111,SD7062,WIDINER,305800.,6,-1.87,0.293,0.0106,polars/raw/ALL.PD,8302
ST8-PD-111-04,111,SD7062,WIDINER,305800.,7,-0.82,0.398,0.0101,polars/raw/ALL.PD,8303
ST8-PD-111-04,111,SD7062,WIDINER,305800.,8,0.21,0.502,0.0102,polars/raw/ALL.PD,8304
ST8-PD-111-04,111,SD7062,WIDINER,305800.,9,1.22,0.605,0.0099,polars/raw/ALL.PD,8305
ST8-PD-111-04,111,SD7062,WIDINER,305800.,10,2.25,0.712,0.0103,polars/raw/ALL.PD,8306
ST8-PD-111-04,111,SD7062,WIDINER,305800.,11,3.27,0.812,0.0115,polars/raw/ALL.PD,8307
ST8-PD-111-04,111,SD7062,WIDINER,305800.,12,4.28,0.906,0.0124,polars/raw/ALL.PD,8308
ST8-PD-111-04,111,SD7062,WIDINER,305800.,13,5.31,0.997,0.0139,polars/raw/ALL.PD,8309
ST8-PD-111-04,111,SD7062,WIDINER,305800.,14,6.31,1.084,0.0154,polars/raw/ALL.PD,8310
ST8-PD-111-04,111,SD7062,WIDINER,305800.,15,7.33,1.168,0.0162,polars/raw/ALL.PD,8311
ST8-PD-111-04,111,SD7062,WIDINER,305800.,16,8.37,1.249,0.0181,polars/raw/ALL.PD,8312
ST8-PD-111-04,111,SD7062,WIDINER,305800.,17,9.38,1.323,0.0201,polars/raw/ALL.PD,8313
ST8-PD-111-04,111,SD7062,WIDINER,305800.,18,10.39,1.388,0.0231,polars/raw/ALL.PD,8314
ST8-PD-111-04,111,SD7062,WIDINER,305800.,19,11.40,1.442,0.0270,polars/raw/ALL.PD,8315
ST8-PD-112-01,112,"SD7062 UST .020, .125, 15%",WIDINER,100800.,1,-6.95,-.165,0.0340,polars/raw/ALL.PD,8324
ST8-PD-112-01,112,"SD7062 UST .020, .125, 15%",WIDINER,100800.,2,-5.93,-.100,0.0250,polars/raw/ALL.PD,8325
ST8-PD-112-01,112,"SD7062 UST .020, .125, 15%",WIDINER,100800.,3,-4.91,0.010,0.0218,polars/raw/ALL.PD,8326
ST8-PD-112-01,112,"SD7062 UST .020, .125, 15%",WIDINER,100800.,4,-3.89,0.082,0.0176,polars/raw/ALL.PD,8327
ST8-PD-112-01,112,"SD7062 UST .020, .125, 15%",WIDINER,100800.,5,-2.88,0.166,0.0162,polars/raw/ALL.PD,8328
ST8-PD-112-01,112,"SD7062 UST .020, .125, 15%",WIDINER,100800.,6,-1.84,0.252,0.0151,polars/raw/ALL.PD,8329
ST8-PD-112-01,112,"SD7062 UST .020, .125, 15%",WIDINER,100800.,7,-0.83,0.336,0.0151,polars/raw/ALL.PD,8330
ST8-PD-112-01,112,"SD7062 UST .020, .125, 15%",WIDINER,100800.,8,0.18,0.457,0.0155,polars/raw/ALL.PD,8331
ST8-PD-112-01,112,"SD7062 UST .020, .125, 15%",WIDINER,100800.,9,1.22,0.552,0.0147,polars/raw/ALL.PD,8332
ST8-PD-112-01,112,"SD7062 UST .020, .125, 15%",WIDINER,100800.,10,2.23,0.659,0.0177,polars/raw/ALL.PD,8333
ST8-PD-112-01,112,"SD7062 UST .020, .125, 15%",WIDINER,100800.,11,3.25,0.740,0.0176,polars/raw/ALL.PD,8334
ST8-PD-112-01,112,"SD7062 UST .020, .125, 15%",WIDINER,100800.,12,4.28,0.835,0.0214,polars/raw/ALL.PD,8335
ST8-PD-112-01,112,"SD7062 UST .020, .125, 15%",WIDINER,100800.,13,5.28,0.909,0.0212,polars/raw/ALL.PD,8336
ST8-PD-112-01,112,"SD7062 UST .020, .125, 15%",WIDINER,100800.,14,6.30,1.007,0.0253,polars/raw/ALL.PD,8337
ST8-PD-112-01,112,"SD7062 UST .020, .125, 15%",WIDINER,100800.,15,7.33,1.086,0.0252,polars/raw/ALL.PD,8338
ST8-PD-112-01,112,"SD7062 UST .020, .125, 15%",WIDINER,100800.,16,8.34,1.171,0.0308,polars/raw/ALL.PD,8339
ST8-PD-112-01,112,"SD7062 UST .020, .125, 15%",WIDINER,100800.,17,9.35,1.237,0.0305,polars/raw/ALL.PD,8340
ST8-PD-112-01,112,"SD7062 UST .020, .125, 15%",WIDINER,100800.,18,10.37,1.302,0.0366,polars/raw/ALL.PD,8341
ST8-PD-112-02,112,"SD7062 UST .020, .125, 15%",WIDINER,151700.,1,-6.95,-.175,0.0253,polars/raw/ALL.PD,8344
ST8-PD-112-02,112,"SD7062 UST .020, .125, 15%",WIDINER,151700.,2,-5.93,-.099,0.0197,polars/raw/ALL.PD,8345
ST8-PD-112-02,112,"SD7062 UST .020, .125, 15%",WIDINER,151700.,3,-4.89,-.013,0.0163,polars/raw/ALL.PD,8346
ST8-PD-112-02,112,"SD7062 UST .020, .125, 15%",WIDINER,151700.,4,-3.91,0.078,0.0143,polars/raw/ALL.PD,8347
ST8-PD-112-02,112,"SD7062 UST .020, .125, 15%",WIDINER,151700.,5,-2.86,0.187,0.0136,polars/raw/ALL.PD,8348
ST8-PD-112-02,112,"SD7062 UST .020, .125, 15%",WIDINER,151700.,6,-1.84,0.276,0.0131,polars/raw/ALL.PD,8349
ST8-PD-112-02,112,"SD7062 UST .020, .125, 15%",WIDINER,151700.,7,-0.83,0.367,0.0126,polars/raw/ALL.PD,8350
ST8-PD-112-02,112,"SD7062 UST .020, .125, 15%",WIDINER,151700.,8,0.20,0.472,0.0128,polars/raw/ALL.PD,8351
ST8-PD-112-02,112,"SD7062 UST .020, .125, 15%",WIDINER,151700.,9,1.21,0.572,0.0140,polars/raw/ALL.PD,8352
ST8-PD-112-02,112,"SD7062 UST .020, .125, 15%",WIDINER,151700.,10,2.24,0.671,0.0159,polars/raw/ALL.PD,8353
ST8-PD-112-02,112,"SD7062 UST .020, .125, 15%",WIDINER,151700.,11,3.26,0.765,0.0168,polars/raw/ALL.PD,8354
ST8-PD-112-02,112,"SD7062 UST .020, .125, 15%",WIDINER,151700.,12,4.26,0.850,0.0182,polars/raw/ALL.PD,8355
ST8-PD-112-02,112,"SD7062 UST .020, .125, 15%",WIDINER,151700.,13,5.30,0.941,0.0190,polars/raw/ALL.PD,8356
ST8-PD-112-02,112,"SD7062 UST .020, .125, 15%",WIDINER,151700.,14,6.31,1.032,0.0207,polars/raw/ALL.PD,8357
ST8-PD-112-02,112,"SD7062 UST .020, .125, 15%",WIDINER,151700.,15,7.34,1.124,0.0225,polars/raw/ALL.PD,8358
ST8-PD-112-02,112,"SD7062 UST .020, .125, 15%",WIDINER,151700.,16,8.35,1.208,0.0251,polars/raw/ALL.PD,8359
ST8-PD-112-02,112,"SD7062 UST .020, .125, 15%",WIDINER,151700.,17,9.37,1.288,0.0277,polars/raw/ALL.PD,8360
ST8-PD-112-02,112,"SD7062 UST .020, .125, 15%",WIDINER,151700.,18,10.39,1.364,0.0305,polars/raw/ALL.PD,8361
ST8-PD-112-02,112,"SD7062 UST .020, .125, 15%",WIDINER,151700.,19,11.40,1.419,0.0352,polars/raw/ALL.PD,8362
ST8-PD-112-02,112,"SD7062 UST .020, .125, 15%",WIDINER,151700.,20,12.41,1.458,0.0410,polars/raw/ALL.PD,8363
ST8-PD-112-03,112,"SD7062 UST .020, .125, 15%",WIDINER,204500.,1,-6.97,-.204,0.0216,polars/raw/ALL.PD,8366
ST8-PD-112-03,112,"SD7062 UST .020, .125, 15%",WIDINER,204500.,2,-5.94,-.115,0.0176,polars/raw/ALL.PD,8367
ST8-PD-112-03,112,"SD7062 UST .020, .125, 15%",WIDINER,204500.,3,-4.92,-.023,0.0144,polars/raw/ALL.PD,8368
ST8-PD-112-03,112,"SD7062 UST .020, .125, 15%",WIDINER,204500.,4,-3.88,0.076,0.0139,polars/raw/ALL.PD,8369
ST8-PD-112-03,112,"SD7062 UST .020, .125, 15%",WIDINER,204500.,5,-2.88,0.173,0.0126,polars/raw/ALL.PD,8370
ST8-PD-112-03,112,"SD7062 UST .020, .125, 15%",WIDINER,204500.,6,-1.85,0.272,0.0126,polars/raw/ALL.PD,8371
ST8-PD-112-03,112,"SD7062 UST .020, .125, 15%",WIDINER,204500.,7,-0.83,0.371,0.0128,polars/raw/ALL.PD,8372
ST8-PD-112-03,112,"SD7062 UST .020, .125, 15%",WIDINER,204500.,8,0.19,0.465,0.0125,polars/raw/ALL.PD,8373
ST8-PD-112-03,112,"SD7062 UST .020, .125, 15%",WIDINER,204500.,9,1.21,0.570,0.0133,polars/raw/ALL.PD,8374
ST8-PD-112-03,112,"SD7062 UST .020, .125, 15%",WIDINER,204500.,10,2.23,0.668,0.0141,polars/raw/ALL.PD,8375
ST8-PD-112-03,112,"SD7062 UST .020, .125, 15%",WIDINER,204500.,11,3.25,0.770,0.0155,polars/raw/ALL.PD,8376
ST8-PD-112-03,112,"SD7062 UST .020, .125, 15%",WIDINER,204500.,12,4.27,0.864,0.0171,polars/raw/ALL.PD,8377
ST8-PD-112-03,112,"SD7062 UST .020, .125, 15%",WIDINER,204500.,13,5.29,0.953,0.0179,polars/raw/ALL.PD,8378
ST8-PD-112-03,112,"SD7062 UST .020, .125, 15%",WIDINER,204500.,14,6.31,1.045,0.0191,polars/raw/ALL.PD,8379
ST8-PD-112-03,112,"SD7062 UST .020, .125, 15%",WIDINER,204500.,15,7.34,1.133,0.0206,polars/raw/ALL.PD,8380
ST8-PD-112-03,112,"SD7062 UST .020, .125, 15%",WIDINER,204500.,16,8.35,1.218,0.0223,polars/raw/ALL.PD,8381
ST8-PD-112-03,112,"SD7062 UST .020, .125, 15%",WIDINER,204500.,17,9.36,1.299,0.0245,polars/raw/ALL.PD,8382
ST8-PD-112-03,112,"SD7062 UST .020, .125, 15%",WIDINER,204500.,18,10.39,1.376,0.0267,polars/raw/ALL.PD,8383
ST8-PD-112-03,112,"SD7062 UST .020, .125, 15%",WIDINER,204500.,19,11.40,1.439,0.0298,polars/raw/ALL.PD,8384
ST8-PD-112-03,112,"SD7062 UST .020, .125, 15%",WIDINER,204500.,20,12.41,1.488,0.0348,polars/raw/ALL.PD,8385
ST8-PD-112-03,112,"SD7062 UST .020, .125, 15%",WIDINER,204500.,21,13.41,1.515,0.0443,polars/raw/ALL.PD,8386
ST8-PD-112-04,112,"SD7062 UST .020, .125, 15%",WIDINER,302700.,1,-6.98,-.222,0.0183,polars/raw/ALL.PD,8389
ST8-PD-112-04,112,"SD7062 UST .020, .125, 15%",WIDINER,302700.,2,-5.98,-.131,0.0158,polars/raw/ALL.PD,8390
ST8-PD-112-04,112,"SD7062 UST .020, .125, 15%",WIDINER,302700.,3,-4.93,-.034,0.0141,polars/raw/ALL.PD,8391
ST8-PD-112-04,112,"SD7062 UST .020, .125, 15%",WIDINER,302700.,4,-3.91,0.064,0.0141,polars/raw/ALL.PD,8392
ST8-PD-112-04,112,"SD7062 UST .020, .125, 15%",WIDINER,302700.,5,-2.88,0.167,0.0136,polars/raw/ALL.PD,8393
ST8-PD-112-04,112,"SD7062 UST .020, .125, 15%",WIDINER,302700.,6,-1.86,0.268,0.0128,polars/raw/ALL.PD,8394
ST8-PD-112-04,112,"SD7062 UST .020, .125, 15%",WIDINER,302700.,7,-0.84,0.372,0.0129,polars/raw/ALL.PD,8395
ST8-PD-112-04,112,"SD7062 UST .020, .125, 15%",WIDINER,302700.,8,0.19,0.470,0.0129,polars/raw/ALL.PD,8396
ST8-PD-112-04,112,"SD7062 UST .020, .125, 15%",WIDINER,302700.,9,1.22,0.570,0.0130,polars/raw/ALL.PD,8397
ST8-PD-112-04,112,"SD7062 UST .020, .125, 15%",WIDINER,302700.,10,2.24,0.677,0.0138,polars/raw/ALL.PD,8398
ST8-PD-112-04,112,"SD7062 UST .020, .125, 15%",WIDINER,302700.,11,3.24,0.776,0.0148,polars/raw/ALL.PD,8399
ST8-PD-112-04,112,"SD7062 UST .020, .125, 15%",WIDINER,302700.,12,4.28,0.871,0.0158,polars/raw/ALL.PD,8400
ST8-PD-112-04,112,"SD7062 UST .020, .125, 15%",WIDINER,302700.,13,5.29,0.964,0.0168,polars/raw/ALL.PD,8401
ST8-PD-112-04,112,"SD7062 UST .020, .125, 15%",WIDINER,302700.,14,6.32,1.055,0.0179,polars/raw/ALL.PD,8402
ST8-PD-112-04,112,"SD7062 UST .020, .125, 15%",WIDINER,302700.,15,7.33,1.143,0.0191,polars/raw/ALL.PD,8403
ST8-PD-112-04,112,"SD7062 UST .020, .125, 15%",WIDINER,302700.,16,8.36,1.231,0.0205,polars/raw/ALL.PD,8404
ST8-PD-112-04,112,"SD7062 UST .020, .125, 15%",WIDINER,302700.,17,9.38,1.311,0.0222,polars/raw/ALL.PD,8405
ST8-PD-112-04,112,"SD7062 UST .020, .125, 15%",WIDINER,302700.,18,10.37,1.384,0.0244,polars/raw/ALL.PD,8406
ST8-PD-112-04,112,"SD7062 UST .020, .125, 15%",WIDINER,302700.,19,11.39,1.440,0.0296,polars/raw/ALL.PD,8407
ST8-PD-112-04,112,"SD7062 UST .020, .125, 15%",WIDINER,302700.,20,12.41,1.470,0.0411,polars/raw/ALL.PD,8408
ST8-PD-113-01,113,SD7062 PLAIN & TWO TRIPS,WIDINER,207600.,1,-6.94,-.197,0.0222,polars/raw/ALL.PD,8417
ST8-PD-113-01,113,SD7062 PLAIN & TWO TRIPS,WIDINER,207600.,2,-5.95,-.110,0.0181,polars/raw/ALL.PD,8418
ST8-PD-113-01,113,SD7062 PLAIN & TWO TRIPS,WIDINER,207600.,3,-4.91,-.014,0.0151,polars/raw/ALL.PD,8419
ST8-PD-113-01,113,SD7062 PLAIN & TWO TRIPS,WIDINER,207600.,4,-3.90,0.084,0.0145,polars/raw/ALL.PD,8420
ST8-PD-113-01,113,SD7062 PLAIN & TWO TRIPS,WIDINER,207600.,5,-2.86,0.188,0.0129,polars/raw/ALL.PD,8421
ST8-PD-113-01,113,SD7062 PLAIN & TWO TRIPS,WIDINER,207600.,6,-1.85,0.292,0.0121,polars/raw/ALL.PD,8422
ST8-PD-113-01,113,SD7062 PLAIN & TWO TRIPS,WIDINER,207600.,7,-0.84,0.394,0.0117,polars/raw/ALL.PD,8423
ST8-PD-113-01,113,SD7062 PLAIN & TWO TRIPS,WIDINER,207600.,8,0.20,0.497,0.0113,polars/raw/ALL.PD,8424
ST8-PD-113-01,113,SD7062 PLAIN & TWO TRIPS,WIDINER,207600.,9,1.22,0.607,0.0115,polars/raw/ALL.PD,8425
ST8-PD-113-01,113,SD7062 PLAIN & TWO TRIPS,WIDINER,207600.,10,2.24,0.714,0.0123,polars/raw/ALL.PD,8426
ST8-PD-113-01,113,SD7062 PLAIN & TWO TRIPS,WIDINER,207600.,11,3.27,0.817,0.0130,polars/raw/ALL.PD,8427
ST8-PD-113-01,113,SD7062 PLAIN & TWO TRIPS,WIDINER,207600.,12,4.29,0.917,0.0139,polars/raw/ALL.PD,8428
ST8-PD-113-01,113,SD7062 PLAIN & TWO TRIPS,WIDINER,207600.,13,5.31,1.012,0.0155,polars/raw/ALL.PD,8429
ST8-PD-113-01,113,SD7062 PLAIN & TWO TRIPS,WIDINER,207600.,14,6.34,1.106,0.0171,polars/raw/ALL.PD,8430
ST8-PD-113-01,113,SD7062 PLAIN & TWO TRIPS,WIDINER,207600.,15,7.36,1.196,0.0191,polars/raw/ALL.PD,8431
ST8-PD-113-01,113,SD7062 PLAIN & TWO TRIPS,WIDINER,207600.,16,8.37,1.278,0.0207,polars/raw/ALL.PD,8432
ST8-PD-113-01,113,SD7062 PLAIN & TWO TRIPS,WIDINER,207600.,17,9.39,1.353,0.0227,polars/raw/ALL.PD,8433
ST8-PD-113-01,113,SD7062 PLAIN & TWO TRIPS,WIDINER,207600.,18,10.41,1.417,0.0261,polars/raw/ALL.PD,8434
ST8-PD-113-01,113,SD7062 PLAIN & TWO TRIPS,WIDINER,207600.,19,11.41,1.470,0.0298,polars/raw/ALL.PD,8435
ST8-PD-113-01,113,SD7062 PLAIN & TWO TRIPS,WIDINER,207600.,20,12.42,1.504,0.0400,polars/raw/ALL.PD,8436
ST8-PD-113-01,113,SD7062 PLAIN & TWO TRIPS,WIDINER,207600.,21,13.42,1.527,0.0525,polars/raw/ALL.PD,8437
ST8-PD-113-01,113,SD7062 PLAIN & TWO TRIPS,WIDINER,207600.,22,14.43,1.538,0.0602,polars/raw/ALL.PD,8438
ST8-PD-113-02,113,SD7062 PLAIN & TWO TRIPS,WIDINER,204900.,1,-6.95,-.200,0.0222,polars/raw/ALL.PD,8441
ST8-PD-113-02,113,SD7062 PLAIN & TWO TRIPS,WIDINER,204900.,2,-5.96,-.116,0.0177,polars/raw/ALL.PD,8442
ST8-PD-113-02,113,SD7062 PLAIN & TWO TRIPS,WIDINER,204900.,3,-4.93,-.022,0.0148,polars/raw/ALL.PD,8443
ST8-PD-113-02,113,SD7062 PLAIN & TWO TRIPS,WIDINER,204900.,4,-3.89,0.081,0.0136,polars/raw/ALL.PD,8444
ST8-PD-113-02,113,SD7062 PLAIN & TWO TRIPS,WIDINER,204900.,5,-2.88,0.177,0.0122,polars/raw/ALL.PD,8445
ST8-PD-113-02,113,SD7062 PLAIN & TWO TRIPS,WIDINER,204900.,6,-1.86,0.280,0.0113,polars/raw/ALL.PD,8446
ST8-PD-113-02,113,SD7062 PLAIN & TWO TRIPS,WIDINER,204900.,7,-0.85,0.381,0.0114,polars/raw/ALL.PD,8447
ST8-PD-113-02,113,SD7062 PLAIN & TWO TRIPS,WIDINER,204900.,8,0.20,0.480,0.0109,polars/raw/ALL.PD,8448
ST8-PD-113-02,113,SD7062 PLAIN & TWO TRIPS,WIDINER,204900.,9,1.21,0.587,0.0115,polars/raw/ALL.PD,8449
ST8-PD-113-02,113,SD7062 PLAIN & TWO TRIPS,WIDINER,204900.,10,2.23,0.691,0.0125,polars/raw/ALL.PD,8450
ST8-PD-113-02,113,SD7062 PLAIN & TWO TRIPS,WIDINER,204900.,11,3.26,0.790,0.0135,polars/raw/ALL.PD,8451
ST8-PD-113-02,113,SD7062 PLAIN & TWO TRIPS,WIDINER,204900.,12,4.28,0.885,0.0145,polars/raw/ALL.PD,8452
ST8-PD-113-02,113,SD7062 PLAIN & TWO TRIPS,WIDINER,204900.,13,5.29,0.980,0.0154,polars/raw/ALL.PD,8453
ST8-PD-113-02,113,SD7062 PLAIN & TWO TRIPS,WIDINER,204900.,14,6.32,1.072,0.0165,polars/raw/ALL.PD,8454
ST8-PD-113-02,113,SD7062 PLAIN & TWO TRIPS,WIDINER,204900.,15,7.33,1.158,0.0182,polars/raw/ALL.PD,8455
ST8-PD-113-02,113,SD7062 PLAIN & TWO TRIPS,WIDINER,204900.,16,8.36,1.242,0.0203,polars/raw/ALL.PD,8456
ST8-PD-113-02,113,SD7062 PLAIN & TWO TRIPS,WIDINER,204900.,17,9.37,1.320,0.0222,polars/raw/ALL.PD,8457
ST8-PD-113-02,113,SD7062 PLAIN & TWO TRIPS,WIDINER,204900.,18,10.39,1.389,0.0254,polars/raw/ALL.PD,8458
ST8-PD-113-02,113,SD7062 PLAIN & TWO TRIPS,WIDINER,204900.,19,11.40,1.444,0.0292,polars/raw/ALL.PD,8459
ST8-PD-113-02,113,SD7062 PLAIN & TWO TRIPS,WIDINER,204900.,20,12.42,1.481,0.0356,polars/raw/ALL.PD,8460
ST8-PD-113-03,113,SD7062 PLAIN & TWO TRIPS,WIDINER,204500.,1,-6.97,-.204,0.0216,polars/raw/ALL.PD,8463
ST8-PD-113-03,113,SD7062 PLAIN & TWO TRIPS,WIDINER,204500.,2,-5.94,-.115,0.0176,polars/raw/ALL.PD,8464
ST8-PD-113-03,113,SD7062 PLAIN & TWO TRIPS,WIDINER,204500.,3,-4.92,-.023,0.0144,polars/raw/ALL.PD,8465
ST8-PD-113-03,113,SD7062 PLAIN & TWO TRIPS,WIDINER,204500.,4,-3.88,0.076,0.0139,polars/raw/ALL.PD,8466
ST8-PD-113-03,113,SD7062 PLAIN & TWO TRIPS,WIDINER,204500.,5,-2.88,0.173,0.0126,polars/raw/ALL.PD,8467
ST8-PD-113-03,113,SD7062 PLAIN & TWO TRIPS,WIDINER,204500.,6,-1.85,0.272,0.0126,polars/raw/ALL.PD,8468
ST8-PD-113-03,113,SD7062 PLAIN & TWO TRIPS,WIDINER,204500.,7,-0.83,0.371,0.0128,polars/raw/ALL.PD,8469
ST8-PD-113-03,113,SD7062 PLAIN & TWO TRIPS,WIDINER,204500.,8,0.19,0.465,0.0125,polars/raw/ALL.PD,8470
ST8-PD-113-03,113,SD7062 PLAIN & TWO TRIPS,WIDINER,204500.,9,1.21,0.570,0.0133,polars/raw/ALL.PD,8471
ST8-PD-113-03,113,SD7062 PLAIN & TWO TRIPS,WIDINER,204500.,10,2.23,0.668,0.0141,polars/raw/ALL.PD,8472
ST8-PD-113-03,113,SD7062 PLAIN & TWO TRIPS,WIDINER,204500.,11,3.25,0.770,0.0155,polars/raw/ALL.PD,8473
ST8-PD-113-03,113,SD7062 PLAIN & TWO TRIPS,WIDINER,204500.,12,4.27,0.864,0.0171,polars/raw/ALL.PD,8474
ST8-PD-113-03,113,SD7062 PLAIN & TWO TRIPS,WIDINER,204500.,13,5.29,0.953,0.0179,polars/raw/ALL.PD,8475
ST8-PD-113-03,113,SD7062 PLAIN & TWO TRIPS,WIDINER,204500.,14,6.31,1.045,0.0191,polars/raw/ALL.PD,8476
ST8-PD-113-03,113,SD7062 PLAIN & TWO TRIPS,WIDINER,204500.,15,7.34,1.133,0.0206,polars/raw/ALL.PD,8477
ST8-PD-113-03,113,SD7062 PLAIN & TWO TRIPS,WIDINER,204500.,16,8.35,1.218,0.0223,polars/raw/ALL.PD,8478
ST8-PD-113-03,113,SD7062 PLAIN & TWO TRIPS,WIDINER,204500.,17,9.36,1.299,0.0245,polars/raw/ALL.PD,8479
ST8-PD-113-03,113,SD7062 PLAIN & TWO TRIPS,WIDINER,204500.,18,10.39,1.376,0.0267,polars/raw/ALL.PD,8480
ST8-PD-113-03,113,SD7062 PLAIN & TWO TRIPS,WIDINER,204500.,19,11.40,1.439,0.0298,polars/raw/ALL.PD,8481
ST8-PD-113-03,113,SD7062 PLAIN & TWO TRIPS,WIDINER,204500.,20,12.41,1.488,0.0348,polars/raw/ALL.PD,8482
ST8-PD-113-03,113,SD7062 PLAIN & TWO TRIPS,WIDINER,204500.,21,13.41,1.515,0.0443,polars/raw/ALL.PD,8483
ST8-PD-114-01,114,SD7080,ILLICK,62600.,1,-3.95,-.244,0.0198,polars/raw/ALL.PD,8493
ST8-PD-114-01,114,SD7080,ILLICK,62600.,2,-2.94,-.160,0.0179,polars/raw/ALL.PD,8494
ST8-PD-114-01,114,SD7080,ILLICK,62600.,3,-1.93,-.058,0.0144,polars/raw/ALL.PD,8495
ST8-PD-114-01,114,SD7080,ILLICK,62600.,4,-0.91,0.056,0.0179,polars/raw/ALL.PD,8496
ST8-PD-114-01,114,SD7080,ILLICK,62600.,5,0.11,0.228,0.0176,polars/raw/ALL.PD,8497
ST8-PD-114-01,114,SD7080,ILLICK,62600.,6,1.17,0.371,0.0184,polars/raw/ALL.PD,8498
ST8-PD-114-01,114,SD7080,ILLICK,62600.,7,2.20,0.482,0.0185,polars/raw/ALL.PD,8499
ST8-PD-114-01,114,SD7080,ILLICK,62600.,8,3.22,0.576,0.0199,polars/raw/ALL.PD,8500
ST8-PD-114-01,114,SD7080,ILLICK,62600.,9,4.22,0.645,0.0194,polars/raw/ALL.PD,8501
ST8-PD-114-01,114,SD7080,ILLICK,62600.,10,5.25,0.726,0.0238,polars/raw/ALL.PD,8502
ST8-PD-114-01,114,SD7080,ILLICK,62600.,11,6.26,0.801,0.0265,polars/raw/ALL.PD,8503
ST8-PD-114-01,114,SD7080,ILLICK,62600.,12,7.27,0.876,0.0273,polars/raw/ALL.PD,8504
ST8-PD-114-01,114,SD7080,ILLICK,62600.,13,8.29,0.924,0.0303,polars/raw/ALL.PD,8505
ST8-PD-114-01,114,SD7080,ILLICK,62600.,14,9.31,0.994,0.0323,polars/raw/ALL.PD,8506
ST8-PD-114-01,114,SD7080,ILLICK,62600.,15,10.31,1.054,0.0402,polars/raw/ALL.PD,8507
ST8-PD-114-02,114,SD7080,ILLICK,103500.,1,-3.98,-.252,0.0182,polars/raw/ALL.PD,8510
ST8-PD-114-02,114,SD7080,ILLICK,103500.,2,-2.95,-.156,0.0171,polars/raw/ALL.PD,8511
ST8-PD-114-02,114,SD7080,ILLICK,103500.,3,-1.92,-.029,0.0137,polars/raw/ALL.PD,8512
ST8-PD-114-02,114,SD7080,ILLICK,103500.,4,-0.90,0.109,0.0123,polars/raw/ALL.PD,8513
ST8-PD-114-02,114,SD7080,ILLICK,103500.,5,0.14,0.243,0.0128,polars/raw/ALL.PD,8514
ST8-PD-114-02,114,SD7080,ILLICK,103500.,6,1.16,0.351,0.0153,polars/raw/ALL.PD,8515
ST8-PD-114-02,114,SD7080,ILLICK,103500.,7,2.18,0.448,0.0126,polars/raw/ALL.PD,8516
ST8-PD-114-02,114,SD7080,ILLICK,103500.,8,3.20,0.535,0.0144,polars/raw/ALL.PD,8517
ST8-PD-114-02,114,SD7080,ILLICK,103500.,9,4.22,0.629,0.0170,polars/raw/ALL.PD,8518
ST8-PD-114-02,114,SD7080,ILLICK,103500.,10,5.25,0.726,0.0171,polars/raw/ALL.PD,8519
ST8-PD-114-02,114,SD7080,ILLICK,103500.,11,6.26,0.803,0.0197,polars/raw/ALL.PD,8520
ST8-PD-114-02,114,SD7080,ILLICK,103500.,12,7.28,0.868,0.0208,polars/raw/ALL.PD,8521
ST8-PD-114-02,114,SD7080,ILLICK,103500.,13,8.30,0.932,0.0291,polars/raw/ALL.PD,8522
ST8-PD-114-02,114,SD7080,ILLICK,103500.,14,9.31,0.973,0.0283,polars/raw/ALL.PD,8523
ST8-PD-114-02,114,SD7080,ILLICK,103500.,15,10.31,0.999,0.0628,polars/raw/ALL.PD,8524
ST8-PD-114-03,114,SD7080,ILLICK,149800.,1,-6.00,-.388,0.0349,polars/raw/ALL.PD,8527
ST8-PD-114-03,114,SD7080,ILLICK,149800.,2,-4.98,-.305,0.0260,polars/raw/ALL.PD,8528
ST8-PD-114-03,114,SD7080,ILLICK,149800.,3,-3.95,-.186,0.0195,polars/raw/ALL.PD,8529
ST8-PD-114-03,114,SD7080,ILLICK,149800.,4,-2.94,-.079,0.0147,polars/raw/ALL.PD,8530
ST8-PD-114-03,114,SD7080,ILLICK,149800.,5,-1.91,0.034,0.0115,polars/raw/ALL.PD,8531
ST8-PD-114-03,114,SD7080,ILLICK,149800.,6,-0.89,0.171,0.0106,polars/raw/ALL.PD,8532
ST8-PD-114-03,114,SD7080,ILLICK,149800.,7,0.15,0.267,0.0105,polars/raw/ALL.PD,8533
ST8-PD-114-03,114,SD7080,ILLICK,149800.,8,1.17,0.361,0.0107,polars/raw/ALL.PD,8534
ST8-PD-114-03,114,SD7080,ILLICK,149800.,9,2.20,0.461,0.0106,polars/raw/ALL.PD,8535
ST8-PD-114-03,114,SD7080,ILLICK,149800.,10,3.21,0.555,0.0112,polars/raw/ALL.PD,8536
ST8-PD-114-03,114,SD7080,ILLICK,149800.,11,4.24,0.648,0.0130,polars/raw/ALL.PD,8537
ST8-PD-114-03,114,SD7080,ILLICK,149800.,12,5.25,0.740,0.0146,polars/raw/ALL.PD,8538
ST8-PD-114-03,114,SD7080,ILLICK,149800.,13,6.27,0.830,0.0168,polars/raw/ALL.PD,8539
ST8-PD-114-03,114,SD7080,ILLICK,149800.,14,7.28,0.920,0.0192,polars/raw/ALL.PD,8540
ST8-PD-114-03,114,SD7080,ILLICK,149800.,15,8.30,0.977,0.0228,polars/raw/ALL.PD,8541
ST8-PD-114-03,114,SD7080,ILLICK,149800.,16,9.31,1.013,0.0304,polars/raw/ALL.PD,8542
ST8-PD-114-03,114,SD7080,ILLICK,149800.,17,10.32,1.041,0.0379,polars/raw/ALL.PD,8543
ST8-PD-114-03,114,SD7080,ILLICK,149800.,18,11.32,1.049,0.0506,polars/raw/ALL.PD,8544
ST8-PD-114-03,114,SD7080,ILLICK,149800.,19,12.32,1.026,0.0691,polars/raw/ALL.PD,8545
ST8-PD-114-03,114,SD7080,ILLICK,149800.,20,13.33,1.004,0.1087,polars/raw/ALL.PD,8546
ST8-PD-114-04,114,SD7080,ILLICK,205700.,1,-6.00,-.391,0.0392,polars/raw/ALL.PD,8549
ST8-PD-114-04,114,SD7080,ILLICK,205700.,2,-4.98,-.300,0.0250,polars/raw/ALL.PD,8550
ST8-PD-114-04,114,SD7080,ILLICK,205700.,3,-3.96,-.187,0.0175,polars/raw/ALL.PD,8551
ST8-PD-114-04,114,SD7080,ILLICK,205700.,4,-2.93,-.074,0.0143,polars/raw/ALL.PD,8552
ST8-PD-114-04,114,SD7080,ILLICK,205700.,5,-1.91,0.028,0.0111,polars/raw/ALL.PD,8553
ST8-PD-114-04,114,SD7080,ILLICK,205700.,6,-0.88,0.129,0.0084,polars/raw/ALL.PD,8554
ST8-PD-114-04,114,SD7080,ILLICK,205700.,7,0.14,0.240,0.0083,polars/raw/ALL.PD,8555
ST8-PD-114-04,114,SD7080,ILLICK,205700.,8,1.17,0.340,0.0086,polars/raw/ALL.PD,8556
ST8-PD-114-04,114,SD7080,ILLICK,205700.,9,2.18,0.435,0.0087,polars/raw/ALL.PD,8557
ST8-PD-114-04,114,SD7080,ILLICK,205700.,10,3.21,0.533,0.0097,polars/raw/ALL.PD,8558
ST8-PD-114-04,114,SD7080,ILLICK,205700.,11,4.24,0.625,0.0112,polars/raw/ALL.PD,8559
ST8-PD-114-04,114,SD7080,ILLICK,205700.,12,5.25,0.721,0.0126,polars/raw/ALL.PD,8560
ST8-PD-114-04,114,SD7080,ILLICK,205700.,13,6.27,0.813,0.0138,polars/raw/ALL.PD,8561
ST8-PD-114-04,114,SD7080,ILLICK,205700.,14,7.29,0.900,0.0158,polars/raw/ALL.PD,8562
ST8-PD-114-04,114,SD7080,ILLICK,205700.,15,8.30,0.961,0.0197,polars/raw/ALL.PD,8563
ST8-PD-114-04,114,SD7080,ILLICK,205700.,16,9.31,1.007,0.0246,polars/raw/ALL.PD,8564
ST8-PD-114-04,114,SD7080,ILLICK,205700.,17,10.31,1.042,0.0323,polars/raw/ALL.PD,8565
ST8-PD-114-04,114,SD7080,ILLICK,205700.,18,11.32,1.056,0.0407,polars/raw/ALL.PD,8566
ST8-PD-114-04,114,SD7080,ILLICK,205700.,19,12.32,1.044,0.0508,polars/raw/ALL.PD,8567
ST8-PD-114-04,114,SD7080,ILLICK,205700.,20,13.31,1.007,0.0744,polars/raw/ALL.PD,8568
ST8-PD-114-05,114,SD7080,ILLICK,301800.,1,-6.02,-.393,0.0360,polars/raw/ALL.PD,8571
ST8-PD-114-05,114,SD7080,ILLICK,301800.,2,-4.99,-.285,0.0210,polars/raw/ALL.PD,8572
ST8-PD-114-05,114,SD7080,ILLICK,301800.,3,-3.96,-.180,0.0153,polars/raw/ALL.PD,8573
ST8-PD-114-05,114,SD7080,ILLICK,301800.,4,-2.97,-.092,0.0127,polars/raw/ALL.PD,8574
ST8-PD-114-05,114,SD7080,ILLICK,301800.,5,-1.93,-.003,0.0101,polars/raw/ALL.PD,8575
ST8-PD-114-05,114,SD7080,ILLICK,301800.,6,-0.90,0.090,0.0075,polars/raw/ALL.PD,8576
ST8-PD-114-05,114,SD7080,ILLICK,301800.,7,0.13,0.216,0.0069,polars/raw/ALL.PD,8577
ST8-PD-114-05,114,SD7080,ILLICK,301800.,8,1.14,0.317,0.0073,polars/raw/ALL.PD,8578
ST8-PD-114-05,114,SD7080,ILLICK,301800.,9,2.18,0.420,0.0081,polars/raw/ALL.PD,8579
ST8-PD-114-05,114,SD7080,ILLICK,301800.,10,3.21,0.516,0.0091,polars/raw/ALL.PD,8580
ST8-PD-114-05,114,SD7080,ILLICK,301800.,11,4.22,0.608,0.0102,polars/raw/ALL.PD,8581
ST8-PD-114-05,114,SD7080,ILLICK,301800.,12,5.24,0.705,0.0113,polars/raw/ALL.PD,8582
ST8-PD-114-05,114,SD7080,ILLICK,301800.,13,6.26,0.799,0.0122,polars/raw/ALL.PD,8583
ST8-PD-114-05,114,SD7080,ILLICK,301800.,14,7.28,0.881,0.0140,polars/raw/ALL.PD,8584
ST8-PD-114-05,114,SD7080,ILLICK,301800.,15,8.30,0.944,0.0192,polars/raw/ALL.PD,8585
ST8-PD-114-05,114,SD7080,ILLICK,301800.,16,9.31,0.997,0.0237,polars/raw/ALL.PD,8586
ST8-PD-114-05,114,SD7080,ILLICK,301800.,17,10.31,1.036,0.0294,polars/raw/ALL.PD,8587
ST8-PD-114-05,114,SD7080,ILLICK,301800.,18,11.32,1.048,0.0384,polars/raw/ALL.PD,8588
ST8-PD-114-05,114,SD7080,ILLICK,301800.,19,12.31,1.036,0.0475,polars/raw/ALL.PD,8589
ST8-PD-114-05,114,SD7080,ILLICK,301800.,20,13.30,1.009,0.0673,polars/raw/ALL.PD,8590
ST8-PD-115-01,115,SD7084,ALLEN,100900.,1,-2.95,-.164,0.0196,polars/raw/ALL.PD,8599
ST8-PD-115-01,115,SD7084,ALLEN,100900.,2,-1.42,-.031,0.014,polars/raw/ALL.PD,8600
ST8-PD-115-01,115,SD7084,ALLEN,100900.,3,0.12,0.151,0.0160,polars/raw/ALL.PD,8601
ST8-PD-115-01,115,SD7084,ALLEN,100900.,4,1.68,0.409,0.0182,polars/raw/ALL.PD,8602
ST8-PD-115-01,115,SD7084,ALLEN,100900.,5,3.20,0.545,0.0159,polars/raw/ALL.PD,8603
ST8-PD-115-01,115,SD7084,ALLEN,100900.,6,4.73,0.677,0.0156,polars/raw/ALL.PD,8604
ST8-PD-115-01,115,SD7084,ALLEN,100900.,7,6.26,0.802,0.0191,polars/raw/ALL.PD,8605
ST8-PD-115-01,115,SD7084,ALLEN,100900.,8,7.79,0.935,0.0205,polars/raw/ALL.PD,8606
ST8-PD-115-01,115,SD7084,ALLEN,100900.,9,9.31,1.047,0.0252,polars/raw/ALL.PD,8607
ST8-PD-115-01,115,SD7084,ALLEN,100900.,10,10.82,1.078,0.0404,polars/raw/ALL.PD,8608
ST8-PD-115-01,115,SD7084,ALLEN,100900.,11,12.34,1.079,0.0500,polars/raw/ALL.PD,8609
ST8-PD-115-02,115,SD7084,ALLEN,152400.,1,-2.94,-.149,0.0164,polars/raw/ALL.PD,8612
ST8-PD-115-02,115,SD7084,ALLEN,152400.,2,-1.40,0.034,0.0121,polars/raw/ALL.PD,8613
ST8-PD-115-02,115,SD7084,ALLEN,152400.,3,0.15,0.274,0.0125,polars/raw/ALL.PD,8614
ST8-PD-115-02,115,SD7084,ALLEN,152400.,4,1.68,0.413,0.0117,polars/raw/ALL.PD,8615
ST8-PD-115-02,115,SD7084,ALLEN,152400.,5,3.19,0.552,0.0116,polars/raw/ALL.PD,8616
ST8-PD-115-02,115,SD7084,ALLEN,152400.,6,4.74,0.692,0.0130,polars/raw/ALL.PD,8617
ST8-PD-115-02,115,SD7084,ALLEN,152400.,7,6.26,0.822,0.0158,polars/raw/ALL.PD,8618
ST8-PD-115-02,115,SD7084,ALLEN,152400.,8,7.78,0.951,0.0181,polars/raw/ALL.PD,8619
ST8-PD-115-02,115,SD7084,ALLEN,152400.,9,9.31,1.053,0.0230,polars/raw/ALL.PD,8620
ST8-PD-115-02,115,SD7084,ALLEN,152400.,10,10.82,1.091,0.0348,polars/raw/ALL.PD,8621
ST8-PD-115-02,115,SD7084,ALLEN,152400.,11,12.33,1.088,0.0521,polars/raw/ALL.PD,8622
ST8-PD-115-02,115,SD7084,ALLEN,152400.,12,13.82,1.046,0.0634,polars/raw/ALL.PD,8623
ST8-PD-115-02,115,SD7084,ALLEN,152400.,13,15.27,0.857,0.2306,polars/raw/ALL.PD,8624
ST8-PD-115-03,115,SD7084,ALLEN,197500.,1,-3.95,-.226,0.0175,polars/raw/ALL.PD,8627
ST8-PD-115-03,115,SD7084,ALLEN,197500.,2,-2.96,-.111,0.0147,polars/raw/ALL.PD,8628
ST8-PD-115-03,115,SD7084,ALLEN,197500.,3,-1.91,0.032,0.0114,polars/raw/ALL.PD,8629
ST8-PD-115-03,115,SD7084,ALLEN,197500.,4,-0.89,0.155,0.0095,polars/raw/ALL.PD,8630
ST8-PD-115-03,115,SD7084,ALLEN,197500.,5,0.14,0.268,0.0098,polars/raw/ALL.PD,8631
ST8-PD-115-03,115,SD7084,ALLEN,197500.,6,1.17,0.359,0.0094,polars/raw/ALL.PD,8632
ST8-PD-115-03,115,SD7084,ALLEN,197500.,7,2.17,0.454,0.0099,polars/raw/ALL.PD,8633
ST8-PD-115-03,115,SD7084,ALLEN,197500.,8,3.21,0.552,0.0102,polars/raw/ALL.PD,8634
ST8-PD-115-03,115,SD7084,ALLEN,197500.,9,4.24,0.647,0.0115,polars/raw/ALL.PD,8635
ST8-PD-115-03,115,SD7084,ALLEN,197500.,10,5.23,0.737,0.0128,polars/raw/ALL.PD,8636
ST8-PD-115-03,115,SD7084,ALLEN,197500.,11,6.27,0.829,0.0143,polars/raw/ALL.PD,8637
ST8-PD-115-03,115,SD7084,ALLEN,197500.,12,7.28,0.917,0.0159,polars/raw/ALL.PD,8638
ST8-PD-115-03,115,SD7084,ALLEN,197500.,13,8.30,0.997,0.0185,polars/raw/ALL.PD,8639
ST8-PD-115-03,115,SD7084,ALLEN,197500.,14,9.31,1.058,0.0233,polars/raw/ALL.PD,8640
ST8-PD-115-03,115,SD7084,ALLEN,197500.,15,10.32,1.089,0.0308,polars/raw/ALL.PD,8641
ST8-PD-115-04,115,SD7084,ALLEN,303000.,1,-3.97,-.159,0.0139,polars/raw/ALL.PD,8644
ST8-PD-115-04,115,SD7084,ALLEN,303000.,2,-2.94,-.046,0.0112,polars/raw/ALL.PD,8645
ST8-PD-115-04,115,SD7084,ALLEN,303000.,3,-1.92,0.046,0.0095,polars/raw/ALL.PD,8646
ST8-PD-115-04,115,SD7084,ALLEN,303000.,4,-0.91,0.126,0.0077,polars/raw/ALL.PD,8647
ST8-PD-115-04,115,SD7084,ALLEN,303000.,5,0.13,0.256,0.0072,polars/raw/ALL.PD,8648
ST8-PD-115-04,115,SD7084,ALLEN,303000.,6,1.16,0.357,0.0073,polars/raw/ALL.PD,8649
ST8-PD-115-04,115,SD7084,ALLEN,303000.,7,2.18,0.457,0.0079,polars/raw/ALL.PD,8650
ST8-PD-115-04,115,SD7084,ALLEN,303000.,8,3.20,0.556,0.0089,polars/raw/ALL.PD,8651
ST8-PD-115-04,115,SD7084,ALLEN,303000.,9,4.22,0.651,0.0103,polars/raw/ALL.PD,8652
ST8-PD-115-04,115,SD7084,ALLEN,303000.,10,5.25,0.746,0.0115,polars/raw/ALL.PD,8653
ST8-PD-115-04,115,SD7084,ALLEN,303000.,11,6.27,0.838,0.0130,polars/raw/ALL.PD,8654
ST8-PD-115-04,115,SD7084,ALLEN,303000.,12,7.28,0.923,0.0145,polars/raw/ALL.PD,8655
ST8-PD-115-04,115,SD7084,ALLEN,303000.,13,8.31,1.002,0.0165,polars/raw/ALL.PD,8656
ST8-PD-115-04,115,SD7084,ALLEN,303000.,14,9.32,1.059,0.0215,polars/raw/ALL.PD,8657
ST8-PD-115-04,115,SD7084,ALLEN,303000.,15,10.32,1.099,0.0269,polars/raw/ALL.PD,8658
ST8-PD-115-04,115,SD7084,ALLEN,303000.,16,11.33,1.116,0.0374,polars/raw/ALL.PD,8659
ST8-PD-116-01,116,SD7090,WATSON,59600.,1,-5.98,-.373,0.0280,polars/raw/ALL.PD,8668
ST8-PD-116-01,116,SD7090,WATSON,59600.,2,-4.96,-.301,0.0227,polars/raw/ALL.PD,8669
ST8-PD-116-01,116,SD7090,WATSON,59600.,3,-3.95,-.228,0.0182,polars/raw/ALL.PD,8670
ST8-PD-116-01,116,SD7090,WATSON,59600.,4,-2.93,-.138,0.0171,polars/raw/ALL.PD,8671
ST8-PD-116-01,116,SD7090,WATSON,59600.,5,-1.91,-.064,0.0159,polars/raw/ALL.PD,8672
ST8-PD-116-01,116,SD7090,WATSON,59600.,6,-0.88,0.082,0.0154,polars/raw/ALL.PD,8673
ST8-PD-116-01,116,SD7090,WATSON,59600.,7,0.15,0.270,0.0158,polars/raw/ALL.PD,8674
ST8-PD-116-01,116,SD7090,WATSON,59600.,8,1.18,0.399,0.0194,polars/raw/ALL.PD,8675
ST8-PD-116-01,116,SD7090,WATSON,59600.,9,2.20,0.487,0.0187,polars/raw/ALL.PD,8676
ST8-PD-116-01,116,SD7090,WATSON,59600.,10,3.22,0.585,0.0224,polars/raw/ALL.PD,8677
ST8-PD-116-01,116,SD7090,WATSON,59600.,11,4.24,0.667,0.0223,polars/raw/ALL.PD,8678
ST8-PD-116-01,116,SD7090,WATSON,59600.,12,5.26,0.757,0.0240,polars/raw/ALL.PD,8679
ST8-PD-116-01,116,SD7090,WATSON,59600.,13,6.27,0.821,0.0260,polars/raw/ALL.PD,8680
ST8-PD-116-01,116,SD7090,WATSON,59600.,14,7.28,0.893,0.0290,polars/raw/ALL.PD,8681
ST8-PD-116-01,116,SD7090,WATSON,59600.,15,8.29,0.951,0.0432,polars/raw/ALL.PD,8682
ST8-PD-116-01,116,SD7090,WATSON,59600.,16,9.31,0.987,0.0453,polars/raw/ALL.PD,8683
ST8-PD-116-01,116,SD7090,WATSON,59600.,17,10.31,0.953,0.0911,polars/raw/ALL.PD,8684
ST8-PD-116-01,116,SD7090,WATSON,59600.,18,11.29,0.842,0.1435,polars/raw/ALL.PD,8685
ST8-PD-116-01,116,SD7090,WATSON,59600.,19,12.28,0.778,0.1960,polars/raw/ALL.PD,8686
ST8-PD-116-02,116,SD7090,WATSON,99100.,1,-5.98,-.354,0.0239,polars/raw/ALL.PD,8689
ST8-PD-116-02,116,SD7090,WATSON,99100.,2,-4.96,-.283,0.0197,polars/raw/ALL.PD,8690
ST8-PD-116-02,116,SD7090,WATSON,99100.,3,-3.95,-.211,0.0163,polars/raw/ALL.PD,8691
ST8-PD-116-02,116,SD7090,WATSON,99100.,4,-2.94,-.132,0.0135,polars/raw/ALL.PD,8692
ST8-PD-116-02,116,SD7090,WATSON,99100.,5,-1.91,-.029,0.0134,polars/raw/ALL.PD,8693
ST8-PD-116-02,116,SD7090,WATSON,99100.,6,-0.88,0.148,0.0126,polars/raw/ALL.PD,8694
ST8-PD-116-02,116,SD7090,WATSON,99100.,7,0.15,0.270,0.0128,polars/raw/ALL.PD,8695
ST8-PD-116-02,116,SD7090,WATSON,99100.,8,1.17,0.362,0.0145,polars/raw/ALL.PD,8696
ST8-PD-116-02,116,SD7090,WATSON,99100.,9,2.19,0.457,0.0139,polars/raw/ALL.PD,8697
ST8-PD-116-02,116,SD7090,WATSON,99100.,10,3.22,0.549,0.0160,polars/raw/ALL.PD,8698
ST8-PD-116-02,116,SD7090,WATSON,99100.,11,4.23,0.640,0.0175,polars/raw/ALL.PD,8699
ST8-PD-116-02,116,SD7090,WATSON,99100.,12,5.24,0.731,0.0194,polars/raw/ALL.PD,8700
ST8-PD-116-02,116,SD7090,WATSON,99100.,13,6.27,0.816,0.0210,polars/raw/ALL.PD,8701
ST8-PD-116-02,116,SD7090,WATSON,99100.,14,7.29,0.892,0.0243,polars/raw/ALL.PD,8702
ST8-PD-116-02,116,SD7090,WATSON,99100.,15,8.30,0.957,0.0312,polars/raw/ALL.PD,8703
ST8-PD-116-02,116,SD7090,WATSON,99100.,16,9.32,1.007,0.0335,polars/raw/ALL.PD,8704
ST8-PD-116-02,116,SD7090,WATSON,99100.,17,10.32,1.039,0.0385,polars/raw/ALL.PD,8705
ST8-PD-116-02,116,SD7090,WATSON,99100.,18,11.30,0.895,0.1565,polars/raw/ALL.PD,8706
ST8-PD-116-03,116,SD7090,WATSON,149000.,1,-5.97,-.343,0.0221,polars/raw/ALL.PD,8709
ST8-PD-116-03,116,SD7090,WATSON,149000.,2,-4.96,-.269,0.0171,polars/raw/ALL.PD,8710
ST8-PD-116-03,116,SD7090,WATSON,149000.,3,-3.94,-.185,0.0158,polars/raw/ALL.PD,8711
ST8-PD-116-03,116,SD7090,WATSON,149000.,4,-2.93,-.064,0.0133,polars/raw/ALL.PD,8712
ST8-PD-116-03,116,SD7090,WATSON,149000.,5,-1.91,0.064,0.0110,polars/raw/ALL.PD,8713
ST8-PD-116-03,116,SD7090,WATSON,149000.,6,-0.87,0.197,0.0105,polars/raw/ALL.PD,8714
ST8-PD-116-03,116,SD7090,WATSON,149000.,7,0.15,0.297,0.0103,polars/raw/ALL.PD,8715
ST8-PD-116-03,116,SD7090,WATSON,149000.,8,1.18,0.392,0.0109,polars/raw/ALL.PD,8716
ST8-PD-116-03,116,SD7090,WATSON,149000.,9,2.19,0.489,0.0121,polars/raw/ALL.PD,8717
ST8-PD-116-03,116,SD7090,WATSON,149000.,10,3.22,0.590,0.0135,polars/raw/ALL.PD,8718
ST8-PD-116-03,116,SD7090,WATSON,149000.,11,4.24,0.685,0.0145,polars/raw/ALL.PD,8719
ST8-PD-116-03,116,SD7090,WATSON,149000.,12,5.26,0.772,0.0157,polars/raw/ALL.PD,8720
ST8-PD-116-03,116,SD7090,WATSON,149000.,13,6.27,0.861,0.0173,polars/raw/ALL.PD,8721
ST8-PD-116-03,116,SD7090,WATSON,149000.,14,7.28,0.931,0.0195,polars/raw/ALL.PD,8722
ST8-PD-116-03,116,SD7090,WATSON,149000.,15,8.31,0.994,0.0259,polars/raw/ALL.PD,8723
ST8-PD-116-03,116,SD7090,WATSON,149000.,16,9.32,1.049,0.0297,polars/raw/ALL.PD,8724
ST8-PD-116-03,116,SD7090,WATSON,149000.,17,10.32,1.092,0.0383,polars/raw/ALL.PD,8725
ST8-PD-116-03,116,SD7090,WATSON,149000.,18,11.33,1.106,0.0504,polars/raw/ALL.PD,8726
ST8-PD-116-03,116,SD7090,WATSON,149000.,19,12.29,0.887,0.1747,polars/raw/ALL.PD,8727
ST8-PD-116-04,116,SD7090,WATSON,199100.,1,-6.00,-.361,0.0191,polars/raw/ALL.PD,8730
ST8-PD-116-04,116,SD7090,WATSON,199100.,2,-4.96,-.280,0.0157,polars/raw/ALL.PD,8731
ST8-PD-116-04,116,SD7090,WATSON,199100.,3,-3.95,-.178,0.0146,polars/raw/ALL.PD,8732
ST8-PD-116-04,116,SD7090,WATSON,199100.,4,-2.92,-.044,0.0115,polars/raw/ALL.PD,8733
ST8-PD-116-04,116,SD7090,WATSON,199100.,5,-1.90,0.067,0.0092,polars/raw/ALL.PD,8734
ST8-PD-116-04,116,SD7090,WATSON,199100.,6,-0.88,0.171,0.0085,polars/raw/ALL.PD,8735
ST8-PD-116-04,116,SD7090,WATSON,199100.,7,0.16,0.284,0.0093,polars/raw/ALL.PD,8736
ST8-PD-116-04,116,SD7090,WATSON,199100.,8,1.16,0.381,0.0094,polars/raw/ALL.PD,8737
ST8-PD-116-04,116,SD7090,WATSON,199100.,9,2.20,0.478,0.0103,polars/raw/ALL.PD,8738
ST8-PD-116-04,116,SD7090,WATSON,199100.,10,3.22,0.577,0.0113,polars/raw/ALL.PD,8739
ST8-PD-116-04,116,SD7090,WATSON,199100.,11,4.24,0.671,0.0125,polars/raw/ALL.PD,8740
ST8-PD-116-04,116,SD7090,WATSON,199100.,12,5.26,0.759,0.0139,polars/raw/ALL.PD,8741
ST8-PD-116-04,116,SD7090,WATSON,199100.,13,6.28,0.841,0.0162,polars/raw/ALL.PD,8742
ST8-PD-116-04,116,SD7090,WATSON,199100.,14,7.29,0.915,0.0182,polars/raw/ALL.PD,8743
ST8-PD-116-04,116,SD7090,WATSON,199100.,15,8.30,0.977,0.0228,polars/raw/ALL.PD,8744
ST8-PD-116-04,116,SD7090,WATSON,199100.,16,9.31,1.037,0.0276,polars/raw/ALL.PD,8745
ST8-PD-116-04,116,SD7090,WATSON,199100.,17,10.34,1.083,0.0342,polars/raw/ALL.PD,8746
ST8-PD-116-04,116,SD7090,WATSON,199100.,18,11.33,1.107,0.0442,polars/raw/ALL.PD,8747
ST8-PD-116-05,116,SD7090,WATSON,298600.,1,-6.02,-.359,0.0166,polars/raw/ALL.PD,8750
ST8-PD-116-05,116,SD7090,WATSON,298600.,2,-4.99,-.247,0.0137,polars/raw/ALL.PD,8751
ST8-PD-116-05,116,SD7090,WATSON,298600.,3,-4.02,-.130,0.0118,polars/raw/ALL.PD,8752
ST8-PD-116-05,116,SD7090,WATSON,298600.,4,-2.98,-.025,0.0097,polars/raw/ALL.PD,8753
ST8-PD-116-05,116,SD7090,WATSON,298600.,5,-1.91,0.072,0.0085,polars/raw/ALL.PD,8754
ST8-PD-116-05,116,SD7090,WATSON,298600.,6,-0.88,0.161,0.0074,polars/raw/ALL.PD,8755
ST8-PD-116-05,116,SD7090,WATSON,298600.,7,0.13,0.280,0.0078,polars/raw/ALL.PD,8756
ST8-PD-116-05,116,SD7090,WATSON,298600.,8,1.16,0.381,0.0085,polars/raw/ALL.PD,8757
ST8-PD-116-05,116,SD7090,WATSON,298600.,9,2.20,0.480,0.0094,polars/raw/ALL.PD,8758
ST8-PD-116-05,116,SD7090,WATSON,298600.,10,3.21,0.576,0.0101,polars/raw/ALL.PD,8759
ST8-PD-116-05,116,SD7090,WATSON,298600.,11,4.23,0.669,0.0112,polars/raw/ALL.PD,8760
ST8-PD-116-05,116,SD7090,WATSON,298600.,12,5.25,0.756,0.0126,polars/raw/ALL.PD,8761
ST8-PD-116-05,116,SD7090,WATSON,298600.,13,6.27,0.840,0.0144,polars/raw/ALL.PD,8762
ST8-PD-116-05,116,SD7090,WATSON,298600.,14,7.28,0.916,0.0168,polars/raw/ALL.PD,8763
ST8-PD-116-05,116,SD7090,WATSON,298600.,15,8.31,0.984,0.0213,polars/raw/ALL.PD,8764
ST8-PD-116-05,116,SD7090,WATSON,298600.,16,9.32,1.046,0.0249,polars/raw/ALL.PD,8765
ST8-PD-116-05,116,SD7090,WATSON,298600.,17,10.33,1.094,0.0301,polars/raw/ALL.PD,8766
ST8-PD-116-05,116,SD7090,WATSON,298600.,18,11.33,1.116,0.0404,polars/raw/ALL.PD,8767
ST8-PD-117-01,117,"SD7090 LOOSE, TIGHT COVERING",WATSON,304000.,1,-4.00,-.136,0.0118,polars/raw/ALL.PD,8776
ST8-PD-117-01,117,"SD7090 LOOSE, TIGHT COVERING",WATSON,304000.,2,-2.96,-.038,0.0101,polars/raw/ALL.PD,8777
ST8-PD-117-01,117,"SD7090 LOOSE, TIGHT COVERING",WATSON,304000.,3,-1.91,0.055,0.0084,polars/raw/ALL.PD,8778
ST8-PD-117-01,117,"SD7090 LOOSE, TIGHT COVERING",WATSON,304000.,4,-0.92,0.140,0.0076,polars/raw/ALL.PD,8779
ST8-PD-117-01,117,"SD7090 LOOSE, TIGHT COVERING",WATSON,304000.,5,0.15,0.272,0.0076,polars/raw/ALL.PD,8780
ST8-PD-117-01,117,"SD7090 LOOSE, TIGHT COVERING",WATSON,304000.,6,1.17,0.377,0.0083,polars/raw/ALL.PD,8781
ST8-PD-117-01,117,"SD7090 LOOSE, TIGHT COVERING",WATSON,304000.,7,2.18,0.478,0.0092,polars/raw/ALL.PD,8782
ST8-PD-117-01,117,"SD7090 LOOSE, TIGHT COVERING",WATSON,304000.,8,3.20,0.576,0.0102,polars/raw/ALL.PD,8783
ST8-PD-117-01,117,"SD7090 LOOSE, TIGHT COVERING",WATSON,304000.,9,4.22,0.670,0.0111,polars/raw/ALL.PD,8784
ST8-PD-117-01,117,"SD7090 LOOSE, TIGHT COVERING",WATSON,304000.,10,5.24,0.758,0.0126,polars/raw/ALL.PD,8785
ST8-PD-117-01,117,"SD7090 LOOSE, TIGHT COVERING",WATSON,304000.,11,6.26,0.842,0.0147,polars/raw/ALL.PD,8786
ST8-PD-117-01,117,"SD7090 LOOSE, TIGHT COVERING",WATSON,304000.,12,7.27,0.915,0.0180,polars/raw/ALL.PD,8787
ST8-PD-117-01,117,"SD7090 LOOSE, TIGHT COVERING",WATSON,304000.,13,8.29,0.984,0.0212,polars/raw/ALL.PD,8788
ST8-PD-117-01,117,"SD7090 LOOSE, TIGHT COVERING",WATSON,304000.,14,9.30,1.045,0.0252,polars/raw/ALL.PD,8789
ST8-PD-117-01,117,"SD7090 LOOSE, TIGHT COVERING",WATSON,304000.,15,10.32,1.092,0.0314,polars/raw/ALL.PD,8790
ST8-PD-117-02,117,"SD7090 LOOSE, TIGHT COVERING",WATSON,298400.,1,-4.01,-.200,0.0128,polars/raw/ALL.PD,8793
ST8-PD-117-02,117,"SD7090 LOOSE, TIGHT COVERING",WATSON,298400.,2,-2.99,-.093,0.0113,polars/raw/ALL.PD,8794
ST8-PD-117-02,117,"SD7090 LOOSE, TIGHT COVERING",WATSON,298400.,3,-1.95,0.004,0.0094,polars/raw/ALL.PD,8795
ST8-PD-117-02,117,"SD7090 LOOSE, TIGHT COVERING",WATSON,298400.,4,-0.90,0.095,0.0083,polars/raw/ALL.PD,8796
ST8-PD-117-02,117,"SD7090 LOOSE, TIGHT COVERING",WATSON,298400.,5,0.12,0.203,0.0075,polars/raw/ALL.PD,8797
ST8-PD-117-02,117,"SD7090 LOOSE, TIGHT COVERING",WATSON,298400.,6,1.15,0.322,0.0078,polars/raw/ALL.PD,8798
ST8-PD-117-02,117,"SD7090 LOOSE, TIGHT COVERING",WATSON,298400.,7,2.17,0.427,0.0085,polars/raw/ALL.PD,8799
ST8-PD-117-02,117,"SD7090 LOOSE, TIGHT COVERING",WATSON,298400.,8,3.20,0.527,0.0096,polars/raw/ALL.PD,8800
ST8-PD-117-02,117,"SD7090 LOOSE, TIGHT COVERING",WATSON,298400.,9,4.23,0.624,0.0108,polars/raw/ALL.PD,8801
ST8-PD-117-02,117,"SD7090 LOOSE, TIGHT COVERING",WATSON,298400.,10,5.25,0.717,0.0118,polars/raw/ALL.PD,8802
ST8-PD-117-02,117,"SD7090 LOOSE, TIGHT COVERING",WATSON,298400.,11,6.25,0.802,0.0135,polars/raw/ALL.PD,8803
ST8-PD-117-02,117,"SD7090 LOOSE, TIGHT COVERING",WATSON,298400.,12,7.28,0.883,0.0162,polars/raw/ALL.PD,8804
ST8-PD-117-02,117,"SD7090 LOOSE, TIGHT COVERING",WATSON,298400.,13,8.29,0.954,0.0204,polars/raw/ALL.PD,8805
ST8-PD-117-02,117,"SD7090 LOOSE, TIGHT COVERING",WATSON,298400.,14,9.29,1.018,0.0240,polars/raw/ALL.PD,8806
ST8-PD-118-01,118,SD7090 VARIOUS TRIPS,WATSON,302500.,1,-4.00,-.210,0.0136,polars/raw/ALL.PD,8815
ST8-PD-118-01,118,SD7090 VARIOUS TRIPS,WATSON,302500.,2,-2.95,-.116,0.0126,polars/raw/ALL.PD,8816
ST8-PD-118-01,118,SD7090 VARIOUS TRIPS,WATSON,302500.,3,-1.94,-.021,0.0111,polars/raw/ALL.PD,8817
ST8-PD-118-01,118,SD7090 VARIOUS TRIPS,WATSON,302500.,4,-0.88,0.076,0.0096,polars/raw/ALL.PD,8818
ST8-PD-118-01,118,SD7090 VARIOUS TRIPS,WATSON,302500.,5,0.11,0.187,0.0084,polars/raw/ALL.PD,8819
ST8-PD-118-01,118,SD7090 VARIOUS TRIPS,WATSON,302500.,6,1.15,0.310,0.0088,polars/raw/ALL.PD,8820
ST8-PD-118-01,118,SD7090 VARIOUS TRIPS,WATSON,302500.,7,2.17,0.418,0.0093,polars/raw/ALL.PD,8821
ST8-PD-118-01,118,SD7090 VARIOUS TRIPS,WATSON,302500.,8,3.19,0.519,0.0099,polars/raw/ALL.PD,8822
ST8-PD-118-01,118,SD7090 VARIOUS TRIPS,WATSON,302500.,9,4.23,0.621,0.0107,polars/raw/ALL.PD,8823
ST8-PD-118-01,118,SD7090 VARIOUS TRIPS,WATSON,302500.,10,5.23,0.711,0.0125,polars/raw/ALL.PD,8824
ST8-PD-118-01,118,SD7090 VARIOUS TRIPS,WATSON,302500.,11,6.26,0.798,0.0143,polars/raw/ALL.PD,8825
ST8-PD-118-01,118,SD7090 VARIOUS TRIPS,WATSON,302500.,12,7.27,0.876,0.0171,polars/raw/ALL.PD,8826
ST8-PD-118-01,118,SD7090 VARIOUS TRIPS,WATSON,302500.,13,8.29,0.948,0.0210,polars/raw/ALL.PD,8827
ST8-PD-118-01,118,SD7090 VARIOUS TRIPS,WATSON,302500.,14,9.31,1.012,0.0248,polars/raw/ALL.PD,8828
ST8-PD-118-01,118,SD7090 VARIOUS TRIPS,WATSON,302500.,15,10.31,1.061,0.0298,polars/raw/ALL.PD,8829
ST8-PD-118-01,118,SD7090 VARIOUS TRIPS,WATSON,302500.,16,11.32,1.090,0.0376,polars/raw/ALL.PD,8830
ST8-PD-118-02,118,SD7090 VARIOUS TRIPS,WATSON,305900.,1,-3.98,-.191,0.0133,polars/raw/ALL.PD,8833
ST8-PD-118-02,118,SD7090 VARIOUS TRIPS,WATSON,305900.,2,-2.95,-.096,0.0116,polars/raw/ALL.PD,8834
ST8-PD-118-02,118,SD7090 VARIOUS TRIPS,WATSON,305900.,3,-1.94,-.004,0.0104,polars/raw/ALL.PD,8835
ST8-PD-118-02,118,SD7090 VARIOUS TRIPS,WATSON,305900.,4,-0.91,0.090,0.0091,polars/raw/ALL.PD,8836
ST8-PD-118-02,118,SD7090 VARIOUS TRIPS,WATSON,305900.,5,0.11,0.201,0.0079,polars/raw/ALL.PD,8837
ST8-PD-118-02,118,SD7090 VARIOUS TRIPS,WATSON,305900.,6,1.13,0.321,0.0085,polars/raw/ALL.PD,8838
ST8-PD-118-02,118,SD7090 VARIOUS TRIPS,WATSON,305900.,7,2.18,0.429,0.0088,polars/raw/ALL.PD,8839
ST8-PD-118-02,118,SD7090 VARIOUS TRIPS,WATSON,305900.,8,3.20,0.530,0.0096,polars/raw/ALL.PD,8840
ST8-PD-118-02,118,SD7090 VARIOUS TRIPS,WATSON,305900.,9,4.21,0.627,0.0106,polars/raw/ALL.PD,8841
ST8-PD-118-02,118,SD7090 VARIOUS TRIPS,WATSON,305900.,10,5.24,0.721,0.0121,polars/raw/ALL.PD,8842
ST8-PD-118-02,118,SD7090 VARIOUS TRIPS,WATSON,305900.,11,6.25,0.804,0.0138,polars/raw/ALL.PD,8843
ST8-PD-118-02,118,SD7090 VARIOUS TRIPS,WATSON,305900.,12,7.27,0.884,0.0164,polars/raw/ALL.PD,8844
ST8-PD-118-02,118,SD7090 VARIOUS TRIPS,WATSON,305900.,13,8.30,0.954,0.0207,polars/raw/ALL.PD,8845
ST8-PD-118-02,118,SD7090 VARIOUS TRIPS,WATSON,305900.,14,9.31,1.017,0.0240,polars/raw/ALL.PD,8846
ST8-PD-118-02,118,SD7090 VARIOUS TRIPS,WATSON,305900.,15,10.31,1.069,0.0293,polars/raw/ALL.PD,8847
ST8-PD-118-03,118,SD7090 VARIOUS TRIPS,WATSON,304600.,1,-3.98,-.184,0.0130,polars/raw/ALL.PD,8850
ST8-PD-118-03,118,SD7090 VARIOUS TRIPS,WATSON,304600.,2,-2.97,-.092,0.0113,polars/raw/ALL.PD,8851
ST8-PD-118-03,118,SD7090 VARIOUS TRIPS,WATSON,304600.,3,-1.92,0.003,0.0097,polars/raw/ALL.PD,8852
ST8-PD-118-03,118,SD7090 VARIOUS TRIPS,WATSON,304600.,4,-0.92,0.093,0.0086,polars/raw/ALL.PD,8853
ST8-PD-118-03,118,SD7090 VARIOUS TRIPS,WATSON,304600.,5,0.13,0.206,0.0078,polars/raw/ALL.PD,8854
ST8-PD-118-03,118,SD7090 VARIOUS TRIPS,WATSON,304600.,6,1.15,0.326,0.0081,polars/raw/ALL.PD,8855
ST8-PD-118-03,118,SD7090 VARIOUS TRIPS,WATSON,304600.,7,2.17,0.429,0.0086,polars/raw/ALL.PD,8856
ST8-PD-118-03,118,SD7090 VARIOUS TRIPS,WATSON,304600.,8,3.20,0.530,0.0096,polars/raw/ALL.PD,8857
ST8-PD-118-03,118,SD7090 VARIOUS TRIPS,WATSON,304600.,9,4.21,0.627,0.0104,polars/raw/ALL.PD,8858
ST8-PD-118-03,118,SD7090 VARIOUS TRIPS,WATSON,304600.,10,5.23,0.718,0.0120,polars/raw/ALL.PD,8859
ST8-PD-118-03,118,SD7090 VARIOUS TRIPS,WATSON,304600.,11,6.26,0.805,0.0138,polars/raw/ALL.PD,8860
ST8-PD-118-03,118,SD7090 VARIOUS TRIPS,WATSON,304600.,12,7.26,0.884,0.0163,polars/raw/ALL.PD,8861
ST8-PD-118-03,118,SD7090 VARIOUS TRIPS,WATSON,304600.,13,8.30,0.957,0.0205,polars/raw/ALL.PD,8862
ST8-PD-118-03,118,SD7090 VARIOUS TRIPS,WATSON,304600.,14,9.31,1.019,0.0243,polars/raw/ALL.PD,8863
ST8-PD-118-03,118,SD7090 VARIOUS TRIPS,WATSON,304600.,15,10.31,1.072,0.0287,polars/raw/ALL.PD,8864
ST8-PD-118-03,118,SD7090 VARIOUS TRIPS,WATSON,304600.,16,11.31,1.103,0.0370,polars/raw/ALL.PD,8865
ST8-PD-118-04,118,SD7090 VARIOUS TRIPS,WATSON,300000.,1,-3.98,-.186,0.0127,polars/raw/ALL.PD,8868
ST8-PD-118-04,118,SD7090 VARIOUS TRIPS,WATSON,300000.,2,-2.47,-.043,0.0099,polars/raw/ALL.PD,8869
ST8-PD-118-04,118,SD7090 VARIOUS TRIPS,WATSON,300000.,3,-0.91,0.097,0.0081,polars/raw/ALL.PD,8870
ST8-PD-118-04,118,SD7090 VARIOUS TRIPS,WATSON,300000.,4,0.65,0.274,0.0077,polars/raw/ALL.PD,8871
ST8-PD-118-04,118,SD7090 VARIOUS TRIPS,WATSON,300000.,5,2.18,0.432,0.0087,polars/raw/ALL.PD,8872
ST8-PD-118-04,118,SD7090 VARIOUS TRIPS,WATSON,300000.,6,3.70,0.580,0.0102,polars/raw/ALL.PD,8873
ST8-PD-118-04,118,SD7090 VARIOUS TRIPS,WATSON,300000.,7,5.24,0.722,0.0118,polars/raw/ALL.PD,8874
ST8-PD-118-04,118,SD7090 VARIOUS TRIPS,WATSON,300000.,8,6.77,0.848,0.0152,polars/raw/ALL.PD,8875
ST8-PD-118-04,118,SD7090 VARIOUS TRIPS,WATSON,300000.,9,8.30,0.960,0.0207,polars/raw/ALL.PD,8876
ST8-PD-118-04,118,SD7090 VARIOUS TRIPS,WATSON,300000.,10,9.82,1.054,0.0265,polars/raw/ALL.PD,8877
ST8-PD-118-04,118,SD7090 VARIOUS TRIPS,WATSON,300000.,11,11.33,1.105,0.0360,polars/raw/ALL.PD,8878
ST8-PD-118-05,118,SD7090 VARIOUS TRIPS,WATSON,304000.,1,-4.00,-.136,0.0118,polars/raw/ALL.PD,8881
ST8-PD-118-05,118,SD7090 VARIOUS TRIPS,WATSON,304000.,2,-2.96,-.038,0.0101,polars/raw/ALL.PD,8882
ST8-PD-118-05,118,SD7090 VARIOUS TRIPS,WATSON,304000.,3,-1.91,0.055,0.0084,polars/raw/ALL.PD,8883
ST8-PD-118-05,118,SD7090 VARIOUS TRIPS,WATSON,304000.,4,-0.92,0.140,0.0076,polars/raw/ALL.PD,8884
ST8-PD-118-05,118,SD7090 VARIOUS TRIPS,WATSON,304000.,5,0.15,0.272,0.0076,polars/raw/ALL.PD,8885
ST8-PD-118-05,118,SD7090 VARIOUS TRIPS,WATSON,304000.,6,1.17,0.377,0.0083,polars/raw/ALL.PD,8886
ST8-PD-118-05,118,SD7090 VARIOUS TRIPS,WATSON,304000.,7,2.18,0.478,0.0092,polars/raw/ALL.PD,8887
ST8-PD-118-05,118,SD7090 VARIOUS TRIPS,WATSON,304000.,8,3.20,0.576,0.0102,polars/raw/ALL.PD,8888
ST8-PD-118-05,118,SD7090 VARIOUS TRIPS,WATSON,304000.,9,4.22,0.670,0.0111,polars/raw/ALL.PD,8889
ST8-PD-118-05,118,SD7090 VARIOUS TRIPS,WATSON,304000.,10,5.24,0.758,0.0126,polars/raw/ALL.PD,8890
ST8-PD-118-05,118,SD7090 VARIOUS TRIPS,WATSON,304000.,11,6.26,0.842,0.0147,polars/raw/ALL.PD,8891
ST8-PD-118-05,118,SD7090 VARIOUS TRIPS,WATSON,304000.,12,7.27,0.915,0.0180,polars/raw/ALL.PD,8892
ST8-PD-118-05,118,SD7090 VARIOUS TRIPS,WATSON,304000.,13,8.29,0.984,0.0212,polars/raw/ALL.PD,8893
ST8-PD-118-05,118,SD7090 VARIOUS TRIPS,WATSON,304000.,14,9.30,1.045,0.0252,polars/raw/ALL.PD,8894
ST8-PD-118-05,118,SD7090 VARIOUS TRIPS,WATSON,304000.,15,10.32,1.092,0.0314,polars/raw/ALL.PD,8895
ST8-PD-119-01,119,SD8000,WAGNER/OLSEN,62500.,1,-3.94,-.138,0.0151,polars/raw/ALL.PD,8904
ST8-PD-119-01,119,SD8000,WAGNER/OLSEN,62500.,2,-2.93,-.065,0.0139,polars/raw/ALL.PD,8905
ST8-PD-119-01,119,SD8000,WAGNER/OLSEN,62500.,3,-1.91,-.004,0.0114,polars/raw/ALL.PD,8906
ST8-PD-119-01,119,SD8000,WAGNER/OLSEN,62500.,4,-0.88,0.111,0.0165,polars/raw/ALL.PD,8907
ST8-PD-119-01,119,SD8000,WAGNER/OLSEN,62500.,5,0.13,0.200,0.0158,polars/raw/ALL.PD,8908
ST8-PD-119-01,119,SD8000,WAGNER/OLSEN,62500.,6,1.17,0.360,0.0156,polars/raw/ALL.PD,8909
ST8-PD-119-01,119,SD8000,WAGNER/OLSEN,62500.,7,2.20,0.508,0.0135,polars/raw/ALL.PD,8910
ST8-PD-119-01,119,SD8000,WAGNER/OLSEN,62500.,8,3.23,0.599,0.0150,polars/raw/ALL.PD,8911
ST8-PD-119-01,119,SD8000,WAGNER/OLSEN,62500.,9,4.24,0.677,0.0205,polars/raw/ALL.PD,8912
ST8-PD-119-01,119,SD8000,WAGNER/OLSEN,62500.,10,5.26,0.753,0.0241,polars/raw/ALL.PD,8913
ST8-PD-119-01,119,SD8000,WAGNER/OLSEN,62500.,11,6.28,0.823,0.0294,polars/raw/ALL.PD,8914
ST8-PD-119-01,119,SD8000,WAGNER/OLSEN,62500.,12,7.28,0.889,0.0341,polars/raw/ALL.PD,8915
ST8-PD-119-01,119,SD8000,WAGNER/OLSEN,62500.,13,8.30,0.946,0.0422,polars/raw/ALL.PD,8916
ST8-PD-119-01,119,SD8000,WAGNER/OLSEN,62500.,14,9.31,0.984,0.0523,polars/raw/ALL.PD,8917
ST8-PD-119-02,119,SD8000,WAGNER/OLSEN,102500.,1,-3.93,-.133,0.0149,polars/raw/ALL.PD,8920
ST8-PD-119-02,119,SD8000,WAGNER/OLSEN,102500.,2,-2.91,-.053,0.0123,polars/raw/ALL.PD,8921
ST8-PD-119-02,119,SD8000,WAGNER/OLSEN,102500.,3,-1.91,0.046,0.0111,polars/raw/ALL.PD,8922
ST8-PD-119-02,119,SD8000,WAGNER/OLSEN,102500.,4,-0.88,0.138,0.0115,polars/raw/ALL.PD,8923
ST8-PD-119-02,119,SD8000,WAGNER/OLSEN,102500.,5,0.15,0.296,0.0127,polars/raw/ALL.PD,8924
ST8-PD-119-02,119,SD8000,WAGNER/OLSEN,102500.,6,1.17,0.454,0.0137,polars/raw/ALL.PD,8925
ST8-PD-119-02,119,SD8000,WAGNER/OLSEN,102500.,7,2.21,0.548,0.0130,polars/raw/ALL.PD,8926
ST8-PD-119-02,119,SD8000,WAGNER/OLSEN,102500.,8,3.23,0.624,0.0127,polars/raw/ALL.PD,8927
ST8-PD-119-02,119,SD8000,WAGNER/OLSEN,102500.,9,4.24,0.715,0.0140,polars/raw/ALL.PD,8928
ST8-PD-119-02,119,SD8000,WAGNER/OLSEN,102500.,10,5.26,0.803,0.0166,polars/raw/ALL.PD,8929
ST8-PD-119-02,119,SD8000,WAGNER/OLSEN,102500.,11,6.28,0.885,0.0200,polars/raw/ALL.PD,8930
ST8-PD-119-02,119,SD8000,WAGNER/OLSEN,102500.,12,7.30,0.958,0.0236,polars/raw/ALL.PD,8931
ST8-PD-119-02,119,SD8000,WAGNER/OLSEN,102500.,13,8.31,1.021,0.0280,polars/raw/ALL.PD,8932
ST8-PD-119-02,119,SD8000,WAGNER/OLSEN,102500.,14,9.32,1.062,0.0364,polars/raw/ALL.PD,8933
ST8-PD-119-02,119,SD8000,WAGNER/OLSEN,102500.,15,10.34,1.078,0.0539,polars/raw/ALL.PD,8934
ST8-PD-119-03,119,SD8000,WAGNER/OLSEN,154500.,1,-3.93,-.149,0.0136,polars/raw/ALL.PD,8937
ST8-PD-119-03,119,SD8000,WAGNER/OLSEN,154500.,2,-2.94,-.058,0.0109,polars/raw/ALL.PD,8938
ST8-PD-119-03,119,SD8000,WAGNER/OLSEN,154500.,3,-1.90,0.054,0.0108,polars/raw/ALL.PD,8939
ST8-PD-119-03,119,SD8000,WAGNER/OLSEN,154500.,4,-0.86,0.188,0.0106,polars/raw/ALL.PD,8940
ST8-PD-119-03,119,SD8000,WAGNER/OLSEN,154500.,5,0.16,0.334,0.0095,polars/raw/ALL.PD,8941
ST8-PD-119-03,119,SD8000,WAGNER/OLSEN,154500.,6,1.18,0.432,0.0098,polars/raw/ALL.PD,8942
ST8-PD-119-03,119,SD8000,WAGNER/OLSEN,154500.,7,2.21,0.529,0.0106,polars/raw/ALL.PD,8943
ST8-PD-119-03,119,SD8000,WAGNER/OLSEN,154500.,8,3.22,0.620,0.0112,polars/raw/ALL.PD,8944
ST8-PD-119-03,119,SD8000,WAGNER/OLSEN,154500.,9,4.25,0.712,0.0133,polars/raw/ALL.PD,8945
ST8-PD-119-03,119,SD8000,WAGNER/OLSEN,154500.,10,5.27,0.806,0.0148,polars/raw/ALL.PD,8946
ST8-PD-119-03,119,SD8000,WAGNER/OLSEN,154500.,11,6.28,0.892,0.0186,polars/raw/ALL.PD,8947
ST8-PD-119-03,119,SD8000,WAGNER/OLSEN,154500.,12,7.30,0.971,0.0208,polars/raw/ALL.PD,8948
ST8-PD-119-03,119,SD8000,WAGNER/OLSEN,154500.,13,8.32,1.033,0.0260,polars/raw/ALL.PD,8949
ST8-PD-119-03,119,SD8000,WAGNER/OLSEN,154500.,14,9.33,1.082,0.0326,polars/raw/ALL.PD,8950
ST8-PD-119-03,119,SD8000,WAGNER/OLSEN,154500.,15,10.34,1.107,0.0458,polars/raw/ALL.PD,8951
ST8-PD-119-04,119,SD8000,WAGNER/OLSEN,200000.,1,-3.92,-.115,0.0113,polars/raw/ALL.PD,8954
ST8-PD-119-04,119,SD8000,WAGNER/OLSEN,200000.,2,-2.91,-.004,0.0098,polars/raw/ALL.PD,8955
ST8-PD-119-04,119,SD8000,WAGNER/OLSEN,200000.,3,-1.89,0.133,0.0093,polars/raw/ALL.PD,8956
ST8-PD-119-04,119,SD8000,WAGNER/OLSEN,200000.,4,-0.85,0.250,0.0087,polars/raw/ALL.PD,8957
ST8-PD-119-04,119,SD8000,WAGNER/OLSEN,200000.,5,0.17,0.350,0.0089,polars/raw/ALL.PD,8958
ST8-PD-119-04,119,SD8000,WAGNER/OLSEN,200000.,6,1.18,0.448,0.0090,polars/raw/ALL.PD,8959
ST8-PD-119-04,119,SD8000,WAGNER/OLSEN,200000.,7,2.21,0.546,0.0103,polars/raw/ALL.PD,8960
ST8-PD-119-04,119,SD8000,WAGNER/OLSEN,200000.,8,3.23,0.642,0.0119,polars/raw/ALL.PD,8961
ST8-PD-119-04,119,SD8000,WAGNER/OLSEN,200000.,9,4.26,0.737,0.0138,polars/raw/ALL.PD,8962
ST8-PD-119-04,119,SD8000,WAGNER/OLSEN,200000.,10,5.27,0.826,0.0162,polars/raw/ALL.PD,8963
ST8-PD-119-04,119,SD8000,WAGNER/OLSEN,200000.,11,6.28,0.915,0.0187,polars/raw/ALL.PD,8964
ST8-PD-119-04,119,SD8000,WAGNER/OLSEN,200000.,12,7.30,0.992,0.0218,polars/raw/ALL.PD,8965
ST8-PD-119-04,119,SD8000,WAGNER/OLSEN,200000.,13,8.32,1.058,0.0264,polars/raw/ALL.PD,8966
ST8-PD-119-04,119,SD8000,WAGNER/OLSEN,200000.,14,9.33,1.105,0.0354,polars/raw/ALL.PD,8967
ST8-PD-119-05,119,SD8000,WAGNER/OLSEN,302300.,1,-3.94,-.076,0.0095,polars/raw/ALL.PD,8970
ST8-PD-119-05,119,SD8000,WAGNER/OLSEN,302300.,2,-2.91,0.053,0.0084,polars/raw/ALL.PD,8971
ST8-PD-119-05,119,SD8000,WAGNER/OLSEN,302300.,3,-1.88,0.160,0.0076,polars/raw/ALL.PD,8972
ST8-PD-119-05,119,SD8000,WAGNER/OLSEN,302300.,4,-0.85,0.251,0.0074,polars/raw/ALL.PD,8973
ST8-PD-119-05,119,SD8000,WAGNER/OLSEN,302300.,5,0.15,0.344,0.0071,polars/raw/ALL.PD,8974
ST8-PD-119-05,119,SD8000,WAGNER/OLSEN,302300.,6,1.18,0.450,0.0079,polars/raw/ALL.PD,8975
ST8-PD-119-05,119,SD8000,WAGNER/OLSEN,302300.,7,2.20,0.552,0.0093,polars/raw/ALL.PD,8976
ST8-PD-119-05,119,SD8000,WAGNER/OLSEN,302300.,8,3.23,0.650,0.0105,polars/raw/ALL.PD,8977
ST8-PD-119-05,119,SD8000,WAGNER/OLSEN,302300.,9,4.25,0.744,0.0123,polars/raw/ALL.PD,8978
ST8-PD-119-05,119,SD8000,WAGNER/OLSEN,302300.,10,5.26,0.833,0.0140,polars/raw/ALL.PD,8979
ST8-PD-119-05,119,SD8000,WAGNER/OLSEN,302300.,11,6.29,0.920,0.0163,polars/raw/ALL.PD,8980
ST8-PD-119-05,119,SD8000,WAGNER/OLSEN,302300.,12,7.30,1.001,0.0185,polars/raw/ALL.PD,8981
ST8-PD-119-05,119,SD8000,WAGNER/OLSEN,302300.,13,8.31,1.070,0.0229,polars/raw/ALL.PD,8982
ST8-PD-119-05,119,SD8000,WAGNER/OLSEN,302300.,14,9.34,1.126,0.0286,polars/raw/ALL.PD,8983
ST8-PD-120-01,120,"SD8000 UST .020, .125, 20%",WAGNER/OLSEN,104900.,1,-3.93,-.147,0.0143,polars/raw/ALL.PD,8992
ST8-PD-120-01,120,"SD8000 UST .020, .125, 20%",WAGNER/OLSEN,104900.,2,-2.93,-.057,0.0141,polars/raw/ALL.PD,8993
ST8-PD-120-01,120,"SD8000 UST .020, .125, 20%",WAGNER/OLSEN,104900.,3,-1.89,0.055,0.0129,polars/raw/ALL.PD,8994
ST8-PD-120-01,120,"SD8000 UST .020, .125, 20%",WAGNER/OLSEN,104900.,4,-0.87,0.171,0.0129,polars/raw/ALL.PD,8995
ST8-PD-120-01,120,"SD8000 UST .020, .125, 20%",WAGNER/OLSEN,104900.,5,0.13,0.289,0.0114,polars/raw/ALL.PD,8996
ST8-PD-120-01,120,"SD8000 UST .020, .125, 20%",WAGNER/OLSEN,104900.,6,1.17,0.394,0.0135,polars/raw/ALL.PD,8997
ST8-PD-120-01,120,"SD8000 UST .020, .125, 20%",WAGNER/OLSEN,104900.,7,2.18,0.491,0.0132,polars/raw/ALL.PD,8998
ST8-PD-120-01,120,"SD8000 UST .020, .125, 20%",WAGNER/OLSEN,104900.,8,3.21,0.583,0.0153,polars/raw/ALL.PD,8999
ST8-PD-120-01,120,"SD8000 UST .020, .125, 20%",WAGNER/OLSEN,104900.,9,4.23,0.682,0.0169,polars/raw/ALL.PD,9000
ST8-PD-120-01,120,"SD8000 UST .020, .125, 20%",WAGNER/OLSEN,104900.,10,5.26,0.765,0.0166,polars/raw/ALL.PD,9001
ST8-PD-120-01,120,"SD8000 UST .020, .125, 20%",WAGNER/OLSEN,104900.,11,6.26,0.849,0.0186,polars/raw/ALL.PD,9002
ST8-PD-120-02,120,"SD8000 UST .020, .125, 20%",WAGNER/OLSEN,153800.,1,-3.96,-.100,0.0121,polars/raw/ALL.PD,9005
ST8-PD-120-02,120,"SD8000 UST .020, .125, 20%",WAGNER/OLSEN,153800.,2,-2.94,0.022,0.0110,polars/raw/ALL.PD,9006
ST8-PD-120-02,120,"SD8000 UST .020, .125, 20%",WAGNER/OLSEN,153800.,3,-1.90,0.127,0.0095,polars/raw/ALL.PD,9007
ST8-PD-120-02,120,"SD8000 UST .020, .125, 20%",WAGNER/OLSEN,153800.,4,-0.87,0.226,0.0096,polars/raw/ALL.PD,9008
ST8-PD-120-02,120,"SD8000 UST .020, .125, 20%",WAGNER/OLSEN,153800.,5,0.15,0.322,0.0095,polars/raw/ALL.PD,9009
ST8-PD-120-02,120,"SD8000 UST .020, .125, 20%",WAGNER/OLSEN,153800.,6,1.18,0.429,0.0104,polars/raw/ALL.PD,9010
ST8-PD-120-02,120,"SD8000 UST .020, .125, 20%",WAGNER/OLSEN,153800.,7,2.20,0.532,0.0116,polars/raw/ALL.PD,9011
ST8-PD-120-02,120,"SD8000 UST .020, .125, 20%",WAGNER/OLSEN,153800.,8,3.23,0.638,0.0131,polars/raw/ALL.PD,9012
ST8-PD-120-02,120,"SD8000 UST .020, .125, 20%",WAGNER/OLSEN,153800.,9,4.25,0.736,0.0149,polars/raw/ALL.PD,9013
ST8-PD-120-02,120,"SD8000 UST .020, .125, 20%",WAGNER/OLSEN,153800.,10,5.26,0.828,0.0175,polars/raw/ALL.PD,9014
ST8-PD-120-02,120,"SD8000 UST .020, .125, 20%",WAGNER/OLSEN,153800.,11,6.27,0.906,0.0208,polars/raw/ALL.PD,9015
ST8-PD-120-02,120,"SD8000 UST .020, .125, 20%",WAGNER/OLSEN,153800.,12,7.30,0.980,0.0243,polars/raw/ALL.PD,9016
ST8-PD-120-02,120,"SD8000 UST .020, .125, 20%",WAGNER/OLSEN,153800.,13,8.31,1.043,0.0302,polars/raw/ALL.PD,9017
ST8-PD-120-02,120,"SD8000 UST .020, .125, 20%",WAGNER/OLSEN,153800.,14,9.33,1.089,0.0387,polars/raw/ALL.PD,9018
ST8-PD-120-03,120,"SD8000 UST .020, .125, 20%",WAGNER/OLSEN,206500.,1,-3.92,-.066,0.0110,polars/raw/ALL.PD,9021
ST8-PD-120-03,120,"SD8000 UST .020, .125, 20%",WAGNER/OLSEN,206500.,2,-2.93,0.036,0.0097,polars/raw/ALL.PD,9022
ST8-PD-120-03,120,"SD8000 UST .020, .125, 20%",WAGNER/OLSEN,206500.,3,-1.89,0.126,0.0086,polars/raw/ALL.PD,9023
ST8-PD-120-03,120,"SD8000 UST .020, .125, 20%",WAGNER/OLSEN,206500.,4,-0.87,0.213,0.0087,polars/raw/ALL.PD,9024
ST8-PD-120-03,120,"SD8000 UST .020, .125, 20%",WAGNER/OLSEN,206500.,5,0.14,0.318,0.0094,polars/raw/ALL.PD,9025
ST8-PD-120-03,120,"SD8000 UST .020, .125, 20%",WAGNER/OLSEN,206500.,6,1.17,0.424,0.0104,polars/raw/ALL.PD,9026
ST8-PD-120-03,120,"SD8000 UST .020, .125, 20%",WAGNER/OLSEN,206500.,7,2.18,0.525,0.0111,polars/raw/ALL.PD,9027
ST8-PD-120-03,120,"SD8000 UST .020, .125, 20%",WAGNER/OLSEN,206500.,8,3.21,0.629,0.0125,polars/raw/ALL.PD,9028
ST8-PD-120-03,120,"SD8000 UST .020, .125, 20%",WAGNER/OLSEN,206500.,9,4.25,0.730,0.0137,polars/raw/ALL.PD,9029
ST8-PD-120-03,120,"SD8000 UST .020, .125, 20%",WAGNER/OLSEN,206500.,10,5.25,0.824,0.0158,polars/raw/ALL.PD,9030
ST8-PD-120-03,120,"SD8000 UST .020, .125, 20%",WAGNER/OLSEN,206500.,11,6.27,0.909,0.0186,polars/raw/ALL.PD,9031
ST8-PD-120-03,120,"SD8000 UST .020, .125, 20%",WAGNER/OLSEN,206500.,12,7.30,0.990,0.0213,polars/raw/ALL.PD,9032
ST8-PD-120-03,120,"SD8000 UST .020, .125, 20%",WAGNER/OLSEN,206500.,13,8.32,1.056,0.0268,polars/raw/ALL.PD,9033
ST8-PD-120-03,120,"SD8000 UST .020, .125, 20%",WAGNER/OLSEN,206500.,14,9.33,1.104,0.0334,polars/raw/ALL.PD,9034
ST8-PD-120-03,120,"SD8000 UST .020, .125, 20%",WAGNER/OLSEN,206500.,15,10.34,1.127,0.0442,polars/raw/ALL.PD,9035
ST8-PD-120-04,120,"SD8000 UST .020, .125, 20%",WAGNER/OLSEN,311100.,1,-3.98,-.085,0.0113,polars/raw/ALL.PD,9038
ST8-PD-120-04,120,"SD8000 UST .020, .125, 20%",WAGNER/OLSEN,311100.,2,-2.97,0.013,0.0109,polars/raw/ALL.PD,9039
ST8-PD-120-04,120,"SD8000 UST .020, .125, 20%",WAGNER/OLSEN,311100.,3,-1.94,0.104,0.0101,polars/raw/ALL.PD,9040
ST8-PD-120-04,120,"SD8000 UST .020, .125, 20%",WAGNER/OLSEN,311100.,4,-0.93,0.211,0.0096,polars/raw/ALL.PD,9041
ST8-PD-120-04,120,"SD8000 UST .020, .125, 20%",WAGNER/OLSEN,311100.,5,0.12,0.313,0.0093,polars/raw/ALL.PD,9042
ST8-PD-120-04,120,"SD8000 UST .020, .125, 20%",WAGNER/OLSEN,311100.,6,1.15,0.424,0.0097,polars/raw/ALL.PD,9043
ST8-PD-120-04,120,"SD8000 UST .020, .125, 20%",WAGNER/OLSEN,311100.,7,2.16,0.532,0.0103,polars/raw/ALL.PD,9044
ST8-PD-120-04,120,"SD8000 UST .020, .125, 20%",WAGNER/OLSEN,311100.,8,3.21,0.638,0.0116,polars/raw/ALL.PD,9045
ST8-PD-120-04,120,"SD8000 UST .020, .125, 20%",WAGNER/OLSEN,311100.,9,4.23,0.736,0.0126,polars/raw/ALL.PD,9046
ST8-PD-120-04,120,"SD8000 UST .020, .125, 20%",WAGNER/OLSEN,311100.,10,5.26,0.823,0.0147,polars/raw/ALL.PD,9047
ST8-PD-120-04,120,"SD8000 UST .020, .125, 20%",WAGNER/OLSEN,311100.,11,6.27,0.909,0.0169,polars/raw/ALL.PD,9048
ST8-PD-120-04,120,"SD8000 UST .020, .125, 20%",WAGNER/OLSEN,311100.,12,7.30,0.992,0.0192,polars/raw/ALL.PD,9049
ST8-PD-120-04,120,"SD8000 UST .020, .125, 20%",WAGNER/OLSEN,311100.,13,8.31,1.063,0.0234,polars/raw/ALL.PD,9050
ST8-PD-121-01,121,"SD8000 UST .020, .125, 40%",WAGNER/OLSEN,99900.,1,-3.94,-.142,0.0144,polars/raw/ALL.PD,9059
ST8-PD-121-01,121,"SD8000 UST .020, .125, 40%",WAGNER/OLSEN,99900.,2,-2.42,0.018,0.0125,polars/raw/ALL.PD,9060
ST8-PD-121-01,121,"SD8000 UST .020, .125, 40%",WAGNER/OLSEN,99900.,3,-0.87,0.204,0.0119,polars/raw/ALL.PD,9061
ST8-PD-121-01,121,"SD8000 UST .020, .125, 40%",WAGNER/OLSEN,99900.,4,0.67,0.376,0.0132,polars/raw/ALL.PD,9062
ST8-PD-121-01,121,"SD8000 UST .020, .125, 40%",WAGNER/OLSEN,99900.,5,2.18,0.531,0.0133,polars/raw/ALL.PD,9063
ST8-PD-121-01,121,"SD8000 UST .020, .125, 40%",WAGNER/OLSEN,99900.,6,3.72,0.669,0.0144,polars/raw/ALL.PD,9064
ST8-PD-121-01,121,"SD8000 UST .020, .125, 40%",WAGNER/OLSEN,99900.,7,5.25,0.791,0.0180,polars/raw/ALL.PD,9065
ST8-PD-121-01,121,"SD8000 UST .020, .125, 40%",WAGNER/OLSEN,99900.,8,6.76,0.901,0.0256,polars/raw/ALL.PD,9066
ST8-PD-121-01,121,"SD8000 UST .020, .125, 40%",WAGNER/OLSEN,99900.,9,8.29,0.931,0.0327,polars/raw/ALL.PD,9067
ST8-PD-121-01,121,"SD8000 UST .020, .125, 40%",WAGNER/OLSEN,99900.,10,9.78,0.936,0.0496,polars/raw/ALL.PD,9068
ST8-PD-121-01,121,"SD8000 UST .020, .125, 40%",WAGNER/OLSEN,99900.,11,11.30,0.888,0.1782,polars/raw/ALL.PD,9069
ST8-PD-121-02,121,"SD8000 UST .020, .125, 40%",WAGNER/OLSEN,152200.,1,-3.91,-.088,0.0122,polars/raw/ALL.PD,9072
ST8-PD-121-02,121,"SD8000 UST .020, .125, 40%",WAGNER/OLSEN,152200.,2,-2.40,0.071,0.0104,polars/raw/ALL.PD,9073
ST8-PD-121-02,121,"SD8000 UST .020, .125, 40%",WAGNER/OLSEN,152200.,3,-0.87,0.219,0.0094,polars/raw/ALL.PD,9074
ST8-PD-121-02,121,"SD8000 UST .020, .125, 40%",WAGNER/OLSEN,152200.,4,0.68,0.386,0.0097,polars/raw/ALL.PD,9075
ST8-PD-121-02,121,"SD8000 UST .020, .125, 40%",WAGNER/OLSEN,152200.,5,2.19,0.536,0.0106,polars/raw/ALL.PD,9076
ST8-PD-121-02,121,"SD8000 UST .020, .125, 40%",WAGNER/OLSEN,152200.,6,3.72,0.681,0.0125,polars/raw/ALL.PD,9077
ST8-PD-121-02,121,"SD8000 UST .020, .125, 40%",WAGNER/OLSEN,152200.,7,5.24,0.809,0.0172,polars/raw/ALL.PD,9078
ST8-PD-121-02,121,"SD8000 UST .020, .125, 40%",WAGNER/OLSEN,152200.,8,6.79,0.934,0.0209,polars/raw/ALL.PD,9079
ST8-PD-121-02,121,"SD8000 UST .020, .125, 40%",WAGNER/OLSEN,152200.,9,8.31,1.035,0.0278,polars/raw/ALL.PD,9080
ST8-PD-121-02,121,"SD8000 UST .020, .125, 40%",WAGNER/OLSEN,152200.,10,9.81,1.097,0.0395,polars/raw/ALL.PD,9081
ST8-PD-121-02,121,"SD8000 UST .020, .125, 40%",WAGNER/OLSEN,152200.,11,11.28,0.995,0.1512,polars/raw/ALL.PD,9082
ST8-PD-121-03,121,"SD8000 UST .020, .125, 40%",WAGNER/OLSEN,202100.,1,-3.94,-.074,0.0109,polars/raw/ALL.PD,9085
ST8-PD-121-03,121,"SD8000 UST .020, .125, 40%",WAGNER/OLSEN,202100.,2,-2.43,0.078,0.0088,polars/raw/ALL.PD,9086
ST8-PD-121-03,121,"SD8000 UST .020, .125, 40%",WAGNER/OLSEN,202100.,3,-0.86,0.220,0.0081,polars/raw/ALL.PD,9087
ST8-PD-121-03,121,"SD8000 UST .020, .125, 40%",WAGNER/OLSEN,202100.,4,0.66,0.382,0.0084,polars/raw/ALL.PD,9088
ST8-PD-121-03,121,"SD8000 UST .020, .125, 40%",WAGNER/OLSEN,202100.,5,2.21,0.540,0.0099,polars/raw/ALL.PD,9089
ST8-PD-121-03,121,"SD8000 UST .020, .125, 40%",WAGNER/OLSEN,202100.,6,3.73,0.685,0.0126,polars/raw/ALL.PD,9090
ST8-PD-121-03,121,"SD8000 UST .020, .125, 40%",WAGNER/OLSEN,202100.,7,5.25,0.818,0.0159,polars/raw/ALL.PD,9091
ST8-PD-121-03,121,"SD8000 UST .020, .125, 40%",WAGNER/OLSEN,202100.,8,6.79,0.948,0.0193,polars/raw/ALL.PD,9092
ST8-PD-121-03,121,"SD8000 UST .020, .125, 40%",WAGNER/OLSEN,202100.,9,8.31,1.053,0.0261,polars/raw/ALL.PD,9093
ST8-PD-121-03,121,"SD8000 UST .020, .125, 40%",WAGNER/OLSEN,202100.,10,9.81,1.116,0.0369,polars/raw/ALL.PD,9094
ST8-PD-121-03,121,"SD8000 UST .020, .125, 40%",WAGNER/OLSEN,202100.,11,11.24,1.021,0.1473,polars/raw/ALL.PD,9095
ST8-PD-121-04,121,"SD8000 UST .020, .125, 40%",WAGNER/OLSEN,301300.,1,-3.96,-.074,0.0104,polars/raw/ALL.PD,9098
ST8-PD-121-04,121,"SD8000 UST .020, .125, 40%",WAGNER/OLSEN,301300.,2,-2.42,0.076,0.0091,polars/raw/ALL.PD,9099
ST8-PD-121-04,121,"SD8000 UST .020, .125, 40%",WAGNER/OLSEN,301300.,3,-0.88,0.227,0.0083,polars/raw/ALL.PD,9100
ST8-PD-121-04,121,"SD8000 UST .020, .125, 40%",WAGNER/OLSEN,301300.,4,0.66,0.385,0.0083,polars/raw/ALL.PD,9101
ST8-PD-121-04,121,"SD8000 UST .020, .125, 40%",WAGNER/OLSEN,301300.,5,2.20,0.546,0.0095,polars/raw/ALL.PD,9102
ST8-PD-121-04,121,"SD8000 UST .020, .125, 40%",WAGNER/OLSEN,301300.,6,3.73,0.692,0.0120,polars/raw/ALL.PD,9103
ST8-PD-121-04,121,"SD8000 UST .020, .125, 40%",WAGNER/OLSEN,301300.,7,5.25,0.829,0.0147,polars/raw/ALL.PD,9104
ST8-PD-121-04,121,"SD8000 UST .020, .125, 40%",WAGNER/OLSEN,301300.,8,6.78,0.959,0.0178,polars/raw/ALL.PD,9105
ST8-PD-121-04,121,"SD8000 UST .020, .125, 40%",WAGNER/OLSEN,301300.,9,8.31,1.069,0.0231,polars/raw/ALL.PD,9106
ST8-PD-121-04,121,"SD8000 UST .020, .125, 40%",WAGNER/OLSEN,301300.,10,9.84,1.140,0.0324,polars/raw/ALL.PD,9107
ST8-PD-121-04,121,"SD8000 UST .020, .125, 40%",WAGNER/OLSEN,301300.,11,11.33,1.140,0.0586,polars/raw/ALL.PD,9108
ST8-PD-122-01,122,"SD8000 UST .020, .125, 70%",WAGNER/OLSEN,101300.,1,-2.93,-.048,0.0125,polars/raw/ALL.PD,9117
ST8-PD-122-01,122,"SD8000 UST .020, .125, 70%",WAGNER/OLSEN,101300.,2,-1.40,0.091,0.0124,polars/raw/ALL.PD,9118
ST8-PD-122-01,122,"SD8000 UST .020, .125, 70%",WAGNER/OLSEN,101300.,3,0.13,0.308,0.0139,polars/raw/ALL.PD,9119
ST8-PD-122-01,122,"SD8000 UST .020, .125, 70%",WAGNER/OLSEN,101300.,4,1.69,0.507,0.0128,polars/raw/ALL.PD,9120
ST8-PD-122-01,122,"SD8000 UST .020, .125, 70%",WAGNER/OLSEN,101300.,5,3.23,0.640,0.0132,polars/raw/ALL.PD,9121
ST8-PD-122-01,122,"SD8000 UST .020, .125, 70%",WAGNER/OLSEN,101300.,6,4.74,0.771,0.0171,polars/raw/ALL.PD,9122
ST8-PD-122-01,122,"SD8000 UST .020, .125, 70%",WAGNER/OLSEN,101300.,7,6.28,0.892,0.0216,polars/raw/ALL.PD,9123
ST8-PD-122-01,122,"SD8000 UST .020, .125, 70%",WAGNER/OLSEN,101300.,8,7.80,1.001,0.0258,polars/raw/ALL.PD,9124
ST8-PD-122-01,122,"SD8000 UST .020, .125, 70%",WAGNER/OLSEN,101300.,9,9.32,1.071,0.0376,polars/raw/ALL.PD,9125
ST8-PD-122-02,122,"SD8000 UST .020, .125, 70%",WAGNER/OLSEN,150500.,1,-2.93,0.020,0.0104,polars/raw/ALL.PD,9128
ST8-PD-122-02,122,"SD8000 UST .020, .125, 70%",WAGNER/OLSEN,150500.,2,-1.38,0.156,0.0107,polars/raw/ALL.PD,9129
ST8-PD-122-02,122,"SD8000 UST .020, .125, 70%",WAGNER/OLSEN,150500.,3,0.16,0.354,0.0104,polars/raw/ALL.PD,9130
ST8-PD-122-02,122,"SD8000 UST .020, .125, 70%",WAGNER/OLSEN,150500.,4,1.69,0.498,0.0099,polars/raw/ALL.PD,9131
ST8-PD-122-02,122,"SD8000 UST .020, .125, 70%",WAGNER/OLSEN,150500.,5,3.22,0.641,0.0126,polars/raw/ALL.PD,9132
ST8-PD-122-02,122,"SD8000 UST .020, .125, 70%",WAGNER/OLSEN,150500.,6,4.75,0.768,0.0157,polars/raw/ALL.PD,9133
ST8-PD-122-02,122,"SD8000 UST .020, .125, 70%",WAGNER/OLSEN,150500.,7,6.26,0.896,0.0187,polars/raw/ALL.PD,9134
ST8-PD-122-02,122,"SD8000 UST .020, .125, 70%",WAGNER/OLSEN,150500.,8,7.80,1.003,0.0258,polars/raw/ALL.PD,9135
ST8-PD-122-02,122,"SD8000 UST .020, .125, 70%",WAGNER/OLSEN,150500.,9,9.32,1.080,0.0326,polars/raw/ALL.PD,9136
ST8-PD-122-02,122,"SD8000 UST .020, .125, 70%",WAGNER/OLSEN,150500.,10,10.81,1.065,0.0600,polars/raw/ALL.PD,9137
ST8-PD-122-02,122,"SD8000 UST .020, .125, 70%",WAGNER/OLSEN,150500.,11,11.76,0.924,0.2143,polars/raw/ALL.PD,9138
ST8-PD-122-02,122,"SD8000 UST .020, .125, 70%",WAGNER/OLSEN,150500.,12,12.79,0.870,0.2198,polars/raw/ALL.PD,9139
ST8-PD-122-03,122,"SD8000 UST .020, .125, 70%",WAGNER/OLSEN,200800.,1,-2.95,0.039,0.0095,polars/raw/ALL.PD,9142
ST8-PD-122-03,122,"SD8000 UST .020, .125, 70%",WAGNER/OLSEN,200800.,2,-1.37,0.193,0.0086,polars/raw/ALL.PD,9143
ST8-PD-122-03,122,"SD8000 UST .020, .125, 70%",WAGNER/OLSEN,200800.,3,0.16,0.339,0.0088,polars/raw/ALL.PD,9144
ST8-PD-122-03,122,"SD8000 UST .020, .125, 70%",WAGNER/OLSEN,200800.,4,1.69,0.490,0.0093,polars/raw/ALL.PD,9145
ST8-PD-122-03,122,"SD8000 UST .020, .125, 70%",WAGNER/OLSEN,200800.,5,3.21,0.634,0.0116,polars/raw/ALL.PD,9146
ST8-PD-122-03,122,"SD8000 UST .020, .125, 70%",WAGNER/OLSEN,200800.,6,4.74,0.773,0.0148,polars/raw/ALL.PD,9147
ST8-PD-122-03,122,"SD8000 UST .020, .125, 70%",WAGNER/OLSEN,200800.,7,6.26,0.905,0.0181,polars/raw/ALL.PD,9148
ST8-PD-122-03,122,"SD8000 UST .020, .125, 70%",WAGNER/OLSEN,200800.,8,7.80,1.021,0.0231,polars/raw/ALL.PD,9149
ST8-PD-122-03,122,"SD8000 UST .020, .125, 70%",WAGNER/OLSEN,200800.,9,9.33,1.101,0.0323,polars/raw/ALL.PD,9150
ST8-PD-122-03,122,"SD8000 UST .020, .125, 70%",WAGNER/OLSEN,200800.,10,10.82,1.122,0.0541,polars/raw/ALL.PD,9151
ST8-PD-122-03,122,"SD8000 UST .020, .125, 70%",WAGNER/OLSEN,200800.,11,11.75,0.975,0.2004,polars/raw/ALL.PD,9152
ST8-PD-122-03,122,"SD8000 UST .020, .125, 70%",WAGNER/OLSEN,200800.,12,12.79,0.916,0.2233,polars/raw/ALL.PD,9153
ST8-PD-122-03,122,"SD8000 UST .020, .125, 70%",WAGNER/OLSEN,200800.,13,13.78,0.907,0.2499,polars/raw/ALL.PD,9154
ST8-PD-122-04,122,"SD8000 UST .020, .125, 70%",WAGNER/OLSEN,306100.,1,-2.99,0.041,0.0084,polars/raw/ALL.PD,9157
ST8-PD-122-04,122,"SD8000 UST .020, .125, 70%",WAGNER/OLSEN,306100.,2,-1.39,0.197,0.0078,polars/raw/ALL.PD,9158
ST8-PD-122-04,122,"SD8000 UST .020, .125, 70%",WAGNER/OLSEN,306100.,3,0.16,0.342,0.0073,polars/raw/ALL.PD,9159
ST8-PD-122-04,122,"SD8000 UST .020, .125, 70%",WAGNER/OLSEN,306100.,4,1.69,0.497,0.0087,polars/raw/ALL.PD,9160
ST8-PD-122-04,122,"SD8000 UST .020, .125, 70%",WAGNER/OLSEN,306100.,5,3.21,0.643,0.0110,polars/raw/ALL.PD,9161
ST8-PD-122-04,122,"SD8000 UST .020, .125, 70%",WAGNER/OLSEN,306100.,6,4.75,0.785,0.0132,polars/raw/ALL.PD,9162
ST8-PD-122-04,122,"SD8000 UST .020, .125, 70%",WAGNER/OLSEN,306100.,7,6.28,0.917,0.0163,polars/raw/ALL.PD,9163
ST8-PD-122-04,122,"SD8000 UST .020, .125, 70%",WAGNER/OLSEN,306100.,8,7.81,1.035,0.0207,polars/raw/ALL.PD,9164
ST8-PD-122-04,122,"SD8000 UST .020, .125, 70%",WAGNER/OLSEN,306100.,9,9.32,1.121,0.0278,polars/raw/ALL.PD,9165
ST8-PD-122-04,122,"SD8000 UST .020, .125, 70%",WAGNER/OLSEN,306100.,10,10.83,1.155,0.0444,polars/raw/ALL.PD,9166
ST8-PD-122-04,122,"SD8000 UST .020, .125, 70%",WAGNER/OLSEN,306100.,11,11.81,1.009,0.1990,polars/raw/ALL.PD,9167
ST8-PD-123-01,123,SD8020,WAGNER/OLSEN,59800.,1,-6.03,-.590,0.0197,polars/raw/ALL.PD,9176
ST8-PD-123-01,123,SD8020,WAGNER/OLSEN,59800.,2,-5.05,-.533,0.0204,polars/raw/ALL.PD,9177
ST8-PD-123-01,123,SD8020,WAGNER/OLSEN,59800.,3,-4.01,-.442,0.0167,polars/raw/ALL.PD,9178
ST8-PD-123-01,123,SD8020,WAGNER/OLSEN,59800.,4,-2.98,-.356,0.0159,polars/raw/ALL.PD,9179
ST8-PD-123-01,123,SD8020,WAGNER/OLSEN,59800.,5,-1.96,-.224,0.0147,polars/raw/ALL.PD,9180
ST8-PD-123-01,123,SD8020,WAGNER/OLSEN,59800.,6,-0.94,-.082,0.0136,polars/raw/ALL.PD,9181
ST8-PD-123-01,123,SD8020,WAGNER/OLSEN,59800.,7,0.08,-.024,0.0128,polars/raw/ALL.PD,9182
ST8-PD-123-01,123,SD8020,WAGNER/OLSEN,59800.,8,1.09,0.021,0.0140,polars/raw/ALL.PD,9183
ST8-PD-123-01,123,SD8020,WAGNER/OLSEN,59800.,9,2.14,0.184,0.0163,polars/raw/ALL.PD,9184
ST8-PD-123-01,123,SD8020,WAGNER/OLSEN,59800.,10,3.14,0.284,0.0155,polars/raw/ALL.PD,9185
ST8-PD-123-01,123,SD8020,WAGNER/OLSEN,59800.,11,4.17,0.369,0.0175,polars/raw/ALL.PD,9186
ST8-PD-123-01,123,SD8020,WAGNER/OLSEN,59800.,12,5.18,0.443,0.0196,polars/raw/ALL.PD,9187
ST8-PD-123-01,123,SD8020,WAGNER/OLSEN,59800.,13,6.20,0.513,0.0266,polars/raw/ALL.PD,9188
ST8-PD-123-01,123,SD8020,WAGNER/OLSEN,59800.,14,7.21,0.582,0.0344,polars/raw/ALL.PD,9189
ST8-PD-123-01,123,SD8020,WAGNER/OLSEN,59800.,15,8.22,0.636,0.0407,polars/raw/ALL.PD,9190
ST8-PD-123-01,123,SD8020,WAGNER/OLSEN,59800.,16,9.23,0.664,0.0825,polars/raw/ALL.PD,9191
ST8-PD-123-01,123,SD8020,WAGNER/OLSEN,59800.,17,10.24,0.666,0.1373,polars/raw/ALL.PD,9192
ST8-PD-123-01,123,SD8020,WAGNER/OLSEN,59800.,18,11.23,0.640,0.1627,polars/raw/ALL.PD,9193
ST8-PD-123-01,123,SD8020,WAGNER/OLSEN,59800.,19,12.23,0.631,0.1579,polars/raw/ALL.PD,9194
ST8-PD-123-02,123,SD8020,WAGNER/OLSEN,100500.,1,-6.05,-.569,0.0179,polars/raw/ALL.PD,9197
ST8-PD-123-02,123,SD8020,WAGNER/OLSEN,100500.,2,-5.02,-.489,0.0166,polars/raw/ALL.PD,9198
ST8-PD-123-02,123,SD8020,WAGNER/OLSEN,100500.,3,-4.01,-.410,0.0132,polars/raw/ALL.PD,9199
ST8-PD-123-02,123,SD8020,WAGNER/OLSEN,100500.,4,-2.98,-.319,0.0123,polars/raw/ALL.PD,9200
ST8-PD-123-02,123,SD8020,WAGNER/OLSEN,100500.,5,-1.96,-.214,0.0118,polars/raw/ALL.PD,9201
ST8-PD-123-02,123,SD8020,WAGNER/OLSEN,100500.,6,-0.94,-.080,0.0119,polars/raw/ALL.PD,9202
ST8-PD-123-02,123,SD8020,WAGNER/OLSEN,100500.,7,0.09,0.006,0.0112,polars/raw/ALL.PD,9203
ST8-PD-123-02,123,SD8020,WAGNER/OLSEN,100500.,8,1.10,0.126,0.0122,polars/raw/ALL.PD,9204
ST8-PD-123-02,123,SD8020,WAGNER/OLSEN,100500.,9,2.13,0.244,0.0124,polars/raw/ALL.PD,9205
ST8-PD-123-02,123,SD8020,WAGNER/OLSEN,100500.,10,3.15,0.334,0.0126,polars/raw/ALL.PD,9206
ST8-PD-123-02,123,SD8020,WAGNER/OLSEN,100500.,11,4.18,0.420,0.0137,polars/raw/ALL.PD,9207
ST8-PD-123-02,123,SD8020,WAGNER/OLSEN,100500.,12,5.19,0.501,0.0150,polars/raw/ALL.PD,9208
ST8-PD-123-02,123,SD8020,WAGNER/OLSEN,100500.,13,6.22,0.583,0.0196,polars/raw/ALL.PD,9209
ST8-PD-123-02,123,SD8020,WAGNER/OLSEN,100500.,14,7.23,0.655,0.0227,polars/raw/ALL.PD,9210
ST8-PD-123-02,123,SD8020,WAGNER/OLSEN,100500.,15,8.24,0.723,0.0296,polars/raw/ALL.PD,9211
ST8-PD-123-02,123,SD8020,WAGNER/OLSEN,100500.,16,9.26,0.771,0.0415,polars/raw/ALL.PD,9212
ST8-PD-123-02,123,SD8020,WAGNER/OLSEN,100500.,17,10.26,0.740,0.1224,polars/raw/ALL.PD,9213
ST8-PD-123-02,123,SD8020,WAGNER/OLSEN,100500.,18,11.24,0.692,0.1609,polars/raw/ALL.PD,9214
ST8-PD-123-03,123,SD8020,WAGNER/OLSEN,151200.,1,-6.06,-.599,0.0158,polars/raw/ALL.PD,9217
ST8-PD-123-03,123,SD8020,WAGNER/OLSEN,151200.,2,-5.02,-.513,0.0134,polars/raw/ALL.PD,9218
ST8-PD-123-03,123,SD8020,WAGNER/OLSEN,151200.,3,-4.01,-.426,0.0123,polars/raw/ALL.PD,9219
ST8-PD-123-03,123,SD8020,WAGNER/OLSEN,151200.,4,-2.99,-.340,0.0107,polars/raw/ALL.PD,9220
ST8-PD-123-03,123,SD8020,WAGNER/OLSEN,151200.,5,-1.96,-.250,0.0101,polars/raw/ALL.PD,9221
ST8-PD-123-03,123,SD8020,WAGNER/OLSEN,151200.,6,-0.94,-.155,0.0101,polars/raw/ALL.PD,9222
ST8-PD-123-03,123,SD8020,WAGNER/OLSEN,151200.,7,0.09,0.011,0.0085,polars/raw/ALL.PD,9223
ST8-PD-123-03,123,SD8020,WAGNER/OLSEN,151200.,8,1.11,0.150,0.0100,polars/raw/ALL.PD,9224
ST8-PD-123-03,123,SD8020,WAGNER/OLSEN,151200.,9,2.12,0.239,0.0098,polars/raw/ALL.PD,9225
ST8-PD-123-03,123,SD8020,WAGNER/OLSEN,151200.,10,3.15,0.326,0.0101,polars/raw/ALL.PD,9226
ST8-PD-123-03,123,SD8020,WAGNER/OLSEN,151200.,11,4.16,0.412,0.0120,polars/raw/ALL.PD,9227
ST8-PD-123-03,123,SD8020,WAGNER/OLSEN,151200.,12,5.20,0.499,0.0141,polars/raw/ALL.PD,9228
ST8-PD-123-03,123,SD8020,WAGNER/OLSEN,151200.,13,6.22,0.585,0.0166,polars/raw/ALL.PD,9229
ST8-PD-123-03,123,SD8020,WAGNER/OLSEN,151200.,14,7.24,0.666,0.0204,polars/raw/ALL.PD,9230
ST8-PD-123-03,123,SD8020,WAGNER/OLSEN,151200.,15,8.25,0.734,0.0239,polars/raw/ALL.PD,9231
ST8-PD-123-03,123,SD8020,WAGNER/OLSEN,151200.,16,9.27,0.793,0.0303,polars/raw/ALL.PD,9232
ST8-PD-123-03,123,SD8020,WAGNER/OLSEN,151200.,17,10.27,0.821,0.0575,polars/raw/ALL.PD,9233
ST8-PD-123-03,123,SD8020,WAGNER/OLSEN,151200.,18,11.25,0.761,0.1469,polars/raw/ALL.PD,9234
ST8-PD-123-04,123,SD8020,WAGNER/OLSEN,201100.,1,-6.07,-.605,0.0142,polars/raw/ALL.PD,9237
ST8-PD-123-04,123,SD8020,WAGNER/OLSEN,201100.,2,-5.02,-.518,0.0126,polars/raw/ALL.PD,9238
ST8-PD-123-04,123,SD8020,WAGNER/OLSEN,201100.,3,-4.00,-.428,0.0114,polars/raw/ALL.PD,9239
ST8-PD-123-04,123,SD8020,WAGNER/OLSEN,201100.,4,-2.99,-.335,0.0103,polars/raw/ALL.PD,9240
ST8-PD-123-04,123,SD8020,WAGNER/OLSEN,201100.,5,-1.98,-.249,0.0090,polars/raw/ALL.PD,9241
ST8-PD-123-04,123,SD8020,WAGNER/OLSEN,201100.,6,-0.93,-.134,0.0080,polars/raw/ALL.PD,9242
ST8-PD-123-04,123,SD8020,WAGNER/OLSEN,201100.,7,0.09,-.003,0.0085,polars/raw/ALL.PD,9243
ST8-PD-123-04,123,SD8020,WAGNER/OLSEN,201100.,8,1.12,0.137,0.0087,polars/raw/ALL.PD,9244
ST8-PD-123-04,123,SD8020,WAGNER/OLSEN,201100.,9,2.12,0.229,0.0090,polars/raw/ALL.PD,9245
ST8-PD-123-04,123,SD8020,WAGNER/OLSEN,201100.,10,3.16,0.317,0.0097,polars/raw/ALL.PD,9246
ST8-PD-123-04,123,SD8020,WAGNER/OLSEN,201100.,11,4.19,0.410,0.0108,polars/raw/ALL.PD,9247
ST8-PD-123-04,123,SD8020,WAGNER/OLSEN,201100.,12,5.20,0.496,0.0127,polars/raw/ALL.PD,9248
ST8-PD-123-04,123,SD8020,WAGNER/OLSEN,201100.,13,6.21,0.579,0.0142,polars/raw/ALL.PD,9249
ST8-PD-123-04,123,SD8020,WAGNER/OLSEN,201100.,14,7.23,0.660,0.0167,polars/raw/ALL.PD,9250
ST8-PD-123-04,123,SD8020,WAGNER/OLSEN,201100.,15,8.24,0.734,0.0199,polars/raw/ALL.PD,9251
ST8-PD-123-04,123,SD8020,WAGNER/OLSEN,201100.,16,9.27,0.799,0.0268,polars/raw/ALL.PD,9252
ST8-PD-123-04,123,SD8020,WAGNER/OLSEN,201100.,17,10.28,0.837,0.0468,polars/raw/ALL.PD,9253
ST8-PD-123-04,123,SD8020,WAGNER/OLSEN,201100.,18,11.25,0.793,0.1304,polars/raw/ALL.PD,9254
ST8-PD-123-05,123,SD8020,WAGNER/OLSEN,306700.,1,-6.03,-.566,0.0128,polars/raw/ALL.PD,9257
ST8-PD-123-05,123,SD8020,WAGNER/OLSEN,306700.,2,-4.51,-.426,0.0102,polars/raw/ALL.PD,9258
ST8-PD-123-05,123,SD8020,WAGNER/OLSEN,306700.,3,-2.99,-.289,0.0083,polars/raw/ALL.PD,9259
ST8-PD-123-05,123,SD8020,WAGNER/OLSEN,306700.,4,-1.42,-.098,0.0073,polars/raw/ALL.PD,9260
ST8-PD-123-05,123,SD8020,WAGNER/OLSEN,306700.,5,0.61,0.068,0.0074,polars/raw/ALL.PD,9261
ST8-PD-123-05,123,SD8020,WAGNER/OLSEN,306700.,6,0.61,0.067,0.0073,polars/raw/ALL.PD,9262
ST8-PD-123-05,123,SD8020,WAGNER/OLSEN,306700.,7,1.63,0.188,0.0081,polars/raw/ALL.PD,9263
ST8-PD-123-05,123,SD8020,WAGNER/OLSEN,306700.,8,3.16,0.352,0.0095,polars/raw/ALL.PD,9264
ST8-PD-123-05,123,SD8020,WAGNER/OLSEN,306700.,9,4.69,0.485,0.0115,polars/raw/ALL.PD,9265
ST8-PD-123-05,123,SD8020,WAGNER/OLSEN,306700.,10,6.21,0.616,0.0144,polars/raw/ALL.PD,9266
ST8-PD-123-05,123,SD8020,WAGNER/OLSEN,306700.,11,7.75,0.738,0.0186,polars/raw/ALL.PD,9267
ST8-PD-123-05,123,SD8020,WAGNER/OLSEN,306700.,12,9.28,0.839,0.0260,polars/raw/ALL.PD,9268
ST8-PD-123-05,123,SD8020,WAGNER/OLSEN,306700.,13,10.79,0.809,0.1359,polars/raw/ALL.PD,9269
ST8-PD-124-01,124,SD8040,OFF,62100.,1,-2.95,-.167,0.0217,polars/raw/ALL.PD,9278
ST8-PD-124-01,124,SD8040,OFF,62100.,2,-1.42,-.014,0.0171,polars/raw/ALL.PD,9279
ST8-PD-124-01,124,SD8040,OFF,62100.,3,0.13,0.227,0.0204,polars/raw/ALL.PD,9280
ST8-PD-124-01,124,SD8040,OFF,62100.,4,1.66,0.413,0.0179,polars/raw/ALL.PD,9281
ST8-PD-124-01,124,SD8040,OFF,62100.,5,3.21,0.537,0.0189,polars/raw/ALL.PD,9282
ST8-PD-124-01,124,SD8040,OFF,62100.,6,4.72,0.658,0.0188,polars/raw/ALL.PD,9283
ST8-PD-124-01,124,SD8040,OFF,62100.,7,6.26,0.774,0.0244,polars/raw/ALL.PD,9284
ST8-PD-124-01,124,SD8040,OFF,62100.,8,7.77,0.884,0.0262,polars/raw/ALL.PD,9285
ST8-PD-124-01,124,SD8040,OFF,62100.,9,9.29,0.959,0.0285,polars/raw/ALL.PD,9286
ST8-PD-124-01,124,SD8040,OFF,62100.,10,10.81,1.015,0.0397,polars/raw/ALL.PD,9287
ST8-PD-124-02,124,SD8040,OFF,102300.,1,-2.93,-.087,0.0165,polars/raw/ALL.PD,9290
ST8-PD-124-02,124,SD8040,OFF,102300.,2,-1.40,0.107,0.0122,polars/raw/ALL.PD,9291
ST8-PD-124-02,124,SD8040,OFF,102300.,3,0.15,0.278,0.0129,polars/raw/ALL.PD,9292
ST8-PD-124-02,124,SD8040,OFF,102300.,4,1.67,0.413,0.0156,polars/raw/ALL.PD,9293
ST8-PD-124-02,124,SD8040,OFF,102300.,5,3.19,0.547,0.0154,polars/raw/ALL.PD,9294
ST8-PD-124-02,124,SD8040,OFF,102300.,6,4.73,0.684,0.0157,polars/raw/ALL.PD,9295
ST8-PD-124-02,124,SD8040,OFF,102300.,7,6.27,0.816,0.0191,polars/raw/ALL.PD,9296
ST8-PD-124-02,124,SD8040,OFF,102300.,8,7.78,0.920,0.0237,polars/raw/ALL.PD,9297
ST8-PD-124-02,124,SD8040,OFF,102300.,9,9.30,1.006,0.0299,polars/raw/ALL.PD,9298
ST8-PD-124-02,124,SD8040,OFF,102300.,10,10.82,1.056,0.0436,polars/raw/ALL.PD,9299
ST8-PD-124-02,124,SD8040,OFF,102300.,11,11.81,1.048,0.0679,polars/raw/ALL.PD,9300
ST8-PD-124-03,124,SD8040,OFF,150300.,1,-2.93,-.047,0.0135,polars/raw/ALL.PD,9303
ST8-PD-124-03,124,SD8040,OFF,150300.,2,-1.40,0.090,0.0113,polars/raw/ALL.PD,9304
ST8-PD-124-03,124,SD8040,OFF,150300.,3,0.13,0.249,0.0112,polars/raw/ALL.PD,9305
ST8-PD-124-03,124,SD8040,OFF,150300.,4,1.66,0.394,0.0108,polars/raw/ALL.PD,9306
ST8-PD-124-03,124,SD8040,OFF,150300.,5,3.21,0.541,0.0117,polars/raw/ALL.PD,9307
ST8-PD-124-03,124,SD8040,OFF,150300.,6,4.73,0.682,0.0142,polars/raw/ALL.PD,9308
ST8-PD-124-03,124,SD8040,OFF,150300.,7,6.25,0.813,0.0168,polars/raw/ALL.PD,9309
ST8-PD-124-03,124,SD8040,OFF,150300.,8,7.79,0.926,0.0209,polars/raw/ALL.PD,9310
ST8-PD-124-03,124,SD8040,OFF,150300.,9,9.30,1.008,0.0293,polars/raw/ALL.PD,9311
ST8-PD-124-03,124,SD8040,OFF,150300.,10,10.81,1.064,0.0407,polars/raw/ALL.PD,9312
ST8-PD-124-03,124,SD8040,OFF,150300.,11,11.81,1.063,0.0629,polars/raw/ALL.PD,9313
ST8-PD-124-04,124,SD8040,OFF,204900.,1,-2.96,-.058,0.0132,polars/raw/ALL.PD,9316
ST8-PD-124-04,124,SD8040,OFF,204900.,2,-1.39,0.077,0.0105,polars/raw/ALL.PD,9317
ST8-PD-124-04,124,SD8040,OFF,204900.,3,0.14,0.242,0.0093,polars/raw/ALL.PD,9318
ST8-PD-124-04,124,SD8040,OFF,204900.,4,1.67,0.394,0.0096,polars/raw/ALL.PD,9319
ST8-PD-124-04,124,SD8040,OFF,204900.,5,3.19,0.539,0.0111,polars/raw/ALL.PD,9320
ST8-PD-124-04,124,SD8040,OFF,204900.,6,4.73,0.684,0.0128,polars/raw/ALL.PD,9321
ST8-PD-124-04,124,SD8040,OFF,204900.,7,6.26,0.817,0.0151,polars/raw/ALL.PD,9322
ST8-PD-124-04,124,SD8040,OFF,204900.,8,7.79,0.929,0.0208,polars/raw/ALL.PD,9323
ST8-PD-124-04,124,SD8040,OFF,204900.,9,9.28,1.015,0.0267,polars/raw/ALL.PD,9324
ST8-PD-124-04,124,SD8040,OFF,204900.,10,10.81,1.071,0.0384,polars/raw/ALL.PD,9325
ST8-PD-124-04,124,SD8040,OFF,204900.,11,11.82,1.077,0.0584,polars/raw/ALL.PD,9326
ST8-PD-124-05,124,SD8040,OFF,301800.,1,-2.96,-.085,0.0122,polars/raw/ALL.PD,9329
ST8-PD-124-05,124,SD8040,OFF,301800.,2,-1.44,0.062,0.0098,polars/raw/ALL.PD,9330
ST8-PD-124-05,124,SD8040,OFF,301800.,3,0.12,0.218,0.0077,polars/raw/ALL.PD,9331
ST8-PD-124-05,124,SD8040,OFF,301800.,4,1.63,0.388,0.0080,polars/raw/ALL.PD,9332
ST8-PD-124-05,124,SD8040,OFF,301800.,5,3.19,0.542,0.0096,polars/raw/ALL.PD,9333
ST8-PD-124-05,124,SD8040,OFF,301800.,6,4.74,0.688,0.0113,polars/raw/ALL.PD,9334
ST8-PD-124-05,124,SD8040,OFF,301800.,7,6.26,0.815,0.0145,polars/raw/ALL.PD,9335
ST8-PD-124-05,124,SD8040,OFF,301800.,8,7.78,0.926,0.0185,polars/raw/ALL.PD,9336
ST8-PD-124-05,124,SD8040,OFF,301800.,9,9.29,1.011,0.0245,polars/raw/ALL.PD,9337
ST8-PD-124-05,124,SD8040,OFF,301800.,10,10.81,1.065,0.0355,polars/raw/ALL.PD,9338
ST8-PD-124-05,124,SD8040,OFF,301800.,11,11.80,1.071,0.0545,polars/raw/ALL.PD,9339
ST8-PD-124-05,124,SD8040,OFF,301800.,12,12.81,1.052,0.0923,polars/raw/ALL.PD,9340
ST8-PD-125-01,125,SPICA,C. ANDERSON,59900.,1,-1.87,0.123,0.0354,polars/raw/ALL.PD,9349
ST8-PD-125-01,125,SPICA,C. ANDERSON,59900.,2,-0.85,0.219,0.0347,polars/raw/ALL.PD,9350
ST8-PD-125-01,125,SPICA,C. ANDERSON,59900.,3,0.16,0.312,0.0327,polars/raw/ALL.PD,9351
ST8-PD-125-01,125,SPICA,C. ANDERSON,59900.,4,1.18,0.402,0.0334,polars/raw/ALL.PD,9352
ST8-PD-125-01,125,SPICA,C. ANDERSON,59900.,5,2.20,0.479,0.0360,polars/raw/ALL.PD,9353
ST8-PD-125-01,125,SPICA,C. ANDERSON,59900.,6,3.21,0.536,0.0437,polars/raw/ALL.PD,9354
ST8-PD-125-01,125,SPICA,C. ANDERSON,59900.,7,4.22,0.575,0.0521,polars/raw/ALL.PD,9355
ST8-PD-125-01,125,SPICA,C. ANDERSON,59900.,8,5.23,0.615,0.0626,polars/raw/ALL.PD,9356
ST8-PD-125-01,125,SPICA,C. ANDERSON,59900.,9,6.24,0.681,0.0729,polars/raw/ALL.PD,9357
ST8-PD-125-02,125,SPICA,C. ANDERSON,99600.,1,-1.88,0.075,0.0321,polars/raw/ALL.PD,9360
ST8-PD-125-02,125,SPICA,C. ANDERSON,99600.,2,-0.87,0.172,0.0252,polars/raw/ALL.PD,9361
ST8-PD-125-02,125,SPICA,C. ANDERSON,99600.,3,0.16,0.269,0.0231,polars/raw/ALL.PD,9362
ST8-PD-125-02,125,SPICA,C. ANDERSON,99600.,4,1.18,0.362,0.0212,polars/raw/ALL.PD,9363
ST8-PD-125-02,125,SPICA,C. ANDERSON,99600.,5,2.20,0.468,0.0196,polars/raw/ALL.PD,9364
ST8-PD-125-02,125,SPICA,C. ANDERSON,99600.,6,3.22,0.558,0.0209,polars/raw/ALL.PD,9365
ST8-PD-125-02,125,SPICA,C. ANDERSON,99600.,7,4.23,0.643,0.0221,polars/raw/ALL.PD,9366
ST8-PD-125-02,125,SPICA,C. ANDERSON,99600.,8,5.26,0.730,0.0238,polars/raw/ALL.PD,9367
ST8-PD-125-02,125,SPICA,C. ANDERSON,99600.,9,6.27,0.825,0.0240,polars/raw/ALL.PD,9368
ST8-PD-125-02,125,SPICA,C. ANDERSON,99600.,10,7.30,0.922,0.0255,polars/raw/ALL.PD,9369
ST8-PD-125-02,125,SPICA,C. ANDERSON,99600.,11,8.32,1.009,0.0268,polars/raw/ALL.PD,9370
ST8-PD-125-02,125,SPICA,C. ANDERSON,99600.,12,9.34,1.093,0.0274,polars/raw/ALL.PD,9371
ST8-PD-125-02,125,SPICA,C. ANDERSON,99600.,13,10.35,1.176,0.0282,polars/raw/ALL.PD,9372
ST8-PD-125-02,125,SPICA,C. ANDERSON,99600.,14,11.38,1.256,0.0299,polars/raw/ALL.PD,9373
ST8-PD-125-02,125,SPICA,C. ANDERSON,99600.,15,12.39,1.329,0.0327,polars/raw/ALL.PD,9374
ST8-PD-125-02,125,SPICA,C. ANDERSON,99600.,16,13.39,1.393,0.0340,polars/raw/ALL.PD,9375
ST8-PD-125-02,125,SPICA,C. ANDERSON,99600.,17,14.41,1.437,0.0380,polars/raw/ALL.PD,9376
ST8-PD-125-02,125,SPICA,C. ANDERSON,99600.,18,15.40,1.419,0.0593,polars/raw/ALL.PD,9377
ST8-PD-125-03,125,SPICA,C. ANDERSON,202300.,1,-3.96,-.183,0.0577,polars/raw/ALL.PD,9380
ST8-PD-125-03,125,SPICA,C. ANDERSON,202300.,2,-2.91,-.069,0.0403,polars/raw/ALL.PD,9381
ST8-PD-125-03,125,SPICA,C. ANDERSON,202300.,3,-1.89,0.042,0.0272,polars/raw/ALL.PD,9382
ST8-PD-125-03,125,SPICA,C. ANDERSON,202300.,4,-0.88,0.143,0.0192,polars/raw/ALL.PD,9383
ST8-PD-125-03,125,SPICA,C. ANDERSON,202300.,5,0.15,0.241,0.0163,polars/raw/ALL.PD,9384
ST8-PD-125-03,125,SPICA,C. ANDERSON,202300.,6,1.17,0.341,0.0149,polars/raw/ALL.PD,9385
ST8-PD-125-03,125,SPICA,C. ANDERSON,202300.,7,2.19,0.450,0.0117,polars/raw/ALL.PD,9386
ST8-PD-125-03,125,SPICA,C. ANDERSON,202300.,8,3.22,0.555,0.0119,polars/raw/ALL.PD,9387
ST8-PD-125-03,125,SPICA,C. ANDERSON,202300.,9,4.23,0.649,0.0128,polars/raw/ALL.PD,9388
ST8-PD-125-03,125,SPICA,C. ANDERSON,202300.,10,5.26,0.747,0.0139,polars/raw/ALL.PD,9389
ST8-PD-125-03,125,SPICA,C. ANDERSON,202300.,11,6.27,0.840,0.0143,polars/raw/ALL.PD,9390
ST8-PD-125-03,125,SPICA,C. ANDERSON,202300.,12,7.30,0.936,0.0153,polars/raw/ALL.PD,9391
ST8-PD-125-03,125,SPICA,C. ANDERSON,202300.,13,8.32,1.028,0.0163,polars/raw/ALL.PD,9392
ST8-PD-125-03,125,SPICA,C. ANDERSON,202300.,14,9.34,1.117,0.0176,polars/raw/ALL.PD,9393
ST8-PD-125-03,125,SPICA,C. ANDERSON,202300.,15,10.35,1.199,0.0186,polars/raw/ALL.PD,9394
ST8-PD-125-03,125,SPICA,C. ANDERSON,202300.,16,11.37,1.278,0.0194,polars/raw/ALL.PD,9395
ST8-PD-125-03,125,SPICA,C. ANDERSON,202300.,17,12.39,1.352,0.0207,polars/raw/ALL.PD,9396
ST8-PD-125-03,125,SPICA,C. ANDERSON,202300.,18,13.40,1.412,0.0237,polars/raw/ALL.PD,9397
ST8-PD-125-03,125,SPICA,C. ANDERSON,202300.,19,14.41,1.407,0.0385,polars/raw/ALL.PD,9398
ST8-PD-125-04,125,SPICA,C. ANDERSON,301500.,1,-2.98,-.073,0.0387,polars/raw/ALL.PD,9401
ST8-PD-125-04,125,SPICA,C. ANDERSON,301500.,2,-1.90,0.044,0.0257,polars/raw/ALL.PD,9402
ST8-PD-125-04,125,SPICA,C. ANDERSON,301500.,3,-0.90,0.143,0.0172,polars/raw/ALL.PD,9403
ST8-PD-125-04,125,SPICA,C. ANDERSON,301500.,4,0.15,0.245,0.0139,polars/raw/ALL.PD,9404
ST8-PD-125-04,125,SPICA,C. ANDERSON,301500.,5,1.16,0.349,0.0128,polars/raw/ALL.PD,9405
ST8-PD-125-04,125,SPICA,C. ANDERSON,301500.,6,2.18,0.448,0.0114,polars/raw/ALL.PD,9406
ST8-PD-125-04,125,SPICA,C. ANDERSON,301500.,7,3.22,0.564,0.0100,polars/raw/ALL.PD,9407
ST8-PD-125-04,125,SPICA,C. ANDERSON,301500.,8,4.23,0.658,0.0105,polars/raw/ALL.PD,9408
ST8-PD-125-04,125,SPICA,C. ANDERSON,301500.,9,5.26,0.754,0.0112,polars/raw/ALL.PD,9409
ST8-PD-126-01,126,WB135/35,BLANCHARD,61300.,1,-5.97,-.373,0.0313,polars/raw/ALL.PD,9418
ST8-PD-126-01,126,WB135/35,BLANCHARD,61300.,2,-4.96,-.299,0.0340,polars/raw/ALL.PD,9419
ST8-PD-126-01,126,WB135/35,BLANCHARD,61300.,3,-3.95,-.187,0.0328,polars/raw/ALL.PD,9420
ST8-PD-126-01,126,WB135/35,BLANCHARD,61300.,4,-2.91,-.047,0.0318,polars/raw/ALL.PD,9421
ST8-PD-126-01,126,WB135/35,BLANCHARD,61300.,5,-1.88,0.094,0.0281,polars/raw/ALL.PD,9422
ST8-PD-126-01,126,WB135/35,BLANCHARD,61300.,6,-0.85,0.219,0.0241,polars/raw/ALL.PD,9423
ST8-PD-126-01,126,WB135/35,BLANCHARD,61300.,7,0.16,0.329,0.0247,polars/raw/ALL.PD,9424
ST8-PD-126-01,126,WB135/35,BLANCHARD,61300.,8,1.19,0.426,0.0258,polars/raw/ALL.PD,9425
ST8-PD-126-01,126,WB135/35,BLANCHARD,61300.,9,2.20,0.518,0.0269,polars/raw/ALL.PD,9426
ST8-PD-126-01,126,WB135/35,BLANCHARD,61300.,10,3.22,0.611,0.0258,polars/raw/ALL.PD,9427
ST8-PD-126-01,126,WB135/35,BLANCHARD,61300.,11,4.24,0.689,0.0288,polars/raw/ALL.PD,9428
ST8-PD-126-01,126,WB135/35,BLANCHARD,61300.,12,5.27,0.803,0.0331,polars/raw/ALL.PD,9429
ST8-PD-126-01,126,WB135/35,BLANCHARD,61300.,13,6.28,0.836,0.0422,polars/raw/ALL.PD,9430
ST8-PD-126-01,126,WB135/35,BLANCHARD,61300.,14,7.27,0.808,0.0619,polars/raw/ALL.PD,9431
ST8-PD-126-01,126,WB135/35,BLANCHARD,61300.,15,8.25,0.736,0.1121,polars/raw/ALL.PD,9432
ST8-PD-126-01,126,WB135/35,BLANCHARD,61300.,16,9.27,0.730,0.1316,polars/raw/ALL.PD,9433
ST8-PD-126-02,126,WB135/35,BLANCHARD,100500.,1,-5.96,-.259,0.0238,polars/raw/ALL.PD,9436
ST8-PD-126-02,126,WB135/35,BLANCHARD,100500.,2,-4.95,-.127,0.0231,polars/raw/ALL.PD,9437
ST8-PD-126-02,126,WB135/35,BLANCHARD,100500.,3,-3.91,-.001,0.0220,polars/raw/ALL.PD,9438
ST8-PD-126-02,126,WB135/35,BLANCHARD,100500.,4,-2.89,0.114,0.0226,polars/raw/ALL.PD,9439
ST8-PD-126-02,126,WB135/35,BLANCHARD,100500.,5,-1.87,0.212,0.0207,polars/raw/ALL.PD,9440
ST8-PD-126-02,126,WB135/35,BLANCHARD,100500.,6,-0.84,0.303,0.0200,polars/raw/ALL.PD,9441
ST8-PD-126-02,126,WB135/35,BLANCHARD,100500.,7,0.17,0.403,0.0182,polars/raw/ALL.PD,9442
ST8-PD-126-02,126,WB135/35,BLANCHARD,100500.,8,1.21,0.512,0.0177,polars/raw/ALL.PD,9443
ST8-PD-126-02,126,WB135/35,BLANCHARD,100500.,9,2.23,0.608,0.0183,polars/raw/ALL.PD,9444
ST8-PD-126-02,126,WB135/35,BLANCHARD,100500.,10,3.24,0.711,0.0182,polars/raw/ALL.PD,9445
ST8-PD-126-02,126,WB135/35,BLANCHARD,100500.,11,4.27,0.805,0.0186,polars/raw/ALL.PD,9446
ST8-PD-126-02,126,WB135/35,BLANCHARD,100500.,12,5.29,0.894,0.0212,polars/raw/ALL.PD,9447
ST8-PD-126-02,126,WB135/35,BLANCHARD,100500.,13,6.30,0.982,0.0237,polars/raw/ALL.PD,9448
ST8-PD-126-02,126,WB135/35,BLANCHARD,100500.,14,7.33,1.070,0.0253,polars/raw/ALL.PD,9449
ST8-PD-126-02,126,WB135/35,BLANCHARD,100500.,15,8.34,1.151,0.0281,polars/raw/ALL.PD,9450
ST8-PD-126-02,126,WB135/35,BLANCHARD,100500.,16,9.36,1.231,0.0289,polars/raw/ALL.PD,9451
ST8-PD-126-02,126,WB135/35,BLANCHARD,100500.,17,10.39,1.298,0.0312,polars/raw/ALL.PD,9452
ST8-PD-126-02,126,WB135/35,BLANCHARD,100500.,18,11.37,1.274,0.0576,polars/raw/ALL.PD,9453
ST8-PD-126-02,126,WB135/35,BLANCHARD,100500.,19,12.37,1.224,0.0687,polars/raw/ALL.PD,9454
ST8-PD-126-02,126,WB135/35,BLANCHARD,100500.,20,13.35,1.210,0.0772,polars/raw/ALL.PD,9455
ST8-PD-126-03,126,WB135/35,BLANCHARD,155700.,1,-5.95,-.157,0.0174,polars/raw/ALL.PD,9458
ST8-PD-126-03,126,WB135/35,BLANCHARD,155700.,2,-4.92,-.051,0.0168,polars/raw/ALL.PD,9459
ST8-PD-126-03,126,WB135/35,BLANCHARD,155700.,3,-3.89,0.043,0.0160,polars/raw/ALL.PD,9460
ST8-PD-126-03,126,WB135/35,BLANCHARD,155700.,4,-2.89,0.137,0.0157,polars/raw/ALL.PD,9461
ST8-PD-126-03,126,WB135/35,BLANCHARD,155700.,5,-1.86,0.235,0.0149,polars/raw/ALL.PD,9462
ST8-PD-126-03,126,WB135/35,BLANCHARD,155700.,6,-0.85,0.334,0.0140,polars/raw/ALL.PD,9463
ST8-PD-126-03,126,WB135/35,BLANCHARD,155700.,7,0.19,0.434,0.0132,polars/raw/ALL.PD,9464
ST8-PD-126-03,126,WB135/35,BLANCHARD,155700.,8,1.21,0.549,0.0130,polars/raw/ALL.PD,9465
ST8-PD-126-03,126,WB135/35,BLANCHARD,155700.,9,2.22,0.648,0.0135,polars/raw/ALL.PD,9466
ST8-PD-126-03,126,WB135/35,BLANCHARD,155700.,10,3.24,0.746,0.0140,polars/raw/ALL.PD,9467
ST8-PD-126-03,126,WB135/35,BLANCHARD,155700.,11,4.27,0.839,0.0162,polars/raw/ALL.PD,9468
ST8-PD-126-03,126,WB135/35,BLANCHARD,155700.,12,5.29,0.930,0.0180,polars/raw/ALL.PD,9469
ST8-PD-126-03,126,WB135/35,BLANCHARD,155700.,13,6.31,1.016,0.0204,polars/raw/ALL.PD,9470
ST8-PD-126-03,126,WB135/35,BLANCHARD,155700.,14,7.33,1.097,0.0216,polars/raw/ALL.PD,9471
ST8-PD-126-03,126,WB135/35,BLANCHARD,155700.,15,8.35,1.178,0.0227,polars/raw/ALL.PD,9472
ST8-PD-126-03,126,WB135/35,BLANCHARD,155700.,16,9.34,1.228,0.0256,polars/raw/ALL.PD,9473
ST8-PD-126-03,126,WB135/35,BLANCHARD,155700.,17,10.36,1.211,0.0533,polars/raw/ALL.PD,9474
ST8-PD-126-04,126,WB135/35,BLANCHARD,204000.,1,-9.07,-.510,0.0249,polars/raw/ALL.PD,9477
ST8-PD-126-04,126,WB135/35,BLANCHARD,204000.,2,-8.06,-.406,0.0196,polars/raw/ALL.PD,9478
ST8-PD-126-04,126,WB135/35,BLANCHARD,204000.,3,-6.99,-.287,0.0157,polars/raw/ALL.PD,9479
ST8-PD-126-04,126,WB135/35,BLANCHARD,204000.,4,-6.00,-.196,0.0136,polars/raw/ALL.PD,9480
ST8-PD-126-04,126,WB135/35,BLANCHARD,204000.,5,-4.97,-.107,0.0144,polars/raw/ALL.PD,9481
ST8-PD-126-04,126,WB135/35,BLANCHARD,204000.,6,-3.95,-.012,0.0138,polars/raw/ALL.PD,9482
ST8-PD-126-04,126,WB135/35,BLANCHARD,204000.,7,-2.93,0.088,0.0135,polars/raw/ALL.PD,9483
ST8-PD-126-04,126,WB135/35,BLANCHARD,204000.,8,-1.89,0.193,0.0129,polars/raw/ALL.PD,9484
ST8-PD-126-04,126,WB135/35,BLANCHARD,204000.,9,-0.85,0.305,0.0128,polars/raw/ALL.PD,9485
ST8-PD-126-04,126,WB135/35,BLANCHARD,204000.,10,0.17,0.410,0.0122,polars/raw/ALL.PD,9486
ST8-PD-126-04,126,WB135/35,BLANCHARD,204000.,11,1.20,0.514,0.0114,polars/raw/ALL.PD,9487
ST8-PD-126-04,126,WB135/35,BLANCHARD,204000.,12,2.23,0.627,0.0111,polars/raw/ALL.PD,9488
ST8-PD-126-04,126,WB135/35,BLANCHARD,204000.,13,3.24,0.725,0.0120,polars/raw/ALL.PD,9489
ST8-PD-126-04,126,WB135/35,BLANCHARD,204000.,14,4.26,0.814,0.0131,polars/raw/ALL.PD,9490
ST8-PD-126-04,126,WB135/35,BLANCHARD,204000.,15,5.28,0.908,0.0148,polars/raw/ALL.PD,9491
ST8-PD-126-04,126,WB135/35,BLANCHARD,204000.,16,6.30,0.999,0.0163,polars/raw/ALL.PD,9492
ST8-PD-126-04,126,WB135/35,BLANCHARD,204000.,17,7.32,1.085,0.0180,polars/raw/ALL.PD,9493
ST8-PD-126-04,126,WB135/35,BLANCHARD,204000.,18,8.34,1.168,0.0195,polars/raw/ALL.PD,9494
ST8-PD-126-04,126,WB135/35,BLANCHARD,204000.,19,9.35,1.228,0.0227,polars/raw/ALL.PD,9495
ST8-PD-126-04,126,WB135/35,BLANCHARD,204000.,20,10.36,1.239,0.0356,polars/raw/ALL.PD,9496
ST8-PD-126-04,126,WB135/35,BLANCHARD,204000.,21,11.35,1.219,0.0623,polars/raw/ALL.PD,9497
ST8-PD-126-04,126,WB135/35,BLANCHARD,204000.,22,12.35,1.198,0.0807,polars/raw/ALL.PD,9498
ST8-PD-126-04,126,WB135/35,BLANCHARD,204000.,23,13.35,1.175,0.1035,polars/raw/ALL.PD,9499
ST8-PD-126-04,126,WB135/35,BLANCHARD,204000.,24,14.34,1.155,0.1266,polars/raw/ALL.PD,9500
ST8-PD-126-05,126,WB135/35,BLANCHARD,302700.,1,-4.94,-.078,0.0118,polars/raw/ALL.PD,9503
ST8-PD-126-05,126,WB135/35,BLANCHARD,302700.,2,-3.91,0.021,0.0116,polars/raw/ALL.PD,9504
ST8-PD-126-05,126,WB135/35,BLANCHARD,302700.,3,-2.88,0.125,0.0112,polars/raw/ALL.PD,9505
ST8-PD-126-05,126,WB135/35,BLANCHARD,302700.,4,-1.87,0.230,0.0113,polars/raw/ALL.PD,9506
ST8-PD-126-05,126,WB135/35,BLANCHARD,302700.,5,-0.85,0.335,0.0109,polars/raw/ALL.PD,9507
ST8-PD-126-05,126,WB135/35,BLANCHARD,302700.,6,0.18,0.438,0.0109,polars/raw/ALL.PD,9508
ST8-PD-126-05,126,WB135/35,BLANCHARD,302700.,7,1.18,0.536,0.0106,polars/raw/ALL.PD,9509
ST8-PD-126-05,126,WB135/35,BLANCHARD,302700.,8,2.19,0.636,0.0106,polars/raw/ALL.PD,9510
ST8-PD-126-05,126,WB135/35,BLANCHARD,302700.,9,3.22,0.738,0.0114,polars/raw/ALL.PD,9511
ST8-PD-127-01,127,WB140/35/FB,BLANCHARD,98500.,1,-6.01,-.330,0.0289,polars/raw/ALL.PD,9520
ST8-PD-127-01,127,WB140/35/FB,BLANCHARD,98500.,2,-4.97,-.226,0.0274,polars/raw/ALL.PD,9521
ST8-PD-127-01,127,WB140/35/FB,BLANCHARD,98500.,3,-3.94,-.133,0.0280,polars/raw/ALL.PD,9522
ST8-PD-127-01,127,WB140/35/FB,BLANCHARD,98500.,4,-2.94,-.052,0.0270,polars/raw/ALL.PD,9523
ST8-PD-127-01,127,WB140/35/FB,BLANCHARD,98500.,5,-1.89,0.047,0.0278,polars/raw/ALL.PD,9524
ST8-PD-127-01,127,WB140/35/FB,BLANCHARD,98500.,6,-0.88,0.154,0.0264,polars/raw/ALL.PD,9525
ST8-PD-127-01,127,WB140/35/FB,BLANCHARD,98500.,7,0.15,0.271,0.0280,polars/raw/ALL.PD,9526
ST8-PD-127-01,127,WB140/35/FB,BLANCHARD,98500.,8,1.18,0.388,0.0290,polars/raw/ALL.PD,9527
ST8-PD-127-01,127,WB140/35/FB,BLANCHARD,98500.,9,2.20,0.499,0.0308,polars/raw/ALL.PD,9528
ST8-PD-127-01,127,WB140/35/FB,BLANCHARD,98500.,10,3.22,0.607,0.0297,polars/raw/ALL.PD,9529
ST8-PD-127-01,127,WB140/35/FB,BLANCHARD,98500.,11,4.24,0.719,0.0287,polars/raw/ALL.PD,9530
ST8-PD-127-01,127,WB140/35/FB,BLANCHARD,98500.,12,5.26,0.822,0.0281,polars/raw/ALL.PD,9531
ST8-PD-127-01,127,WB140/35/FB,BLANCHARD,98500.,13,6.29,0.923,0.0252,polars/raw/ALL.PD,9532
ST8-PD-127-01,127,WB140/35/FB,BLANCHARD,98500.,14,7.31,1.020,0.0228,polars/raw/ALL.PD,9533
ST8-PD-127-01,127,WB140/35/FB,BLANCHARD,98500.,15,8.32,1.096,0.0224,polars/raw/ALL.PD,9534
ST8-PD-127-01,127,WB140/35/FB,BLANCHARD,98500.,16,9.34,1.152,0.0263,polars/raw/ALL.PD,9535
ST8-PD-127-01,127,WB140/35/FB,BLANCHARD,98500.,17,10.34,1.155,0.0314,polars/raw/ALL.PD,9536
ST8-PD-127-01,127,WB140/35/FB,BLANCHARD,98500.,18,11.32,1.114,0.0480,polars/raw/ALL.PD,9537
ST8-PD-127-01,127,WB140/35/FB,BLANCHARD,98500.,19,12.31,1.089,0.0625,polars/raw/ALL.PD,9538
ST8-PD-127-02,127,WB140/35/FB,BLANCHARD,153900.,1,-5.97,-.190,0.0194,polars/raw/ALL.PD,9541
ST8-PD-127-02,127,WB140/35/FB,BLANCHARD,153900.,2,-4.92,-.088,0.0180,polars/raw/ALL.PD,9542
ST8-PD-127-02,127,WB140/35/FB,BLANCHARD,153900.,3,-3.90,0.011,0.0173,polars/raw/ALL.PD,9543
ST8-PD-127-02,127,WB140/35/FB,BLANCHARD,153900.,4,-2.91,0.104,0.0170,polars/raw/ALL.PD,9544
ST8-PD-127-02,127,WB140/35/FB,BLANCHARD,153900.,5,-1.87,0.201,0.0165,polars/raw/ALL.PD,9545
ST8-PD-127-02,127,WB140/35/FB,BLANCHARD,153900.,6,-0.85,0.293,0.0152,polars/raw/ALL.PD,9546
ST8-PD-127-02,127,WB140/35/FB,BLANCHARD,153900.,7,0.17,0.416,0.0143,polars/raw/ALL.PD,9547
ST8-PD-127-02,127,WB140/35/FB,BLANCHARD,153900.,8,1.19,0.511,0.0154,polars/raw/ALL.PD,9548
ST8-PD-127-02,127,WB140/35/FB,BLANCHARD,153900.,9,2.21,0.604,0.0146,polars/raw/ALL.PD,9549
ST8-PD-127-02,127,WB140/35/FB,BLANCHARD,153900.,10,3.24,0.702,0.0153,polars/raw/ALL.PD,9550
ST8-PD-127-02,127,WB140/35/FB,BLANCHARD,153900.,11,4.26,0.800,0.0158,polars/raw/ALL.PD,9551
ST8-PD-127-02,127,WB140/35/FB,BLANCHARD,153900.,12,5.28,0.896,0.0166,polars/raw/ALL.PD,9552
ST8-PD-127-02,127,WB140/35/FB,BLANCHARD,153900.,13,6.29,0.987,0.0169,polars/raw/ALL.PD,9553
ST8-PD-127-02,127,WB140/35/FB,BLANCHARD,153900.,14,7.33,1.063,0.0177,polars/raw/ALL.PD,9554
ST8-PD-127-02,127,WB140/35/FB,BLANCHARD,153900.,15,8.33,1.116,0.0196,polars/raw/ALL.PD,9555
ST8-PD-127-02,127,WB140/35/FB,BLANCHARD,153900.,16,9.32,1.128,0.0224,polars/raw/ALL.PD,9556
ST8-PD-127-02,127,WB140/35/FB,BLANCHARD,153900.,17,10.32,1.095,0.0426,polars/raw/ALL.PD,9557
ST8-PD-127-02,127,WB140/35/FB,BLANCHARD,153900.,18,11.32,1.079,0.0462,polars/raw/ALL.PD,9558
ST8-PD-127-03,127,WB140/35/FB,BLANCHARD,200500.,1,-6.02,-.189,0.0170,polars/raw/ALL.PD,9561
ST8-PD-127-03,127,WB140/35/FB,BLANCHARD,200500.,2,-4.95,-.102,0.0148,polars/raw/ALL.PD,9562
ST8-PD-127-03,127,WB140/35/FB,BLANCHARD,200500.,3,-3.97,-.019,0.0142,polars/raw/ALL.PD,9563
ST8-PD-127-03,127,WB140/35/FB,BLANCHARD,200500.,4,-2.98,0.076,0.0144,polars/raw/ALL.PD,9564
ST8-PD-127-03,127,WB140/35/FB,BLANCHARD,200500.,5,-1.91,0.182,0.0138,polars/raw/ALL.PD,9565
ST8-PD-127-03,127,WB140/35/FB,BLANCHARD,200500.,6,-0.85,0.287,0.0131,polars/raw/ALL.PD,9566
ST8-PD-127-03,127,WB140/35/FB,BLANCHARD,200500.,7,0.17,0.383,0.0122,polars/raw/ALL.PD,9567
ST8-PD-127-03,127,WB140/35/FB,BLANCHARD,200500.,8,1.18,0.505,0.0123,polars/raw/ALL.PD,9568
ST8-PD-127-03,127,WB140/35/FB,BLANCHARD,200500.,9,2.20,0.603,0.0123,polars/raw/ALL.PD,9569
ST8-PD-127-03,127,WB140/35/FB,BLANCHARD,200500.,10,3.22,0.700,0.0131,polars/raw/ALL.PD,9570
ST8-PD-127-03,127,WB140/35/FB,BLANCHARD,200500.,11,4.24,0.799,0.0135,polars/raw/ALL.PD,9571
ST8-PD-127-03,127,WB140/35/FB,BLANCHARD,200500.,12,5.28,0.895,0.0140,polars/raw/ALL.PD,9572
ST8-PD-127-03,127,WB140/35/FB,BLANCHARD,200500.,13,6.28,0.984,0.0143,polars/raw/ALL.PD,9573
ST8-PD-127-03,127,WB140/35/FB,BLANCHARD,200500.,14,7.31,1.057,0.0154,polars/raw/ALL.PD,9574
ST8-PD-127-03,127,WB140/35/FB,BLANCHARD,200500.,15,8.34,1.110,0.0178,polars/raw/ALL.PD,9575
ST8-PD-127-03,127,WB140/35/FB,BLANCHARD,200500.,16,9.33,1.132,0.0228,polars/raw/ALL.PD,9576
ST8-PD-127-03,127,WB140/35/FB,BLANCHARD,200500.,17,10.34,1.117,0.0326,polars/raw/ALL.PD,9577
ST8-PD-127-03,127,WB140/35/FB,BLANCHARD,200500.,18,11.32,1.095,0.0443,polars/raw/ALL.PD,9578
ST8-PD-127-03,127,WB140/35/FB,BLANCHARD,200500.,19,12.34,1.093,0.0551,polars/raw/ALL.PD,9579
ST8-PD-127-03,127,WB140/35/FB,BLANCHARD,200500.,20,13.33,1.094,0.0653,polars/raw/ALL.PD,9580
ST8-PD-127-04,127,WB140/35/FB,BLANCHARD,307600.,1,-5.95,-.163,0.0143,polars/raw/ALL.PD,9583
ST8-PD-127-04,127,WB140/35/FB,BLANCHARD,307600.,2,-4.94,-.069,0.0122,polars/raw/ALL.PD,9584
ST8-PD-127-04,127,WB140/35/FB,BLANCHARD,307600.,3,-3.90,0.029,0.0116,polars/raw/ALL.PD,9585
ST8-PD-127-04,127,WB140/35/FB,BLANCHARD,307600.,4,-2.90,0.125,0.0114,polars/raw/ALL.PD,9586
ST8-PD-127-04,127,WB140/35/FB,BLANCHARD,307600.,5,-1.88,0.228,0.0113,polars/raw/ALL.PD,9587
ST8-PD-127-04,127,WB140/35/FB,BLANCHARD,307600.,6,-0.85,0.332,0.0108,polars/raw/ALL.PD,9588
ST8-PD-127-04,127,WB140/35/FB,BLANCHARD,307600.,7,0.18,0.429,0.0104,polars/raw/ALL.PD,9589
ST8-PD-127-04,127,WB140/35/FB,BLANCHARD,307600.,8,1.19,0.526,0.0099,polars/raw/ALL.PD,9590
ST8-PD-127-04,127,WB140/35/FB,BLANCHARD,307600.,9,2.23,0.638,0.0100,polars/raw/ALL.PD,9591
ST8-PD-127-04,127,WB140/35/FB,BLANCHARD,307600.,10,3.23,0.728,0.0104,polars/raw/ALL.PD,9592
ST8-PD-127-04,127,WB140/35/FB,BLANCHARD,307600.,11,4.24,0.816,0.0109,polars/raw/ALL.PD,9593
ST8-PD-127-04,127,WB140/35/FB,BLANCHARD,307600.,12,5.27,0.900,0.0116,polars/raw/ALL.PD,9594
ST8-PD-127-04,127,WB140/35/FB,BLANCHARD,307600.,13,6.26,0.973,0.0125,polars/raw/ALL.PD,9595
ST8-PD-127-04,127,WB140/35/FB,BLANCHARD,307600.,14,7.23,1.031,0.0141,polars/raw/ALL.PD,9596
ST8-PD-127-04,127,WB140/35/FB,BLANCHARD,307600.,15,8.29,1.076,0.0169,polars/raw/ALL.PD,9597
ST8-PD-127-04,127,WB140/35/FB,BLANCHARD,307600.,16,9.30,1.083,0.0210,polars/raw/ALL.PD,9598
