archive_member,download_url,bytes,sha256,original_header
volume-1/data/ance_8.5x6_2849cm_4000.txt,https://m-selig.ae.illinois.edu/props/volume-1/data/ance_8.5x6_2849cm_4000.txt,510,d23c868609949e782a3bde5e085e40879fcb620ab004a27023ddedc92e01f310,J       CT       CP       eta
volume-1/data/ance_8.5x6_2850cm_5004.txt,https://m-selig.ae.illinois.edu/props/volume-1/data/ance_8.5x6_2850cm_5004.txt,574,3be84c7db64a0fbc0bbf6450be8bd37fd00bffa3d54d16935c6139a1e84a7653,J       CT       CP       eta
volume-1/data/ance_8.5x6_2851cm_5986.txt,https://m-selig.ae.illinois.edu/props/volume-1/data/ance_8.5x6_2851cm_5986.txt,574,a1f30ffdd584dc5e3b38a2e67df03ec2b8d403a887a33c845629f2f9120fd99e,J       CT       CP       eta
volume-1/data/ance_8.5x6_2852cm_6009.txt,https://m-selig.ae.illinois.edu/props/volume-1/data/ance_8.5x6_2852cm_6009.txt,416,9b7ddb49a5260058a2c87b8a62d5376d20db2273fe225ff59a534a3f9403ad89,J       CT       CP       eta
volume-1/data/ance_8.5x6_2853cm_6928.txt,https://m-selig.ae.illinois.edu/props/volume-1/data/ance_8.5x6_2853cm_6928.txt,574,254e0deaf91d8de68f7436e6377d7e4ec58c6dcb719c882ec08d217a81e2c38f,J       CT       CP       eta
volume-1/data/ance_8.5x6_2854cm_6914.txt,https://m-selig.ae.illinois.edu/props/volume-1/data/ance_8.5x6_2854cm_6914.txt,544,941c7d5d565e902a3bb6e46d5a56282c3a80834eeb7be5381dca83d31e138c34,J       CT       CP       eta
volume-1/data/ance_8.5x6_static_2848cm.txt,https://m-selig.ae.illinois.edu/props/volume-1/data/ance_8.5x6_static_2848cm.txt,387,02476739f84870b45748b65a6b0c662e02b749989a6d11be9a90d9321af745c9,RPM    CT       CP
volume-1/data/ance_8.5x7_2876cm_4008.txt,https://m-selig.ae.illinois.edu/props/volume-1/data/ance_8.5x7_2876cm_4008.txt,576,224dd62d083be090fc0db8366e0f57350f1cfda3da5983b19ed26cca50e3c138,J       CT       CP       eta
volume-1/data/ance_8.5x7_2877cm_5000.txt,https://m-selig.ae.illinois.edu/props/volume-1/data/ance_8.5x7_2877cm_5000.txt,574,c4b398f9f5a14dcc4abc48d151021e90d816aeaf91dc87807376f2b6289c2edf,J       CT       CP       eta
volume-1/data/ance_8.5x7_2878cm_5001.txt,https://m-selig.ae.illinois.edu/props/volume-1/data/ance_8.5x7_2878cm_5001.txt,320,581e07a2f2911f643a93b6345b35fed591a56fbca3fbc9256dbbd9d03a611912,J       CT       CP       eta
volume-1/data/ance_8.5x7_2879cm_5998.txt,https://m-selig.ae.illinois.edu/props/volume-1/data/ance_8.5x7_2879cm_5998.txt,574,2e906a527347af73959d387752ed4ea6365a2753cfcaa15d1ad7fb6cdcbabf1e,J       CT       CP       eta
volume-1/data/ance_8.5x7_2880cm_6009.txt,https://m-selig.ae.illinois.edu/props/volume-1/data/ance_8.5x7_2880cm_6009.txt,480,0b24f656b00f7696abf161fa0b1ecdf909345ac91d033d877947c3f7a1e02226,J       CT       CP       eta
volume-1/data/ance_8.5x7_2881cm_6800.txt,https://m-selig.ae.illinois.edu/props/volume-1/data/ance_8.5x7_2881cm_6800.txt,574,e2951a0ed7896199254d8584dccba464f6afbd0524c07718cb7f631184f8a6e2,J       CT       CP       eta
volume-1/data/ance_8.5x7_2882cm_6819.txt,https://m-selig.ae.illinois.edu/props/volume-1/data/ance_8.5x7_2882cm_6819.txt,608,0e6f61d3d9ef07dfd6c9bb61731166f10eec404094aa47dc905fe128420aaa20,J       CT       CP       eta
volume-1/data/ance_8.5x7_static_2875cm.txt,https://m-selig.ae.illinois.edu/props/volume-1/data/ance_8.5x7_static_2875cm.txt,387,155e17eda393cabbfa5f671748e91cf22e75046983a2dc0b48427a2cae151af9,RPM    CT       CP
volume-1/data/apc29ff_9x4_2094ee_4004.txt,https://m-selig.ae.illinois.edu/props/volume-1/data/apc29ff_9x4_2094ee_4004.txt,450,0079aaa11ee2fc23e976091b41f7e8bd2f68e8da1e489c06ab92daffa7feaa86,J       CT       CP       eta
volume-1/data/apc29ff_9x4_2095ee_5007.txt,https://m-selig.ae.illinois.edu/props/volume-1/data/apc29ff_9x4_2095ee_5007.txt,578,981a0d515dee7eb0635152b44818e9fbe7293564bbfbf79b3e4e7b66e14f237a,J       CT       CP       eta
volume-1/data/apc29ff_9x4_2096ee_6003.txt,https://m-selig.ae.illinois.edu/props/volume-1/data/apc29ff_9x4_2096ee_6003.txt,574,6f651adbb2927f46f00f591f5a1577c6631aa5835cde5df28664b0c7fb459333,J       CT       CP       eta
volume-1/data/apc29ff_9x4_2097ee_6811.txt,https://m-selig.ae.illinois.edu/props/volume-1/data/apc29ff_9x4_2097ee_6811.txt,574,a950a5fee313806e52b0a6e108f97ff8ce2171006abdc2eae17c33f81923de9f,J       CT       CP       eta
volume-1/data/apc29ff_9x4_2098ee_6815.txt,https://m-selig.ae.illinois.edu/props/volume-1/data/apc29ff_9x4_2098ee_6815.txt,384,85659891d60493d3f36878b17c65857b7dd51e824cac3b0f7a322812b9c60944,J       CT       CP       eta
volume-1/data/apc29ff_9x4_static_2534rd.txt,https://m-selig.ae.illinois.edu/props/volume-1/data/apc29ff_9x4_static_2534rd.txt,387,236d500fbe303b490ac9496e9030036df531d3b11cc8cdcfdc45cf74f39ee929,RPM    CT       CP
volume-1/data/apc29ff_9x5_geom.txt,https://m-selig.ae.illinois.edu/props/volume-1/data/apc29ff_9x5_geom.txt,397,72c3bc1f427de31f96235912fc52b371b8948b72436c1ec3fb1aea2af7eae1a1,r/R    c/R     beta
volume-1/data/apc29ff_9x5_kt1026_4007.txt,https://m-selig.ae.illinois.edu/props/volume-1/data/apc29ff_9x5_kt1026_4007.txt,512,82554470cfc4d4f426d6e775fa76a5436d599f7290474cdbf3cf3c4b8620a31b,J       CT       CP       eta
volume-1/data/apc29ff_9x5_kt1027_5007.txt,https://m-selig.ae.illinois.edu/props/volume-1/data/apc29ff_9x5_kt1027_5007.txt,574,a6d6992df1ad30755567363dc193393745830f913ff0695b6cd8f96e9fcbfd35,J       CT       CP       eta
volume-1/data/apc29ff_9x5_kt1028_6038.txt,https://m-selig.ae.illinois.edu/props/volume-1/data/apc29ff_9x5_kt1028_6038.txt,574,a2574ef893dd2d8e0a288f53d79dc313c0ebfc5ce2f907a694d24ce44db3ee7a,J       CT       CP       eta
volume-1/data/apc29ff_9x5_kt1029_6014.txt,https://m-selig.ae.illinois.edu/props/volume-1/data/apc29ff_9x5_kt1029_6014.txt,416,c0333e109beedad885ba3be9a326c68c3b8be585678b8908e1423d8eef460f26,J       CT       CP       eta
volume-1/data/apc29ff_9x5_kt1030_6907.txt,https://m-selig.ae.illinois.edu/props/volume-1/data/apc29ff_9x5_kt1030_6907.txt,574,c954a2a64d15dbdbdef5bde85dc2e6625a3fac54d18a382e956492aea097dd7b,J       CT       CP       eta
volume-1/data/apc29ff_9x5_kt1031_6917.txt,https://m-selig.ae.illinois.edu/props/volume-1/data/apc29ff_9x5_kt1031_6917.txt,544,9e8b6a1a3cf4a14cb452272234198d26ebf3926b3e17a083273aed1e92c71591,J       CT       CP       eta
volume-1/data/apc29ff_9x5_static_kt1025.txt,https://m-selig.ae.illinois.edu/props/volume-1/data/apc29ff_9x5_static_kt1025.txt,387,e4696e31aa5dbfea9146b183d5c44e66fa0d82c16da24dca2923503e03206343,RPM    CT       CP
volume-1/data/apccf_7.4x8.25_2884cm_4019.txt,https://m-selig.ae.illinois.edu/props/volume-1/data/apccf_7.4x8.25_2884cm_4019.txt,574,99dd91958670892ac3579763cff97462daa2e1217250336d6f06afbfc195a31b,J       CT       CP       eta
volume-1/data/apccf_7.4x8.25_2885cm_5025.txt,https://m-selig.ae.illinois.edu/props/volume-1/data/apccf_7.4x8.25_2885cm_5025.txt,574,58fa1ed1831e294f2bbef1b0f65c508abd4d8bfad9b0195f6da5593cbd1202d8,J       CT       CP       eta
volume-1/data/apccf_7.4x8.25_2886cm_5016.txt,https://m-selig.ae.illinois.edu/props/volume-1/data/apccf_7.4x8.25_2886cm_5016.txt,582,7807b51d6dd42f105fb21802015a65ee182313c019267cc0ebf3f6b93a541c94,J       CT       CP       eta
volume-1/data/apccf_7.4x8.25_2887cm_5977.txt,https://m-selig.ae.illinois.edu/props/volume-1/data/apccf_7.4x8.25_2887cm_5977.txt,574,f44dc9b4ed0f97a49f6934b69b25ffe51e3b8fa3f86b02b7b5748de54a2641f6,J       CT       CP       eta
volume-1/data/apccf_7.4x8.25_2888cm_6008.txt,https://m-selig.ae.illinois.edu/props/volume-1/data/apccf_7.4x8.25_2888cm_6008.txt,774,28b00fa380ebe7230cf9ec2b8d8879564ce996f03e5f0b7f7540e70d51a47b8c,J       CT       CP       eta
volume-1/data/apccf_7.4x8.25_2889cm_6794.txt,https://m-selig.ae.illinois.edu/props/volume-1/data/apccf_7.4x8.25_2889cm_6794.txt,574,bce25f592c92938c29a47f459acee8b841bf84468a794409000c5e3a94b70c0e,J       CT       CP       eta
volume-1/data/apccf_7.4x8.25_2890cm_6812.txt,https://m-selig.ae.illinois.edu/props/volume-1/data/apccf_7.4x8.25_2890cm_6812.txt,798,6c54c2577f5530d7ac621ded4ecc2bc15be3a8ce537eb53ef39c32bc26d321b0,J       CT       CP       eta
volume-1/data/apccf_7.4x8.25_static_2883cm.txt,https://m-selig.ae.illinois.edu/props/volume-1/data/apccf_7.4x8.25_static_2883cm.txt,387,f68ff07886c39c6e26f97f1189d157972b5c8ccfdad6e8137b95353ad8f6a390,RPM    CT       CP
volume-1/data/apccf_7.8x6_2826cm_4012.txt,https://m-selig.ae.illinois.edu/props/volume-1/data/apccf_7.8x6_2826cm_4012.txt,574,a718b99366363617e0d4cbb82c0cf8fdf144454d19e7d22f287f8f6b478cbd5e,J       CT       CP       eta
volume-1/data/apccf_7.8x6_2827cm_5006.txt,https://m-selig.ae.illinois.edu/props/volume-1/data/apccf_7.8x6_2827cm_5006.txt,574,c6ca418b3b541d5273b17d9efb96ffc848014dac7e90b5228934806ff07b0a2f,J       CT       CP       eta
volume-1/data/apccf_7.8x6_2828cm_5005.txt,https://m-selig.ae.illinois.edu/props/volume-1/data/apccf_7.8x6_2828cm_5005.txt,386,729a688ac9b055b75cbb79a46855537619dcd3c538bfe226777ca0eb75e1567e,J       CT       CP       eta
volume-1/data/apccf_7.8x6_2829cm_6004.txt,https://m-selig.ae.illinois.edu/props/volume-1/data/apccf_7.8x6_2829cm_6004.txt,574,debe6b63054345396c9e2067c5e875d119c45a68d17456d67fe783d4194eaf0b,J       CT       CP       eta
volume-1/data/apccf_7.8x6_2830cm_6009.txt,https://m-selig.ae.illinois.edu/props/volume-1/data/apccf_7.8x6_2830cm_6009.txt,548,291c3a37976d813624b6d4df284a7e993d03326492f2eee727ee521be5493537,J       CT       CP       eta
volume-1/data/apccf_7.8x6_2831cm_6831.txt,https://m-selig.ae.illinois.edu/props/volume-1/data/apccf_7.8x6_2831cm_6831.txt,574,4872223553ce0fd5391b401c73b7287c5175eb85c4f16171c632b216c605c521,J       CT       CP       eta
volume-1/data/apccf_7.8x6_2832cm_6814.txt,https://m-selig.ae.illinois.edu/props/volume-1/data/apccf_7.8x6_2832cm_6814.txt,674,8131d32930308f53e186ad0954d5acdadaa89c97769e769585551a5285113b9e,J       CT       CP       eta
volume-1/data/apccf_7.8x6_static_2825cm.txt,https://m-selig.ae.illinois.edu/props/volume-1/data/apccf_7.8x6_static_2825cm.txt,387,93ab7cecc939f3e01d2a9cd0aa64280647a4fd9d052186810a182222584fb059,RPM    CT       CP
volume-1/data/apccf_7.8x7_2834cm_4012.txt,https://m-selig.ae.illinois.edu/props/volume-1/data/apccf_7.8x7_2834cm_4012.txt,574,ce140317aa6e1b3134825334c421360cf34eafc239f58c874075b5a9c68f59bc,J       CT       CP       eta
volume-1/data/apccf_7.8x7_2835cm_5021.txt,https://m-selig.ae.illinois.edu/props/volume-1/data/apccf_7.8x7_2835cm_5021.txt,574,d3fe1e96b55d39c28432c7273d2de3eb35c15fd1e0c985d2de300b76b2ea0136,J       CT       CP       eta
volume-1/data/apccf_7.8x7_2836cm_4999.txt,https://m-selig.ae.illinois.edu/props/volume-1/data/apccf_7.8x7_2836cm_4999.txt,484,23fd1774ba6e9e60ccb9333f68f918c0cef58c8bbcf70cbd6eb65370340db13f,J       CT       CP       eta
volume-1/data/apccf_7.8x7_2837cm_6023.txt,https://m-selig.ae.illinois.edu/props/volume-1/data/apccf_7.8x7_2837cm_6023.txt,574,3f4dfb1b441e3d88551d73da2a21c9895be63df7ee78d909857116965dbf1cab,J       CT       CP       eta
volume-1/data/apccf_7.8x7_2838cm_6011.txt,https://m-selig.ae.illinois.edu/props/volume-1/data/apccf_7.8x7_2838cm_6011.txt,676,a2cf423f52a08333beb7e23a57c1e612e59623c8c3abeea9de1ed111b99a0e86,J       CT       CP       eta
volume-1/data/apccf_7.8x7_2839cm_6723.txt,https://m-selig.ae.illinois.edu/props/volume-1/data/apccf_7.8x7_2839cm_6723.txt,574,e819fe2f42078c6bb3b7c622a826b87e7fff195bcf2d55d0eb09057b5487f7a0,J       CT       CP       eta
volume-1/data/apccf_7.8x7_2840cm_6716.txt,https://m-selig.ae.illinois.edu/props/volume-1/data/apccf_7.8x7_2840cm_6716.txt,804,4368a875856f56eed991cb7c41bbd18f725feb58677814aa81107ca11026add6,J       CT       CP       eta
volume-1/data/apccf_7.8x7_static_2833cm.txt,https://m-selig.ae.illinois.edu/props/volume-1/data/apccf_7.8x7_static_2833cm.txt,387,8597c188276b930b0dd2324fe34ede761e262d58860c5841db11d192519db0d2,RPM    CT       CP
volume-1/data/apce_10x5_geom.txt,https://m-selig.ae.illinois.edu/props/volume-1/data/apce_10x5_geom.txt,397,8f75a94d7fcac2cd4b6cdcb558e51f3c0dd4d6f46a01d4ab6095fbd511a666b2,r/R    c/R     beta
volume-1/data/apce_10x5_kt0821_5000.txt,https://m-selig.ae.illinois.edu/props/volume-1/data/apce_10x5_kt0821_5000.txt,574,3df32a75d9b09452a6cd22f4853a7ce4c09b51e412fda3c6bea247dd7ce09c61,J       CT       CP       eta
volume-1/data/apce_10x5_kt0822_4993.txt,https://m-selig.ae.illinois.edu/props/volume-1/data/apce_10x5_kt0822_4993.txt,290,14d62aaa990a8ace41316a65b08f41e29375ac5097f9fe7025f955d231c6615e,J       CT       CP       eta
volume-1/data/apce_10x5_kt0823_6005.txt,https://m-selig.ae.illinois.edu/props/volume-1/data/apce_10x5_kt0823_6005.txt,574,1db2ff99dc611079a5aa91f73ed13fb48a1ebe6874b294789e0872b9756c41e6,J       CT       CP       eta
volume-1/data/apce_10x5_kt0824_6018.txt,https://m-selig.ae.illinois.edu/props/volume-1/data/apce_10x5_kt0824_6018.txt,450,9f8a6f9c8775a8cf2334b7b8a6f75b9c4ebbd0ad7474da4938de05557c0278bb,J       CT       CP       eta
volume-1/data/apce_10x5_kt0825_6707.txt,https://m-selig.ae.illinois.edu/props/volume-1/data/apce_10x5_kt0825_6707.txt,574,5ca121ee2ee1f69809cbaeb20601a12c43f7040b8e7bce9e2eda1c1a21723e73,J       CT       CP       eta
volume-1/data/apce_10x5_kt0826_6710.txt,https://m-selig.ae.illinois.edu/props/volume-1/data/apce_10x5_kt0826_6710.txt,544,ac7bef0903f53c227883c68b3e44867242ae00beb27ab6c27a7d8b76ac30b8e3,J       CT       CP       eta
volume-1/data/apce_10x5_pg0820_4005.txt,https://m-selig.ae.illinois.edu/props/volume-1/data/apce_10x5_pg0820_4005.txt,544,088add9d07eae933fb0098c187c980427e5f21525239791095e0dbb4ce2780ee,J       CT       CP       eta
volume-1/data/apce_10x5_static_pg0819.txt,https://m-selig.ae.illinois.edu/props/volume-1/data/apce_10x5_static_pg0819.txt,387,9d4f0434c5e31f6c53082e8551426d2dba40def4a60ee5aca5eeee60a514f2dd,RPM    CT       CP
volume-1/data/apce_10x7_geom.txt,https://m-selig.ae.illinois.edu/props/volume-1/data/apce_10x7_geom.txt,398,5a0e4d7ae40e948cfce7d039f2a3b768dec7303cf47a595af97b7219b95dfa4f,r/R    c/R     beta
volume-1/data/apce_10x7_pg0812_4007.txt,https://m-selig.ae.illinois.edu/props/volume-1/data/apce_10x7_pg0812_4007.txt,574,8ee5ffa2e516f1d296f6253468b7fddb6427895dc163a826634f6c7df375be63,J       CT       CP       eta
volume-1/data/apce_10x7_pg0813_5018.txt,https://m-selig.ae.illinois.edu/props/volume-1/data/apce_10x7_pg0813_5018.txt,574,eb03404573f2e280fb4cd8f2ea8c26d44aedf9c5a962e157b87ad45adbdf50c3,J       CT       CP       eta
volume-1/data/apce_10x7_pg0814_5001.txt,https://m-selig.ae.illinois.edu/props/volume-1/data/apce_10x7_pg0814_5001.txt,448,50aa520c36df42a7a1a13576b07b24e608ec791e10d04ad68eb5ec130c2be1b6,J       CT       CP       eta
volume-1/data/apce_10x7_pg0815_6020.txt,https://m-selig.ae.illinois.edu/props/volume-1/data/apce_10x7_pg0815_6020.txt,574,0b4db99396e5e9fec47950fcd082e585fb530c430d8e3f9ff039d4ae7f7ef16d,J       CT       CP       eta
volume-1/data/apce_10x7_pg0816_6015.txt,https://m-selig.ae.illinois.edu/props/volume-1/data/apce_10x7_pg0816_6015.txt,674,3a2c0217fda81bdf10c054ce55e1821ffebf674fd869944d4f4c9cfd2bbfeb24,J       CT       CP       eta
volume-1/data/apce_10x7_pg0817_6531.txt,https://m-selig.ae.illinois.edu/props/volume-1/data/apce_10x7_pg0817_6531.txt,574,128215766526442a355d134534f00fccf2f9a296951c5d279e785ddf15670959,J       CT       CP       eta
volume-1/data/apce_10x7_pg0818_6519.txt,https://m-selig.ae.illinois.edu/props/volume-1/data/apce_10x7_pg0818_6519.txt,770,2a22ec9c14716249e46ceb16ff3146d7a3f9706a9ec979d28a9bb4c3bcd81da0,J       CT       CP       eta
volume-1/data/apce_10x7_static_pg0811.txt,https://m-selig.ae.illinois.edu/props/volume-1/data/apce_10x7_static_pg0811.txt,387,736915625a2541d2b083053767a86e605f1650a7f676d30d1db7e7e827eeb9d1,RPM    CT       CP
volume-1/data/apce_11x10_geom.txt,https://m-selig.ae.illinois.edu/props/volume-1/data/apce_11x10_geom.txt,398,9e4d41369d6b649738a0676bc0328719f3a78453186e48440f28f169dfa154ca,r/R    c/R     beta
volume-1/data/apce_11x10_kt0463_5007.txt,https://m-selig.ae.illinois.edu/props/volume-1/data/apce_11x10_kt0463_5007.txt,574,45dd04175b5824994da019cce2e9aba1667c1c46c84845adf2ff3cdaf3f6479e,J       CT       CP       eta
volume-1/data/apce_11x10_kt0464_4998.txt,https://m-selig.ae.illinois.edu/props/volume-1/data/apce_11x10_kt0464_4998.txt,800,98d725e556b88a034efabf1673945843e7fbe84cc05a3d2bc53f7c178a1d0dad,J       CT       CP       eta
volume-1/data/apce_11x10_kt0510_3014.txt,https://m-selig.ae.illinois.edu/props/volume-1/data/apce_11x10_kt0510_3014.txt,574,c1d44e32a977cd4ab4f5f63db46ae33df4fb0a940616b3430493d05aa20dddf9,J       CT       CP       eta
volume-1/data/apce_11x10_kt0511_3006.txt,https://m-selig.ae.illinois.edu/props/volume-1/data/apce_11x10_kt0511_3006.txt,288,9bf9b4ef9b9dcb885ca1f9f0362239bdb496d79c9c4b43f7663124d32c703fc3,J       CT       CP       eta
volume-1/data/apce_11x10_kt0512_4010.txt,https://m-selig.ae.illinois.edu/props/volume-1/data/apce_11x10_kt0512_4010.txt,574,8a5e04a237051dacca672467fe24ce409fab009f8cd12e9fcdda6549a98647ff,J       CT       CP       eta
volume-1/data/apce_11x10_kt0513_3996.txt,https://m-selig.ae.illinois.edu/props/volume-1/data/apce_11x10_kt0513_3996.txt,546,93fb60a8766f55b1398f3971962ddda8efb267f51d0f479b28ee8022cf2c089e,J       CT       CP       eta
volume-1/data/apce_11x10_pg0461_5499.txt,https://m-selig.ae.illinois.edu/props/volume-1/data/apce_11x10_pg0461_5499.txt,574,a01b86043ff86961215c066c263b4b6d88ecc4bbef5655c8f6b11a6aa327e742,J       CT       CP       eta
volume-1/data/apce_11x10_pg0462_5501.txt,https://m-selig.ae.illinois.edu/props/volume-1/data/apce_11x10_pg0462_5501.txt,798,64718f7278ad0c7c53007346d06e52b94c3627881c86e024f67c32678eb0b91d,J       CT       CP       eta
volume-1/data/apce_11x10_static_pg0460.txt,https://m-selig.ae.illinois.edu/props/volume-1/data/apce_11x10_static_pg0460.txt,387,8c761f5d8aebc0c644abb034c01bce8c7dd8e674505306b693e77e37b16b5f3a,RPM    CT       CP
volume-1/data/apce_11x5.5_geom.txt,https://m-selig.ae.illinois.edu/props/volume-1/data/apce_11x5.5_geom.txt,396,7802caf058883ca4a4eaa750bed47c34f39c9c5420a62e2c9a48d40edcd9d01a,r/R    c/R     beta
volume-1/data/apce_11x5.5_kt0468_3994.txt,https://m-selig.ae.illinois.edu/props/volume-1/data/apce_11x5.5_kt0468_3994.txt,544,e6e2672cc70f2c6f962a748e78ab371e18d7b03541dc1debaf6f21a252d1cb67,J       CT       CP       eta
volume-1/data/apce_11x5.5_kt0469_4999.txt,https://m-selig.ae.illinois.edu/props/volume-1/data/apce_11x5.5_kt0469_4999.txt,574,172a954414e1d55a05d66981b07665f0b7f41aec53be7a3e3a7b09ce01c03c60,J       CT       CP       eta
volume-1/data/apce_11x5.5_kt0470_4998.txt,https://m-selig.ae.illinois.edu/props/volume-1/data/apce_11x5.5_kt0470_4998.txt,288,dff19cc94f7422b910312d9cb2fa8c48d641d2b1595b346a6a51c10eff380e4c,J       CT       CP       eta
volume-1/data/apce_11x5.5_kt0471_6002.txt,https://m-selig.ae.illinois.edu/props/volume-1/data/apce_11x5.5_kt0471_6002.txt,574,73a84b57eb090cbb60fed48b5a5650fea0ee14d5831ac302e1788d902693ca98,J       CT       CP       eta
volume-1/data/apce_11x5.5_kt0472_6000.txt,https://m-selig.ae.illinois.edu/props/volume-1/data/apce_11x5.5_kt0472_6000.txt,448,43905ba6286408dff58c584cf9a0693b6393e4d78d4ebed77a1e7ca065ee31cd,J       CT       CP       eta
volume-1/data/apce_11x5.5_kt0516_3010.txt,https://m-selig.ae.illinois.edu/props/volume-1/data/apce_11x5.5_kt0516_3010.txt,384,377d1753415d12519c624f5feeba6942dfd9db8426c9298572607139eb12de40,J       CT       CP       eta
volume-1/data/apce_11x5.5_static_kt0467.txt,https://m-selig.ae.illinois.edu/props/volume-1/data/apce_11x5.5_static_kt0467.txt,387,d75a227820af1acb56481da6806e53869dc022ed2af7d9d05c3d5b2c03b34a5b,RPM    CT       CP
volume-1/data/apce_11x7_geom.txt,https://m-selig.ae.illinois.edu/props/volume-1/data/apce_11x7_geom.txt,398,910000b4962cb0c788368389d12060c54a41b50154637492f25ae90a48ce5d07,r/R    c/R     beta
volume-1/data/apce_11x7_kt0535_3003.txt,https://m-selig.ae.illinois.edu/props/volume-1/data/apce_11x7_kt0535_3003.txt,512,a3bd93a8a331db67aa04d333ae3ddd14605796b149ee53f26175e2cc3fde373b,J       CT       CP       eta
volume-1/data/apce_11x7_kt0536_3998.txt,https://m-selig.ae.illinois.edu/props/volume-1/data/apce_11x7_kt0536_3998.txt,574,7976405127e105d432a77933cdbd761e500b89e58c8317a5c9a47b768ed5f268,J       CT       CP       eta
volume-1/data/apce_11x7_kt0537_3995.txt,https://m-selig.ae.illinois.edu/props/volume-1/data/apce_11x7_kt0537_3995.txt,288,b5d342c70c9abaabbcb644b10b5528b0e829d1126a7604b09603a81cd71d7103,J       CT       CP       eta
volume-1/data/apce_11x7_kt0538_4997.txt,https://m-selig.ae.illinois.edu/props/volume-1/data/apce_11x7_kt0538_4997.txt,574,77dc386a755fe291794cbdd168687f91509d23661544cb381b8956b878486092,J       CT       CP       eta
volume-1/data/apce_11x7_kt0539_4997.txt,https://m-selig.ae.illinois.edu/props/volume-1/data/apce_11x7_kt0539_4997.txt,480,39fd5f8be12be8eb9555443022a0d5b38aed1ba0ce282c0b0c8e7de98eb82eb1,J       CT       CP       eta
volume-1/data/apce_11x7_kt0540_5988.txt,https://m-selig.ae.illinois.edu/props/volume-1/data/apce_11x7_kt0540_5988.txt,574,99b02c7aaff7acb0d9f72cbd3a62a45fabc107b10549e0530c0afee911203eba,J       CT       CP       eta
volume-1/data/apce_11x7_kt0541_6003.txt,https://m-selig.ae.illinois.edu/props/volume-1/data/apce_11x7_kt0541_6003.txt,704,e95bdd77f28f55f132c01dee005d86662777c94824efb20cf1933060fa83f49d,J       CT       CP       eta
volume-1/data/apce_11x7_static_kt0534.txt,https://m-selig.ae.illinois.edu/props/volume-1/data/apce_11x7_static_kt0534.txt,387,f768b08173ed4bf20de04a0f1d7a36361e03d2b1cf44ff8734e3f37706124226,RPM    CT       CP
volume-1/data/apce_11x8.5_geom.txt,https://m-selig.ae.illinois.edu/props/volume-1/data/apce_11x8.5_geom.txt,398,f49f4c8c8067d93798ac55b55c6cdc3b5cd311cefe7467984edd17af9c054a3a,r/R    c/R     beta
volume-1/data/apce_11x8.5_jb0453_4003.txt,https://m-selig.ae.illinois.edu/props/volume-1/data/apce_11x8.5_jb0453_4003.txt,574,a928913c02976c7192e0c1e3f81cb38dc340e1f97abd84457cad80753146261b,J       CT       CP       eta
volume-1/data/apce_11x8.5_kt0514_3005.txt,https://m-selig.ae.illinois.edu/props/volume-1/data/apce_11x8.5_kt0514_3005.txt,576,9888992ee064e7b0e22211171c9f4e3b9eb267f034211882372cdf5c61b97b89,J       CT       CP       eta
volume-1/data/apce_11x8.5_kt0515_2999.txt,https://m-selig.ae.illinois.edu/props/volume-1/data/apce_11x8.5_kt0515_2999.txt,160,4b011cdfaaed0173e97bc76b87f70c8f8c4cbcf006249ed59cec207ff3114589,J       CT       CP       eta
volume-1/data/apce_11x8.5_pg0454_3998.txt,https://m-selig.ae.illinois.edu/props/volume-1/data/apce_11x8.5_pg0454_3998.txt,384,53dc3f13a470945be09c8ad84c6263f1b018dee61c1c95b10f346515e8ba2c2c,J       CT       CP       eta
volume-1/data/apce_11x8.5_pg0455_5012.txt,https://m-selig.ae.illinois.edu/props/volume-1/data/apce_11x8.5_pg0455_5012.txt,574,35a965235548a2fa737c125f583605a4baef59c37a351e5472fd5163fc8b9939,J       CT       CP       eta
volume-1/data/apce_11x8.5_pg0456_5000.txt,https://m-selig.ae.illinois.edu/props/volume-1/data/apce_11x8.5_pg0456_5000.txt,608,2615c6df60f581fa29c8ff3e7b7b385243324ec2d1daf6ba0dd0a047100438f0,J       CT       CP       eta
volume-1/data/apce_11x8.5_pg0457_5999.txt,https://m-selig.ae.illinois.edu/props/volume-1/data/apce_11x8.5_pg0457_5999.txt,574,4f8363510c4da9465c0ae6d60a3142b465338b3aa806ca2aa42ddbdabda40b4d,J       CT       CP       eta
volume-1/data/apce_11x8.5_pg0459_5999.txt,https://m-selig.ae.illinois.edu/props/volume-1/data/apce_11x8.5_pg0459_5999.txt,798,ad37f95bb434f54f2bafec22efad5f576c08d3d66dd131bbd72a02188ea9cb43,J       CT       CP       eta
volume-1/data/apce_11x8.5_static_jb0452.txt,https://m-selig.ae.illinois.edu/props/volume-1/data/apce_11x8.5_static_jb0452.txt,387,f1bb819e35981709a28a1f380ea74de0ac1d3b6f6131d337d6df6d8585e594a4,RPM    CT       CP
volume-1/data/apce_11x8_geom.txt,https://m-selig.ae.illinois.edu/props/volume-1/data/apce_11x8_geom.txt,398,81e4b7bc08434f5d582ce274ebcfe6f7e151efa5677095b2cf096412b2f44157,r/R    c/R     beta
volume-1/data/apce_11x8_pg0518_3016.txt,https://m-selig.ae.illinois.edu/props/volume-1/data/apce_11x8_pg0518_3016.txt,446,77ad1e9f5d732bde8cb14c8630d02c223426fa410dc7369033e2d3e972610350,J       CT       CP       eta
volume-1/data/apce_11x8_pg0519_4002.txt,https://m-selig.ae.illinois.edu/props/volume-1/data/apce_11x8_pg0519_4002.txt,574,d01652c7275fff1ee7b5c71a9925a9c79e30d2515ba137399eba538b11f022c1,J       CT       CP       eta
volume-1/data/apce_11x8_pg0520_2999.txt,https://m-selig.ae.illinois.edu/props/volume-1/data/apce_11x8_pg0520_2999.txt,128,6297fed5b0f0b83eff4dacd609d3f7f444fb7e69c45958de6223dd54e8b13af9,J       CT       CP       eta
volume-1/data/apce_11x8_pg0521_3997.txt,https://m-selig.ae.illinois.edu/props/volume-1/data/apce_11x8_pg0521_3997.txt,352,906a163f5588ae698a1215d0c81da018fb2ff8eba6210644c083cf1f595909fd,J       CT       CP       eta
volume-1/data/apce_11x8_pg0522_5013.txt,https://m-selig.ae.illinois.edu/props/volume-1/data/apce_11x8_pg0522_5013.txt,574,9daaba277c252b2959208560814d4f04f7df1d011c2414267510f1f84af50d93,J       CT       CP       eta
volume-1/data/apce_11x8_pg0523_4999.txt,https://m-selig.ae.illinois.edu/props/volume-1/data/apce_11x8_pg0523_4999.txt,544,ac0611b1321e502c59624de161ba34af958c2fa67bf14164788bfc67d4a92947,J       CT       CP       eta
volume-1/data/apce_11x8_pg0524_6000.txt,https://m-selig.ae.illinois.edu/props/volume-1/data/apce_11x8_pg0524_6000.txt,574,f07527311540dc05add22f32fb1787d7b756974e5275ea5fd031ff0b11fa1114,J       CT       CP       eta
volume-1/data/apce_11x8_pg0525_5997.txt,https://m-selig.ae.illinois.edu/props/volume-1/data/apce_11x8_pg0525_5997.txt,734,a6d462f7c675721900f94ae6c18dcf7b16982154eadc3ee3f973e0d760c957f9,J       CT       CP       eta
volume-1/data/apce_11x8_static_kt0517.txt,https://m-selig.ae.illinois.edu/props/volume-1/data/apce_11x8_static_kt0517.txt,387,703b14ec8f573e6cb4354b7fa44f1b110c7fbf25df8ad41067c2511b354a5258,RPM    CT       CP
volume-1/data/apce_14x12_geom.txt,https://m-selig.ae.illinois.edu/props/volume-1/data/apce_14x12_geom.txt,398,da137ca15abaa63ac0d0477ff848e0006e4b36e1bf99fd9554cc2c5db4719e46,r/R    c/R     beta
volume-1/data/apce_14x12_kt1064_1997.txt,https://m-selig.ae.illinois.edu/props/volume-1/data/apce_14x12_kt1064_1997.txt,448,2223608881a83215922fb96cda315f7bea44b78dc40e3f9bf7e34f082d16d0f0,J       CT       CP       eta
volume-1/data/apce_14x12_kt1065_2504.txt,https://m-selig.ae.illinois.edu/props/volume-1/data/apce_14x12_kt1065_2504.txt,510,189a0fbade42efff56453b192e7c09b93b0a82bd2c5e2df2b2de4fee8d8d6598,J       CT       CP       eta
volume-1/data/apce_14x12_kt1066_2498.txt,https://m-selig.ae.illinois.edu/props/volume-1/data/apce_14x12_kt1066_2498.txt,256,32990affd5fa7b559e27a0c45a70fa58aa434d80c584b645606e68b6ce42d632,J       CT       CP       eta
volume-1/data/apce_14x12_kt1067_3004.txt,https://m-selig.ae.illinois.edu/props/volume-1/data/apce_14x12_kt1067_3004.txt,510,051796cba70bb79e25ea0a441517df676244c479246d07bdb259ef5c8f31d8ea,J       CT       CP       eta
volume-1/data/apce_14x12_kt1068_3005.txt,https://m-selig.ae.illinois.edu/props/volume-1/data/apce_14x12_kt1068_3005.txt,384,48e9b186bfd605540fbd121cbe88166abcb70fdd7d4d9640c5e5029de1f2ae0c,J       CT       CP       eta
volume-1/data/apce_14x12_kt1069_3507.txt,https://m-selig.ae.illinois.edu/props/volume-1/data/apce_14x12_kt1069_3507.txt,510,9803ff48630c7cad13d389297b1e3028529ba4416ee7236159df040346014990,J       CT       CP       eta
volume-1/data/apce_14x12_kt1070_3504.txt,https://m-selig.ae.illinois.edu/props/volume-1/data/apce_14x12_kt1070_3504.txt,510,6112d68c6975942a5626686e5ce3ad2432b6f5b3836d0c46435c54eebc998b3e,J       CT       CP       eta
volume-1/data/apce_14x12_static_kt1063.txt,https://m-selig.ae.illinois.edu/props/volume-1/data/apce_14x12_static_kt1063.txt,387,6404a517e521c9425251f4747973c692a4ae9062eba7c698716ce0dda0899734,RPM    CT       CP
volume-1/data/apce_17x12_geom.txt,https://m-selig.ae.illinois.edu/props/volume-1/data/apce_17x12_geom.txt,398,61cf96157dfe6f9cdbfa318060d8b46ac8508ee0e9079d1f6bedcc59267f3e39,r/R    c/R     beta
volume-1/data/apce_17x12_jb1092e_2000.txt,https://m-selig.ae.illinois.edu/props/volume-1/data/apce_17x12_jb1092e_2000.txt,512,65644d17ee42e6fcd429d59c659febddb3b24cb8f2f6b742a6685bdb8a3a434c,J       CT       CP       eta
volume-1/data/apce_17x12_rd1093_2504.txt,https://m-selig.ae.illinois.edu/props/volume-1/data/apce_17x12_rd1093_2504.txt,510,96d34d2c262f6928cf751b57a3169c9bd39c8d8ae7db633c5f80cf10374332e5,J       CT       CP       eta
volume-1/data/apce_17x12_rd1094_2506.txt,https://m-selig.ae.illinois.edu/props/volume-1/data/apce_17x12_rd1094_2506.txt,320,6b79dac3a0712d0d3046cf7b28a5b37bcdd8226d420367af2acbb8ed48b13ee7,J       CT       CP       eta
volume-1/data/apce_17x12_rd1095_3001.txt,https://m-selig.ae.illinois.edu/props/volume-1/data/apce_17x12_rd1095_3001.txt,510,d5e246a399a449662dd13ad6aba8fc892e6667bd2256f0f358d811429bea68e5,J       CT       CP       eta
volume-1/data/apce_17x12_rd1096_3008.txt,https://m-selig.ae.illinois.edu/props/volume-1/data/apce_17x12_rd1096_3008.txt,478,0f227301715238ad27f66d72423c387cb5a08e6838a96aed10171a5f1450cebc,J       CT       CP       eta
volume-1/data/apce_17x12_rd1097_3398.txt,https://m-selig.ae.illinois.edu/props/volume-1/data/apce_17x12_rd1097_3398.txt,510,97323dc3901d946b9f967cc201f0a426ec748190f3e06d6f37d1163147bc6f09,J       CT       CP       eta
volume-1/data/apce_17x12_rd1098_3407.txt,https://m-selig.ae.illinois.edu/props/volume-1/data/apce_17x12_rd1098_3407.txt,606,ebdb6a061b80354126c510f9ef5034677a573535396832b4a03eafea5a7d63fe,J       CT       CP       eta
volume-1/data/apce_17x12_static_jb1091.txt,https://m-selig.ae.illinois.edu/props/volume-1/data/apce_17x12_static_jb1091.txt,387,f543428df1abfb39273504a770d075de0deb375f332759026624deea942dcae3,RPM    CT       CP
volume-1/data/apce_19x12_geom.txt,https://m-selig.ae.illinois.edu/props/volume-1/data/apce_19x12_geom.txt,398,a6260db6a1f4eebc7b70a4374938e3df7a57795d350c462bec7ac6d9784c74a6,r/R    c/R     beta
volume-1/data/apce_19x12_jb1079_1500.txt,https://m-selig.ae.illinois.edu/props/volume-1/data/apce_19x12_jb1079_1500.txt,352,7d02538b0b3e042ae32f7544aff991a10761db62d3d49edfc09c96c4e2401445,J       CT       CP       eta
volume-1/data/apce_19x12_jb1080_2096.txt,https://m-selig.ae.illinois.edu/props/volume-1/data/apce_19x12_jb1080_2096.txt,510,c0c701beafcf42f5ace492ca9f96be7a81f468e34dde0b5757fef95fc6681fdc,J       CT       CP       eta
volume-1/data/apce_19x12_jb1081_2502.txt,https://m-selig.ae.illinois.edu/props/volume-1/data/apce_19x12_jb1081_2502.txt,510,14446a78d11578c3a27cdeee8cfcd2d4f6cb8058b36f20d7860849ac48531c61,J       CT       CP       eta
volume-1/data/apce_19x12_jb1082_2508.txt,https://m-selig.ae.illinois.edu/props/volume-1/data/apce_19x12_jb1082_2508.txt,320,4c11136e8be5b73ec8988d9b7497a10c181d2cff12595a947c1d60d8bfc0eff5,J       CT       CP       eta
volume-1/data/apce_19x12_jb1083_2991.txt,https://m-selig.ae.illinois.edu/props/volume-1/data/apce_19x12_jb1083_2991.txt,510,e9e3aa598493e353aa5be7e6ab4e0b7f77139695ca2c6f61454697bb038eeddf,J       CT       CP       eta
volume-1/data/apce_19x12_jb1084_3007.txt,https://m-selig.ae.illinois.edu/props/volume-1/data/apce_19x12_jb1084_3007.txt,478,09a61aea4cacf4bf9a813cd447e818c031a814d8f7c54f0e935c31f33ebb26f8,J       CT       CP       eta
volume-1/data/apce_19x12_static_jb1078.txt,https://m-selig.ae.illinois.edu/props/volume-1/data/apce_19x12_static_jb1078.txt,387,00c0675e8526fcd4e2d8a51dfc64d80602fc9116ef51009384d0442af631b1a3,RPM    CT       CP
volume-1/data/apce_8x4_2792rd_4001.txt,https://m-selig.ae.illinois.edu/props/volume-1/data/apce_8x4_2792rd_4001.txt,450,313428cb0b5a36d77d63423e913cd2982c3f365fc15a24cdec14ce785b671661,J       CT       CP       eta
volume-1/data/apce_8x4_2793rd_5011.txt,https://m-selig.ae.illinois.edu/props/volume-1/data/apce_8x4_2793rd_5011.txt,578,6e8b354b15a7185041f37329770834c5ccfd9011f7da8deb09103b0df257b8c8,J       CT       CP       eta
volume-1/data/apce_8x4_2794rd_6007.txt,https://m-selig.ae.illinois.edu/props/volume-1/data/apce_8x4_2794rd_6007.txt,574,fc91aad034f200a71a76b03ae9f42ec2d9dcb98255b8e94b0d71c98c7fc18177,J       CT       CP       eta
volume-1/data/apce_8x4_2795rd_7025.txt,https://m-selig.ae.illinois.edu/props/volume-1/data/apce_8x4_2795rd_7025.txt,574,b9285f859ce8b1cb892fc1ef78e92a36bacdee94a5741a0a3d5b6c5d801aa9aa,J       CT       CP       eta
volume-1/data/apce_8x4_2796rd_7011.txt,https://m-selig.ae.illinois.edu/props/volume-1/data/apce_8x4_2796rd_7011.txt,418,adf4453327fe76e5b3daca1ddd9c321e0da8d17623b924be1097a6724600c1c1,J       CT       CP       eta
volume-1/data/apce_8x4_static_2791rd.txt,https://m-selig.ae.illinois.edu/props/volume-1/data/apce_8x4_static_2791rd.txt,387,1e3fb324dddd1cf3cfe299af3015d6929f1e3186ee9746478fe11420eff26a1c,RPM    CT       CP
volume-1/data/apce_8x6_2798rd_4009.txt,https://m-selig.ae.illinois.edu/props/volume-1/data/apce_8x6_2798rd_4009.txt,574,bf3da60d2c8f8cdc932214645d989fb468b0ac321f8ad48a05244240cbc88c4e,J       CT       CP       eta
volume-1/data/apce_8x6_2799rd_5015.txt,https://m-selig.ae.illinois.edu/props/volume-1/data/apce_8x6_2799rd_5015.txt,574,a04149afc91dc73154ab71659db96962e965aa151275c4356792b3c77558c7ae,J       CT       CP       eta
volume-1/data/apce_8x6_2800rd_5006.txt,https://m-selig.ae.illinois.edu/props/volume-1/data/apce_8x6_2800rd_5006.txt,384,bc8db3925542b67bd2eb0f4cc2f02b5216dbd9c562a147cd6b91a9e7bf6d0f58,J       CT       CP       eta
volume-1/data/apce_8x6_2801rd_6023.txt,https://m-selig.ae.illinois.edu/props/volume-1/data/apce_8x6_2801rd_6023.txt,574,e169161a3250020617a4e4018121bf51a453573546f46b865265082b50e5052d,J       CT       CP       eta
volume-1/data/apce_8x6_2802rd_6012.txt,https://m-selig.ae.illinois.edu/props/volume-1/data/apce_8x6_2802rd_6012.txt,544,2a22a24cac2a4a4f2846c66659974538d4c1e438cc48b5c4c9f0c88bddac0036,J       CT       CP       eta
volume-1/data/apce_8x6_2803rd_6713.txt,https://m-selig.ae.illinois.edu/props/volume-1/data/apce_8x6_2803rd_6713.txt,574,77bc92008a65e38b3f05351cae6298e231d446547d54e3c177ebd20e501407ef,J       CT       CP       eta
volume-1/data/apce_8x6_2804rd_6712.txt,https://m-selig.ae.illinois.edu/props/volume-1/data/apce_8x6_2804rd_6712.txt,672,062b8f5c28ef99e80115ce2233c2dbe80c79ccbe25cff126c56ccee6f400c099,J       CT       CP       eta
volume-1/data/apce_8x6_static_2797rd.txt,https://m-selig.ae.illinois.edu/props/volume-1/data/apce_8x6_static_2797rd.txt,387,caeef3599309afd2e9a855eae20e9644c94662697b3ce3fca7a59a4c763aeca1,RPM    CT       CP
volume-1/data/apce_8x8_2806rd_4019.txt,https://m-selig.ae.illinois.edu/props/volume-1/data/apce_8x8_2806rd_4019.txt,574,f25a866ef86e89ea686f58225ec78f53749892f2213c8aa01b46c17179494749,J       CT       CP       eta
volume-1/data/apce_8x8_2807rd_4001.txt,https://m-selig.ae.illinois.edu/props/volume-1/data/apce_8x8_2807rd_4001.txt,386,37e4d8f2d1e142327c50d6e4c196ea6d56945484261f5a08a5ade77e1e2200e5,J       CT       CP       eta
volume-1/data/apce_8x8_2808rd_5026.txt,https://m-selig.ae.illinois.edu/props/volume-1/data/apce_8x8_2808rd_5026.txt,574,acdf9e70185b913a13c2339dfbfcf4920b64872693453d4440082e25b055feac,J       CT       CP       eta
volume-1/data/apce_8x8_2809rd_5008.txt,https://m-selig.ae.illinois.edu/props/volume-1/data/apce_8x8_2809rd_5008.txt,576,00ce9a33d3f8a96ee597e6e918b251a7596a508fc9e2913aa510c6fa23d366c6,J       CT       CP       eta
volume-1/data/apce_8x8_2810rd_6018.txt,https://m-selig.ae.illinois.edu/props/volume-1/data/apce_8x8_2810rd_6018.txt,574,bccece3ff766c7d12504ffb8b9f747144046f65d576860529463a49c979c80c5,J       CT       CP       eta
volume-1/data/apce_8x8_2811rd_6014.txt,https://m-selig.ae.illinois.edu/props/volume-1/data/apce_8x8_2811rd_6014.txt,802,52599385ba4b3e17831dfbd2f6e1f674ed0f3df4c3474f45c20430ff8b86851e,J       CT       CP       eta
volume-1/data/apce_8x8_2812rd_6420.txt,https://m-selig.ae.illinois.edu/props/volume-1/data/apce_8x8_2812rd_6420.txt,574,28062eb38582b4ba0e180834a20b78d59ebaab543c94abfea8d36f2f86d5c47c,J       CT       CP       eta
volume-1/data/apce_8x8_2813rd_6418.txt,https://m-selig.ae.illinois.edu/props/volume-1/data/apce_8x8_2813rd_6418.txt,798,7cf9d25b2af0605fd7632536c0a0b6174b3884a51852d18125b269c28db6b734,J       CT       CP       eta
volume-1/data/apce_8x8_static_2805rd.txt,https://m-selig.ae.illinois.edu/props/volume-1/data/apce_8x8_static_2805rd.txt,387,8f37c90b40b3b7b8182ea338886052b91603c2de58955981b7167e6b175f337b,RPM    CT       CP
volume-1/data/apce_9x4.5_geom.txt,https://m-selig.ae.illinois.edu/props/volume-1/data/apce_9x4.5_geom.txt,396,fb02e7b3d0bb09e4cd845bdfa0b7d6c2b5e96c9991111e1e8bbb4d79852bb67c,r/R    c/R     beta
volume-1/data/apce_9x4.5_jb0997_5008.txt,https://m-selig.ae.illinois.edu/props/volume-1/data/apce_9x4.5_jb0997_5008.txt,576,47e52df75625cdbf0fac04ef4e68c3b6a35bfaf30d6c926789ebe47b6bf80ecc,J       CT       CP       eta
volume-1/data/apce_9x4.5_jb0998_6018.txt,https://m-selig.ae.illinois.edu/props/volume-1/data/apce_9x4.5_jb0998_6018.txt,574,f08aa3f26c3e9232e687ddd5cb3289b46d57c462435b67f5a5d43cc63e314e62,J       CT       CP       eta
volume-1/data/apce_9x4.5_jb0999_6015.txt,https://m-selig.ae.illinois.edu/props/volume-1/data/apce_9x4.5_jb0999_6015.txt,258,86b623f9179917347b42942ca21fab424657cec83280948a96c939d903a3402a,J       CT       CP       eta
volume-1/data/apce_9x4.5_jb1000_6917.txt,https://m-selig.ae.illinois.edu/props/volume-1/data/apce_9x4.5_jb1000_6917.txt,574,ed7b3aa406afd5a39065bb09ac7cc24c465cdfb72ba962ab7dd69ae5805b0c06,J       CT       CP       eta
volume-1/data/apce_9x4.5_jb1001_6913.txt,https://m-selig.ae.illinois.edu/props/volume-1/data/apce_9x4.5_jb1001_6913.txt,448,719970a32d6c5120d7e818d55c519bab0465f4736338ce3cc02b9665b4c1803d,J       CT       CP       eta
volume-1/data/apce_9x4.5_rd0996_4002.txt,https://m-selig.ae.illinois.edu/props/volume-1/data/apce_9x4.5_rd0996_4002.txt,448,2af21e4bd02d867c984373902c15cbc1fa66090f1764acb44d7893d87529c2d1,J       CT       CP       eta
volume-1/data/apce_9x4.5_static_rd0995.txt,https://m-selig.ae.illinois.edu/props/volume-1/data/apce_9x4.5_static_rd0995.txt,387,f700c8d9a77fb3025e727ff97de88a5a414610f0ae56df063ce0f43ce62858d9,RPM    CT       CP
volume-1/data/apce_9x6_geom.txt,https://m-selig.ae.illinois.edu/props/volume-1/data/apce_9x6_geom.txt,398,c24bf9d23fcd24a95dcc4cc67be5c3b3816750a477106e24647193a88c465388,r/R    c/R     beta
volume-1/data/apce_9x6_rd0988_4003.txt,https://m-selig.ae.illinois.edu/props/volume-1/data/apce_9x6_rd0988_4003.txt,576,4af60dc98e96aaef54d50a836bee44262b3fd64db1a56c8cdae2c18fcdb7a1dd,J       CT       CP       eta
volume-1/data/apce_9x6_rd0989_5013.txt,https://m-selig.ae.illinois.edu/props/volume-1/data/apce_9x6_rd0989_5013.txt,574,4bbb0cbdbaf2fdfd1990a1402d075aa312b64a476d1243ce59dea7f6f16e1cba,J       CT       CP       eta
volume-1/data/apce_9x6_rd0990_5000.txt,https://m-selig.ae.illinois.edu/props/volume-1/data/apce_9x6_rd0990_5000.txt,354,119ae753f93375ca178bcd23c305882368e72859317dca275901a678d9be185f,J       CT       CP       eta
volume-1/data/apce_9x6_rd0991_6038.txt,https://m-selig.ae.illinois.edu/props/volume-1/data/apce_9x6_rd0991_6038.txt,574,d1d4dcb0f61514bc42dd7105f81c43ef7e79ae63ff8acdbc0c8647249326c05e,J       CT       CP       eta
volume-1/data/apce_9x6_rd0992_6015.txt,https://m-selig.ae.illinois.edu/props/volume-1/data/apce_9x6_rd0992_6015.txt,512,10d65a9ec4281991cf8e7f35b313997ed8f07f6a52b5b767ec92c1ae6d4624a3,J       CT       CP       eta
volume-1/data/apce_9x6_rd0993_6701.txt,https://m-selig.ae.illinois.edu/props/volume-1/data/apce_9x6_rd0993_6701.txt,574,4ee0e78015eb949b0395f01da99ce263fb10251e503752116fcbf55a34ab1202,J       CT       CP       eta
volume-1/data/apce_9x6_rd0994_6715.txt,https://m-selig.ae.illinois.edu/props/volume-1/data/apce_9x6_rd0994_6715.txt,642,f5c6ad8fe0adddfc18bb61e686eee6339349effad49a406ec4aac1fb92c6ed1e,J       CT       CP       eta
volume-1/data/apce_9x6_static_rd0987.txt,https://m-selig.ae.illinois.edu/props/volume-1/data/apce_9x6_static_rd0987.txt,387,03e5466a2dced023cceb78c93628e4950d804cb05bc426822d856c79480e17d2,RPM    CT       CP
volume-1/data/apce_9x7.5_2546rd_3013.txt,https://m-selig.ae.illinois.edu/props/volume-1/data/apce_9x7.5_2546rd_3013.txt,512,37db5365ac3fc9f91e27c0642255efdb1c9d0af17ed5b9f3928e03e7b5257851,J       CT       CP       eta
volume-1/data/apce_9x7.5_2547rd_4022.txt,https://m-selig.ae.illinois.edu/props/volume-1/data/apce_9x7.5_2547rd_4022.txt,574,c59aca243d99cb7df8123920fdc9894f33f5523544acb7d50b7b170b51ac143e,J       CT       CP       eta
volume-1/data/apce_9x7.5_2548rd_3998.txt,https://m-selig.ae.illinois.edu/props/volume-1/data/apce_9x7.5_2548rd_3998.txt,322,2a76faa69db6fff23e77f3219a01aefce4c66de0a9ddab05a5b5527b1541fc0b,J       CT       CP       eta
volume-1/data/apce_9x7.5_2549rd_5024.txt,https://m-selig.ae.illinois.edu/props/volume-1/data/apce_9x7.5_2549rd_5024.txt,574,674dcc0802dc3efb8a017c1ff0af364ebf42ad10c3e77d4facb473e4d7369a8f,J       CT       CP       eta
volume-1/data/apce_9x7.5_2550rd_4998.txt,https://m-selig.ae.illinois.edu/props/volume-1/data/apce_9x7.5_2550rd_4998.txt,512,1fef54ed81ee2ab54b2a8d35a117300e53f17d1e808edfcf4c7ad4570ec78b16,J       CT       CP       eta
volume-1/data/apce_9x7.5_2551rd_6014.txt,https://m-selig.ae.illinois.edu/props/volume-1/data/apce_9x7.5_2551rd_6014.txt,574,5a7d643eee7f950b623089e960d33820292072858077b91588f1a077e6b37f78,J       CT       CP       eta
volume-1/data/apce_9x7.5_2552rd_6011.txt,https://m-selig.ae.illinois.edu/props/volume-1/data/apce_9x7.5_2552rd_6011.txt,702,70d850372ede72896029cd6b5c3b28f3efcc5152e0283e8b8d90b921667530c0,J       CT       CP       eta
volume-1/data/apce_9x7.5_static_2545rd.txt,https://m-selig.ae.illinois.edu/props/volume-1/data/apce_9x7.5_static_2545rd.txt,387,f8ab0339a0f3d6023ccc7ed00f09ed0c1169408ec72e8c8af927309386cfbb40,RPM    CT       CP
volume-1/data/apce_9x9_2495rd_3008.txt,https://m-selig.ae.illinois.edu/props/volume-1/data/apce_9x9_2495rd_3008.txt,574,dbad92f2680c89e895f219c7e327ebb94be5730b993a92d7d39a949899f46e26,J       CT       CP       eta
volume-1/data/apce_9x9_2496rd_4012.txt,https://m-selig.ae.illinois.edu/props/volume-1/data/apce_9x9_2496rd_4012.txt,574,61aed5262f0d656d3165732369edc434c074b35620ea10c8210a5a040655c682,J       CT       CP       eta
volume-1/data/apce_9x9_2497rd_3999.txt,https://m-selig.ae.illinois.edu/props/volume-1/data/apce_9x9_2497rd_3999.txt,450,d9448ae00a6eada80140e4ea1e2e3c0f1a6f7770a0d10f1e4e236487279883d7,J       CT       CP       eta
volume-1/data/apce_9x9_2498rd_5018.txt,https://m-selig.ae.illinois.edu/props/volume-1/data/apce_9x9_2498rd_5018.txt,574,b1285a09f2ae8fcfaf5fc426b56eeefd0f6a78197763f616d2408247b47709e3,J       CT       CP       eta
volume-1/data/apce_9x9_2499rd_5006.txt,https://m-selig.ae.illinois.edu/props/volume-1/data/apce_9x9_2499rd_5006.txt,674,03599efce99b3aa297b7d7dfc013aeb6cd7081a3d9bd242d5bd33696e163050c,J       CT       CP       eta
volume-1/data/apce_9x9_2500rd_5926.txt,https://m-selig.ae.illinois.edu/props/volume-1/data/apce_9x9_2500rd_5926.txt,574,d327449ca357613b8b2bb9e6da58f8d0897d3859aa30c57b250434be6f72017e,J       CT       CP       eta
volume-1/data/apce_9x9_2501rd_5913.txt,https://m-selig.ae.illinois.edu/props/volume-1/data/apce_9x9_2501rd_5913.txt,798,7b3d3c7bd6559b1767699fad39e3709e1b40c72d18a668886ff4e8775a4e3a82,J       CT       CP       eta
volume-1/data/apce_9x9_static_2492rd.txt,https://m-selig.ae.illinois.edu/props/volume-1/data/apce_9x9_static_2492rd.txt,387,dcda31383242bfe1b0b7958fe82396e42fdd568f7dd4fd9afad5759a64474445,RPM    CT       CP
volume-1/data/apcsf_10x4.7_geom.txt,https://m-selig.ae.illinois.edu/props/volume-1/data/apcsf_10x4.7_geom.txt,393,a62ebc619708598d65b0fa7ce5b51daf8c271a031e9b12a9668d2bbc8bcb5880,r/R    c/R     beta
volume-1/data/apcsf_10x4.7_kt0836_4014.txt,https://m-selig.ae.illinois.edu/props/volume-1/data/apcsf_10x4.7_kt0836_4014.txt,580,89f3668a7eccb8412afc7bf8d14c0cf04f4a1b7d634692bb19bea0a3a1d1a28d,J       CT       CP       eta
volume-1/data/apcsf_10x4.7_kt0837_5018.txt,https://m-selig.ae.illinois.edu/props/volume-1/data/apcsf_10x4.7_kt0837_5018.txt,574,28c6470fc6075077e05f01e8fc0031293d308fa38cd1787427816e73818bc4a0,J       CT       CP       eta
volume-1/data/apcsf_10x4.7_rd0838_4997.txt,https://m-selig.ae.illinois.edu/props/volume-1/data/apcsf_10x4.7_rd0838_4997.txt,392,c5cc3a08fe3250b8a321b02f25c20ad95ff1e4355b1e95576e6399f320f27011,J       CT       CP       eta
volume-1/data/apcsf_10x4.7_rd0839_6023.txt,https://m-selig.ae.illinois.edu/props/volume-1/data/apcsf_10x4.7_rd0839_6023.txt,574,4d54f58f6e7540390196aa98398dcd5b2c32a537801a8404ef7c3af11c2a22f3,J       CT       CP       eta
volume-1/data/apcsf_10x4.7_rd0840_6020.txt,https://m-selig.ae.illinois.edu/props/volume-1/data/apcsf_10x4.7_rd0840_6020.txt,552,07affced24a384a8da246c2f97a5eaa034972bbf4ecf377638c4c7904d67a8cb,J       CT       CP       eta
volume-1/data/apcsf_10x4.7_rd0841_6512.txt,https://m-selig.ae.illinois.edu/props/volume-1/data/apcsf_10x4.7_rd0841_6512.txt,574,2d84c3f2473ab149e9106f1027936bbdf3bd0364f766f91214aed09cb5c76be7,J       CT       CP       eta
volume-1/data/apcsf_10x4.7_rd0842_6513.txt,https://m-selig.ae.illinois.edu/props/volume-1/data/apcsf_10x4.7_rd0842_6513.txt,616,4c445901abb32fc5a23ccfd2290cab57eaa3173a98fff56612076dd419eda767,J       CT       CP       eta
volume-1/data/apcsf_10x4.7_static_kt0835.txt,https://m-selig.ae.illinois.edu/props/volume-1/data/apcsf_10x4.7_static_kt0835.txt,387,20519deb7e9678b0674005c38fdb8a23e916800bf5fc1b5714612f3f4c13d9a0,RPM    CT       CP
volume-1/data/apcsf_10x7_geom.txt,https://m-selig.ae.illinois.edu/props/volume-1/data/apcsf_10x7_geom.txt,396,72be27087e93389dbcb5e1feba0adae28d373671d4697e2290abf48154d97672,r/R    c/R     beta
volume-1/data/apcsf_10x7_kt0828_3008.txt,https://m-selig.ae.illinois.edu/props/volume-1/data/apcsf_10x7_kt0828_3008.txt,546,25859530a0f9ef35ef01f299e3a131a2dd26d11dc4230678bd3bf34c91ac7e74,J       CT       CP       eta
volume-1/data/apcsf_10x7_kt0829_4011.txt,https://m-selig.ae.illinois.edu/props/volume-1/data/apcsf_10x7_kt0829_4011.txt,574,3cc5eb659c6ec82b812da4f7f16f2202fbd9d2d3b6a503c399f1bc0b8351be50,J       CT       CP       eta
volume-1/data/apcsf_10x7_kt0830_3999.txt,https://m-selig.ae.illinois.edu/props/volume-1/data/apcsf_10x7_kt0830_3999.txt,356,b336d41ac6499fe81b29f8983d3c628b7437178c9d4a88c76bd9c442c4851c22,J       CT       CP       eta
volume-1/data/apcsf_10x7_kt0831_5003.txt,https://m-selig.ae.illinois.edu/props/volume-1/data/apcsf_10x7_kt0831_5003.txt,574,169bf5b0f3248afeb88bff3f4aeba90435bbc48e9383fe7c2f0a5784eb650268,J       CT       CP       eta
volume-1/data/apcsf_10x7_kt0832_5006.txt,https://m-selig.ae.illinois.edu/props/volume-1/data/apcsf_10x7_kt0832_5006.txt,582,cacec2f7c4b5ce3541e8754354898bd5a4a0781ac20a501e16836af3f4c08f41,J       CT       CP       eta
volume-1/data/apcsf_10x7_kt0833_6006.txt,https://m-selig.ae.illinois.edu/props/volume-1/data/apcsf_10x7_kt0833_6006.txt,574,cc99716f271425e1a8725c922b179b6cacb34256f9d838f74351e4fb3f006883,J       CT       CP       eta
volume-1/data/apcsf_10x7_kt0834_6014.txt,https://m-selig.ae.illinois.edu/props/volume-1/data/apcsf_10x7_kt0834_6014.txt,806,b5c852c539e1552cbf4d177ed46e4f9af4e5694edf2b4ee75c8438f3ac683ded,J       CT       CP       eta
volume-1/data/apcsf_10x7_static_kt0827.txt,https://m-selig.ae.illinois.edu/props/volume-1/data/apcsf_10x7_static_kt0827.txt,387,db7b05e2b4998bf96c7522541b2d5228059f7c75d06188616f161ef527a8dd80,RPM    CT       CP
volume-1/data/apcsf_11x3.8_geom.txt,https://m-selig.ae.illinois.edu/props/volume-1/data/apcsf_11x3.8_geom.txt,390,9a677aff817c4b84cd3676a517f5cf21e17f5b31f03b1ee6e6e942a0f282698d,r/R    c/R     beta
volume-1/data/apcsf_11x3.8_kt0543_3001.txt,https://m-selig.ae.illinois.edu/props/volume-1/data/apcsf_11x3.8_kt0543_3001.txt,458,a8782f47ab781020c2ba9c7618f898e45403140c1ac8e03c202284cd6f0eb974,J       CT       CP       eta
volume-1/data/apcsf_11x3.8_kt0544_3999.txt,https://m-selig.ae.illinois.edu/props/volume-1/data/apcsf_11x3.8_kt0544_3999.txt,586,69f786bdf4b102130ee713718c1295c83e168f45631b6c9936ad34f8e8d9b199,J       CT       CP       eta
volume-1/data/apcsf_11x3.8_kt0545_4000.txt,https://m-selig.ae.illinois.edu/props/volume-1/data/apcsf_11x3.8_kt0545_4000.txt,200,7238f262e46903f26ea8a87ec4052dbdd7ff7ddd6ab79c7cb4b7c1b4c1e50677,J       CT       CP       eta
volume-1/data/apcsf_11x3.8_kt0546_5004.txt,https://m-selig.ae.illinois.edu/props/volume-1/data/apcsf_11x3.8_kt0546_5004.txt,576,c9bc0669bafe18d749281524b9335e47dee1422522c757ce07f1b66e26152b57,J       CT       CP       eta
volume-1/data/apcsf_11x3.8_kt0547_4995.txt,https://m-selig.ae.illinois.edu/props/volume-1/data/apcsf_11x3.8_kt0547_4995.txt,366,52b1bb54a2ffb2a27b8386c468e07d987ed60412d161af812fbcc64c25909cc0,J       CT       CP       eta
volume-1/data/apcsf_11x3.8_kt0548_6011.txt,https://m-selig.ae.illinois.edu/props/volume-1/data/apcsf_11x3.8_kt0548_6011.txt,574,220b10cc1cc25e893b1fcf5489dcde870fe75cca7a0b53c328139d1d43fef1ad,J       CT       CP       eta
volume-1/data/apcsf_11x3.8_kt0549_6002.txt,https://m-selig.ae.illinois.edu/props/volume-1/data/apcsf_11x3.8_kt0549_6002.txt,492,95fea3dc449b3881a97d9c41627d99db91c949b230a864bb2d200ee1fdac62d8,J       CT       CP       eta
volume-1/data/apcsf_11x3.8_static_kt0542.txt,https://m-selig.ae.illinois.edu/props/volume-1/data/apcsf_11x3.8_static_kt0542.txt,387,7d52d517dc42d38fe32f04f7108aedd20ec4c1891b8e7caa56f7eab8975fda33,RPM    CT       CP
volume-1/data/apcsf_11x4.7_geom.txt,https://m-selig.ae.illinois.edu/props/volume-1/data/apcsf_11x4.7_geom.txt,392,a16d9c7e4dbb6e7767e642d2aa003798e461ff434a76440799504c35ee45cf02,r/R    c/R     beta
volume-1/data/apcsf_11x4.7_pg0527_3004.txt,https://m-selig.ae.illinois.edu/props/volume-1/data/apcsf_11x4.7_pg0527_3004.txt,486,2cd053cbc6cfc730d11d70ec15706a5b5c1b35e4fd75a181873b60e29a92f9dc,J       CT       CP       eta
volume-1/data/apcsf_11x4.7_pg0528_4003.txt,https://m-selig.ae.illinois.edu/props/volume-1/data/apcsf_11x4.7_pg0528_4003.txt,578,ca5593905f8a567ee2635043515faec1751584c7338340865328e4ea119148ad,J       CT       CP       eta
volume-1/data/apcsf_11x4.7_pg0529_3995.txt,https://m-selig.ae.illinois.edu/props/volume-1/data/apcsf_11x4.7_pg0529_3995.txt,264,fdd3c49c24d69ec6fc21fcd48a18888df4b58d1ac80265b1a2e80a74b46fc1f3,J       CT       CP       eta
volume-1/data/apcsf_11x4.7_pg0530_5003.txt,https://m-selig.ae.illinois.edu/props/volume-1/data/apcsf_11x4.7_pg0530_5003.txt,574,7fadf89532849534c2ab67ee33058f4d72ce3632c353610f760db1b3725a871d,J       CT       CP       eta
volume-1/data/apcsf_11x4.7_pg0531_4997.txt,https://m-selig.ae.illinois.edu/props/volume-1/data/apcsf_11x4.7_pg0531_4997.txt,458,6235060787253f3f4211c7c59d58e6eedbd84b6d17c1b1d28ed01cc2ef2a2e4b,J       CT       CP       eta
volume-1/data/apcsf_11x4.7_pg0532_6006.txt,https://m-selig.ae.illinois.edu/props/volume-1/data/apcsf_11x4.7_pg0532_6006.txt,574,834968cc89306a40b0650e71e57fbe226a5151c4812f46baa2be05d5e5743a72,J       CT       CP       eta
volume-1/data/apcsf_11x4.7_pg0533_6004.txt,https://m-selig.ae.illinois.edu/props/volume-1/data/apcsf_11x4.7_pg0533_6004.txt,620,fa247241f4d2e3f181238c4273779bef8030db20631708615e4615471e85e6c4,J       CT       CP       eta
volume-1/data/apcsf_11x4.7_static_pg0526.txt,https://m-selig.ae.illinois.edu/props/volume-1/data/apcsf_11x4.7_static_pg0526.txt,387,ef65895140092ffed2e5064b5b5058d267ed0b3563c747bf067ed80edb3198fa,RPM    CT       CP
volume-1/data/apcsf_11x7_geom.txt,https://m-selig.ae.illinois.edu/props/volume-1/data/apcsf_11x7_geom.txt,398,7fdc8cb38fb21002114180df9630300a44f7c09fabcc5f20f5bf48a69e32210b,r/R    c/R     beta
volume-1/data/apcsf_11x7_kt0633_3013.txt,https://m-selig.ae.illinois.edu/props/volume-1/data/apcsf_11x7_kt0633_3013.txt,578,aa5bc301b72005a9b2f54a5ccd7e3cdb2766ff671f882ea6065e5117d5f10fa3,J       CT       CP       eta
volume-1/data/apcsf_11x7_kt0634_3005.txt,https://m-selig.ae.illinois.edu/props/volume-1/data/apcsf_11x7_kt0634_3005.txt,196,8ac2f796939a6304e542d7b7e9e3082a4c255e9426b1d20f5d8afe92d8799e2b,J       CT       CP       eta
volume-1/data/apcsf_11x7_kt0635_4017.txt,https://m-selig.ae.illinois.edu/props/volume-1/data/apcsf_11x7_kt0635_4017.txt,574,22f921db8e8ef6b423d8a026eb0508b5385d7b87b8cfafb1a1d8ab2854ad50d3,J       CT       CP       eta
volume-1/data/apcsf_11x7_kt0636_3999.txt,https://m-selig.ae.illinois.edu/props/volume-1/data/apcsf_11x7_kt0636_3999.txt,420,537e90f4666a8622288c1d03188fcd3394d45740d45c179d3883acd19ac4e2f3,J       CT       CP       eta
volume-1/data/apcsf_11x7_kt0637_5018.txt,https://m-selig.ae.illinois.edu/props/volume-1/data/apcsf_11x7_kt0637_5018.txt,574,52dc7b8a793ccc6bb72de3f3c186ad700065139c108de884a06ff5a8b305b083,J       CT       CP       eta
volume-1/data/apcsf_11x7_kt0638_5009.txt,https://m-selig.ae.illinois.edu/props/volume-1/data/apcsf_11x7_kt0638_5009.txt,644,8d851da91b9cfac540d393a3c323737d4d7261f6518daa28571c6c7fc5284600,J       CT       CP       eta
volume-1/data/apcsf_11x7_kt0640_5513.txt,https://m-selig.ae.illinois.edu/props/volume-1/data/apcsf_11x7_kt0640_5513.txt,774,4c87fea3dc8144e5e43e149bb77b870714bba7e6a3d55e06e8f83aa918e4ba05,J       CT       CP       eta
volume-1/data/apcsf_11x7_static_kt0632.txt,https://m-selig.ae.illinois.edu/props/volume-1/data/apcsf_11x7_static_kt0632.txt,387,5173adf482ca779295940acd51adb6fd86cdda68a63b9d635581fdd5cbeb0984,RPM    CT       CP
volume-1/data/apcsf_8x3.8_2778rd_4007.txt,https://m-selig.ae.illinois.edu/props/volume-1/data/apcsf_8x3.8_2778rd_4007.txt,518,f00a19d5cd4701f644ca85a042b8e363015fda5d2750701583ce649422ad83e1,J       CT       CP       eta
volume-1/data/apcsf_8x3.8_2779rd_5012.txt,https://m-selig.ae.illinois.edu/props/volume-1/data/apcsf_8x3.8_2779rd_5012.txt,580,9d23ed366c81cb4ac8efdca14964e4d70157b9f4d0c37a211c1ddfd19d3e998d,J       CT       CP       eta
volume-1/data/apcsf_8x3.8_2780rd_6018.txt,https://m-selig.ae.illinois.edu/props/volume-1/data/apcsf_8x3.8_2780rd_6018.txt,574,bb1ce518c530a64bd36325bdb34687f2b21fd70f6774a72e66605997ac47d1dd,J       CT       CP       eta
volume-1/data/apcsf_8x3.8_2781rd_7013.txt,https://m-selig.ae.illinois.edu/props/volume-1/data/apcsf_8x3.8_2781rd_7013.txt,574,443da7da54f49fbcdcc23ecc2056185d8baabbcd1f99c5b7f29de1d27509f96b,J       CT       CP       eta
volume-1/data/apcsf_8x3.8_2782rd_7018.txt,https://m-selig.ae.illinois.edu/props/volume-1/data/apcsf_8x3.8_2782rd_7018.txt,522,a8f059e07c89290ad94e355dbf8a2aaa3bd3c9dafe3af7220ba5fb539d21d275,J       CT       CP       eta
volume-1/data/apcsf_8x3.8_static_2777rd.txt,https://m-selig.ae.illinois.edu/props/volume-1/data/apcsf_8x3.8_static_2777rd.txt,387,7379b4f89d38b8be1934cdb131f9d98b163099e84d85d2e83ac2bee86174e599,RPM    CT       CP
volume-1/data/apcsf_8x6_2784rd_4010.txt,https://m-selig.ae.illinois.edu/props/volume-1/data/apcsf_8x6_2784rd_4010.txt,574,dc448226375a6d5e337f469562189e4cfa79a972e92aa34a70992cd93cbce661,J       CT       CP       eta
volume-1/data/apcsf_8x6_2785rd_5021.txt,https://m-selig.ae.illinois.edu/props/volume-1/data/apcsf_8x6_2785rd_5021.txt,574,9eda1f8f99e25fff0759a8775732ae17dfdf8753dc9ecfbfbf1af84b9c82ac9a,J       CT       CP       eta
volume-1/data/apcsf_8x6_2786rd_5004.txt,https://m-selig.ae.illinois.edu/props/volume-1/data/apcsf_8x6_2786rd_5004.txt,418,326d8671a5add07068111c3cc2c2cb50fc287cb5cedd4c949be2296b615c82f7,J       CT       CP       eta
volume-1/data/apcsf_8x6_2787rd_6017.txt,https://m-selig.ae.illinois.edu/props/volume-1/data/apcsf_8x6_2787rd_6017.txt,574,6b9c864ce1192fcdabc2ac507039a7c6b0b408f17a04c2b5b69165f9c4db9613,J       CT       CP       eta
volume-1/data/apcsf_8x6_2788rd_6009.txt,https://m-selig.ae.illinois.edu/props/volume-1/data/apcsf_8x6_2788rd_6009.txt,578,434c675a820140f105c98cf2a70a52c256258b74aa361bee0608ed0c0418fbb9,J       CT       CP       eta
volume-1/data/apcsf_8x6_2789rd_6623.txt,https://m-selig.ae.illinois.edu/props/volume-1/data/apcsf_8x6_2789rd_6623.txt,574,c9a093d8ebcbae7a0520ff65f7e74ec46efdc7b333d6f9ed8d997a211d50b12c,J       CT       CP       eta
volume-1/data/apcsf_8x6_2790rd_6614.txt,https://m-selig.ae.illinois.edu/props/volume-1/data/apcsf_8x6_2790rd_6614.txt,672,2404a76596e3fde0b011f71c2a168762ea928898a91f0b152c2e87aba524494c,J       CT       CP       eta
volume-1/data/apcsf_8x6_static_2783rd.txt,https://m-selig.ae.illinois.edu/props/volume-1/data/apcsf_8x6_static_2783rd.txt,387,a9131987c9ed947975d238dae1f5f622b1631c961f8e26c8b0d02a0aed050389,RPM    CT       CP
volume-1/data/apcsf_9x3.8_2269rd_4017.txt,https://m-selig.ae.illinois.edu/props/volume-1/data/apcsf_9x3.8_2269rd_4017.txt,520,4dd31e4d4dad1e79f647570890b3a2755e30ab81af91ccbaf1bd3125681bdc61,J       CT       CP       eta
volume-1/data/apcsf_9x3.8_2270rd_5010.txt,https://m-selig.ae.illinois.edu/props/volume-1/data/apcsf_9x3.8_2270rd_5010.txt,580,3efb278cca4b394d81929e4e5e410bb53ff48501bae819850fc2bebf9b1cf6c9,J       CT       CP       eta
volume-1/data/apcsf_9x3.8_2271rd_6018.txt,https://m-selig.ae.illinois.edu/props/volume-1/data/apcsf_9x3.8_2271rd_6018.txt,574,6c6e49bc14640e9b4cd27d3e2fa7338bc3154926be48bf0b110313301c8bc902,J       CT       CP       eta
volume-1/data/apcsf_9x3.8_2272rd_6820.txt,https://m-selig.ae.illinois.edu/props/volume-1/data/apcsf_9x3.8_2272rd_6820.txt,574,0b931901d89a01077b33d873933fceba02d6db5867fe52c98b9f8558f784e2b6,J       CT       CP       eta
volume-1/data/apcsf_9x3.8_2273rd_6815.txt,https://m-selig.ae.illinois.edu/props/volume-1/data/apcsf_9x3.8_2273rd_6815.txt,490,3a2783c6612d33006d10104c3c983273a09aa9bff4b73e1aca5354d8a7df3efc,J       CT       CP       eta
volume-1/data/apcsf_9x3.8_static_2553rd.txt,https://m-selig.ae.illinois.edu/props/volume-1/data/apcsf_9x3.8_static_2553rd.txt,387,b5758cda62b5cbcc387b03874e0deef30413efb035721683e9313c5fd6cd8ba5,RPM    CT       CP
volume-1/data/apcsf_9x4.7_geom.txt,https://m-selig.ae.illinois.edu/props/volume-1/data/apcsf_9x4.7_geom.txt,394,b7baa2e10ab7cc0e79c8d6dba21bbf8a5946a4a1d7aff4cbeaaf48f46d9b8766,r/R    c/R     beta
volume-1/data/apcsf_9x4.7_kt1033_4008.txt,https://m-selig.ae.illinois.edu/props/volume-1/data/apcsf_9x4.7_kt1033_4008.txt,548,69242655280bf766ee97ca62841d982995f25223a4e3a6a61f53fc1a1309d28c,J       CT       CP       eta
volume-1/data/apcsf_9x4.7_kt1034_5013.txt,https://m-selig.ae.illinois.edu/props/volume-1/data/apcsf_9x4.7_kt1034_5013.txt,576,3161d7dc781e43019eebaa7efc5221329b6320a9aefc45f20f32b542438b9ccc,J       CT       CP       eta
volume-1/data/apcsf_9x4.7_kt1035_6029.txt,https://m-selig.ae.illinois.edu/props/volume-1/data/apcsf_9x4.7_kt1035_6029.txt,574,1ad39eb06ee235238fe90b0f12b7ce8ab5b10911c992e0569370f3f8adfd1068,J       CT       CP       eta
volume-1/data/apcsf_9x4.7_kt1036_6004.txt,https://m-selig.ae.illinois.edu/props/volume-1/data/apcsf_9x4.7_kt1036_6004.txt,424,36a553e753694ffa70afb069dc395b624fc32b9e86d5b162303407fd96487da6,J       CT       CP       eta
volume-1/data/apcsf_9x4.7_kt1037_6815.txt,https://m-selig.ae.illinois.edu/props/volume-1/data/apcsf_9x4.7_kt1037_6815.txt,574,9820b8e8dfdf2487228caad4b95dfc0fe3b0e2b010dacd92abb4f5c38b929b5e,J       CT       CP       eta
volume-1/data/apcsf_9x4.7_kt1038_6819.txt,https://m-selig.ae.illinois.edu/props/volume-1/data/apcsf_9x4.7_kt1038_6819.txt,556,af37d64a8368f3ada350a01397309d48499a3c3319f2cc821ecc1ddee48f7b8a,J       CT       CP       eta
volume-1/data/apcsf_9x4.7_static_kt1032.txt,https://m-selig.ae.illinois.edu/props/volume-1/data/apcsf_9x4.7_static_kt1032.txt,387,3745a63634d65a830f5ca5860288e7eb152c0939511ed5108d21d0c6aa787f61,RPM    CT       CP
volume-1/data/apcsf_9x6_geom.txt,https://m-selig.ae.illinois.edu/props/volume-1/data/apcsf_9x6_geom.txt,397,2a3a42119fa013fbad970df3d4a1ce23fc0fdeeb94a7b86b46a48bdf8a341fa4,r/R    c/R     beta
volume-1/data/apcsf_9x6_kt0980_4016.txt,https://m-selig.ae.illinois.edu/props/volume-1/data/apcsf_9x6_kt0980_4016.txt,574,7ecd518399a093a7ef2e019673cb09b2ee3f9806a6266f2bad05d8f0ed5fd5e8,J       CT       CP       eta
volume-1/data/apcsf_9x6_kt0981_5022.txt,https://m-selig.ae.illinois.edu/props/volume-1/data/apcsf_9x6_kt0981_5022.txt,574,61ad78554bed93466ed4813e8357bc72277c2d18ca823f119ac7fbfd0976e5e3,J       CT       CP       eta
volume-1/data/apcsf_9x6_kt0982_5006.txt,https://m-selig.ae.illinois.edu/props/volume-1/data/apcsf_9x6_kt0982_5006.txt,484,3791b0508e74e6ac2c27bd5f6ea07686adb6818db4a148271a4e54b042427967,J       CT       CP       eta
volume-1/data/apcsf_9x6_kt0983_6017.txt,https://m-selig.ae.illinois.edu/props/volume-1/data/apcsf_9x6_kt0983_6017.txt,574,981dbdadddf7f2b9a439078c591f74f4e6d64dee44371fe4ab1c592166c97b94,J       CT       CP       eta
volume-1/data/apcsf_9x6_kt0984_6022.txt,https://m-selig.ae.illinois.edu/props/volume-1/data/apcsf_9x6_kt0984_6022.txt,676,24754098c00bb3a69d5f213466ad70a441bf913f6f5ed366192c8b3bc4e97f93,J       CT       CP       eta
volume-1/data/apcsf_9x6_kt0985_6523.txt,https://m-selig.ae.illinois.edu/props/volume-1/data/apcsf_9x6_kt0985_6523.txt,574,d3247f746b5192721379da54de0d985e2a2e626761ecb5e32b7b9095e48dc2f2,J       CT       CP       eta
volume-1/data/apcsf_9x6_kt0986_6514.txt,https://m-selig.ae.illinois.edu/props/volume-1/data/apcsf_9x6_kt0986_6514.txt,772,d955612a789fa7a07a32f99c58af819fb9ed75e74e3d2b178aeb2b7ff35e39c8,J       CT       CP       eta
volume-1/data/apcsf_9x6_static_kt0979.txt,https://m-selig.ae.illinois.edu/props/volume-1/data/apcsf_9x6_static_kt0979.txt,387,28691ef497f67bfd3df72825b66c6f1cf9f1541e48a5017332e8ec75a7fed982,RPM    CT       CP
volume-1/data/apcsf_9x7.5_2568rd_3007.txt,https://m-selig.ae.illinois.edu/props/volume-1/data/apcsf_9x7.5_2568rd_3007.txt,510,3c38a75189d9085d943a9dd6a2119c1c3d9ae141f6d8c53d9b40748aa958ba48,J       CT       CP       eta
volume-1/data/apcsf_9x7.5_2569rd_4022.txt,https://m-selig.ae.illinois.edu/props/volume-1/data/apcsf_9x7.5_2569rd_4022.txt,574,bae4a147e2a39e50daa9e418be8b961a79b77083942a3ee1fdf6c09ffc90dfd0,J       CT       CP       eta
volume-1/data/apcsf_9x7.5_2570rd_4003.txt,https://m-selig.ae.illinois.edu/props/volume-1/data/apcsf_9x7.5_2570rd_4003.txt,318,a6e6f5017d0c3edb785df8aaa975f796639dc66384ee80ec78141dd6358a754f,J       CT       CP       eta
volume-1/data/apcsf_9x7.5_2571rd_5023.txt,https://m-selig.ae.illinois.edu/props/volume-1/data/apcsf_9x7.5_2571rd_5023.txt,574,de31656c1f643af9d55805f7368043bb8fe401c6f3f4edc5fc9526a2acdffbb2,J       CT       CP       eta
volume-1/data/apcsf_9x7.5_2572rd_5013.txt,https://m-selig.ae.illinois.edu/props/volume-1/data/apcsf_9x7.5_2572rd_5013.txt,510,eedf1d0cf84a1b6d76e238fc33a565fba62c5042c3d4196a1053f469776139cf,J       CT       CP       eta
volume-1/data/apcsf_9x7.5_2573rd_5621.txt,https://m-selig.ae.illinois.edu/props/volume-1/data/apcsf_9x7.5_2573rd_5621.txt,574,0383432405351b7184a575ec86cf6bc3aca74f350da3d26ca9fe0e0db36fdd9c,J       CT       CP       eta
volume-1/data/apcsf_9x7.5_2574rd_5610.txt,https://m-selig.ae.illinois.edu/props/volume-1/data/apcsf_9x7.5_2574rd_5610.txt,704,5b460989507431d95ffc9cccb25138d10f0f5449478f21192b4fece316ea5694,J       CT       CP       eta
volume-1/data/apcsf_9x7.5_static_2567rd.txt,https://m-selig.ae.illinois.edu/props/volume-1/data/apcsf_9x7.5_static_2567rd.txt,387,01f28ec7fee4e1ec15f1b3f856dfda4b9bceb9a92788fcc722ec190eeb46fdf1,RPM    CT       CP
volume-1/data/apcsp_10x10_2429rd_3012.txt,https://m-selig.ae.illinois.edu/props/volume-1/data/apcsp_10x10_2429rd_3012.txt,574,3d109f2b227a4fb51e8ceb9a6f583abc5360a7ed638c92fa6297ea6ee4dc5e1a,J       CT       CP       eta
volume-1/data/apcsp_10x10_2430rd_4016.txt,https://m-selig.ae.illinois.edu/props/volume-1/data/apcsp_10x10_2430rd_4016.txt,574,7ae106c0766d369209f9ae45c20c26c4417daf9c7329ee96777f4b5f10885100,J       CT       CP       eta
volume-1/data/apcsp_10x10_2431rd_4006.txt,https://m-selig.ae.illinois.edu/props/volume-1/data/apcsp_10x10_2431rd_4006.txt,580,b76be96e7ca4f332f2570af10aa1a9cfad9347a2b522605df05e88d720461c73,J       CT       CP       eta
volume-1/data/apcsp_10x10_2432rd_5013.txt,https://m-selig.ae.illinois.edu/props/volume-1/data/apcsp_10x10_2432rd_5013.txt,574,191cca3875940ea44a769050a3ce6d97d74e4a8cfe1b58e282e4b2f41aecdaa8,J       CT       CP       eta
volume-1/data/apcsp_10x10_2433rd_5006.txt,https://m-selig.ae.illinois.edu/props/volume-1/data/apcsp_10x10_2433rd_5006.txt,802,93d795cdd2b5dea3adcb1c5bdf474f45ca946a9ba25b81f1a62d5d030e90e9dd,J       CT       CP       eta
volume-1/data/apcsp_10x10_2666rd_2004.txt,https://m-selig.ae.illinois.edu/props/volume-1/data/apcsp_10x10_2666rd_2004.txt,450,505ec44b447855910e791f87d0bc357cee9c1e9ef951a142ea452ca5ddc82f9b,J       CT       CP       eta
volume-1/data/apcsp_10x10_static_2665rd.txt,https://m-selig.ae.illinois.edu/props/volume-1/data/apcsp_10x10_static_2665rd.txt,387,285059bf457ba07a47c96f1830fabfe8f413e037a30776825b01cab780f90f31,RPM    CT       CP
volume-1/data/apcsp_10x3_2367rd_4015.txt,https://m-selig.ae.illinois.edu/props/volume-1/data/apcsp_10x3_2367rd_4015.txt,352,f17b0eb631497c6772579b43c1504845e5c7bfc76f4bd4983b38535fbf94e55f,J       CT       CP       eta
volume-1/data/apcsp_10x3_2368rd_5012.txt,https://m-selig.ae.illinois.edu/props/volume-1/data/apcsp_10x3_2368rd_5012.txt,446,8d635424500641ff5b0e93822d6c2bb48243a422c19cb35c70da7ae208ac5a69,J       CT       CP       eta
volume-1/data/apcsp_10x3_2369rd_6023.txt,https://m-selig.ae.illinois.edu/props/volume-1/data/apcsp_10x3_2369rd_6023.txt,542,69a99a64ea3782012420899f25d12bdb3de57b178eacf900a060c9260963f53d,J       CT       CP       eta
volume-1/data/apcsp_10x3_2370rd_6717.txt,https://m-selig.ae.illinois.edu/props/volume-1/data/apcsp_10x3_2370rd_6717.txt,574,2a28924fbeac36530358a986018c87acfa2e9fe948416c9a2432827ca100c338,J       CT       CP       eta
volume-1/data/apcsp_10x3_2371rd_6728.txt,https://m-selig.ae.illinois.edu/props/volume-1/data/apcsp_10x3_2371rd_6728.txt,190,139148191ecd358df5998cae8f0c92b6a29fedf14bf9ede0f95497c81d84f8d2,J       CT       CP       eta
volume-1/data/apcsp_10x3_static_2643rd.txt,https://m-selig.ae.illinois.edu/props/volume-1/data/apcsp_10x3_static_2643rd.txt,387,6c3adb464707869f1ae2a0acdb21bd3e37dda992969bd61959ab0af28e750412,RPM    CT       CP
volume-1/data/apcsp_10x4_2645rd_4003.txt,https://m-selig.ae.illinois.edu/props/volume-1/data/apcsp_10x4_2645rd_4003.txt,482,d29346d212c0ffc51fdd4d1fc1d8a4837958afc7f3c7126723e60fbb2d12ac10,J       CT       CP       eta
volume-1/data/apcsp_10x4_2646rd_5016.txt,https://m-selig.ae.illinois.edu/props/volume-1/data/apcsp_10x4_2646rd_5016.txt,574,445b72d7ef4e20bd8033fb475a0a999faea9258451825445795dec4dc574969a,J       CT       CP       eta
volume-1/data/apcsp_10x4_2647rd_6015.txt,https://m-selig.ae.illinois.edu/props/volume-1/data/apcsp_10x4_2647rd_6015.txt,574,4dcd320ce25ad2032b4d40ff8b0c4e3bb3a3f8bcb97e22065aa822720010d499,J       CT       CP       eta
volume-1/data/apcsp_10x4_2648rd_6006.txt,https://m-selig.ae.illinois.edu/props/volume-1/data/apcsp_10x4_2648rd_6006.txt,320,c41281ebca214f6d2a451dcb475e192831a6e2fe269d3ef5062e9f53647f44f5,J       CT       CP       eta
volume-1/data/apcsp_10x4_2649rd_6414.txt,https://m-selig.ae.illinois.edu/props/volume-1/data/apcsp_10x4_2649rd_6414.txt,574,2afc87f81656111a5ec2147fca0f44162d7985710b8775f39d796c19045ef46a,J       CT       CP       eta
volume-1/data/apcsp_10x4_2650rd_6406.txt,https://m-selig.ae.illinois.edu/props/volume-1/data/apcsp_10x4_2650rd_6406.txt,384,18b4f6b743e1bf84a287ac6f02566e1f15359b837c1c6642826c32949af4ce86,J       CT       CP       eta
volume-1/data/apcsp_10x4_static_2644rd.txt,https://m-selig.ae.illinois.edu/props/volume-1/data/apcsp_10x4_static_2644rd.txt,387,661674cf0a7c9f45d10fd03a38f0be89f24c1eedd13ae91fe7a58b5f7b442e7a,RPM    CT       CP
volume-1/data/apcsp_10x5_2389rd_4005.txt,https://m-selig.ae.illinois.edu/props/volume-1/data/apcsp_10x5_2389rd_4005.txt,544,35c4032801913cbfa31be65b84fb71a984a3aa45e5d4cbe9d5196a7407c51244,J       CT       CP       eta
volume-1/data/apcsp_10x5_2390rd_5004.txt,https://m-selig.ae.illinois.edu/props/volume-1/data/apcsp_10x5_2390rd_5004.txt,574,4099506a50d2c6c88d4d4dd9fd16f4432e5ebd8c9ad225c0f17eda1fee5bad51,J       CT       CP       eta
volume-1/data/apcsp_10x5_2391rd_5003.txt,https://m-selig.ae.illinois.edu/props/volume-1/data/apcsp_10x5_2391rd_5003.txt,254,cbbc4cd0bde1ff92ca3bdbe4f85d8912e2a74520f984dcae933f474d085037ca,J       CT       CP       eta
volume-1/data/apcsp_10x5_2392rd_6004.txt,https://m-selig.ae.illinois.edu/props/volume-1/data/apcsp_10x5_2392rd_6004.txt,574,5bcdb3bd9537567b9e100b4dc1d36c251c3d2aeffd3c32b61239f08a2157eb89,J       CT       CP       eta
volume-1/data/apcsp_10x5_2393rd_6010.txt,https://m-selig.ae.illinois.edu/props/volume-1/data/apcsp_10x5_2393rd_6010.txt,414,65987949d6ba9df4008f085b30b3cc12875ac19c54d8d3a44db7e314d28e3c5b,J       CT       CP       eta
volume-1/data/apcsp_10x5_2394rd_6301.txt,https://m-selig.ae.illinois.edu/props/volume-1/data/apcsp_10x5_2394rd_6301.txt,574,e73771759243c8f8816adf8e54fc9e58b33fcbb667863247c767afe737f77eeb,J       CT       CP       eta
volume-1/data/apcsp_10x5_2395rd_6309.txt,https://m-selig.ae.illinois.edu/props/volume-1/data/apcsp_10x5_2395rd_6309.txt,446,f6a2949f5e511f7fca49fe8ea64411c13f7ff6be645e2af1691ac6e287e568e1,J       CT       CP       eta
volume-1/data/apcsp_10x5_static_2651rd.txt,https://m-selig.ae.illinois.edu/props/volume-1/data/apcsp_10x5_static_2651rd.txt,387,da4ee0ad7179471e3ea5227baef4af47614b68f1f2ab1adace2bf15be764b3c3,RPM    CT       CP
volume-1/data/apcsp_10x6_geom.txt,https://m-selig.ae.illinois.edu/props/volume-1/data/apcsp_10x6_geom.txt,397,f0601fc127dfedb2b20fe135cdca4a3dac6e5ecbac88ca3746736a259c48833d,r/R    c/R     beta
volume-1/data/apcsp_10x6_pg0803_4006.txt,https://m-selig.ae.illinois.edu/props/volume-1/data/apcsp_10x6_pg0803_4006.txt,574,af2bf545cf15543db2b3eac123913c019ef234750a80b337ca0703bc39ae2db1,J       CT       CP       eta
volume-1/data/apcsp_10x6_pg0804_5021.txt,https://m-selig.ae.illinois.edu/props/volume-1/data/apcsp_10x6_pg0804_5021.txt,574,d9dab739c9795d5b9652c4248c6536148443567ac40bac607646981a1dbbd277,J       CT       CP       eta
volume-1/data/apcsp_10x6_pg0805_5001.txt,https://m-selig.ae.illinois.edu/props/volume-1/data/apcsp_10x6_pg0805_5001.txt,418,daa3e6997adcbef43dbd15cc0d24cc09c7d2af5ed0a0997a0334cfdab58df217,J       CT       CP       eta
volume-1/data/apcsp_10x6_pg0806_6026.txt,https://m-selig.ae.illinois.edu/props/volume-1/data/apcsp_10x6_pg0806_6026.txt,574,c6bccb7bcfeb412fe650f794956dba1c75c786aba2c277d8f4491977dd5bf70d,J       CT       CP       eta
volume-1/data/apcsp_10x6_pg0807_6019.txt,https://m-selig.ae.illinois.edu/props/volume-1/data/apcsp_10x6_pg0807_6019.txt,610,143e0574a92200ff78b22d15f2224ffa43f0470d4ba0653bc8fc800b1032ba83,J       CT       CP       eta
volume-1/data/apcsp_10x6_pg0808_6496.txt,https://m-selig.ae.illinois.edu/props/volume-1/data/apcsp_10x6_pg0808_6496.txt,574,c621771c309d00f187e1163698d003348afbe1dd235b57463c68f484bf23764c,J       CT       CP       eta
volume-1/data/apcsp_10x6_pg0809_6518.txt,https://m-selig.ae.illinois.edu/props/volume-1/data/apcsp_10x6_pg0809_6518.txt,706,3f9f9579ef7ab128ddb3b361b72fcd75ab57fc3e3920f2be5a0bf81f0826d5eb,J       CT       CP       eta
volume-1/data/apcsp_10x6_static_pg0802.txt,https://m-selig.ae.illinois.edu/props/volume-1/data/apcsp_10x6_static_pg0802.txt,387,fdb318ebb89d2c70081a317c5f27c5aded0e559469e3a40829b99682f116a7b4,RPM    CT       CP
volume-1/data/apcsp_10x7_2655rd_3005.txt,https://m-selig.ae.illinois.edu/props/volume-1/data/apcsp_10x7_2655rd_3005.txt,480,59f9081645a15375dd9504ec3bb26286b9cc3a3bf264b3efb2be1b7e79b897ec,J       CT       CP       eta
volume-1/data/apcsp_10x7_2656rd_4018.txt,https://m-selig.ae.illinois.edu/props/volume-1/data/apcsp_10x7_2656rd_4018.txt,574,6fb4000b689d13b1e6073efa0c4647e5f45bae02203c34da33cfdd8f95be2cdf,J       CT       CP       eta
volume-1/data/apcsp_10x7_2657rd_3990.txt,https://m-selig.ae.illinois.edu/props/volume-1/data/apcsp_10x7_2657rd_3990.txt,256,15cc81c0aa2877b379bde9847f1799e5764bd1e8db1d8f7d11cf0ecb00234e6a,J       CT       CP       eta
volume-1/data/apcsp_10x7_2658rd_4993.txt,https://m-selig.ae.illinois.edu/props/volume-1/data/apcsp_10x7_2658rd_4993.txt,574,a03fa638233efa2cdd0811aa4779ac0fc004cfd8312587903bdb9a42a9f45037,J       CT       CP       eta
volume-1/data/apcsp_10x7_2659rd_5003.txt,https://m-selig.ae.illinois.edu/props/volume-1/data/apcsp_10x7_2659rd_5003.txt,414,5790163cde31093295be3c6531841c600ed48bb3bcfb0e53b27a1edf8553f8ad,J       CT       CP       eta
volume-1/data/apcsp_10x7_2660rd_5993.txt,https://m-selig.ae.illinois.edu/props/volume-1/data/apcsp_10x7_2660rd_5993.txt,574,50c55d0f24db69f52e6024d3c1032a8f1100c438d096273d640ac0e92eb48255,J       CT       CP       eta
volume-1/data/apcsp_10x7_2661rd_6004.txt,https://m-selig.ae.illinois.edu/props/volume-1/data/apcsp_10x7_2661rd_6004.txt,606,bc2c9fe318dd25117d5f38b8ffd85c3f9ae46001a8638d1dae21196b5d664d96,J       CT       CP       eta
volume-1/data/apcsp_10x7_static_2654rd.txt,https://m-selig.ae.illinois.edu/props/volume-1/data/apcsp_10x7_static_2654rd.txt,387,2cae7ec86100f1784f1ab448e7de9f1cf0c1fe29517708a45ebc5991cb6ae797,RPM    CT       CP
volume-1/data/apcsp_10x8_geom.txt,https://m-selig.ae.illinois.edu/props/volume-1/data/apcsp_10x8_geom.txt,397,c7ca31b53e1a8ba0b0b0139f20dadfa472d9fe8f88c509aced2128c1bb9bfe8f,r/R    c/R     beta
volume-1/data/apcsp_10x8_pg0795_3002.txt,https://m-selig.ae.illinois.edu/props/volume-1/data/apcsp_10x8_pg0795_3002.txt,578,a9d6945316839b72d14430c1ae0817f75066b38c63c5e23ac4b46b4e19d2fe92,J       CT       CP       eta
volume-1/data/apcsp_10x8_pg0796_4003.txt,https://m-selig.ae.illinois.edu/props/volume-1/data/apcsp_10x8_pg0796_4003.txt,574,2e7f60da26ed4b716c3921b9c7f45c21f4addf381a455b2b74127e34eaff1ca1,J       CT       CP       eta
volume-1/data/apcsp_10x8_pg0797_4002.txt,https://m-selig.ae.illinois.edu/props/volume-1/data/apcsp_10x8_pg0797_4002.txt,352,3064f4c5cb38ce314d2db0ccf4ca7258974ca832423cb2aecd9647dfd69ccfb2,J       CT       CP       eta
volume-1/data/apcsp_10x8_pg0798_5026.txt,https://m-selig.ae.illinois.edu/props/volume-1/data/apcsp_10x8_pg0798_5026.txt,574,a6feef86a43d8e0444585c53fd970f8bc08eb2982b36d74d3b05c06449871496,J       CT       CP       eta
volume-1/data/apcsp_10x8_pg0799_5008.txt,https://m-selig.ae.illinois.edu/props/volume-1/data/apcsp_10x8_pg0799_5008.txt,544,88ec137e6e19e09695548a383879455feda4dc79adc79c264be4549465c02607,J       CT       CP       eta
volume-1/data/apcsp_10x8_pg0800_5998.txt,https://m-selig.ae.illinois.edu/props/volume-1/data/apcsp_10x8_pg0800_5998.txt,574,6590ab576f65be63dd5e6116127216daed8874aad8626346eea5c99364bab961,J       CT       CP       eta
volume-1/data/apcsp_10x8_pg0801_6009.txt,https://m-selig.ae.illinois.edu/props/volume-1/data/apcsp_10x8_pg0801_6009.txt,734,dc75e5faaedd05a196227fcca4a40a596dd2c230e18a5c702a39703fbe4868bf,J       CT       CP       eta
volume-1/data/apcsp_10x8_static_pg0794.txt,https://m-selig.ae.illinois.edu/props/volume-1/data/apcsp_10x8_static_pg0794.txt,387,f1fd4f6581d234145dadcb728dad9fdf52e70f6c818a7429631b19b265f4c7d2,RPM    CT       CP
volume-1/data/apcsp_10x9_2418rd_4018.txt,https://m-selig.ae.illinois.edu/props/volume-1/data/apcsp_10x9_2418rd_4018.txt,574,a3150a071c8136bfe2afb3ed75d112d88205924fc5e1569ddfb0e7ea7b672a95,J       CT       CP       eta
volume-1/data/apcsp_10x9_2419rd_4006.txt,https://m-selig.ae.illinois.edu/props/volume-1/data/apcsp_10x9_2419rd_4006.txt,484,eff42cde5be3dffb76b8b962739598737b82deea6169c2bdd89bf744ba7bd8ff,J       CT       CP       eta
volume-1/data/apcsp_10x9_2420rd_5017.txt,https://m-selig.ae.illinois.edu/props/volume-1/data/apcsp_10x9_2420rd_5017.txt,574,deb0b3a78cb4f03dccde0bd1f0b1ea49b93bea1a8614c1b2c1679e1ca17c6715,J       CT       CP       eta
volume-1/data/apcsp_10x9_2421rd_5006.txt,https://m-selig.ae.illinois.edu/props/volume-1/data/apcsp_10x9_2421rd_5006.txt,706,18080ce634e3c13a7f763040404ff2393fe02703d37430559f1cfca5754a07e0,J       CT       CP       eta
volume-1/data/apcsp_10x9_2422rd_5406.txt,https://m-selig.ae.illinois.edu/props/volume-1/data/apcsp_10x9_2422rd_5406.txt,574,ffefa311bd5580733e8f543ed0e1ee53a87a4803f6480d142146e772730023bc,J       CT       CP       eta
volume-1/data/apcsp_10x9_2423rd_5408.txt,https://m-selig.ae.illinois.edu/props/volume-1/data/apcsp_10x9_2423rd_5408.txt,802,05570285f298f63882cba3b41fb9dc40b5aef522f23f18a3e55efaef53331a99,J       CT       CP       eta
volume-1/data/apcsp_10x9_2424rd_3012.txt,https://m-selig.ae.illinois.edu/props/volume-1/data/apcsp_10x9_2424rd_3012.txt,574,329878ae4ce805e8dcb03564a7045fea61b9b5dffa3774a57a327c1af9161496,J       CT       CP       eta
volume-1/data/apcsp_10x9_static_2664rd.txt,https://m-selig.ae.illinois.edu/props/volume-1/data/apcsp_10x9_static_2664rd.txt,387,0cc48175981787a140a00fb9c7356bdc4f064130468858d564d2a62fb7cfa152,RPM    CT       CP
volume-1/data/apcsp_11x3_3016ja_4006.txt,https://m-selig.ae.illinois.edu/props/volume-1/data/apcsp_11x3_3016ja_4006.txt,418,9a569f254bdedf7a40f1a27f36116a4a496bda3a745c2fe54f4c558313610d21,J       CT       CP       eta
volume-1/data/apcsp_11x3_3017ja_5008.txt,https://m-selig.ae.illinois.edu/props/volume-1/data/apcsp_11x3_3017ja_5008.txt,512,f75a674d0cdb7a802ea49e7c19cc1d16179370595f6c6843f07f5e9ab6dc06af,J       CT       CP       eta
volume-1/data/apcsp_11x3_3018ja_6002.txt,https://m-selig.ae.illinois.edu/props/volume-1/data/apcsp_11x3_3018ja_6002.txt,574,86e0410e6091d0f2588dc2b41b401ec6c084aa1e16e3c89f08dddcee96a9dbf1,J       CT       CP       eta
volume-1/data/apcsp_11x3_3019ja_6415.txt,https://m-selig.ae.illinois.edu/props/volume-1/data/apcsp_11x3_3019ja_6415.txt,574,a4b6154df2c323c34c5f6891b8c96c86c5405229a69cbdf1bdd4d6b98af2ca9c,J       CT       CP       eta
volume-1/data/apcsp_11x3_3020ja_6408.txt,https://m-selig.ae.illinois.edu/props/volume-1/data/apcsp_11x3_3020ja_6408.txt,288,1ed0e8261c8501338b265eff8fca30cf90ba213ae2602d8ca636b8d9401eb5c8,J       CT       CP       eta
volume-1/data/apcsp_11x3_static_3015ja.txt,https://m-selig.ae.illinois.edu/props/volume-1/data/apcsp_11x3_static_3015ja.txt,387,8c8c353029f1683f97e7c4f7a1637895ddaaf49ba94946e0a3152ecca294b131,RPM    CT       CP
volume-1/data/apcsp_11x4_geom.txt,https://m-selig.ae.illinois.edu/props/volume-1/data/apcsp_11x4_geom.txt,393,3bd407cc9f38958ab911a4d85bc84c0e640cec70dc7a38ce74d3aa06ea0e30d5,r/R    c/R     beta
volume-1/data/apcsp_11x4_jb0508_4998.txt,https://m-selig.ae.illinois.edu/props/volume-1/data/apcsp_11x4_jb0508_4998.txt,258,b575ad04311ce7441f949b79bd820a9bbcb245cb34d1cae14a0d322eb24fffa9,J       CT       CP       eta
volume-1/data/apcsp_11x4_kt0504_3005.txt,https://m-selig.ae.illinois.edu/props/volume-1/data/apcsp_11x4_kt0504_3005.txt,354,f4ca102326b486a2a17a71e89add058ce04649cace4ddcc769519b88f39e5dd4,J       CT       CP       eta
volume-1/data/apcsp_11x4_kt0505_4000.txt,https://m-selig.ae.illinois.edu/props/volume-1/data/apcsp_11x4_kt0505_4000.txt,514,b717adf7093ee13fa7338ce4a8f700afab9b2862b793d080d3a8c228cf56e6c9,J       CT       CP       eta
volume-1/data/apcsp_11x4_kt0506_5003.txt,https://m-selig.ae.illinois.edu/props/volume-1/data/apcsp_11x4_kt0506_5003.txt,574,5d1b955d598af0441317ec7ba89c844fddb15525e403eddba69fe20d4b55ce78,J       CT       CP       eta
volume-1/data/apcsp_11x4_kt0508_6004.txt,https://m-selig.ae.illinois.edu/props/volume-1/data/apcsp_11x4_kt0508_6004.txt,574,af8ac9423abdb31be3d6ba8c759622a10db50fd607b15ff36d8c2d4afc43ceb8,J       CT       CP       eta
volume-1/data/apcsp_11x4_kt0509_6002.txt,https://m-selig.ae.illinois.edu/props/volume-1/data/apcsp_11x4_kt0509_6002.txt,420,56fc2d6c0691b8108054bc9ad05f3bc92dc3035aed6cc2abfc780f6e18d6e520,J       CT       CP       eta
volume-1/data/apcsp_11x4_static_kt0503.txt,https://m-selig.ae.illinois.edu/props/volume-1/data/apcsp_11x4_static_kt0503.txt,387,a566b1a9609cc612f052384aed004f1ea875d1876e8851d0aa3c765a89cc2ba6,RPM    CT       CP
volume-1/data/apcsp_11x5_geom.txt,https://m-selig.ae.illinois.edu/props/volume-1/data/apcsp_11x5_geom.txt,395,da2d6b8eed7e75f42df8174d127fbfd60628f7de2ba8edb03aa0649b932c714f,r/R    c/R     beta
volume-1/data/apcsp_11x5_kt0502_6001.txt,https://m-selig.ae.illinois.edu/props/volume-1/data/apcsp_11x5_kt0502_6001.txt,546,82c380d08e80d15810cf058e9dac3461a2d23d83c057ccd0384ec086a0dae9a4,J       CT       CP       eta
volume-1/data/apcsp_11x5_rd0497_3009.txt,https://m-selig.ae.illinois.edu/props/volume-1/data/apcsp_11x5_rd0497_3009.txt,416,523894666bf4bfef46863a96787996663e6d0d943a1b0438416bcdcdbac58ddc,J       CT       CP       eta
volume-1/data/apcsp_11x5_rd0498_3999.txt,https://m-selig.ae.illinois.edu/props/volume-1/data/apcsp_11x5_rd0498_3999.txt,576,b0b4b1334a1c361c27873550c4af924f80ca2c6002d8edd8968685460df8cd7a,J       CT       CP       eta
volume-1/data/apcsp_11x5_rd0499_5003.txt,https://m-selig.ae.illinois.edu/props/volume-1/data/apcsp_11x5_rd0499_5003.txt,574,f7b72533a00d87ab60c33ceef26a5eb43109fd256537e5e153ef1fe70deb1aef,J       CT       CP       eta
volume-1/data/apcsp_11x5_rd0500_4998.txt,https://m-selig.ae.illinois.edu/props/volume-1/data/apcsp_11x5_rd0500_4998.txt,352,2d41a2cdaab9da4cfbee3ec6d3a517e355a6fb2d31423aaa76fe927e2aee84cf,J       CT       CP       eta
volume-1/data/apcsp_11x5_rd0501_6002.txt,https://m-selig.ae.illinois.edu/props/volume-1/data/apcsp_11x5_rd0501_6002.txt,574,ee0e6c0f848460ecd515776076942eed75c5a79d3a60678fdb98a077d90e5456,J       CT       CP       eta
volume-1/data/apcsp_11x5_static_rd0496.txt,https://m-selig.ae.illinois.edu/props/volume-1/data/apcsp_11x5_static_rd0496.txt,387,e555dec99e6c710dffa01c1233dec586cdcebc9d0f2da367d669f11f76df8eff,RPM    CT       CP
volume-1/data/apcsp_11x6_geom.txt,https://m-selig.ae.illinois.edu/props/volume-1/data/apcsp_11x6_geom.txt,397,30e6fe2b0326b01aba51fb16e981395cb134bc2054c6875c8f04690cd80f0999,r/R    c/R     beta
volume-1/data/apcsp_11x6_rd0489_3012.txt,https://m-selig.ae.illinois.edu/props/volume-1/data/apcsp_11x6_rd0489_3012.txt,480,14cf309355bbcd5331e4b9aff8af6f9d4390c7af05279e7ae04b4f0aa9795ae7,J       CT       CP       eta
volume-1/data/apcsp_11x6_rd0490_4002.txt,https://m-selig.ae.illinois.edu/props/volume-1/data/apcsp_11x6_rd0490_4002.txt,574,3d16cfecb4a9eda7ad71af71c38c0de972d7c3ee7eb71f14eb47ec1d4f71dbc8,J       CT       CP       eta
volume-1/data/apcsp_11x6_rd0491_3997.txt,https://m-selig.ae.illinois.edu/props/volume-1/data/apcsp_11x6_rd0491_3997.txt,290,f8f95f9b606a32016dad2b493abd2beeb1db64fde6ab83472f254ea70f350efc,J       CT       CP       eta
volume-1/data/apcsp_11x6_rd0492_5007.txt,https://m-selig.ae.illinois.edu/props/volume-1/data/apcsp_11x6_rd0492_5007.txt,574,96c0aa9032928299f31b5e9c7e31e372d0d00c91a5bd4e29b67fa542e0b17e68,J       CT       CP       eta
volume-1/data/apcsp_11x6_rd0493_4999.txt,https://m-selig.ae.illinois.edu/props/volume-1/data/apcsp_11x6_rd0493_4999.txt,482,d0a3f0a83057a031e14638cd402f0c33dbd3fd1382eb8f6c218a10ebbbb5c5ed,J       CT       CP       eta
volume-1/data/apcsp_11x6_rd0494_5992.txt,https://m-selig.ae.illinois.edu/props/volume-1/data/apcsp_11x6_rd0494_5992.txt,574,f75441785ec74c6754f6b9714c9ce92afc91d2b58a7eb041f77a7a8b212f1012,J       CT       CP       eta
volume-1/data/apcsp_11x6_rd0495_6000.txt,https://m-selig.ae.illinois.edu/props/volume-1/data/apcsp_11x6_rd0495_6000.txt,672,987b12684c447d4cb6ec8c6f7a1dc7664daad8e26a95e66047c39c95de52f802,J       CT       CP       eta
volume-1/data/apcsp_11x6_static_rd0488.txt,https://m-selig.ae.illinois.edu/props/volume-1/data/apcsp_11x6_static_rd0488.txt,387,911866f1c55bb115f3fef2202fb73a8e0ecf271746d71e7a0c773b7f11cd33f9,RPM    CT       CP
volume-1/data/apcsp_11x7_geom.txt,https://m-selig.ae.illinois.edu/props/volume-1/data/apcsp_11x7_geom.txt,397,8aa96682a952698b1ef6d921166a24e1cf9052b82aa324090687f8355f1c0fb0,r/R    c/R     beta
volume-1/data/apcsp_11x7_jb0475_3997.txt,https://m-selig.ae.illinois.edu/props/volume-1/data/apcsp_11x7_jb0475_3997.txt,352,e91fc6ae60620e785a7cb9ab35b4e80a0f8694c5e34598f571eb733c712328e0,J       CT       CP       eta
volume-1/data/apcsp_11x7_jb0476_3014.txt,https://m-selig.ae.illinois.edu/props/volume-1/data/apcsp_11x7_jb0476_3014.txt,544,12489bab51d7dd1437786c47cf8c69376afaff712204b8e20b203b552d898b57,J       CT       CP       eta
volume-1/data/apcsp_11x7_jb0477_4994.txt,https://m-selig.ae.illinois.edu/props/volume-1/data/apcsp_11x7_jb0477_4994.txt,574,fb52919d663111cb88d43375ec2a0ff8412a9e7ede9ddf88b08ec711229a69e5,J       CT       CP       eta
volume-1/data/apcsp_11x7_jb0478_5000.txt,https://m-selig.ae.illinois.edu/props/volume-1/data/apcsp_11x7_jb0478_5000.txt,610,3d3e03997c911576a657ca61be782a8739cd00d49dcaa1a9c83ece5c1ffdb23b,J       CT       CP       eta
volume-1/data/apcsp_11x7_jb0479_5989.txt,https://m-selig.ae.illinois.edu/props/volume-1/data/apcsp_11x7_jb0479_5989.txt,574,77ad7d7111d3429725adb3ad9d5d537317a4a14df3d94ac63e76d6336384ee4b,J       CT       CP       eta
volume-1/data/apcsp_11x7_jb0480_6002.txt,https://m-selig.ae.illinois.edu/props/volume-1/data/apcsp_11x7_jb0480_6002.txt,800,fe20ed74cd19a85e3d289ee2e532a2c72ba17e0866a8e263242402f864e0816e,J       CT       CP       eta
volume-1/data/apcsp_11x7_kt0474_4003.txt,https://m-selig.ae.illinois.edu/props/volume-1/data/apcsp_11x7_kt0474_4003.txt,574,26218acfafc51fa7a47dd4360f7cbbdbb32cff5ad1bfa4db10b9eb1745b0703f,J       CT       CP       eta
volume-1/data/apcsp_11x7_static_kt0473.txt,https://m-selig.ae.illinois.edu/props/volume-1/data/apcsp_11x7_static_kt0473.txt,387,7919e647c5bf478722560041466acfc87548a1d354db1cba710de75536eaf2f3,RPM    CT       CP
volume-1/data/apcsp_11x8_geom.txt,https://m-selig.ae.illinois.edu/props/volume-1/data/apcsp_11x8_geom.txt,398,91846951cc667d6bcdbaa9394d77e524220c24351d83a1e48287c7e5ddbae66c,r/R    c/R     beta
volume-1/data/apcsp_11x8_pg0617_3013.txt,https://m-selig.ae.illinois.edu/props/volume-1/data/apcsp_11x8_pg0617_3013.txt,576,2e39afb51bbf5ad53f75b6a37fce3b792e99822adfab176353f6b8e8f3a08d35,J       CT       CP       eta
volume-1/data/apcsp_11x8_pg0618_3996.txt,https://m-selig.ae.illinois.edu/props/volume-1/data/apcsp_11x8_pg0618_3996.txt,574,1e0db9ffa00e05ed94becd834da57419f25a5aac4f2d6f443f7ccd037747e5ab,J       CT       CP       eta
volume-1/data/apcsp_11x8_pg0619_3997.txt,https://m-selig.ae.illinois.edu/props/volume-1/data/apcsp_11x8_pg0619_3997.txt,450,9aad620c4a3f3a8e8316c34c6b76995c97ca979dac6809e3b133a5bcc7000266,J       CT       CP       eta
volume-1/data/apcsp_11x8_pg0620_4998.txt,https://m-selig.ae.illinois.edu/props/volume-1/data/apcsp_11x8_pg0620_4998.txt,574,1ec62159e1a896cab0771ecbc4f24b84573b586783405f942528df97fc050e6c,J       CT       CP       eta
volume-1/data/apcsp_11x8_pg0621_5001.txt,https://m-selig.ae.illinois.edu/props/volume-1/data/apcsp_11x8_pg0621_5001.txt,674,e83f275e04671bd0a97d3101772eed528583538eb84705157d54c712c802d825,J       CT       CP       eta
volume-1/data/apcsp_11x8_pg0622_5994.txt,https://m-selig.ae.illinois.edu/props/volume-1/data/apcsp_11x8_pg0622_5994.txt,574,8da17d182673b1729fb56abe4bdc4a8b0fb3439689f3a9b79ab577e75f23657f,J       CT       CP       eta
volume-1/data/apcsp_11x8_pg0623_6011.txt,https://m-selig.ae.illinois.edu/props/volume-1/data/apcsp_11x8_pg0623_6011.txt,798,e0a3bcdad58bf6a691ea4a82911096303149a1eca1250bf05592b787ca5772f6,J       CT       CP       eta
volume-1/data/apcsp_11x8_static_pg0616.txt,https://m-selig.ae.illinois.edu/props/volume-1/data/apcsp_11x8_static_pg0616.txt,387,c243db26faf31b6e4dae34ad237fbb42ab0dcac99ed70ec9936b044a31c75e03,RPM    CT       CP
volume-1/data/apcsp_11x9_geom.txt,https://m-selig.ae.illinois.edu/props/volume-1/data/apcsp_11x9_geom.txt,398,57e5846ef8919dd5e8bddbdba0aa731401c939f7d5c96f00cf8091cb6505a28f,r/R    c/R     beta
volume-1/data/apcsp_11x9_pg0625_3011.txt,https://m-selig.ae.illinois.edu/props/volume-1/data/apcsp_11x9_pg0625_3011.txt,574,e97f0eac9c580da3f53bb0656664e3283e718b37a8f79cccf31a80ae22410bf3,J       CT       CP       eta
volume-1/data/apcsp_11x9_pg0626_4003.txt,https://m-selig.ae.illinois.edu/props/volume-1/data/apcsp_11x9_pg0626_4003.txt,574,db5e50708f56500c8268e34ba5dcb0cc7ebe3fe2b5e4ab158c8c01cdc748914e,J       CT       CP       eta
volume-1/data/apcsp_11x9_pg0627_4007.txt,https://m-selig.ae.illinois.edu/props/volume-1/data/apcsp_11x9_pg0627_4007.txt,512,62b965ecbea56f0e3d42e1095f6d3d2c7932bc67fd2534da8879df78712833e6,J       CT       CP       eta
volume-1/data/apcsp_11x9_pg0628_4993.txt,https://m-selig.ae.illinois.edu/props/volume-1/data/apcsp_11x9_pg0628_4993.txt,574,647cde44f0fc48b64fcdb0998a0913bc6b1caa8227f41a0656de2050d750300e,J       CT       CP       eta
volume-1/data/apcsp_11x9_pg0629_5006.txt,https://m-selig.ae.illinois.edu/props/volume-1/data/apcsp_11x9_pg0629_5006.txt,768,aa013f621d8e70e415f7bf83cf489913105776b54147db806e57b9af4a57ad4e,J       CT       CP       eta
volume-1/data/apcsp_11x9_pg0630_5793.txt,https://m-selig.ae.illinois.edu/props/volume-1/data/apcsp_11x9_pg0630_5793.txt,574,de03c75f558a4ced576857c46c04f101e0f52ccafe86a5e08a97575d51ee6df5,J       CT       CP       eta
volume-1/data/apcsp_11x9_pg0631_5795.txt,https://m-selig.ae.illinois.edu/props/volume-1/data/apcsp_11x9_pg0631_5795.txt,798,a777df92aa5701388e684b39040d6a5cf2ec3ca018e76259777bff1f6941c9ff,J       CT       CP       eta
volume-1/data/apcsp_11x9_static_pg0624.txt,https://m-selig.ae.illinois.edu/props/volume-1/data/apcsp_11x9_static_pg0624.txt,387,e1e84828b7d483fe3551a8be02a5f46e18135a33df71d5d0fda121d457620336,RPM    CT       CP
volume-1/data/apcsp_14x13_geom.txt,https://m-selig.ae.illinois.edu/props/volume-1/data/apcsp_14x13_geom.txt,398,5ce21cc3e37ae65074cd958b774a0d6aa74dd843f6a3a908dc301d19a8e852f3,r/R    c/R     beta
volume-1/data/apcsp_14x13_jb1049_2003.txt,https://m-selig.ae.illinois.edu/props/volume-1/data/apcsp_14x13_jb1049_2003.txt,512,35207a4c912c443e6bf47537378cc5672a22e58b2c4fd0d18a447f16b26e40eb,J       CT       CP       eta
volume-1/data/apcsp_14x13_jb1050_2508.txt,https://m-selig.ae.illinois.edu/props/volume-1/data/apcsp_14x13_jb1050_2508.txt,510,527b741f7ec559b7f470db6bdd4e2e28e163ad7e650815fd1a31f00bef4c700b,J       CT       CP       eta
volume-1/data/apcsp_14x13_jb1051_2503.txt,https://m-selig.ae.illinois.edu/props/volume-1/data/apcsp_14x13_jb1051_2503.txt,320,9728174c3f404f9e9b0effd5c74fbf972d66182721aecdbae741f921bc0fb04e,J       CT       CP       eta
volume-1/data/apcsp_14x13_jb1052_2998.txt,https://m-selig.ae.illinois.edu/props/volume-1/data/apcsp_14x13_jb1052_2998.txt,510,38b17fe0a9a020ecd0003c2e196acf40871e228ac88a220d262016840a1151e4,J       CT       CP       eta
volume-1/data/apcsp_14x13_jb1053_3003.txt,https://m-selig.ae.illinois.edu/props/volume-1/data/apcsp_14x13_jb1053_3003.txt,478,bddbc78948857431831382d1038f6b581358e10faad89784e912e43347f373c8,J       CT       CP       eta
volume-1/data/apcsp_14x13_jb1054_3508.txt,https://m-selig.ae.illinois.edu/props/volume-1/data/apcsp_14x13_jb1054_3508.txt,510,935d48a1c6992ea615f5cd27c1e88e4ab1bc5c96329f0ec88d6ce6a8deabb1ee,J       CT       CP       eta
volume-1/data/apcsp_14x13_jb1055_3504.txt,https://m-selig.ae.illinois.edu/props/volume-1/data/apcsp_14x13_jb1055_3504.txt,638,65c4ed942025e31f451eab19fd32aac0e97caf8b6c878d5c8fcc3402d2773c07,J       CT       CP       eta
volume-1/data/apcsp_14x13_static_jb1048.txt,https://m-selig.ae.illinois.edu/props/volume-1/data/apcsp_14x13_static_jb1048.txt,387,912d39f5d63eb8a4f5131f03c83efd38e5af976bc7e46e779448430892032e94,RPM    CT       CP
volume-1/data/apcsp_7x6_2931cm_4015.txt,https://m-selig.ae.illinois.edu/props/volume-1/data/apcsp_7x6_2931cm_4015.txt,578,784a913e92188c90eb6c72146474f168b7d462da0e87139ba7fae933c7faa422,J       CT       CP       eta
volume-1/data/apcsp_7x6_2932cm_5024.txt,https://m-selig.ae.illinois.edu/props/volume-1/data/apcsp_7x6_2932cm_5024.txt,574,1edd54af8e13fe31802c7f97d32557e38bf82513818059971d8d7b2fadf29fe1,J       CT       CP       eta
volume-1/data/apcsp_7x6_2933cm_6024.txt,https://m-selig.ae.illinois.edu/props/volume-1/data/apcsp_7x6_2933cm_6024.txt,574,102a166273f0daa3f7900b5d6458c85aa7cf88fa393e735b53be3d01e75ec881,J       CT       CP       eta
volume-1/data/apcsp_7x6_2934cm_6023.txt,https://m-selig.ae.illinois.edu/props/volume-1/data/apcsp_7x6_2934cm_6023.txt,482,11087f1d26b51d1470bca2addff736c665d5400710d80d85814792295c342831,J       CT       CP       eta
volume-1/data/apcsp_7x6_2935cm_7020.txt,https://m-selig.ae.illinois.edu/props/volume-1/data/apcsp_7x6_2935cm_7020.txt,574,6e41fcc9b42898d2c261390f1cda899435c9d96dca45db1d0c2f96007e9354e6,J       CT       CP       eta
volume-1/data/apcsp_7x6_2936cm_7021.txt,https://m-selig.ae.illinois.edu/props/volume-1/data/apcsp_7x6_2936cm_7021.txt,644,68d8a9c9b84a2abaa4e5297895b717a014f3e7931d874239cb2dde5af5cf01ce,J       CT       CP       eta
volume-1/data/apcsp_7x6_static_2930cm.txt,https://m-selig.ae.illinois.edu/props/volume-1/data/apcsp_7x6_static_2930cm.txt,387,1724b11835bb2de14601f9c7a55b9c805744605f8f20701683d2cf5424ef07bb,RPM    CT       CP
volume-1/data/apcsp_7x9_2898cm_4010.txt,https://m-selig.ae.illinois.edu/props/volume-1/data/apcsp_7x9_2898cm_4010.txt,574,8cf9b729ec3e3275b34c9364556dd9afccbb8a6efed31ea14a15cfa5745bf757,J       CT       CP       eta
volume-1/data/apcsp_7x9_2899cm_5024.txt,https://m-selig.ae.illinois.edu/props/volume-1/data/apcsp_7x9_2899cm_5024.txt,574,8b3f15593c00fa44e5230d5a69cf20208ee50d3e43280543f2e89e596dbe2f9b,J       CT       CP       eta
volume-1/data/apcsp_7x9_2900cm_5013.txt,https://m-selig.ae.illinois.edu/props/volume-1/data/apcsp_7x9_2900cm_5013.txt,612,d86cb31ff769cded2194b2bef5d47f7017c0156b3b77cb190f0fe7a332a1c3c9,J       CT       CP       eta
volume-1/data/apcsp_7x9_2901cm_6022.txt,https://m-selig.ae.illinois.edu/props/volume-1/data/apcsp_7x9_2901cm_6022.txt,574,d7f7759949c2447ac07b1742d0cb315049a49b91a6e397185f0b125db03deab2,J       CT       CP       eta
volume-1/data/apcsp_7x9_2902cm_6016.txt,https://m-selig.ae.illinois.edu/props/volume-1/data/apcsp_7x9_2902cm_6016.txt,802,577af85412604636962e0ba46506d2ad9580227b9fb423cf9744d4c053d40946,J       CT       CP       eta
volume-1/data/apcsp_7x9_2903cm_6829.txt,https://m-selig.ae.illinois.edu/props/volume-1/data/apcsp_7x9_2903cm_6829.txt,574,8ca228fbb961486cc1a50468b8d60a18e1c3b72cd4baffa11da799414118b8ea,J       CT       CP       eta
volume-1/data/apcsp_7x9_2904cm_6814.txt,https://m-selig.ae.illinois.edu/props/volume-1/data/apcsp_7x9_2904cm_6814.txt,798,61347f70ecc23cf21970f0b93dbf035f1ec4b35b2335dfec473cfb3a07144f0a,J       CT       CP       eta
volume-1/data/apcsp_7x9_static_2897cm.txt,https://m-selig.ae.illinois.edu/props/volume-1/data/apcsp_7x9_static_2897cm.txt,387,f90417aef6bd9b207e2e6d017668cec9ebdcfe585e2216221961712380f167cb,RPM    CT       CP
volume-1/data/apcsp_8x10_2732rd_3006.txt,https://m-selig.ae.illinois.edu/props/volume-1/data/apcsp_8x10_2732rd_3006.txt,574,68cfb71d7c43d744aa8506ed61e97cbbc645f99be263c4892740a3fc73f24a41,J       CT       CP       eta
volume-1/data/apcsp_8x10_2733rd_4014.txt,https://m-selig.ae.illinois.edu/props/volume-1/data/apcsp_8x10_2733rd_4014.txt,574,1b3e2322783cd878942d1c7ec2301b3de89302e9752ec83a3d3ef5cb289e89b3,J       CT       CP       eta
volume-1/data/apcsp_8x10_2734rd_4004.txt,https://m-selig.ae.illinois.edu/props/volume-1/data/apcsp_8x10_2734rd_4004.txt,617,f7636a7fa0c46e1d8284feea613bc12e768c8c11df57ef364b04383f30e07d76,J       CT       CP       eta
volume-1/data/apcsp_8x10_2735rd_5003.txt,https://m-selig.ae.illinois.edu/props/volume-1/data/apcsp_8x10_2735rd_5003.txt,574,7a374f3195241ba11295c1dda7d1d89f1c532fbd7cbbc7987bd4d24d13f7f98a,J       CT       CP       eta
volume-1/data/apcsp_8x10_2736rd_5015.txt,https://m-selig.ae.illinois.edu/props/volume-1/data/apcsp_8x10_2736rd_5015.txt,806,9249bf4c7236673b14cdc0fdad62e56df5655560e12af96aea522e159ee4567d,J       CT       CP       eta
volume-1/data/apcsp_8x10_2737rd_6015.txt,https://m-selig.ae.illinois.edu/props/volume-1/data/apcsp_8x10_2737rd_6015.txt,574,7af9b4f8e16f02d401fe1db9e7224ef2bf00954d3801f38ad1b8093ba50c42aa,J       CT       CP       eta
volume-1/data/apcsp_8x10_2738rd_6018.txt,https://m-selig.ae.illinois.edu/props/volume-1/data/apcsp_8x10_2738rd_6018.txt,798,1ab7157dc7484696db7b648d1c536886dfd3680734f51021348dfc21531dce7a,J       CT       CP       eta
volume-1/data/apcsp_8x10_static_2731rd.txt,https://m-selig.ae.illinois.edu/props/volume-1/data/apcsp_8x10_static_2731rd.txt,387,b7682d5924a3530450ff6fc7c5c14af8c1a0cb4c0244208fdb8f9b7a0985b3f2,RPM    CT       CP
volume-1/data/apcsp_8x4_2682rd_4014.txt,https://m-selig.ae.illinois.edu/props/volume-1/data/apcsp_8x4_2682rd_4014.txt,416,5db1c079ca0e2fb433bfb68b7f6dcd7b0fad185f37a82288742eea762704ffbb,J       CT       CP       eta
volume-1/data/apcsp_8x4_2683rd_5009.txt,https://m-selig.ae.illinois.edu/props/volume-1/data/apcsp_8x4_2683rd_5009.txt,510,10347fe986f8df372db9c7a5e51a8fe0c2822cc53ec9f42d2edabf05e31716a6,J       CT       CP       eta
volume-1/data/apcsp_8x4_2684rd_6011.txt,https://m-selig.ae.illinois.edu/props/volume-1/data/apcsp_8x4_2684rd_6011.txt,574,965a6c31c2582081d7aeabf9dc9c60917d15dad80d5743887a47db9d3db14356,J       CT       CP       eta
volume-1/data/apcsp_8x4_2685rd_7010.txt,https://m-selig.ae.illinois.edu/props/volume-1/data/apcsp_8x4_2685rd_7010.txt,574,9aa5b348585b194e456a340126e91075d83a8975908c669bdab234064d63d5e8,J       CT       CP       eta
volume-1/data/apcsp_8x4_2686rd_7019.txt,https://m-selig.ae.illinois.edu/props/volume-1/data/apcsp_8x4_2686rd_7019.txt,352,c44d82791f510727c607d8f8e0437382ed79b4662aebc826ad02bfc1e043dccf,J       CT       CP       eta
volume-1/data/apcsp_8x4_static_2681rd.txt,https://m-selig.ae.illinois.edu/props/volume-1/data/apcsp_8x4_static_2681rd.txt,387,1c3677a9d3b685b61358765ebfd8e67f0fba82ce554267db82336c4b0504c220,RPM    CT       CP
volume-1/data/apcsp_8x5_2688rd_4003.txt,https://m-selig.ae.illinois.edu/props/volume-1/data/apcsp_8x5_2688rd_4003.txt,514,56c51ba039839d07103df18748d43b334cd05dde5a57c51603977ebbf627ace0,J       CT       CP       eta
volume-1/data/apcsp_8x5_2689rd_5013.txt,https://m-selig.ae.illinois.edu/props/volume-1/data/apcsp_8x5_2689rd_5013.txt,574,a2bf7bc4e816afd9b501725754ed393de277226c56740cc33f9c5c706adbdae8,J       CT       CP       eta
volume-1/data/apcsp_8x5_2690rd_6013.txt,https://m-selig.ae.illinois.edu/props/volume-1/data/apcsp_8x5_2690rd_6013.txt,574,aff7ba6c110bb35e9ea3393ab8340dff92529460db95a5e57227b85d1006677b,J       CT       CP       eta
volume-1/data/apcsp_8x5_2692rd_7023.txt,https://m-selig.ae.illinois.edu/props/volume-1/data/apcsp_8x5_2692rd_7023.txt,574,ccd7c5c7d0fbcc6fcd60bd28d01827debb6d964d9cc2506e64e32655896028a6,J       CT       CP       eta
volume-1/data/apcsp_8x5_2694rd_6012.txt,https://m-selig.ae.illinois.edu/props/volume-1/data/apcsp_8x5_2694rd_6012.txt,386,5c1e6a0bf4fcd140444b1e154cbc732b5644675829d9311318df15ac44200d50,J       CT       CP       eta
volume-1/data/apcsp_8x5_2695rd_7017.txt,https://m-selig.ae.illinois.edu/props/volume-1/data/apcsp_8x5_2695rd_7017.txt,514,c3781bb3ed04793a91caae856e1460fb28e7a68e4560d0c49c9d93d5e716d8cd,J       CT       CP       eta
volume-1/data/apcsp_8x5_static_2687rd.txt,https://m-selig.ae.illinois.edu/props/volume-1/data/apcsp_8x5_static_2687rd.txt,387,6d5cd7a5131343bfa86b36457aa2f6250c284dee8f8658f48fd37e22993d9ed8,RPM    CT       CP
volume-1/data/apcsp_8x6_2697rd_4001.txt,https://m-selig.ae.illinois.edu/props/volume-1/data/apcsp_8x6_2697rd_4001.txt,576,db4da986eb302e008627fea4f10718f66d39671ed9ccb045022cf12038700ca8,J       CT       CP       eta
volume-1/data/apcsp_8x6_2698rd_5020.txt,https://m-selig.ae.illinois.edu/props/volume-1/data/apcsp_8x6_2698rd_5020.txt,574,2af07d0cec0b0ba8a4103023cb0a38b21d3192aa531c12bdb1d4ad908104f03d,J       CT       CP       eta
volume-1/data/apcsp_8x6_2699rd_5005.txt,https://m-selig.ae.illinois.edu/props/volume-1/data/apcsp_8x6_2699rd_5005.txt,388,c07d1625b08a9e20df2daf99d172dd755fcddb071d4ebc78b7d9dcd4fab7b59b,J       CT       CP       eta
volume-1/data/apcsp_8x6_2700rd_6005.txt,https://m-selig.ae.illinois.edu/props/volume-1/data/apcsp_8x6_2700rd_6005.txt,574,b57fb353313c8785a94a2238483c4ccf7bb6c2f02a6a27d84197e8c6a2766ee6,J       CT       CP       eta
volume-1/data/apcsp_8x6_2701rd_6012.txt,https://m-selig.ae.illinois.edu/props/volume-1/data/apcsp_8x6_2701rd_6012.txt,548,287a95e53bacd0284bd587dfadca1f816619599c82999d8ea3d2cc2051cea789,J       CT       CP       eta
volume-1/data/apcsp_8x6_2702rd_6901.txt,https://m-selig.ae.illinois.edu/props/volume-1/data/apcsp_8x6_2702rd_6901.txt,574,3420fac21ab0ed6b94e18ac6bce8c3b81701a2cd500d9793596a6a61b6bd9597,J       CT       CP       eta
volume-1/data/apcsp_8x6_2703rd_6920.txt,https://m-selig.ae.illinois.edu/props/volume-1/data/apcsp_8x6_2703rd_6920.txt,708,5786b4be51c9fe8da2317c974a658038c024ff5b2be931a16709897f6305de68,J       CT       CP       eta
volume-1/data/apcsp_8x6_static_2696rd.txt,https://m-selig.ae.illinois.edu/props/volume-1/data/apcsp_8x6_static_2696rd.txt,387,eef75f7fff74db9c9e0e09aa960ff88d7b90fb8c408842d1749c80bafb2b0bd8,RPM    CT       CP
volume-1/data/apcsp_8x7_2705rd_4009.txt,https://m-selig.ae.illinois.edu/props/volume-1/data/apcsp_8x7_2705rd_4009.txt,574,7a451398d58367283798a85c29eb6fc1b542a566e2cf14a52de6f2485d192125,J       CT       CP       eta
volume-1/data/apcsp_8x7_2706rd_5015.txt,https://m-selig.ae.illinois.edu/props/volume-1/data/apcsp_8x7_2706rd_5015.txt,574,dfca5d5b20bc9992fd3987edee5386ed4b511615dceaa9179fb2f2dc5b336762,J       CT       CP       eta
volume-1/data/apcsp_8x7_2707rd_5001.txt,https://m-selig.ae.illinois.edu/props/volume-1/data/apcsp_8x7_2707rd_5001.txt,420,ab8ade7ae07aa520cb8f3ce275c6a08d8b05dc9294d000840749f9b7d0671c31,J       CT       CP       eta
volume-1/data/apcsp_8x7_2708rd_5998.txt,https://m-selig.ae.illinois.edu/props/volume-1/data/apcsp_8x7_2708rd_5998.txt,574,ef4cd04d3e4ce2b992d53a6c082650c9f72b791bdb9321bbce4e731043a738bc,J       CT       CP       eta
volume-1/data/apcsp_8x7_2709rd_6011.txt,https://m-selig.ae.illinois.edu/props/volume-1/data/apcsp_8x7_2709rd_6011.txt,578,0df80c852a8fcac4104db94550e1896512c2888576bdcfa671a77fb14954b9ab,J       CT       CP       eta
volume-1/data/apcsp_8x7_2710rd_6799.txt,https://m-selig.ae.illinois.edu/props/volume-1/data/apcsp_8x7_2710rd_6799.txt,574,1bc460f8dc7f2aaeae83f4f896eea7742ce7218a0134b9983368d6f2b2c524ad,J       CT       CP       eta
volume-1/data/apcsp_8x7_2711rd_6812.txt,https://m-selig.ae.illinois.edu/props/volume-1/data/apcsp_8x7_2711rd_6812.txt,740,497d21f4516bc8b9fd28536a2e7ec0dd3134c27d3dd8e22f6ff36b6d2c563cee,J       CT       CP       eta
volume-1/data/apcsp_8x7_static_2704rd.txt,https://m-selig.ae.illinois.edu/props/volume-1/data/apcsp_8x7_static_2704rd.txt,387,39cec5514626b3228712b4c309031d9a591f7304b4f1a6098c5e825b1dc25a23,RPM    CT       CP
volume-1/data/apcsp_8x8_2713rd_4019.txt,https://m-selig.ae.illinois.edu/props/volume-1/data/apcsp_8x8_2713rd_4019.txt,574,86ab6cc0d01cacfbf0ce8cfd70a2c3df156dbd3011056001d3e4c66fa9879979,J       CT       CP       eta
volume-1/data/apcsp_8x8_2714rd_5030.txt,https://m-selig.ae.illinois.edu/props/volume-1/data/apcsp_8x8_2714rd_5030.txt,574,cc1e01103ebf50beb9eda1e8fd685b551c6e96ca1ad3322462753ec112194057,J       CT       CP       eta
volume-1/data/apcsp_8x8_2715rd_5007.txt,https://m-selig.ae.illinois.edu/props/volume-1/data/apcsp_8x8_2715rd_5007.txt,580,aa4a84f76ec46fea38c717addc956d7fc3f2a08ac8713123159e2a5450a9ab54,J       CT       CP       eta
volume-1/data/apcsp_8x8_2716rd_6021.txt,https://m-selig.ae.illinois.edu/props/volume-1/data/apcsp_8x8_2716rd_6021.txt,574,817668b3eeb1218dfc558c4a0d1ee3971d5136889a2a5774c406014f06b25861,J       CT       CP       eta
volume-1/data/apcsp_8x8_2717rd_6015.txt,https://m-selig.ae.illinois.edu/props/volume-1/data/apcsp_8x8_2717rd_6015.txt,770,218be65bb9b0f884d6d73a2c633c1361299cdd5cc679e13203cbaed528ff01f4,J       CT       CP       eta
volume-1/data/apcsp_8x8_2718rd_6626.txt,https://m-selig.ae.illinois.edu/props/volume-1/data/apcsp_8x8_2718rd_6626.txt,574,09db323696ab137a51ef4f9533a0d22439c1230766e26146f96ce866341af551,J       CT       CP       eta
volume-1/data/apcsp_8x8_2719rd_6617.txt,https://m-selig.ae.illinois.edu/props/volume-1/data/apcsp_8x8_2719rd_6617.txt,798,beb0e879f0fc9e86692d0567fbec93f2b1135aadfb3c9bf5c78b9cc5bff7911f,J       CT       CP       eta
volume-1/data/apcsp_8x8_static_2712rd.txt,https://m-selig.ae.illinois.edu/props/volume-1/data/apcsp_8x8_static_2712rd.txt,387,f8990c9b960696cc740ccab2cd08c51573f6d57a9aaf48974908946fae38f2e5,RPM    CT       CP
volume-1/data/apcsp_8x9_2721rd_4017.txt,https://m-selig.ae.illinois.edu/props/volume-1/data/apcsp_8x9_2721rd_4017.txt,574,aaddb480ce3972e38d6eacd7800172457e40bd0d81bf2b119f85fa732be589f2,J       CT       CP       eta
volume-1/data/apcsp_8x9_2722rd_4008.txt,https://m-selig.ae.illinois.edu/props/volume-1/data/apcsp_8x9_2722rd_4008.txt,486,36042bf46a324bd16663aba7bb8df144fe2dd81ab949c13a8a670b1d8aa2e443,J       CT       CP       eta
volume-1/data/apcsp_8x9_2725rd_6018.txt,https://m-selig.ae.illinois.edu/props/volume-1/data/apcsp_8x9_2725rd_6018.txt,574,750ee842f35ed0a9dd81d73616ead86ea23e664a3e8183fcfdc35e1bc0e22a5b,J       CT       CP       eta
volume-1/data/apcsp_8x9_2726rd_6006.txt,https://m-selig.ae.illinois.edu/props/volume-1/data/apcsp_8x9_2726rd_6006.txt,798,e5e8559b4af26c6cbf419236a2989abcfed7752d75dcdd959e29649dfb2c385b,J       CT       CP       eta
volume-1/data/apcsp_8x9_2727rd_6412.txt,https://m-selig.ae.illinois.edu/props/volume-1/data/apcsp_8x9_2727rd_6412.txt,574,d9d2f65de1423ed6c4f36a3533e5d92245485da5136fe8210518e838b11bdfa8,J       CT       CP       eta
volume-1/data/apcsp_8x9_2728rd_6416.txt,https://m-selig.ae.illinois.edu/props/volume-1/data/apcsp_8x9_2728rd_6416.txt,798,f7a227178c8a623e01c8701a6d9210cb8b64405ec1dbcdaf8173201a890315f5,J       CT       CP       eta
volume-1/data/apcsp_8x9_2729rd_5015.txt,https://m-selig.ae.illinois.edu/props/volume-1/data/apcsp_8x9_2729rd_5015.txt,574,e49bb204db8716ebff90ce5f46c33d4983a4206bc793e8db6571d0d601231e8b,J       CT       CP       eta
volume-1/data/apcsp_8x9_2730rd_5016.txt,https://m-selig.ae.illinois.edu/props/volume-1/data/apcsp_8x9_2730rd_5016.txt,478,1abb35c6b7066928563fc9d38cc9cacedae006bbe94b2bee65db368bc63c7d2f,J       CT       CP       eta
volume-1/data/apcsp_8x9_static_2720rd.txt,https://m-selig.ae.illinois.edu/props/volume-1/data/apcsp_8x9_static_2720rd.txt,387,6277fdaf5b97daaa51e697345cdeed49f4b36c61dc30cbda169c96b526afc521,RPM    CT       CP
volume-1/data/apcsp_9x10_2514rd_3005.txt,https://m-selig.ae.illinois.edu/props/volume-1/data/apcsp_9x10_2514rd_3005.txt,574,1c89c59b87a07a819eef4bcfc3a0dc312bf0dbb3b6b870f3a36722490bbe406a,J       CT       CP       eta
volume-1/data/apcsp_9x10_2515rd_4016.txt,https://m-selig.ae.illinois.edu/props/volume-1/data/apcsp_9x10_2515rd_4016.txt,574,798f1efa5e8dae970ced884bab8f706aa8e566fc65fdb42bd7adaf11a8c4f0ca,J       CT       CP       eta
volume-1/data/apcsp_9x10_2516rd_4009.txt,https://m-selig.ae.illinois.edu/props/volume-1/data/apcsp_9x10_2516rd_4009.txt,516,bef13c0a377e541b7a6b1b25c2a62ef8137b3110de2801e0c36469f8e71d6672,J       CT       CP       eta
volume-1/data/apcsp_9x10_2517rd_5019.txt,https://m-selig.ae.illinois.edu/props/volume-1/data/apcsp_9x10_2517rd_5019.txt,574,16ddaa92cc2d0d306d8e143badeb492988c400dbd23e6683e28917bb7984856e,J       CT       CP       eta
volume-1/data/apcsp_9x10_2518rd_5011.txt,https://m-selig.ae.illinois.edu/props/volume-1/data/apcsp_9x10_2518rd_5011.txt,738,2c5a8058b379c7829cb7a42c3b3b0f12bd0d23cc4a9bea3514950aa1a3c8bcd6,J       CT       CP       eta
volume-1/data/apcsp_9x10_2519rd_5999.txt,https://m-selig.ae.illinois.edu/props/volume-1/data/apcsp_9x10_2519rd_5999.txt,574,e843548e956aa33f6eb31a3441a9ca35d8a28754fb5821ae681af6cd47b408d1,J       CT       CP       eta
volume-1/data/apcsp_9x10_2520rd_6020.txt,https://m-selig.ae.illinois.edu/props/volume-1/data/apcsp_9x10_2520rd_6020.txt,798,108b5051f4169496619bcd2a3e474879133087d772727db2364c764d3bbf5c12,J       CT       CP       eta
volume-1/data/apcsp_9x10_static_2513rd.txt,https://m-selig.ae.illinois.edu/props/volume-1/data/apcsp_9x10_static_2513rd.txt,387,611831d75ec1c7611d07a7d0d8a6ee80cf2d0d58d66a66cebd314e3613de068b,RPM    CT       CP
volume-1/data/apcsp_9x6_2359rd_4004.txt,https://m-selig.ae.illinois.edu/props/volume-1/data/apcsp_9x6_2359rd_4004.txt,574,805927edf271a1e43291052f26986ff0e2e3bc3f5da59839fc558ec6e3a7fa94,J       CT       CP       eta
volume-1/data/apcsp_9x6_2360rd_5024.txt,https://m-selig.ae.illinois.edu/props/volume-1/data/apcsp_9x6_2360rd_5024.txt,574,c20432382ac98d2cc551a073c8fbbff2af023534abb210fc4bd9050e29094def,J       CT       CP       eta
volume-1/data/apcsp_9x6_2361rd_5001.txt,https://m-selig.ae.illinois.edu/props/volume-1/data/apcsp_9x6_2361rd_5001.txt,386,b20df6cc40d688d400474423562d6f24b7021436081fdd572be107ef464b8189,J       CT       CP       eta
volume-1/data/apcsp_9x6_2362rd_5993.txt,https://m-selig.ae.illinois.edu/props/volume-1/data/apcsp_9x6_2362rd_5993.txt,574,79fe6acbc9f9558cab3ddf6dbd1a9cbd3a9ec8309b0ca7d505f149f41ee32aa1,J       CT       CP       eta
volume-1/data/apcsp_9x6_2363rd_6007.txt,https://m-selig.ae.illinois.edu/props/volume-1/data/apcsp_9x6_2363rd_6007.txt,544,9c72b8168fe09ce80da77ced10790acc79f2cd7681f99baf8f4afd7d8ea1dcae,J       CT       CP       eta
volume-1/data/apcsp_9x6_2364rd_6482.txt,https://m-selig.ae.illinois.edu/props/volume-1/data/apcsp_9x6_2364rd_6482.txt,574,ad5a1d5c37de9cbe0e2992a52294eb6717f7f194e7c304e86b77fc9b949752bc,J       CT       CP       eta
volume-1/data/apcsp_9x6_2365rd_6514.txt,https://m-selig.ae.illinois.edu/props/volume-1/data/apcsp_9x6_2365rd_6514.txt,642,5f3a8734a0560386253d3c32d200f7bc3b2cef1bf60f26ddff7f5708a4d3f023,J       CT       CP       eta
volume-1/data/apcsp_9x6_static_2532rd.txt,https://m-selig.ae.illinois.edu/props/volume-1/data/apcsp_9x6_static_2532rd.txt,387,fe5fcdd9472cf3663c50cb599deacb00e8565ee9c820a4e9b6e684af3c96e049,RPM    CT       CP
volume-1/data/apcsp_9x7_geom.txt,https://m-selig.ae.illinois.edu/props/volume-1/data/apcsp_9x7_geom.txt,398,06b03dd52a5950a8c044c6784665986a0cf36455a3cfe847377aff9e2668c475,r/R    c/R     beta
volume-1/data/apcsp_9x7_kj1014_6018.txt,https://m-selig.ae.illinois.edu/props/volume-1/data/apcsp_9x7_kj1014_6018.txt,608,e2a1de3697138d47559ea838dd68706db2cc94ff49019eb04b55612f546dbaf1,J       CT       CP       eta
volume-1/data/apcsp_9x7_kj1015_6685.txt,https://m-selig.ae.illinois.edu/props/volume-1/data/apcsp_9x7_kj1015_6685.txt,574,f5b12a320fa2b4abc97b93e7affc2c16c1cad0704de226bce3f821f1d6872437,J       CT       CP       eta
volume-1/data/apcsp_9x7_kj1016_6708.txt,https://m-selig.ae.illinois.edu/props/volume-1/data/apcsp_9x7_kj1016_6708.txt,736,aea4ebfc885ad57570b2e5b30b3108edaaad57142136831c0d1ebe4aaaac5115,J       CT       CP       eta
volume-1/data/apcsp_9x7_kt1010_3999.txt,https://m-selig.ae.illinois.edu/props/volume-1/data/apcsp_9x7_kt1010_3999.txt,574,e8d914e5c0076d0223382bda7e14df0053a2325f5e1022279e8bfa9535a9709e,J       CT       CP       eta
volume-1/data/apcsp_9x7_kt1011_5017.txt,https://m-selig.ae.illinois.edu/props/volume-1/data/apcsp_9x7_kt1011_5017.txt,574,0e767c81eff3e167d21675e145dc066e807d45eb3affece5e4b01cfee87402f9,J       CT       CP       eta
volume-1/data/apcsp_9x7_kt1012_5000.txt,https://m-selig.ae.illinois.edu/props/volume-1/data/apcsp_9x7_kt1012_5000.txt,416,c21d7f0d43c9ee883236b92bfaf0804c241d019e7aa525485640dffcfc3d6f79,J       CT       CP       eta
volume-1/data/apcsp_9x7_kt1013_6006.txt,https://m-selig.ae.illinois.edu/props/volume-1/data/apcsp_9x7_kt1013_6006.txt,574,abb42d027bea56c9327f507c6e95b8c59525da9959443fe53b6450b40b79a676,J       CT       CP       eta
volume-1/data/apcsp_9x7_static_kt1009.txt,https://m-selig.ae.illinois.edu/props/volume-1/data/apcsp_9x7_static_kt1009.txt,387,9058c9bfabdf37b3379e8991a9e4900d6d8053a611ca1a531a634a086eec5822,RPM    CT       CP
volume-1/data/apcsp_9x8_2523rd_3004.txt,https://m-selig.ae.illinois.edu/props/volume-1/data/apcsp_9x8_2523rd_3004.txt,546,f36daf25c3ee0a016fc339a3471b4062c0555afd3d971dc94aed8a92d243c427,J       CT       CP       eta
volume-1/data/apcsp_9x8_2524rd_4014.txt,https://m-selig.ae.illinois.edu/props/volume-1/data/apcsp_9x8_2524rd_4014.txt,574,94a6e519810f3ef59758cc994a49ee425cc844d3866573225288c5fa4a6b0a03,J       CT       CP       eta
volume-1/data/apcsp_9x8_2525rd_3996.txt,https://m-selig.ae.illinois.edu/props/volume-1/data/apcsp_9x8_2525rd_3996.txt,322,668ae72d83b189ec4d671dac4fcad875f3a9410951c09a0cbe3f4a2135fb7235,J       CT       CP       eta
volume-1/data/apcsp_9x8_2526rd_5009.txt,https://m-selig.ae.illinois.edu/props/volume-1/data/apcsp_9x8_2526rd_5009.txt,574,10129bc635687eed1e23e8eef9368ee7871ef1e2d320701f11cd80f21c01f1bd,J       CT       CP       eta
volume-1/data/apcsp_9x8_2527rd_5009.txt,https://m-selig.ae.illinois.edu/props/volume-1/data/apcsp_9x8_2527rd_5009.txt,580,f83e8a7ff9e4679989c40d84ab21b2898d7aa1fa61378d99107be3dd7ede5319,J       CT       CP       eta
volume-1/data/apcsp_9x8_2528rd_6028.txt,https://m-selig.ae.illinois.edu/props/volume-1/data/apcsp_9x8_2528rd_6028.txt,574,c06125ed44d31d8687a5a2fd53063ecc2e775f8d840d9ac2ed6ab8492eb9fb36,J       CT       CP       eta
volume-1/data/apcsp_9x8_2529rd_6007.txt,https://m-selig.ae.illinois.edu/props/volume-1/data/apcsp_9x8_2529rd_6007.txt,772,dd1f1e6d9b449a2a43386d3206e11b33e6fcfacd6b59f7d445f44084323d1771,J       CT       CP       eta
volume-1/data/apcsp_9x8_static_2530rd.txt,https://m-selig.ae.illinois.edu/props/volume-1/data/apcsp_9x8_static_2530rd.txt,387,43410a9550ff4a2c6398893ad2c583f7c278cd4d69b279c4a8cae8101f10b398,RPM    CT       CP
volume-1/data/apcsp_9x9_2505rd_3013.txt,https://m-selig.ae.illinois.edu/props/volume-1/data/apcsp_9x9_2505rd_3013.txt,576,08d87c47f412519bbb9954e726c0cdd51cff17129590dbf0cdde9163acd709b1,J       CT       CP       eta
volume-1/data/apcsp_9x9_2506rd_4016.txt,https://m-selig.ae.illinois.edu/props/volume-1/data/apcsp_9x9_2506rd_4016.txt,574,a6f897e0e2fba2ca1cd332b7a4f806db44e3695b9a8dc7110797b1e1d93c53df,J       CT       CP       eta
volume-1/data/apcsp_9x9_2507rd_4001.txt,https://m-selig.ae.illinois.edu/props/volume-1/data/apcsp_9x9_2507rd_4001.txt,452,cac4987f29d36c4dbc295caf7fbc8e62c714ba47bba8e00dc7232e3811a6cde6,J       CT       CP       eta
volume-1/data/apcsp_9x9_2508rd_5015.txt,https://m-selig.ae.illinois.edu/props/volume-1/data/apcsp_9x9_2508rd_5015.txt,574,5c416debe560f6fe10c2d54179efa6c88a9b3006dca7a238d77ce0f0bd8b74c9,J       CT       CP       eta
volume-1/data/apcsp_9x9_2510rd_5010.txt,https://m-selig.ae.illinois.edu/props/volume-1/data/apcsp_9x9_2510rd_5010.txt,674,b85d02be2d35e871b09167742e72ae4a522fe39a0975b56649080b1314e609f2,J       CT       CP       eta
volume-1/data/apcsp_9x9_2511rd_5915.txt,https://m-selig.ae.illinois.edu/props/volume-1/data/apcsp_9x9_2511rd_5915.txt,574,ed6587580fb59bfe3c0b4972d5f369fc838f6a92a08be49cca049bcfa32e0778,J       CT       CP       eta
volume-1/data/apcsp_9x9_2512rd_5912.txt,https://m-selig.ae.illinois.edu/props/volume-1/data/apcsp_9x9_2512rd_5912.txt,798,3cbc2867e053b56b9d82670c96a13e14f0b4014ee4daddcc58bf36d3cc5bc7e5,J       CT       CP       eta
volume-1/data/apcsp_9x9_static_2504rd.txt,https://m-selig.ae.illinois.edu/props/volume-1/data/apcsp_9x9_static_2504rd.txt,387,5d5baa69c77b320162c073c40318d3ddfea16884c63dbf91549d402fa8add8a2,RPM    CT       CP
volume-1/data/grcp_10x6_geom.txt,https://m-selig.ae.illinois.edu/props/volume-1/data/grcp_10x6_geom.txt,398,d526f588ba0a7c267db5ae29ba7ba06e00f7eef958fa19226cb432116eb6f0c3,r/R    c/R     beta
volume-1/data/grcp_10x6_jb0852_4012.txt,https://m-selig.ae.illinois.edu/props/volume-1/data/grcp_10x6_jb0852_4012.txt,576,96564602af3f8926b38a0ac56253417e19919e8ed10e458ab4207a290901413d,J       CT       CP       eta
volume-1/data/grcp_10x6_jb0853_5014.txt,https://m-selig.ae.illinois.edu/props/volume-1/data/grcp_10x6_jb0853_5014.txt,574,2e94fbc80557f5634fd476cb4edf8d89dfa68322732a5b7394742649426d3073,J       CT       CP       eta
volume-1/data/grcp_10x6_jb0854_4999.txt,https://m-selig.ae.illinois.edu/props/volume-1/data/grcp_10x6_jb0854_4999.txt,354,d16c16d2ac2e2ebe9275bbcef0860f233ddb99ab505200a0e43803d10c09df06,J       CT       CP       eta
volume-1/data/grcp_10x6_jb0855_5996.txt,https://m-selig.ae.illinois.edu/props/volume-1/data/grcp_10x6_jb0855_5996.txt,574,2cdcdee7b309f2aac89482b2f8dd19c2414d0b5b65cdc473c7b4d9625041ba27,J       CT       CP       eta
volume-1/data/grcp_10x6_jb0856_6025.txt,https://m-selig.ae.illinois.edu/props/volume-1/data/grcp_10x6_jb0856_6025.txt,514,900330a1c0676afe1c33cc267be819cceb20cf540de86203b11b0c877efd950f,J       CT       CP       eta
volume-1/data/grcp_10x6_jb0857_6626.txt,https://m-selig.ae.illinois.edu/props/volume-1/data/grcp_10x6_jb0857_6626.txt,574,cb6252e6ca2089ee458593a6a0e1f4efd03bb68fe186240dd871c2e6e7407a03,J       CT       CP       eta
volume-1/data/grcp_10x6_jb0858_6608.txt,https://m-selig.ae.illinois.edu/props/volume-1/data/grcp_10x6_jb0858_6608.txt,642,4a6b4ca13f3be835e4135a586a6e8a9e9779f59038302d43fbf0601a1c15bfb7,J       CT       CP       eta
volume-1/data/grcp_10x6_static_rd0851.txt,https://m-selig.ae.illinois.edu/props/volume-1/data/grcp_10x6_static_rd0851.txt,387,72b8ae24199dba371011c395d8b5fc17037a0360ce98e5ce48e3f80d82b77637,RPM    CT       CP
volume-1/data/grcp_10x8_geom.txt,https://m-selig.ae.illinois.edu/props/volume-1/data/grcp_10x8_geom.txt,398,b5720b25619e240f669060f20881579b8fc0ce8c7e2faddeaf45f9320ca8b787,r/R    c/R     beta
volume-1/data/grcp_10x8_rd0844_3013.txt,https://m-selig.ae.illinois.edu/props/volume-1/data/grcp_10x8_rd0844_3013.txt,544,1a60287ed3887e02c8517e596a5ef768e41f1d4db5d5d1b7c20b6bed140db154,J       CT       CP       eta
volume-1/data/grcp_10x8_rd0845_4020.txt,https://m-selig.ae.illinois.edu/props/volume-1/data/grcp_10x8_rd0845_4020.txt,574,2c9df26e7cefef180296971ed67b1209c7cb232a883d85fc4e81fbe2b4d509d6,J       CT       CP       eta
volume-1/data/grcp_10x8_rd0846_3997.txt,https://m-selig.ae.illinois.edu/props/volume-1/data/grcp_10x8_rd0846_3997.txt,354,81bb787f29534194022851246b5169d367e25dabe68da6a351c87c2df5842fa5,J       CT       CP       eta
volume-1/data/grcp_10x8_rd0847_5014.txt,https://m-selig.ae.illinois.edu/props/volume-1/data/grcp_10x8_rd0847_5014.txt,574,1f385743b81d59272b56e956be2cbd146eb95da681679b1a85710c6711b6af13,J       CT       CP       eta
volume-1/data/grcp_10x8_rd0848_5007.txt,https://m-selig.ae.illinois.edu/props/volume-1/data/grcp_10x8_rd0848_5007.txt,544,18508edb79975edc32be04ddfc9c1014fa5e583a822a9df8183bb51e1d275497,J       CT       CP       eta
volume-1/data/grcp_10x8_rd0849_6007.txt,https://m-selig.ae.illinois.edu/props/volume-1/data/grcp_10x8_rd0849_6007.txt,574,ddc9dbabd1f0b7926586b53bbde7f5cfb9cbac54885b5ffbc9c5dd15e919558b,J       CT       CP       eta
volume-1/data/grcp_10x8_rd0850_6019.txt,https://m-selig.ae.illinois.edu/props/volume-1/data/grcp_10x8_rd0850_6019.txt,768,400dd84827968caeaca6584f7dce7be4506dbfa35c4630c4b519b835e63cb2f4,J       CT       CP       eta
volume-1/data/grcp_10x8_static_rd0843.txt,https://m-selig.ae.illinois.edu/props/volume-1/data/grcp_10x8_static_rd0843.txt,387,936bb9ccc25301a3c8e31cc8a132967d9adb1575894399c8de8482998e26b56c,RPM    CT       CP
volume-1/data/grcp_11x4_geom.txt,https://m-selig.ae.illinois.edu/props/volume-1/data/grcp_11x4_geom.txt,392,033eb2530295ddfd2da1bb841cc275b5f56aa657b9c55473983c86d599c45432,r/R    c/R     beta
volume-1/data/grcp_11x4_rd0551_3008.txt,https://m-selig.ae.illinois.edu/props/volume-1/data/grcp_11x4_rd0551_3008.txt,288,5bb8d914b6cf0154afa881658dec27655b177e6f25c029ddd56d4344b8ce85de,J       CT       CP       eta
volume-1/data/grcp_11x4_rd0552_3994.txt,https://m-selig.ae.illinois.edu/props/volume-1/data/grcp_11x4_rd0552_3994.txt,418,90cb7219c29f541e9fa67b7b053fd151620e51b3632cf3dd85d74eace7e79d42,J       CT       CP       eta
volume-1/data/grcp_11x4_rd0553_5001.txt,https://m-selig.ae.illinois.edu/props/volume-1/data/grcp_11x4_rd0553_5001.txt,546,341cbba5681a9bcf07d6b62ee5917bef710cd81cbcc2ffed0dd1cf69b5f35f51,J       CT       CP       eta
volume-1/data/grcp_11x4_rd0554_6004.txt,https://m-selig.ae.illinois.edu/props/volume-1/data/grcp_11x4_rd0554_6004.txt,574,230a31705483e9b1106962f0c06457d61708959cac4d72383d80348c27e904b4,J       CT       CP       eta
volume-1/data/grcp_11x4_rd0555_5996.txt,https://m-selig.ae.illinois.edu/props/volume-1/data/grcp_11x4_rd0555_5996.txt,258,80b583061a5e76d03e08de100b03e69fa359ec317120f05d4267c786aaf8b2a2,J       CT       CP       eta
volume-1/data/grcp_11x4_static_rd0550.txt,https://m-selig.ae.illinois.edu/props/volume-1/data/grcp_11x4_static_rd0550.txt,387,3d71ca1dd09b7ecc8825d3f5d4f28989d34bc3a28994fcebef0e71b4e877b57d,RPM    CT       CP
volume-1/data/grcp_11x6_geom.txt,https://m-selig.ae.illinois.edu/props/volume-1/data/grcp_11x6_geom.txt,394,cadf834300b756e8088271f40e56e5fdefbcf7cf7dbdfdbc1257fb8158b73b49,r/R    c/R     beta
volume-1/data/grcp_11x6_rd0557_3008.txt,https://m-selig.ae.illinois.edu/props/volume-1/data/grcp_11x6_rd0557_3008.txt,384,bf7d6f9a192c91bd9b930f0b7a6dc015d41579cf7736cef0d6db7b6ce70250ec,J       CT       CP       eta
volume-1/data/grcp_11x6_rd0558_4001.txt,https://m-selig.ae.illinois.edu/props/volume-1/data/grcp_11x6_rd0558_4001.txt,544,62f7bd0724d44bd0176cedb57f269abeff93700ac356a00c854b3cb3f2a8d802,J       CT       CP       eta
volume-1/data/grcp_11x6_rd0559_5002.txt,https://m-selig.ae.illinois.edu/props/volume-1/data/grcp_11x6_rd0559_5002.txt,574,899605253a36f85d3802a73ce83e4fee8c3278cf3f25b5fc41f3f5ddd1362e41,J       CT       CP       eta
volume-1/data/grcp_11x6_rd0560_4998.txt,https://m-selig.ae.illinois.edu/props/volume-1/data/grcp_11x6_rd0560_4998.txt,322,161fd5a324c60ab72ebeb1ea38c2b211870fcf6dc5eb7752726157b4aadc1b7d,J       CT       CP       eta
volume-1/data/grcp_11x6_rd0561_6001.txt,https://m-selig.ae.illinois.edu/props/volume-1/data/grcp_11x6_rd0561_6001.txt,574,489ac5bffd976e989d89377449c21fa970abf3ee52761109d97753cae919f16b,J       CT       CP       eta
volume-1/data/grcp_11x6_rd0562_6001.txt,https://m-selig.ae.illinois.edu/props/volume-1/data/grcp_11x6_rd0562_6001.txt,482,2e09bcd189d6c62887dfa9dbed6f4a1e61a59a8d81db93e1e846c6327901c382,J       CT       CP       eta
volume-1/data/grcp_11x6_static_rd0556.txt,https://m-selig.ae.illinois.edu/props/volume-1/data/grcp_11x6_static_rd0556.txt,387,8d03017ddbe3cc6dcf8ebc0e1ef32bf0cd101947d7a639d75af9ec0a15106f6d,RPM    CT       CP
volume-1/data/grcp_11x8_geom.txt,https://m-selig.ae.illinois.edu/props/volume-1/data/grcp_11x8_geom.txt,398,93b8fb8b216506dcf9b1db5f9218838fca9f5473ae09c39d33e1831578d64274,r/R    c/R     beta
volume-1/data/grcp_11x8_kt0642_3009.txt,https://m-selig.ae.illinois.edu/props/volume-1/data/grcp_11x8_kt0642_3009.txt,576,b7ab665866c0d93e2ef2e59d0aa50069510e58ab28eb008b9b5c03f58d47b687,J       CT       CP       eta
volume-1/data/grcp_11x8_kt0643_4021.txt,https://m-selig.ae.illinois.edu/props/volume-1/data/grcp_11x8_kt0643_4021.txt,574,63ca1ca8fef4966678c2263af74b14286086c669896c8271106c274c71f471b9,J       CT       CP       eta
volume-1/data/grcp_11x8_kt0644_4002.txt,https://m-selig.ae.illinois.edu/props/volume-1/data/grcp_11x8_kt0644_4002.txt,384,8833860ef38ca755a857b912b9d4e1f8ddc69b564133af74f7746870ca0200d3,J       CT       CP       eta
volume-1/data/grcp_11x8_kt0645_5019.txt,https://m-selig.ae.illinois.edu/props/volume-1/data/grcp_11x8_kt0645_5019.txt,574,c33a86e19875e419e442b84c3d5e2c08e64747d9caa33d9863dffc469b4d15e6,J       CT       CP       eta
volume-1/data/grcp_11x8_kt0646_5008.txt,https://m-selig.ae.illinois.edu/props/volume-1/data/grcp_11x8_kt0646_5008.txt,608,9a19ba09c2ccab4d46ee09a430ad32272be4981cfc4c0d70e1045502d7c4b212,J       CT       CP       eta
volume-1/data/grcp_11x8_kt0647_5997.txt,https://m-selig.ae.illinois.edu/props/volume-1/data/grcp_11x8_kt0647_5997.txt,574,bd867387e8130b19e2557f4cb0603b2fbe4c6f90d803a41a19198e6f80fc062f,J       CT       CP       eta
volume-1/data/grcp_11x8_kt0648_6016.txt,https://m-selig.ae.illinois.edu/props/volume-1/data/grcp_11x8_kt0648_6016.txt,798,b0b7cf882e6aec7f5ad015a9860164dc6976df70ed507b7ce633d55c06f87ee1,J       CT       CP       eta
volume-1/data/grcp_11x8_static_kt0641.txt,https://m-selig.ae.illinois.edu/props/volume-1/data/grcp_11x8_static_kt0641.txt,387,8b2633591b5a9d7a0e1837fa96270c80533ffaf86bd320e4ca53a8edab49321e,RPM    CT       CP
volume-1/data/grcp_9x4_geom.txt,https://m-selig.ae.illinois.edu/props/volume-1/data/grcp_9x4_geom.txt,393,a0af0d9140dd3c9e940ea771932fb6bb3490daed5aa7663044715daf03cb5e4c,r/R    c/R     beta
volume-1/data/grcp_9x4_rd0924_4015.txt,https://m-selig.ae.illinois.edu/props/volume-1/data/grcp_9x4_rd0924_4015.txt,420,c2f308c1067200fc1b1213e4913dd19b1942935d59d7741dbfd23adadbd1ba4f,J       CT       CP       eta
volume-1/data/grcp_9x4_rd0925_5009.txt,https://m-selig.ae.illinois.edu/props/volume-1/data/grcp_9x4_rd0925_5009.txt,514,efd81730cb7ae7845abd6d62f7cc834cdc363b50d9493bac95ed56146c264505,J       CT       CP       eta
volume-1/data/grcp_9x4_rd0926_6018.txt,https://m-selig.ae.illinois.edu/props/volume-1/data/grcp_9x4_rd0926_6018.txt,576,265b9f9ba97f86c672a56a604d9a930c1dea1a6d7fb62ae7d87d81b31f34d4bf,J       CT       CP       eta
volume-1/data/grcp_9x4_rd0927_7024.txt,https://m-selig.ae.illinois.edu/props/volume-1/data/grcp_9x4_rd0927_7024.txt,574,232e12c1d539d4321bb91bbe77fc5c4e0bce852dfa48a706ebfda582ff4341ed,J       CT       CP       eta
volume-1/data/grcp_9x4_rd0928_7014.txt,https://m-selig.ae.illinois.edu/props/volume-1/data/grcp_9x4_rd0928_7014.txt,356,a349bf799261dbdeaab765de88fb1868ac5634971e57f2ca4417e6ffeb96a564,J       CT       CP       eta
volume-1/data/grcp_9x4_static_rd0923.txt,https://m-selig.ae.illinois.edu/props/volume-1/data/grcp_9x4_static_rd0923.txt,387,6d72eefc16746721d0e308304ce2cbca21e40e98f8571f4c9bcc00adfa4abef0,RPM    CT       CP
volume-1/data/grcp_9x6_geom.txt,https://m-selig.ae.illinois.edu/props/volume-1/data/grcp_9x6_geom.txt,398,765cacbfde439a7f5a690c1dff55d0304736b1df843968b600403a1406ccd43d,r/R    c/R     beta
volume-1/data/grcp_9x6_pg0916_4009.txt,https://m-selig.ae.illinois.edu/props/volume-1/data/grcp_9x6_pg0916_4009.txt,578,ae8200e6120fce9dbfe4e97c9a0574b9b9efd201b83a8dea0605a734448fa414,J       CT       CP       eta
volume-1/data/grcp_9x6_pg0917_5015.txt,https://m-selig.ae.illinois.edu/props/volume-1/data/grcp_9x6_pg0917_5015.txt,574,7e20d249fe69b737e07560adf8480f2e19ea31d4ac0ca3fd4c7f9292d6e50559,J       CT       CP       eta
volume-1/data/grcp_9x6_pg0918_5002.txt,https://m-selig.ae.illinois.edu/props/volume-1/data/grcp_9x6_pg0918_5002.txt,322,bfe7e8cb61f3306d0dd4d72c1c86a14c78135281a8378949fb3c8ac5dab5d7d9,J       CT       CP       eta
volume-1/data/grcp_9x6_pg0919_6042.txt,https://m-selig.ae.illinois.edu/props/volume-1/data/grcp_9x6_pg0919_6042.txt,574,c0157263eb627b835d181bb4ae13258f5cae816b7d73c8a64c60af98f9b5a17f,J       CT       CP       eta
volume-1/data/grcp_9x6_pg0920_6019.txt,https://m-selig.ae.illinois.edu/props/volume-1/data/grcp_9x6_pg0920_6019.txt,482,bdf25e64de8642aefa0106481639c6f2847e2984f7a77dd436cea80354206b55,J       CT       CP       eta
volume-1/data/grcp_9x6_pg0921_6803.txt,https://m-selig.ae.illinois.edu/props/volume-1/data/grcp_9x6_pg0921_6803.txt,574,e96599b2883146338c11ed0215efd42a58c2cc73ca6d04bf1ce262f5e7de248e,J       CT       CP       eta
volume-1/data/grcp_9x6_rd0922_6819.txt,https://m-selig.ae.illinois.edu/props/volume-1/data/grcp_9x6_rd0922_6819.txt,644,a5bb02c2fccec1f1e8f47adb57c0da1165458d11b5291b1747057b1cf41694fe,J       CT       CP       eta
volume-1/data/grcp_9x6_static_pg0915.txt,https://m-selig.ae.illinois.edu/props/volume-1/data/grcp_9x6_static_pg0915.txt,387,d01ed6e980ce9d3cd58504b850cc66621955ec85d33137ff59edb76bdc8798d2,RPM    CT       CP
volume-1/data/grcsp_10x6_geom.txt,https://m-selig.ae.illinois.edu/props/volume-1/data/grcsp_10x6_geom.txt,398,9f31fce75346c953eabfe3dd267f09a603668c831f3a3cac870767c80ca38e05,r/R    c/R     beta
volume-1/data/grcsp_10x6_jb0868_3003.txt,https://m-selig.ae.illinois.edu/props/volume-1/data/grcsp_10x6_jb0868_3003.txt,514,ec433961ab1042da3fabd24a9c5ab36b18f3c6e031f533793e57dab62dcbc2f2,J       CT       CP       eta
volume-1/data/grcsp_10x6_jb0869_4010.txt,https://m-selig.ae.illinois.edu/props/volume-1/data/grcsp_10x6_jb0869_4010.txt,574,b5bb4006d146458f1193d3a8e9d566d13bbbed21b56b65263a5dcbf21523fe69,J       CT       CP       eta
volume-1/data/grcsp_10x6_jb0870_3993.txt,https://m-selig.ae.illinois.edu/props/volume-1/data/grcsp_10x6_jb0870_3993.txt,290,74faedfcc1bf995b0e1d2e8f4ca25f0936403f743df6450a4c239f281314b4c2,J       CT       CP       eta
volume-1/data/grcsp_10x6_jb0871_5011.txt,https://m-selig.ae.illinois.edu/props/volume-1/data/grcsp_10x6_jb0871_5011.txt,574,75b0c8a86babe896f5d971d7363db56eaa2ad458845f1c245ac627309f9999c1,J       CT       CP       eta
volume-1/data/grcsp_10x6_jb0872_5003.txt,https://m-selig.ae.illinois.edu/props/volume-1/data/grcsp_10x6_jb0872_5003.txt,484,f9dc989ee52873a47508d9b45fcada3029a082bfbc86cb27da9d68895bf957dc,J       CT       CP       eta
volume-1/data/grcsp_10x6_jb0873_6032.txt,https://m-selig.ae.illinois.edu/props/volume-1/data/grcsp_10x6_jb0873_6032.txt,574,6a186a47862ac5eedbff98621a5707b5c4f0fee7b4a3d864686466575903bc8a,J       CT       CP       eta
volume-1/data/grcsp_10x6_jb0874_6018.txt,https://m-selig.ae.illinois.edu/props/volume-1/data/grcsp_10x6_jb0874_6018.txt,710,d6c97498a64752ce1c6aacba1d2acc4096787fbe02314cd682a100766d0bdc1e,J       CT       CP       eta
volume-1/data/grcsp_10x6_static_jb0867.txt,https://m-selig.ae.illinois.edu/props/volume-1/data/grcsp_10x6_static_jb0867.txt,387,c6db23db54bb1692258a22c50d12d60fc4d11ae19ba5c35aa5229d2f13aeec76,RPM    CT       CP
volume-1/data/grcsp_10x8_geom.txt,https://m-selig.ae.illinois.edu/props/volume-1/data/grcsp_10x8_geom.txt,398,4a97d9211d4d11f1980c479d89e228512df3f5e33171e2b07aca027e6bae8148,r/R    c/R     beta
volume-1/data/grcsp_10x8_jb0860_3015.txt,https://m-selig.ae.illinois.edu/props/volume-1/data/grcsp_10x8_jb0860_3015.txt,574,02d1084160285c1e48ec276b05d117010ae3728ba67c7bb3b5a9903779934146,J       CT       CP       eta
volume-1/data/grcsp_10x8_jb0861_4006.txt,https://m-selig.ae.illinois.edu/props/volume-1/data/grcsp_10x8_jb0861_4006.txt,574,fb3ace2e0913c3ac3ab26f4d894e0217ef236f6c1ad70899e052553ba0f2dda8,J       CT       CP       eta
volume-1/data/grcsp_10x8_jb0862_4001.txt,https://m-selig.ae.illinois.edu/props/volume-1/data/grcsp_10x8_jb0862_4001.txt,484,1fa2b365b4bd4cd84241f6768ceb663f406ee7219eb07f799175d7cf9bb93de1,J       CT       CP       eta
volume-1/data/grcsp_10x8_jb0863_5028.txt,https://m-selig.ae.illinois.edu/props/volume-1/data/grcsp_10x8_jb0863_5028.txt,574,6ea32e6429d10fc8ac0a3a3be08d12859b37eecace6397ae7fbb8660c25be01f,J       CT       CP       eta
volume-1/data/grcsp_10x8_jb0864_5009.txt,https://m-selig.ae.illinois.edu/props/volume-1/data/grcsp_10x8_jb0864_5009.txt,708,ffd72ef2bcc0e56d4c42f9b630fcb2a01f20fd7fdef607026f828573c376ffde,J       CT       CP       eta
volume-1/data/grcsp_10x8_jb0865_5989.txt,https://m-selig.ae.illinois.edu/props/volume-1/data/grcsp_10x8_jb0865_5989.txt,574,02a5c2d39f0206b7e5e5a65befa6c5dabce6f4d0827e122646fc0d4cdb08a284,J       CT       CP       eta
volume-1/data/grcsp_10x8_jb0866_6013.txt,https://m-selig.ae.illinois.edu/props/volume-1/data/grcsp_10x8_jb0866_6013.txt,798,8bee0f59d4a3a2e7e01c03f86d1472b0ff1f498715b21523c75fe2a9dc4414a7,J       CT       CP       eta
volume-1/data/grcsp_10x8_static_jb0859.txt,https://m-selig.ae.illinois.edu/props/volume-1/data/grcsp_10x8_static_jb0859.txt,387,0d7115dd9ecaffee96c791198f39fb45c844f415a8a99ef8ca7219193e101f17,RPM    CT       CP
volume-1/data/grcsp_9x5_geom.txt,https://m-selig.ae.illinois.edu/props/volume-1/data/grcsp_9x5_geom.txt,397,7e52ddbf428a81920706f579fc5254aca60a53e8001abe52a511f1afe676d287,r/R    c/R     beta
volume-1/data/grcsp_9x5_kt0959_4001.txt,https://m-selig.ae.illinois.edu/props/volume-1/data/grcsp_9x5_kt0959_4001.txt,448,880147c32132a692c01ce6eb5d179f5ce8605af7eddc86e3fe7760314fa7d23b,J       CT       CP       eta
volume-1/data/grcsp_9x5_kt0960_5014.txt,https://m-selig.ae.illinois.edu/props/volume-1/data/grcsp_9x5_kt0960_5014.txt,576,918f5caa1bf74be7fa7f15d4bfa8c0936ef4ed642394910b5513cc3bf617e9ae,J       CT       CP       eta
volume-1/data/grcsp_9x5_kt0961_6031.txt,https://m-selig.ae.illinois.edu/props/volume-1/data/grcsp_9x5_kt0961_6031.txt,574,b37cbcc75a1a95ef8c1af38f1b7429c9620087db24581cff92233466bf4e0674,J       CT       CP       eta
volume-1/data/grcsp_9x5_kt0962_6006.txt,https://m-selig.ae.illinois.edu/props/volume-1/data/grcsp_9x5_kt0962_6006.txt,288,5dd04ea2ea257289225456095c856600e72d162ba60313b7d4cde065d4cfcede,J       CT       CP       eta
volume-1/data/grcsp_9x5_kt0963_6922.txt,https://m-selig.ae.illinois.edu/props/volume-1/data/grcsp_9x5_kt0963_6922.txt,574,b6e0f3eb9b9f3606097c5128f432cdf00e634d85fcf6bdfaed9c5070df6e97b6,J       CT       CP       eta
volume-1/data/grcsp_9x5_kt0964_6915.txt,https://m-selig.ae.illinois.edu/props/volume-1/data/grcsp_9x5_kt0964_6915.txt,450,2e615918865db48155f6ae563cc0b42bd7b6cff548076acd0910a7ff99fb4cd5,J       CT       CP       eta
volume-1/data/grcsp_9x5_static_kt0958.txt,https://m-selig.ae.illinois.edu/props/volume-1/data/grcsp_9x5_static_kt0958.txt,387,1163d3b77b0ec3806a76acb73e70771add7cfcc6886e9614562eeb31c23751a4,RPM    CT       CP
volume-1/data/grcsp_9x6_geom.txt,https://m-selig.ae.illinois.edu/props/volume-1/data/grcsp_9x6_geom.txt,398,dc32d3098075e1dbe77d8504ac96fa94592aecba790d931f82139f38b65ab52c,r/R    c/R     beta
volume-1/data/grcsp_9x6_pg0946_4017.txt,https://m-selig.ae.illinois.edu/props/volume-1/data/grcsp_9x6_pg0946_4017.txt,574,2de9f6da6646198191ded63d82345f644535322984b6cf7c358a96dfde1e1522,J       CT       CP       eta
volume-1/data/grcsp_9x6_pg0951_5024.txt,https://m-selig.ae.illinois.edu/props/volume-1/data/grcsp_9x6_pg0951_5024.txt,574,05bca24195df51d5ebcbd8687eee8474c1623481e6ac0025acdf50b90a5458fb,J       CT       CP       eta
volume-1/data/grcsp_9x6_pg0952_5007.txt,https://m-selig.ae.illinois.edu/props/volume-1/data/grcsp_9x6_pg0952_5007.txt,548,28b9d39c6bef9b88112f32e7154df2e06ba57cff9dc9cb387d66ad1f5e62291b,J       CT       CP       eta
volume-1/data/grcsp_9x6_pg0953_3997.txt,https://m-selig.ae.illinois.edu/props/volume-1/data/grcsp_9x6_pg0953_3997.txt,322,e0a9330b2e8e21ea1a8cd25bcf5f03a9f058f9069fd5cdef5690283a8411d375,J       CT       CP       eta
volume-1/data/grcsp_9x6_pg0954_6013.txt,https://m-selig.ae.illinois.edu/props/volume-1/data/grcsp_9x6_pg0954_6013.txt,574,db7b069c9ca520cc98b7b8bece3c493673f16950d3f9f3995a32a1acadfecea2,J       CT       CP       eta
volume-1/data/grcsp_9x6_pg0955_6024.txt,https://m-selig.ae.illinois.edu/props/volume-1/data/grcsp_9x6_pg0955_6024.txt,740,f7e34ed07ac4bdd71eac9b0deac82685128367858ce3e4c1ff5732414967a347,J       CT       CP       eta
volume-1/data/grcsp_9x6_pg0956_6520.txt,https://m-selig.ae.illinois.edu/props/volume-1/data/grcsp_9x6_pg0956_6520.txt,574,ddc6ba0a4da9b5306929af82d37b8c866e53673ecc3386a95821ff1b7b00220b,J       CT       CP       eta
volume-1/data/grcsp_9x6_pg0957_6513.txt,https://m-selig.ae.illinois.edu/props/volume-1/data/grcsp_9x6_pg0957_6513.txt,802,612ee81233af5ae1eecd42a064e6a512a1d2074952b915bbd69e10cbd63f2c7b,J       CT       CP       eta
volume-1/data/grcsp_9x6_static_pg0945.txt,https://m-selig.ae.illinois.edu/props/volume-1/data/grcsp_9x6_static_pg0945.txt,387,8f41caeff5d959e2f4de707f9ad82341e86441f5fc10fa107912c6846afad783,RPM    CT       CP
volume-1/data/grsn_10x6_geom.txt,https://m-selig.ae.illinois.edu/props/volume-1/data/grsn_10x6_geom.txt,398,e817931952ef7784829c81f0df1bb99b28fa91f2193a787588cdb6d3196708c6,r/R    c/R     beta
volume-1/data/grsn_10x6_rd0780_4003.txt,https://m-selig.ae.illinois.edu/props/volume-1/data/grsn_10x6_rd0780_4003.txt,542,93ad7622eca9be50ccb0844f58fee24b3b1d407151d41b6d5a9f36781a1c91fd,J       CT       CP       eta
volume-1/data/grsn_10x6_rd0781_5012.txt,https://m-selig.ae.illinois.edu/props/volume-1/data/grsn_10x6_rd0781_5012.txt,574,9ecb0c2a7c3615b46bc12869c1b63382fa99084504173e3dcdc0788e22f84ee5,J       CT       CP       eta
volume-1/data/grsn_10x6_rd0782_5001.txt,https://m-selig.ae.illinois.edu/props/volume-1/data/grsn_10x6_rd0782_5001.txt,288,411102033df3cc956aa9f7d9a4ede487e3146066a16ff663ede56d5716ceffd0,J       CT       CP       eta
volume-1/data/grsn_10x6_rd0783_6030.txt,https://m-selig.ae.illinois.edu/props/volume-1/data/grsn_10x6_rd0783_6030.txt,574,2ff4eb07a18ab68b64f7198274a18abcc2497a9cbebefbcc901a175e4c149fc8,J       CT       CP       eta
volume-1/data/grsn_10x6_rd0784_6021.txt,https://m-selig.ae.illinois.edu/props/volume-1/data/grsn_10x6_rd0784_6021.txt,448,1298673947a3a63fc9e4b8160c7033e9f20d96dc6779ce993dbd77d10055d457,J       CT       CP       eta
volume-1/data/grsn_10x6_rd0785_6612.txt,https://m-selig.ae.illinois.edu/props/volume-1/data/grsn_10x6_rd0785_6612.txt,574,5b72117978092ce70ae0226d59efd94c0501659e891763077992d7a8a3cb7ad1,J       CT       CP       eta
volume-1/data/grsn_10x6_rd0786_6613.txt,https://m-selig.ae.illinois.edu/props/volume-1/data/grsn_10x6_rd0786_6613.txt,544,ff1a9a615910096d174d605b69ae3941b382d56c5d50e6ccf83bf5e27bd12ef1,J       CT       CP       eta
volume-1/data/grsn_10x6_static_rd0779.txt,https://m-selig.ae.illinois.edu/props/volume-1/data/grsn_10x6_static_rd0779.txt,387,cce595853a55dea6ec0ff4cb512220da8bf8787135aba5557baa5cd8fac83707,RPM    CT       CP
volume-1/data/grsn_10x7_geom.txt,https://m-selig.ae.illinois.edu/props/volume-1/data/grsn_10x7_geom.txt,398,b7fabbabbd463f65bfa4be55f452b0536af1e6caf64fb6cf75d4e76cad367d3d,r/R    c/R     beta
volume-1/data/grsn_10x7_pg0790_5005.txt,https://m-selig.ae.illinois.edu/props/volume-1/data/grsn_10x7_pg0790_5005.txt,574,93669c2417bd823534c09c8a8a61b2fc87d6c00ad21f3ce6199a8273370e66d3,J       CT       CP       eta
volume-1/data/grsn_10x7_pg0791_4999.txt,https://m-selig.ae.illinois.edu/props/volume-1/data/grsn_10x7_pg0791_4999.txt,448,45d87355be05bbeb74fad0ddede838dd74414afd45088761da0ec38e3d1319a2,J       CT       CP       eta
volume-1/data/grsn_10x7_pg0792_6032.txt,https://m-selig.ae.illinois.edu/props/volume-1/data/grsn_10x7_pg0792_6032.txt,574,dbbeddedd51c70f28b8c5b559a8b8e1fb3c01319e84d8a80efcef0ee669e1b07,J       CT       CP       eta
volume-1/data/grsn_10x7_pg0793_6018.txt,https://m-selig.ae.illinois.edu/props/volume-1/data/grsn_10x7_pg0793_6018.txt,608,6def65bdc6f1ab5d5ed288a2470e294a5f61fee59761b7c731ab0693406351a7,J       CT       CP       eta
volume-1/data/grsn_10x7_rd0788_3008.txt,https://m-selig.ae.illinois.edu/props/volume-1/data/grsn_10x7_rd0788_3008.txt,480,f02d99a56d7c0b55039969791c8de43948fb84d6a70003aa3d3bf5b513284522,J       CT       CP       eta
volume-1/data/grsn_10x7_rd0789_4002.txt,https://m-selig.ae.illinois.edu/props/volume-1/data/grsn_10x7_rd0789_4002.txt,574,6808958554f6a8affe4fe85f23622c44eb6ff82a1f5fff57c4599b181423840a,J       CT       CP       eta
volume-1/data/grsn_10x7_static_rd0787.txt,https://m-selig.ae.illinois.edu/props/volume-1/data/grsn_10x7_static_rd0787.txt,387,d24340a06091dd60bf43160ce3d5b044fdf6158404756124d5db35a2c2ab4a5e,RPM    CT       CP
volume-1/data/grsn_11x10_2997os_2999.txt,https://m-selig.ae.illinois.edu/props/volume-1/data/grsn_11x10_2997os_2999.txt,574,c76cb7c8f916f8a2679c6fb6765aba990831dd026fec859ed10f9b9a109cd883,J       CT       CP       eta
volume-1/data/grsn_11x10_2998os_4004.txt,https://m-selig.ae.illinois.edu/props/volume-1/data/grsn_11x10_2998os_4004.txt,574,772a1e8b1400eb6ffeb79aeb5679843ec227d73ee9ca08cb887dd4383fb76bd8,J       CT       CP       eta
volume-1/data/grsn_11x10_2999os_2997.txt,https://m-selig.ae.illinois.edu/props/volume-1/data/grsn_11x10_2999os_2997.txt,258,d44d1c14c95662a3afa8b21695e6e99e8a82875cebd8940654ad718a3e02225c,J       CT       CP       eta
volume-1/data/grsn_11x10_3000os_4010.txt,https://m-selig.ae.illinois.edu/props/volume-1/data/grsn_11x10_3000os_4010.txt,480,7da13ad5c79b0a246817d0e7e26b57c1fab0cab81bef49076a4d686aa6662c74,J       CT       CP       eta
volume-1/data/grsn_11x10_3001os_4500.txt,https://m-selig.ae.illinois.edu/props/volume-1/data/grsn_11x10_3001os_4500.txt,574,f1c49d3c7b3f50f25050eb6fbeb9bb8eaeddf290cd517cdcf0e8595cd2d434ae,J       CT       CP       eta
volume-1/data/grsn_11x10_3002os_4506.txt,https://m-selig.ae.illinois.edu/props/volume-1/data/grsn_11x10_3002os_4506.txt,610,bb9c06338416f2605f69a20063e1cd32897103ee3bb3494280f1e224c86ee28e,J       CT       CP       eta
volume-1/data/grsn_11x10_static_2996os.txt,https://m-selig.ae.illinois.edu/props/volume-1/data/grsn_11x10_static_2996os.txt,387,c48f01b1a128b50f583e49c4239e92675f4013ea1c1d13651f92d8c41c326ece,RPM    CT       CP
volume-1/data/grsn_11x6_geom.txt,https://m-selig.ae.illinois.edu/props/volume-1/data/grsn_11x6_geom.txt,396,dab6e28917e3adb89b3e8c15d0ec2cf9c979917ce30a38153cc584f43cf2b5d3,r/R    c/R     beta
volume-1/data/grsn_11x6_rd0666_3010.txt,https://m-selig.ae.illinois.edu/props/volume-1/data/grsn_11x6_rd0666_3010.txt,382,4e1f8b79bc9e96f457dd18b40c4263b98a918c91a60904a330006bb5a61e955e,J       CT       CP       eta
volume-1/data/grsn_11x6_rd0667_4000.txt,https://m-selig.ae.illinois.edu/props/volume-1/data/grsn_11x6_rd0667_4000.txt,544,03a55a8fd9283351a18107811a5a65cd14341e945e1ffae303e2a8dbe9761672,J       CT       CP       eta
volume-1/data/grsn_11x6_rd0668_5017.txt,https://m-selig.ae.illinois.edu/props/volume-1/data/grsn_11x6_rd0668_5017.txt,574,d08e1da592285fa90595f37ff7a2bbf8688193380d880a06e5d8dee5d3a5915d,J       CT       CP       eta
volume-1/data/grsn_11x6_rd0669_4995.txt,https://m-selig.ae.illinois.edu/props/volume-1/data/grsn_11x6_rd0669_4995.txt,288,a7b51617b282544fe7e627ebb924a53fdefdf67b1ff4c966fda3cbd5a6b38b84,J       CT       CP       eta
volume-1/data/grsn_11x6_rd0670_6016.txt,https://m-selig.ae.illinois.edu/props/volume-1/data/grsn_11x6_rd0670_6016.txt,574,004cc4489aa28460343e15a3c78b998b0a91ac696fe4c90f05877f4dababeec4,J       CT       CP       eta
volume-1/data/grsn_11x6_rd0671_6013.txt,https://m-selig.ae.illinois.edu/props/volume-1/data/grsn_11x6_rd0671_6013.txt,448,0aa5a8c079c7ee10de88010aaacb45b967913824a345ec7a30114976ca241469,J       CT       CP       eta
volume-1/data/grsn_11x6_static_rd0665.txt,https://m-selig.ae.illinois.edu/props/volume-1/data/grsn_11x6_static_rd0665.txt,387,b390a8246bdec4d24b4cf6b4044fffff80733c2a3f25acb3d24149dc07b3697f,RPM    CT       CP
volume-1/data/grsn_11x7_2989os_3008.txt,https://m-selig.ae.illinois.edu/props/volume-1/data/grsn_11x7_2989os_3008.txt,448,3bc0bfa78532a43c460e5fe6ae6f472d067aa4e43df76681e7475130ad47b2a9,J       CT       CP       eta
volume-1/data/grsn_11x7_2990os_4000.txt,https://m-selig.ae.illinois.edu/props/volume-1/data/grsn_11x7_2990os_4000.txt,574,265c1d891067a0586a867844f66c7a0a09bc29e54c3784b5abcf3928baf70c3e,J       CT       CP       eta
volume-1/data/grsn_11x7_2991os_4019.txt,https://m-selig.ae.illinois.edu/props/volume-1/data/grsn_11x7_2991os_4019.txt,190,2a64e05806229079cc20f20f88d721e884f8a201557b8d79ff73ff912f207a21,J       CT       CP       eta
volume-1/data/grsn_11x7_2992os_5002.txt,https://m-selig.ae.illinois.edu/props/volume-1/data/grsn_11x7_2992os_5002.txt,574,81c110346e39f670a00c3e09d52c324fb0e394d8fef54f3f1fe652c9efd4405c,J       CT       CP       eta
volume-1/data/grsn_11x7_2993os_5008.txt,https://m-selig.ae.illinois.edu/props/volume-1/data/grsn_11x7_2993os_5008.txt,350,8e04b3d941fe4954fe458d670cb83307d6183fd9ee3a24236b05ce31b246cdfd,J       CT       CP       eta
volume-1/data/grsn_11x7_static_2988os.txt,https://m-selig.ae.illinois.edu/props/volume-1/data/grsn_11x7_static_2988os.txt,387,9044541b6bcb6348a36b9a85718a66a76160059ee58ca6013df8bf4d809074a5,RPM    CT       CP
volume-1/data/grsn_11x8_geom.txt,https://m-selig.ae.illinois.edu/props/volume-1/data/grsn_11x8_geom.txt,398,d734eb0084e499fed309706ca458fbc98c697e0d66d2d92c3f40e00c704b9536,r/R    c/R     beta
volume-1/data/grsn_11x8_jb0658_3004.txt,https://m-selig.ae.illinois.edu/props/volume-1/data/grsn_11x8_jb0658_3004.txt,512,b0a773884c035dda3b41e4ee7ac86bff2f39521e67d5c0f47f60f05e6c5f1a79,J       CT       CP       eta
volume-1/data/grsn_11x8_jb0659_4014.txt,https://m-selig.ae.illinois.edu/props/volume-1/data/grsn_11x8_jb0659_4014.txt,574,d313f41d75dd59c85f8d6b8e9c9f8c800d203351d0e140b157309c913ac91a28,J       CT       CP       eta
volume-1/data/grsn_11x8_jb0660_4002.txt,https://m-selig.ae.illinois.edu/props/volume-1/data/grsn_11x8_jb0660_4002.txt,286,41821da525e9a1d5e00effc0253855511ad165516d9955970358c73c36c3dbaf,J       CT       CP       eta
volume-1/data/grsn_11x8_jb0661_5020.txt,https://m-selig.ae.illinois.edu/props/volume-1/data/grsn_11x8_jb0661_5020.txt,574,5b2050d0378ff7b05a4f36d36a52d225fac634cd548e741cc104ac87e93b55cf,J       CT       CP       eta
volume-1/data/grsn_11x8_jb0662_5009.txt,https://m-selig.ae.illinois.edu/props/volume-1/data/grsn_11x8_jb0662_5009.txt,480,fe2e3a774b67432d3bdddcf0b80966857b40e26a884d146cfdbbfc0e3a219319,J       CT       CP       eta
volume-1/data/grsn_11x8_jb0663_5929.txt,https://m-selig.ae.illinois.edu/props/volume-1/data/grsn_11x8_jb0663_5929.txt,542,13e7d9833c4d73bb71d283bb36db0db641e2e99c246b3224509c6ee6d2e30843,J       CT       CP       eta
volume-1/data/grsn_11x8_jb0664_5919.txt,https://m-selig.ae.illinois.edu/props/volume-1/data/grsn_11x8_jb0664_5919.txt,672,b468e4b6902de67bdd5ee6e7ffdc0014495489339218bad234334eb11c0ec455,J       CT       CP       eta
volume-1/data/grsn_11x8_static_rd0657.txt,https://m-selig.ae.illinois.edu/props/volume-1/data/grsn_11x8_static_rd0657.txt,387,091fee53b8f227cb8973aff7febefe0ad3f2e2128575ab2076aeb025b85911a0,RPM    CT       CP
volume-1/data/grsn_9x4_2240ee_4008.txt,https://m-selig.ae.illinois.edu/props/volume-1/data/grsn_9x4_2240ee_4008.txt,418,3fd79c4d6f0b3d7ef32ba4410f112ac085edd1cd20734af6e148dbda4d8530b8,J       CT       CP       eta
volume-1/data/grsn_9x4_2241ee_5005.txt,https://m-selig.ae.illinois.edu/props/volume-1/data/grsn_9x4_2241ee_5005.txt,546,67fb5e3e5ce02a876374c7cea607c00d021333648666032e22945243051a500f,J       CT       CP       eta
volume-1/data/grsn_9x4_2242ee_6014.txt,https://m-selig.ae.illinois.edu/props/volume-1/data/grsn_9x4_2242ee_6014.txt,574,19ebc07f531c5cc7f48a2367935512380c9ff2364e47caa72ed6cd54ada034c7,J       CT       CP       eta
volume-1/data/grsn_9x4_2243ee_6817.txt,https://m-selig.ae.illinois.edu/props/volume-1/data/grsn_9x4_2243ee_6817.txt,574,23def56d579ae325666412686aceade6db0266ae41011e5ab8733f5de01ea92b,J       CT       CP       eta
volume-1/data/grsn_9x4_2244ee_6812.txt,https://m-selig.ae.illinois.edu/props/volume-1/data/grsn_9x4_2244ee_6812.txt,354,292b38a704eaa07119ef9d71a995866ae5664cf111c2a61403c6598fe2c151e0,J       CT       CP       eta
volume-1/data/grsn_9x4_static_2575rd.txt,https://m-selig.ae.illinois.edu/props/volume-1/data/grsn_9x4_static_2575rd.txt,387,3056adc6d2f6f36f2ea621d35ee69973d05247acb304ef4f949a1cf5857b6f73,RPM    CT       CP
volume-1/data/grsn_9x5_geom.txt,https://m-selig.ae.illinois.edu/props/volume-1/data/grsn_9x5_geom.txt,396,039158d59b1cd6c30efefb952582480bce24bbcb902eead7d7d6e91c5aae431b,r/R    c/R     beta
volume-1/data/grsn_9x5_rd0930_4007.txt,https://m-selig.ae.illinois.edu/props/volume-1/data/grsn_9x5_rd0930_4007.txt,480,cf6c8b674c481427756190e972f445680199dbcdd42fddd0afa6a7cbf591b9b1,J       CT       CP       eta
volume-1/data/grsn_9x5_rd0931_5010.txt,https://m-selig.ae.illinois.edu/props/volume-1/data/grsn_9x5_rd0931_5010.txt,574,1e8f1c80f0b6995beb223dc1079eb8ed1d8a4ace47539009c58a1b49732372c6,J       CT       CP       eta
volume-1/data/grsn_9x5_rd0932_6032.txt,https://m-selig.ae.illinois.edu/props/volume-1/data/grsn_9x5_rd0932_6032.txt,574,3a8cd4def1c030e296e6967b51f55aed0b350ef622be1bee4596a9cf9732dfd2,J       CT       CP       eta
volume-1/data/grsn_9x5_rd0933_6010.txt,https://m-selig.ae.illinois.edu/props/volume-1/data/grsn_9x5_rd0933_6010.txt,354,818ca0d4e36c45e9bfe97452b59e28c113c6844bf7abc4284140f44a935b2822,J       CT       CP       eta
volume-1/data/grsn_9x5_rd0934_6805.txt,https://m-selig.ae.illinois.edu/props/volume-1/data/grsn_9x5_rd0934_6805.txt,574,d89aa9b5fb292c621c13f73f624f9e484c122b9080893a21ec23f7e6a7f3b73b,J       CT       CP       eta
volume-1/data/grsn_9x5_rd0935_6811.txt,https://m-selig.ae.illinois.edu/props/volume-1/data/grsn_9x5_rd0935_6811.txt,482,928798eb5b66ad002a9b088a241063a05bb0892220afe47a75cfda9f9a8f0dac,J       CT       CP       eta
volume-1/data/grsn_9x5_static_rd0929.txt,https://m-selig.ae.illinois.edu/props/volume-1/data/grsn_9x5_static_rd0929.txt,387,ce7f44d48403fddb620a14133a4fe82b8c6b8c8f45df038d9fed982cc24707a6,RPM    CT       CP
volume-1/data/grsn_9x6_2435rd_4007.txt,https://m-selig.ae.illinois.edu/props/volume-1/data/grsn_9x6_2435rd_4007.txt,576,99c2f44d13ec621b4f02e62c429c766ce0852e67dfb3f8c0869aade092c56672,J       CT       CP       eta
volume-1/data/grsn_9x6_2436rd_4999.txt,https://m-selig.ae.illinois.edu/props/volume-1/data/grsn_9x6_2436rd_4999.txt,574,9e6d36625c140dddd0101948c369cf731105f4a8a908113073e45be789ef9928,J       CT       CP       eta
volume-1/data/grsn_9x6_2437rd_5001.txt,https://m-selig.ae.illinois.edu/props/volume-1/data/grsn_9x6_2437rd_5001.txt,354,185caeea5bfb09d88e055b3a66823b9a54553d3e9539bb8ffa26e4125364fd19,J       CT       CP       eta
volume-1/data/grsn_9x6_2438rd_6007.txt,https://m-selig.ae.illinois.edu/props/volume-1/data/grsn_9x6_2438rd_6007.txt,574,a9a2873901544602ed955f8a188f92e836588b9bf51580281f5a56af5627c4f0,J       CT       CP       eta
volume-1/data/grsn_9x6_2439rd_6005.txt,https://m-selig.ae.illinois.edu/props/volume-1/data/grsn_9x6_2439rd_6005.txt,480,b33c023ef16754a036a25ddaac55c47134e67832da5ae5be65d3566031d8a21e,J       CT       CP       eta
volume-1/data/grsn_9x6_2440rd_6412.txt,https://m-selig.ae.illinois.edu/props/volume-1/data/grsn_9x6_2440rd_6412.txt,574,da63f6bacb637a3fd8754fc079eb3e19e2ec4c830cc209b197c740388e653707,J       CT       CP       eta
volume-1/data/grsn_9x6_2441rd_6409.txt,https://m-selig.ae.illinois.edu/props/volume-1/data/grsn_9x6_2441rd_6409.txt,544,09946aaaeb1618c4a4a231b3f3abd9b211c4ab453e5206496f498ec7d4a8f73f,J       CT       CP       eta
volume-1/data/grsn_9x6_static_2577rd.txt,https://m-selig.ae.illinois.edu/props/volume-1/data/grsn_9x6_static_2577rd.txt,387,64a341ea55f2f930958a846515bb8b8de7628f13918ae9bfbd6ca255bf719a78,RPM    CT       CP
volume-1/data/grsn_9x7_geom.txt,https://m-selig.ae.illinois.edu/props/volume-1/data/grsn_9x7_geom.txt,398,980fa8e137c5b6b13f24ef02c9eee901d5fb4c22193256ee4f116c0303ccfbf0,r/R    c/R     beta
volume-1/data/grsn_9x7_rd0937_4011.txt,https://m-selig.ae.illinois.edu/props/volume-1/data/grsn_9x7_rd0937_4011.txt,574,d6c2939b39e6c98bd52033d3e82de23f3896a62a0e2b52aa644ca8ffbfaa05ad,J       CT       CP       eta
volume-1/data/grsn_9x7_rd0938_3998.txt,https://m-selig.ae.illinois.edu/props/volume-1/data/grsn_9x7_rd0938_3998.txt,288,710ca345e249a3a9c1ada623dd57883839567a0aa9d80c2bd51df8ddff51a16e,J       CT       CP       eta
volume-1/data/grsn_9x7_rd0939_4988.txt,https://m-selig.ae.illinois.edu/props/volume-1/data/grsn_9x7_rd0939_4988.txt,574,cf0c8db39888629a8a2b4e3a6663d6bf1e18f3e244ae4393daf72e26830fbbaf,J       CT       CP       eta
volume-1/data/grsn_9x7_rd0940_5005.txt,https://m-selig.ae.illinois.edu/props/volume-1/data/grsn_9x7_rd0940_5005.txt,480,55101bf883c871498ad38e4c1a37f7e4f2bffb2358265bd794804e515f9d89d2,J       CT       CP       eta
volume-1/data/grsn_9x7_rd0941_6001.txt,https://m-selig.ae.illinois.edu/props/volume-1/data/grsn_9x7_rd0941_6001.txt,574,d219163d515a6124fba1d68547105c57093959c2512bcbd10bca91131160064a,J       CT       CP       eta
volume-1/data/grsn_9x7_rd0942_6015.txt,https://m-selig.ae.illinois.edu/props/volume-1/data/grsn_9x7_rd0942_6015.txt,672,63c488e4118bd81df7df8cb742019a33593c33ab734566ff838f1375c6cb5478,J       CT       CP       eta
volume-1/data/grsn_9x7_rd0943_6573.txt,https://m-selig.ae.illinois.edu/props/volume-1/data/grsn_9x7_rd0943_6573.txt,574,ca602cfba3dcbad2bb83120450c1d8f408c259a90b9613ea91c609f028c9d1c2,J       CT       CP       eta
volume-1/data/grsn_9x7_rd0944_6606.txt,https://m-selig.ae.illinois.edu/props/volume-1/data/grsn_9x7_rd0944_6606.txt,766,9a9d204fc366f6c443b3073bdcec95c0c37a2bab61f1050bcbd7eccc25438659,J       CT       CP       eta
volume-1/data/grsn_9x7_static_rd0936.txt,https://m-selig.ae.illinois.edu/props/volume-1/data/grsn_9x7_static_rd0936.txt,387,7e531f0489dad5d604c328dc745707d11582605ab7938a0f3b5cb83c259d0ed7,RPM    CT       CP
volume-1/data/gwsdd_10x6_geom.txt,https://m-selig.ae.illinois.edu/props/volume-1/data/gwsdd_10x6_geom.txt,396,4d917457a27a9e365dfc72bd74e3cf2d2fc4eee357ac34465dab3db085987365,r/R    c/R     beta
volume-1/data/gwsdd_10x6_jb0713_4008.txt,https://m-selig.ae.illinois.edu/props/volume-1/data/gwsdd_10x6_jb0713_4008.txt,546,637797503288ecca9c0ea9d22dc619d34a8f5fa71b0ec8c76075ea371c80fe32,J       CT       CP       eta
volume-1/data/gwsdd_10x6_jb0714_5005.txt,https://m-selig.ae.illinois.edu/props/volume-1/data/gwsdd_10x6_jb0714_5005.txt,574,9b9b70ea4dc7db01720b311def8edeac26d310334e7474d42a16c3fc0339cf29,J       CT       CP       eta
volume-1/data/gwsdd_10x6_jb0715_6036.txt,https://m-selig.ae.illinois.edu/props/volume-1/data/gwsdd_10x6_jb0715_6036.txt,574,d767b358e3f8ca8be60578f5b30e8a36ac0981b385493e1dca66e1419660d899,J       CT       CP       eta
volume-1/data/gwsdd_10x6_pg0716_6017.txt,https://m-selig.ae.illinois.edu/props/volume-1/data/gwsdd_10x6_pg0716_6017.txt,420,94515a74cbfa80902a286ce28501ef1b802ef6da55c72e2b864404c02087e864,J       CT       CP       eta
volume-1/data/gwsdd_10x6_pg0717_6706.txt,https://m-selig.ae.illinois.edu/props/volume-1/data/gwsdd_10x6_pg0717_6706.txt,574,0e6367aa072621caf68fdc54c2ad4ab4eee9773718f2c1bbc2efc649c98ad08a,J       CT       CP       eta
volume-1/data/gwsdd_10x6_pg0718_6708.txt,https://m-selig.ae.illinois.edu/props/volume-1/data/gwsdd_10x6_pg0718_6708.txt,516,ec4ba4938f8752f8e392a42b9dc9cd1f08253baaea93a31efd5fce8a742a6658,J       CT       CP       eta
volume-1/data/gwsdd_10x6_static_jb0712.txt,https://m-selig.ae.illinois.edu/props/volume-1/data/gwsdd_10x6_static_jb0712.txt,387,f305b70a19899479744e6931c45ed0b60d4fd8b8b21c3b0378accca9fbba7e08,RPM    CT       CP
volume-1/data/gwsdd_11x7_geom.txt,https://m-selig.ae.illinois.edu/props/volume-1/data/gwsdd_11x7_geom.txt,396,c2d861c8bdcfe396e03374422826ad0422d86887c106566cf1f7115bc256071b,r/R    c/R     beta
volume-1/data/gwsdd_11x7_jb0571_3008.txt,https://m-selig.ae.illinois.edu/props/volume-1/data/gwsdd_11x7_jb0571_3008.txt,450,2d9352cf5f9adbd788c1d33286cce4ec02ac04506de63e926cd7abb0c41126c4,J       CT       CP       eta
volume-1/data/gwsdd_11x7_jb0572_4001.txt,https://m-selig.ae.illinois.edu/props/volume-1/data/gwsdd_11x7_jb0572_4001.txt,576,018303ec6a84e2dd8145ca6465ca18c2cd490f53c47ecad21b87d6a381190ed9,J       CT       CP       eta
volume-1/data/gwsdd_11x7_jb0573_5003.txt,https://m-selig.ae.illinois.edu/props/volume-1/data/gwsdd_11x7_jb0573_5003.txt,574,cf661df2c9e4ad206fc7e949a3b6cf0e715443fa8c94e3dbf0a95db801742466,J       CT       CP       eta
volume-1/data/gwsdd_11x7_jb0574_5000.txt,https://m-selig.ae.illinois.edu/props/volume-1/data/gwsdd_11x7_jb0574_5000.txt,354,31cc0580d5355adc5b940e472f9db1ecf91d5f7388ae73e73f0bc7e4fed95809,J       CT       CP       eta
volume-1/data/gwsdd_11x7_jb0575_6010.txt,https://m-selig.ae.illinois.edu/props/volume-1/data/gwsdd_11x7_jb0575_6010.txt,574,7c7918ae8497032853fee1ee88dcf7643e2dcabd7fbf21902c0c2664fbb9efe0,J       CT       CP       eta
volume-1/data/gwsdd_11x7_jb0576_5999.txt,https://m-selig.ae.illinois.edu/props/volume-1/data/gwsdd_11x7_jb0576_5999.txt,516,3bfebe4e724c618267a48577133be30660333cffd8eba1c535cae29f4909891d,J       CT       CP       eta
volume-1/data/gwsdd_11x7_static_jb0570.txt,https://m-selig.ae.illinois.edu/props/volume-1/data/gwsdd_11x7_static_jb0570.txt,387,226680bfd6d8cc581de359d30ca6f65e7bb68b4b18e51ed6b715f370aecff60b,RPM    CT       CP
volume-1/data/gwsdd_9x5_geom.txt,https://m-selig.ae.illinois.edu/props/volume-1/data/gwsdd_9x5_geom.txt,395,7c26093a60e247c54503cda11e39f3988f63e65b52afe93f96ff7cc0c6221e21,r/R    c/R     beta
volume-1/data/gwsdd_9x5_jb1003_4009.txt,https://m-selig.ae.illinois.edu/props/volume-1/data/gwsdd_9x5_jb1003_4009.txt,482,a0821e31f9b3450353da88f5e4b6a0ded91b26f6258dbc6feeb319b44e8d406e,J       CT       CP       eta
volume-1/data/gwsdd_9x5_jb1004_5012.txt,https://m-selig.ae.illinois.edu/props/volume-1/data/gwsdd_9x5_jb1004_5012.txt,576,0a4b3f4ff911d9e2c974cb2dfc319fbb9868b747b803983dc86b586f3739d481,J       CT       CP       eta
volume-1/data/gwsdd_9x5_jb1005_6033.txt,https://m-selig.ae.illinois.edu/props/volume-1/data/gwsdd_9x5_jb1005_6033.txt,574,517dc40e74ba34aea13d5ecdb5b644c1ea3485a73a0a2ad3c65f7c1bb72a3b21,J       CT       CP       eta
volume-1/data/gwsdd_9x5_jb1006_6008.txt,https://m-selig.ae.illinois.edu/props/volume-1/data/gwsdd_9x5_jb1006_6008.txt,356,c4527a10e0d9a462abb5584589b59eeef198454b25d398c5c534486bcaf66132,J       CT       CP       eta
volume-1/data/gwsdd_9x5_jb1007_6811.txt,https://m-selig.ae.illinois.edu/props/volume-1/data/gwsdd_9x5_jb1007_6811.txt,574,eb39cee06ac90505edc220290dd6c257b588471f8ca671628d9f6b47d8edc25d,J       CT       CP       eta
volume-1/data/gwsdd_9x5_jb1008_6817.txt,https://m-selig.ae.illinois.edu/props/volume-1/data/gwsdd_9x5_jb1008_6817.txt,452,f9df6fb4b23f8aa47b4b2d062b92456afbaae3688f7fa2c38b9e1fad06293393,J       CT       CP       eta
volume-1/data/gwsdd_9x5_static_jb1002.txt,https://m-selig.ae.illinois.edu/props/volume-1/data/gwsdd_9x5_static_jb1002.txt,387,9f5717c7dacd198d1b5282a2367badb239c555d9a27c29ba86364720bf2829e6,RPM    CT       CP
volume-1/data/gwssf_10x4.7_geom.txt,https://m-selig.ae.illinois.edu/props/volume-1/data/gwssf_10x4.7_geom.txt,395,d0a4b64a1d1858881364cf11486a498a8627311ff3b913becbb8df637fa55a07,r/R    c/R     beta
volume-1/data/gwssf_10x4.7_jb0876_3007.txt,https://m-selig.ae.illinois.edu/props/volume-1/data/gwssf_10x4.7_jb0876_3007.txt,418,5e05c0b971c05e2fdd112ba7dce99a3410962ac235eb76af086f39bf0b5bca1c,J       CT       CP       eta
volume-1/data/gwssf_10x4.7_jb0877_4006.txt,https://m-selig.ae.illinois.edu/props/volume-1/data/gwssf_10x4.7_jb0877_4006.txt,580,c898bfdc2d737263b7b6d980ee0fc118d092813d113eb9a4d8feb1ae1e1cbb95,J       CT       CP       eta
volume-1/data/gwssf_10x4.7_jb0878_5015.txt,https://m-selig.ae.illinois.edu/props/volume-1/data/gwssf_10x4.7_jb0878_5015.txt,574,fa12db88a1cc29a5c5eb44e6b4aa1feedf25acf1e4ace726322e7f64ee7960f0,J       CT       CP       eta
volume-1/data/gwssf_10x4.7_jb0879_4998.txt,https://m-selig.ae.illinois.edu/props/volume-1/data/gwssf_10x4.7_jb0879_4998.txt,258,8cb7ed37f720d4ad168799b6734b5573c9f1bbcb8fbab6b5b4e9bfeaf0edada1,J       CT       CP       eta
volume-1/data/gwssf_10x4.7_static_jb0875.txt,https://m-selig.ae.illinois.edu/props/volume-1/data/gwssf_10x4.7_static_jb0875.txt,387,88958e34b37437939ac2d5b0d2de9316d727cfb827009ec235b8702a1ff71e34,RPM    CT       CP
volume-1/data/gwssf_10x8_geom.txt,https://m-selig.ae.illinois.edu/props/volume-1/data/gwssf_10x8_geom.txt,397,cbb17897ab8f070b0a1750a32ef1dfa2c530153df71a37f8fbb812db346b11aa,r/R    c/R     beta
volume-1/data/gwssf_10x8_jb0881_2999.txt,https://m-selig.ae.illinois.edu/props/volume-1/data/gwssf_10x8_jb0881_2999.txt,548,bb651c0c33924d7a890d3f6e0b760588703b9f514abde2cb766cd66051206c58,J       CT       CP       eta
volume-1/data/gwssf_10x8_jb0882_4015.txt,https://m-selig.ae.illinois.edu/props/volume-1/data/gwssf_10x8_jb0882_4015.txt,574,87962a1bfed2508f828b4ef5081e3a92d6fdccf1db4bee87c69df741eb0c5a8e,J       CT       CP       eta
volume-1/data/gwssf_10x8_jb0883_3995.txt,https://m-selig.ae.illinois.edu/props/volume-1/data/gwssf_10x8_jb0883_3995.txt,292,b7e4a9bcf376073ee6620f5ffd2c2ea6daabb2f8a98d870bfb6512f2ad8f0940,J       CT       CP       eta
volume-1/data/gwssf_10x8_jb0884_5021.txt,https://m-selig.ae.illinois.edu/props/volume-1/data/gwssf_10x8_jb0884_5021.txt,574,8c1ba9f4cafee02d40999a894e3c052e76cd119b86cebc69eb6eb0b8c52806a3,J       CT       CP       eta
volume-1/data/gwssf_10x8_jb0885_5005.txt,https://m-selig.ae.illinois.edu/props/volume-1/data/gwssf_10x8_jb0885_5005.txt,352,5082a32f47e0e5de6cd88fad7c75317390da43cf96116a1f23402645411c77b3,J       CT       CP       eta
volume-1/data/gwssf_10x8_static_jb0880.txt,https://m-selig.ae.illinois.edu/props/volume-1/data/gwssf_10x8_static_jb0880.txt,387,5225cded7dd860e48e66a7ff4db76a186127c6c90acc30eaa0d6187be538a51d,RPM    CT       CP
volume-1/data/gwssf_11x4.7_geom.txt,https://m-selig.ae.illinois.edu/props/volume-1/data/gwssf_11x4.7_geom.txt,394,5ebe9c65a34a072a6dfa41c9cf37442a9cca2c89b1f3597a2d0c98b4fdbea9b2,r/R    c/R     beta
volume-1/data/gwssf_11x4.7_jb0564_3005.txt,https://m-selig.ae.illinois.edu/props/volume-1/data/gwssf_11x4.7_jb0564_3005.txt,486,af39227408846dc401d91daae68b00b0e4963bb3f659a3b63be03652000b31b4,J       CT       CP       eta
volume-1/data/gwssf_11x4.7_jb0565_4000.txt,https://m-selig.ae.illinois.edu/props/volume-1/data/gwssf_11x4.7_jb0565_4000.txt,580,8c4bfb5e7b8fe5b0fb6fb4a143a62192e345fae75142630fe26de6c385ed685a,J       CT       CP       eta
volume-1/data/gwssf_11x4.7_jb0566_5003.txt,https://m-selig.ae.illinois.edu/props/volume-1/data/gwssf_11x4.7_jb0566_5003.txt,574,cd6d0c97d0240369900bea9fe45abce8ab918bef0dda5be91fb2a54b0ee98564,J       CT       CP       eta
volume-1/data/gwssf_11x4.7_jb0567_4998.txt,https://m-selig.ae.illinois.edu/props/volume-1/data/gwssf_11x4.7_jb0567_4998.txt,428,586ce9c50155eb99fe3e8830e410d62fdba71b9e9745ad246a2e7f36db6a9f9b,J       CT       CP       eta
volume-1/data/gwssf_11x4.7_jb0568_6006.txt,https://m-selig.ae.illinois.edu/props/volume-1/data/gwssf_11x4.7_jb0568_6006.txt,574,5bb5ec8c8050d85bd491363063e58fe3f2e0de27b5873faa9e58a247fe1b0acf,J       CT       CP       eta
volume-1/data/gwssf_11x4.7_jb0569_6006.txt,https://m-selig.ae.illinois.edu/props/volume-1/data/gwssf_11x4.7_jb0569_6006.txt,558,886cccf9f2b5d22f1b0a520f8a0de5d7b4cf7084f25b810098a039cd281e67b5,J       CT       CP       eta
volume-1/data/gwssf_11x4.7_static_jb0563.txt,https://m-selig.ae.illinois.edu/props/volume-1/data/gwssf_11x4.7_static_jb0563.txt,387,55bd719ad0b19602a6754228c8586bccc037a3b4fdff0c07672f6d4c130a7117,RPM    CT       CP
volume-1/data/gwssf_11x8_geom.txt,https://m-selig.ae.illinois.edu/props/volume-1/data/gwssf_11x8_geom.txt,398,3d501d3f90ebbacfef949833063e8b68169c16ce1fe1299bf8bb5c5f1f403d34,r/R    c/R     beta
volume-1/data/gwssf_11x8_kt0650_3011.txt,https://m-selig.ae.illinois.edu/props/volume-1/data/gwssf_11x8_kt0650_3011.txt,546,1abbea4eee12c4788e14a8a15f9298314c0aa0732835b82fda64fba54909fa76,J       CT       CP       eta
volume-1/data/gwssf_11x8_rd0651_4014.txt,https://m-selig.ae.illinois.edu/props/volume-1/data/gwssf_11x8_rd0651_4014.txt,574,a54b3a26583ef2f2e0ac89c61b511c9d100fec683e0ef07bbddd30c818a40cf4,J       CT       CP       eta
volume-1/data/gwssf_11x8_rd0652_3998.txt,https://m-selig.ae.illinois.edu/props/volume-1/data/gwssf_11x8_rd0652_3998.txt,358,c81fbec2d91dc8a20d7d3a30b01feb4d8890b8be3b134ce4191a7d5d41fa843a,J       CT       CP       eta
volume-1/data/gwssf_11x8_rd0653_5017.txt,https://m-selig.ae.illinois.edu/props/volume-1/data/gwssf_11x8_rd0653_5017.txt,574,258dd98a134abdde9ae2fe87995b5abfca4a31a0cef9d5632487547445816a9c,J       CT       CP       eta
volume-1/data/gwssf_11x8_rd0654_5009.txt,https://m-selig.ae.illinois.edu/props/volume-1/data/gwssf_11x8_rd0654_5009.txt,450,fe92c590687f8f8524021ca8393d13e2bd255847cc1dd257d42bf82c4f204aa2,J       CT       CP       eta
volume-1/data/gwssf_11x8_rd0655_5712.txt,https://m-selig.ae.illinois.edu/props/volume-1/data/gwssf_11x8_rd0655_5712.txt,542,25e2b84c8b2eea2647cabc5f1dec8ae31dfe85d91f979844bdde8dca1bda19e1,J       CT       CP       eta
volume-1/data/gwssf_11x8_rd0656_5704.txt,https://m-selig.ae.illinois.edu/props/volume-1/data/gwssf_11x8_rd0656_5704.txt,682,1f04716df8ebb904b4243f0e04251453e156d72bfa917bb53d5d32790604b310,J       CT       CP       eta
volume-1/data/gwssf_11x8_static_kt0649.txt,https://m-selig.ae.illinois.edu/props/volume-1/data/gwssf_11x8_static_kt0649.txt,387,df87e62c0764111e18c5a8b666e07b4510d3941db0b8b1e5b42e5325442bac59,RPM    CT       CP
volume-1/data/gwssf_8x4.3_2870rd_4005.txt,https://m-selig.ae.illinois.edu/props/volume-1/data/gwssf_8x4.3_2870rd_4005.txt,418,a02c8ab3a8592e8f84c1560fdede73d342239479f82d9ffb61b1eea47a4e7149,J       CT       CP       eta
volume-1/data/gwssf_8x4.3_2871rd_5011.txt,https://m-selig.ae.illinois.edu/props/volume-1/data/gwssf_8x4.3_2871rd_5011.txt,514,a8c1733fbbcea1a124b981f91c13a0fd4da581571a3456f5b6d78548501c5a8a,J       CT       CP       eta
volume-1/data/gwssf_8x4.3_2872rd_6012.txt,https://m-selig.ae.illinois.edu/props/volume-1/data/gwssf_8x4.3_2872rd_6012.txt,576,d1773047d41d0aeba27b0a962ff3bd51ff710b007c93c6efe40f7191c361849f,J       CT       CP       eta
volume-1/data/gwssf_8x4.3_2873rd_7024.txt,https://m-selig.ae.illinois.edu/props/volume-1/data/gwssf_8x4.3_2873rd_7024.txt,574,775b8478687ffa00342f485b3a27255d2a031bf969749a8e8b5c358ca6d72047,J       CT       CP       eta
volume-1/data/gwssf_8x4.3_2874rd_7016.txt,https://m-selig.ae.illinois.edu/props/volume-1/data/gwssf_8x4.3_2874rd_7016.txt,358,cee3181598980717de76a66ddfa74b0e7a198b3182ed802a8f11fd8b6f8011c1,J       CT       CP       eta
volume-1/data/gwssf_8x4.3_static_2869rd.txt,https://m-selig.ae.illinois.edu/props/volume-1/data/gwssf_8x4.3_static_2869rd.txt,387,f5f61431f782c00d54d0ec6f1572d6feedd73e222ec2bc1b7c9384613ee1d53b,RPM    CT       CP
volume-1/data/gwssf_8x6_2863rd_4011.txt,https://m-selig.ae.illinois.edu/props/volume-1/data/gwssf_8x6_2863rd_4011.txt,580,a2592c4516d8c0c82159a3317f0bf2097e4b6e7fcbb0ae4381f04640bf447b59,J       CT       CP       eta
volume-1/data/gwssf_8x6_2864rd_5010.txt,https://m-selig.ae.illinois.edu/props/volume-1/data/gwssf_8x6_2864rd_5010.txt,574,d90badb588d12c2ae03eae09859c0b42bcfef332583d2330641aac5451fc081e,J       CT       CP       eta
volume-1/data/gwssf_8x6_2865rd_6010.txt,https://m-selig.ae.illinois.edu/props/volume-1/data/gwssf_8x6_2865rd_6010.txt,574,1310eb31caad8147652042fbe0207a6d73706d32e5d8a23b926b0c6f87c15a29,J       CT       CP       eta
volume-1/data/gwssf_8x6_2866rd_6010.txt,https://m-selig.ae.illinois.edu/props/volume-1/data/gwssf_8x6_2866rd_6010.txt,420,5d216a02c1f8c19647a778e46e98e42441ae83e29be9d9d8fd33b277142050df,J       CT       CP       eta
volume-1/data/gwssf_8x6_2867rd_6814.txt,https://m-selig.ae.illinois.edu/props/volume-1/data/gwssf_8x6_2867rd_6814.txt,574,e4009516a2bb0e1b42198afaea36d3f616d0d0e73cfe1d1b4d39508763d29cd1,J       CT       CP       eta
volume-1/data/gwssf_8x6_2868rd_6808.txt,https://m-selig.ae.illinois.edu/props/volume-1/data/gwssf_8x6_2868rd_6808.txt,548,85ade72a4b6afaef26cc3f1f1c723a1f4484e671bf574304eb6e87eac2d4cbed,J       CT       CP       eta
volume-1/data/gwssf_8x6_static_2862rd.txt,https://m-selig.ae.illinois.edu/props/volume-1/data/gwssf_8x6_static_2862rd.txt,387,60635a75f5f104b8495181dfbba6377c686ef4a807d45f00d37be81c6676f1a2,RPM    CT       CP
volume-1/data/gwssf_9x4.7_geom.txt,https://m-selig.ae.illinois.edu/props/volume-1/data/gwssf_9x4.7_geom.txt,395,60b1744f83af910d128e40978ba8cde54748005b2e615e5c961a7d596dfa9e43,r/R    c/R     beta
volume-1/data/gwssf_9x4.7_kt0966_4008.txt,https://m-selig.ae.illinois.edu/props/volume-1/data/gwssf_9x4.7_kt0966_4008.txt,550,fc583bb3ca9eb860718bcd71763d0e933f7018b596ed2768ee5865115f3f2954,J       CT       CP       eta
volume-1/data/gwssf_9x4.7_kt0967_5016.txt,https://m-selig.ae.illinois.edu/props/volume-1/data/gwssf_9x4.7_kt0967_5016.txt,578,aae88337f1116cfcb609a979140ade195e46ab396b7102ad8035097e3e85e3b5,J       CT       CP       eta
volume-1/data/gwssf_9x4.7_kt0968_6022.txt,https://m-selig.ae.illinois.edu/props/volume-1/data/gwssf_9x4.7_kt0968_6022.txt,574,34bb02af615c2247311d0afe9028746b053ff68532bfaaf6b45c0122159d2d89,J       CT       CP       eta
volume-1/data/gwssf_9x4.7_kt0969_6001.txt,https://m-selig.ae.illinois.edu/props/volume-1/data/gwssf_9x4.7_kt0969_6001.txt,394,d10f04f960e540f6af6805d11191bbe45dbd8b90c84f4ccad68ff10de9f974b3,J       CT       CP       eta
volume-1/data/gwssf_9x4.7_kt0970_6820.txt,https://m-selig.ae.illinois.edu/props/volume-1/data/gwssf_9x4.7_kt0970_6820.txt,574,e4d1ed80ed0a638b0648d8d1d6d6ac64ae0ee7dd25a6ed9228cc94f14ce741ef,J       CT       CP       eta
volume-1/data/gwssf_9x4.7_kt0971_6815.txt,https://m-selig.ae.illinois.edu/props/volume-1/data/gwssf_9x4.7_kt0971_6815.txt,424,9253b16fc50ad99459533043e84d63ed244a675e21845b53599e0016ff965104,J       CT       CP       eta
volume-1/data/gwssf_9x4.7_static_kt0965.txt,https://m-selig.ae.illinois.edu/props/volume-1/data/gwssf_9x4.7_static_kt0965.txt,387,962397e55c5fedf3a308e27ed380279b49e93ae53e6cd6e1ec5dee1e31259751,RPM    CT       CP
volume-1/data/gwssf_9x7_geom.txt,https://m-selig.ae.illinois.edu/props/volume-1/data/gwssf_9x7_geom.txt,398,61e85b93332ec97531198c71a79a6ba2ea6a93a485d773fd5419603a2299ad59,r/R    c/R     beta
volume-1/data/gwssf_9x7_kt0973_3004.txt,https://m-selig.ae.illinois.edu/props/volume-1/data/gwssf_9x7_kt0973_3004.txt,482,78c4dc097fa0af3eb84530af5f0bc727eb15590fc250d8c2b9dcf6af979cd36b,J       CT       CP       eta
volume-1/data/gwssf_9x7_kt0974_4009.txt,https://m-selig.ae.illinois.edu/props/volume-1/data/gwssf_9x7_kt0974_4009.txt,574,207605b8f49b499578d1c55e900db5ff12499e47284a63ffc48e3244911ee32e,J       CT       CP       eta
volume-1/data/gwssf_9x7_kt0975_5014.txt,https://m-selig.ae.illinois.edu/props/volume-1/data/gwssf_9x7_kt0975_5014.txt,574,52962b8ead71a86c9c302f3f62ff639296006e6324b679b26b12ef602df6a3a6,J       CT       CP       eta
volume-1/data/gwssf_9x7_kt0976_5002.txt,https://m-selig.ae.illinois.edu/props/volume-1/data/gwssf_9x7_kt0976_5002.txt,420,f0457d49415a2a768a7eb0d0d4b065c0ee77255b1fe6dda546d979ab1ea22dfb,J       CT       CP       eta
volume-1/data/gwssf_9x7_kt0977_6019.txt,https://m-selig.ae.illinois.edu/props/volume-1/data/gwssf_9x7_kt0977_6019.txt,574,05cf88138cd8fcd1c2e0350320900af59eaf94539930ca5bcddb43fc00c6e439,J       CT       CP       eta
volume-1/data/gwssf_9x7_kt0978_6019.txt,https://m-selig.ae.illinois.edu/props/volume-1/data/gwssf_9x7_kt0978_6019.txt,552,ac3d34f0f13d4677b6f8eb2584a9c01216e8ce86073c6fdfcc9e9b3f7a9f0bcd,J       CT       CP       eta
volume-1/data/gwssf_9x7_static_kt0972.txt,https://m-selig.ae.illinois.edu/props/volume-1/data/gwssf_9x7_static_kt0972.txt,387,0705301256627b1d783403afc74608968baf72f28f762f896ea838f8a2874348,RPM    CT       CP
volume-1/data/kavfk_11x6_2973rd_3005.txt,https://m-selig.ae.illinois.edu/props/volume-1/data/kavfk_11x6_2973rd_3005.txt,418,3a55822eb566df285e325101f3339ac8578bff19c9a580c489d1a71031ee6908,J       CT       CP       eta
volume-1/data/kavfk_11x6_2974rd_4006.txt,https://m-selig.ae.illinois.edu/props/volume-1/data/kavfk_11x6_2974rd_4006.txt,578,02df7dfcb52adab8d34b3210e4ceae640a73486a685401fc8dfc972c5155d3b2,J       CT       CP       eta
volume-1/data/kavfk_11x6_2975rd_5001.txt,https://m-selig.ae.illinois.edu/props/volume-1/data/kavfk_11x6_2975rd_5001.txt,574,79d35cdd715aa179d54e95b7b81f1ef3587a0c98dbe3eb3fb914d95c74146591,J       CT       CP       eta
volume-1/data/kavfk_11x6_2976rd_5002.txt,https://m-selig.ae.illinois.edu/props/volume-1/data/kavfk_11x6_2976rd_5002.txt,322,ac870b5fe1856f86e4c8cc851669f6e1974990eaf65c32d7b4406354738dcd5f,J       CT       CP       eta
volume-1/data/kavfk_11x6_2977rd_5806.txt,https://m-selig.ae.illinois.edu/props/volume-1/data/kavfk_11x6_2977rd_5806.txt,574,4f3edf86e6c44fbcb392a415742b1e8060a2ad0bbb4914472185f3455eeb81d4,J       CT       CP       eta
volume-1/data/kavfk_11x6_2978rd_5808.txt,https://m-selig.ae.illinois.edu/props/volume-1/data/kavfk_11x6_2978rd_5808.txt,448,4bb75c7e00347ee2e89c89b89500f265700c12e90db03eee70c3840611571cad,J       CT       CP       eta
volume-1/data/kavfk_11x6_static_2972rd.txt,https://m-selig.ae.illinois.edu/props/volume-1/data/kavfk_11x6_static_2972rd.txt,387,fbd7a3e1ea17faf23b3426d2c4229397e58058477c088c57b5f521a8cdc1c820,RPM    CT       CP
volume-1/data/kavfk_11x7.75_2980os_2997.txt,https://m-selig.ae.illinois.edu/props/volume-1/data/kavfk_11x7.75_2980os_2997.txt,514,b24d53e2c78990dc30500bf0b96466aaaf77261cff610b7f7e603bc4271773dd,J       CT       CP       eta
volume-1/data/kavfk_11x7.75_2981os_4005.txt,https://m-selig.ae.illinois.edu/props/volume-1/data/kavfk_11x7.75_2981os_4005.txt,574,ad6a17788ca11db139940618cd12d7303115d6c46c89959fbed784e671ef6fd7,J       CT       CP       eta
volume-1/data/kavfk_11x7.75_2982os_3995.txt,https://m-selig.ae.illinois.edu/props/volume-1/data/kavfk_11x7.75_2982os_3995.txt,290,fe5458518d5b5a28aff0918f40c76a1f52a1dc4a6862de5410d1eef0de81ac3b,J       CT       CP       eta
volume-1/data/kavfk_11x7.75_2983os_5012.txt,https://m-selig.ae.illinois.edu/props/volume-1/data/kavfk_11x7.75_2983os_5012.txt,574,4d3892760ba11d249fb0bce1293b536859e4c3e5afda75076cf79afea7278e13,J       CT       CP       eta
volume-1/data/kavfk_11x7.75_2984os_5004.txt,https://m-selig.ae.illinois.edu/props/volume-1/data/kavfk_11x7.75_2984os_5004.txt,480,9465c432e40f9e84b46d31b62ceccd994c08fd65f59dbb45b6110ee5257cbdee,J       CT       CP       eta
volume-1/data/kavfk_11x7.75_2986os_5410.txt,https://m-selig.ae.illinois.edu/props/volume-1/data/kavfk_11x7.75_2986os_5410.txt,574,3537006338730955aa16445a751de11b9d9258b3843e8d8c19e44cfcdb9cc334,J       CT       CP       eta
volume-1/data/kavfk_11x7.75_2987os_5408.txt,https://m-selig.ae.illinois.edu/props/volume-1/data/kavfk_11x7.75_2987os_5408.txt,544,34dc903ac803e077a3918e9bd9f97908d18c0a53a0b4c27e6dace4a482ab2db3,J       CT       CP       eta
volume-1/data/kavfk_11x7.75_static_2979os.txt,https://m-selig.ae.illinois.edu/props/volume-1/data/kavfk_11x7.75_static_2979os.txt,387,943e02d4219f6f2c2414207a102aa9ed35d298282a7463ac510c45ab7b7c3948,RPM    CT       CP
volume-1/data/kavfk_9x4_2294rd_3998.txt,https://m-selig.ae.illinois.edu/props/volume-1/data/kavfk_9x4_2294rd_3998.txt,320,6959894b36b92609158245e88c926ec979ec58b7623ed1c54fb22bb75cffac0d,J       CT       CP       eta
volume-1/data/kavfk_9x4_2295rd_5005.txt,https://m-selig.ae.illinois.edu/props/volume-1/data/kavfk_9x4_2295rd_5005.txt,416,6762c475356a42af36f4d13760f46791e808f48b71217f1a684239999d1bee24,J       CT       CP       eta
volume-1/data/kavfk_9x4_2296rd_6009.txt,https://m-selig.ae.illinois.edu/props/volume-1/data/kavfk_9x4_2296rd_6009.txt,512,69aee966297d95fd5c6b9db0aaaca8f90ea36cc650fa2aa45f29f06ff91d60af,J       CT       CP       eta
volume-1/data/kavfk_9x4_2297rd_6926.txt,https://m-selig.ae.illinois.edu/props/volume-1/data/kavfk_9x4_2297rd_6926.txt,574,1054ce3c3d9aaf35a384f26877334657008007baf999f60819d691cb77abbfd2,J       CT       CP       eta
volume-1/data/kavfk_9x4_static_2591rd.txt,https://m-selig.ae.illinois.edu/props/volume-1/data/kavfk_9x4_static_2591rd.txt,387,7b7fc8d9c7ce41617cf3dbfe3a5d3e19e432d45f181a37d902a72b817bcb13c6,RPM    CT       CP
volume-1/data/kavfk_9x6_2300rd_4005.txt,https://m-selig.ae.illinois.edu/props/volume-1/data/kavfk_9x6_2300rd_4005.txt,576,c1212813f550a846a6fa733d97c0fca74a569454b60e88428142336de58c15d2,J       CT       CP       eta
volume-1/data/kavfk_9x6_2301rd_5021.txt,https://m-selig.ae.illinois.edu/props/volume-1/data/kavfk_9x6_2301rd_5021.txt,574,2aef9e7a1497a7ca7c72d7a9f546b82730d8a28e6b9237d2219b99ba27670b54,J       CT       CP       eta
volume-1/data/kavfk_9x6_2302rd_4999.txt,https://m-selig.ae.illinois.edu/props/volume-1/data/kavfk_9x6_2302rd_4999.txt,320,aa18084146494b6161ed511dcb6d4c0c45de46009c769e182f8be090f749f98a,J       CT       CP       eta
volume-1/data/kavfk_9x6_2303rd_6028.txt,https://m-selig.ae.illinois.edu/props/volume-1/data/kavfk_9x6_2303rd_6028.txt,574,4d8277bfb2b68ad455c954625727876f7dc0ed47768e3d2fe7415e6fd8af0437,J       CT       CP       eta
volume-1/data/kavfk_9x6_2304rd_6010.txt,https://m-selig.ae.illinois.edu/props/volume-1/data/kavfk_9x6_2304rd_6010.txt,480,718cd7abeb463a9675278224dc4d3b878b6ef4d92cf7edbc85a6f99a9c70879d,J       CT       CP       eta
volume-1/data/kavfk_9x6_2305rd_6420.txt,https://m-selig.ae.illinois.edu/props/volume-1/data/kavfk_9x6_2305rd_6420.txt,574,7b811ffb2909c439156597e7358ae1b4a6ffba8eddc5667e58262d952a0b101f,J       CT       CP       eta
volume-1/data/kavfk_9x6_2306rd_6413.txt,https://m-selig.ae.illinois.edu/props/volume-1/data/kavfk_9x6_2306rd_6413.txt,544,005af56e3f5c3b86a5cdea2859b2b66a1a82640c951cc960844a542d79d02398,J       CT       CP       eta
volume-1/data/kavfk_9x6_static_2592rd.txt,https://m-selig.ae.illinois.edu/props/volume-1/data/kavfk_9x6_static_2592rd.txt,387,5390a41a20da5d057ef55fa461635f04f2ceda3156b15830baf14e883eac7a2f,RPM    CT       CP
volume-1/data/kyosho_10x6_geom.txt,https://m-selig.ae.illinois.edu/props/volume-1/data/kyosho_10x6_geom.txt,398,b466ce384e155646169c95dc5081307cab7ef35fb920a5c4407443dd73a08fc4,r/R    c/R     beta
volume-1/data/kyosho_10x6_jb0763_4009.txt,https://m-selig.ae.illinois.edu/props/volume-1/data/kyosho_10x6_jb0763_4009.txt,574,9fa18d11d52d5a573eb63964d156dc2e61cf3e0fe70f8f7c28e52751c6c1236f,J       CT       CP       eta
volume-1/data/kyosho_10x6_jb0764_5021.txt,https://m-selig.ae.illinois.edu/props/volume-1/data/kyosho_10x6_jb0764_5021.txt,574,50b5cb6459eb5ac6f7ffa94feefe3c369cc8f217cb725e9336857ab20ce8881b,J       CT       CP       eta
volume-1/data/kyosho_10x6_jb0765_5006.txt,https://m-selig.ae.illinois.edu/props/volume-1/data/kyosho_10x6_jb0765_5006.txt,384,cc9a7c8a5ec5677775f4fce78dcc577bba56abf90f0c78b64219bca7641cefdc,J       CT       CP       eta
volume-1/data/kyosho_10x6_jb0766_6022.txt,https://m-selig.ae.illinois.edu/props/volume-1/data/kyosho_10x6_jb0766_6022.txt,574,49d8d6cbbad2784b7eed269937971fc0f06329d51b3f03b112abf475757fbc44,J       CT       CP       eta
volume-1/data/kyosho_10x6_jb0767_6016.txt,https://m-selig.ae.illinois.edu/props/volume-1/data/kyosho_10x6_jb0767_6016.txt,578,500d70cfd84c2fc2b3cd2a830b6d49bbf710278709a26ed1ef4c630809e0e9d9,J       CT       CP       eta
volume-1/data/kyosho_10x6_jb0768_6511.txt,https://m-selig.ae.illinois.edu/props/volume-1/data/kyosho_10x6_jb0768_6511.txt,574,a139ef2a6b031767dd6e73df2845c409e806dfd5176efd7a01cd22cf6784fdd3,J       CT       CP       eta
volume-1/data/kyosho_10x6_jb0769_6510.txt,https://m-selig.ae.illinois.edu/props/volume-1/data/kyosho_10x6_jb0769_6510.txt,674,fae519d16d8eda1f0849a2c3534cd991bd77927ccef89d68a8d78ca6700676d1,J       CT       CP       eta
volume-1/data/kyosho_10x6_static_jb0762.txt,https://m-selig.ae.illinois.edu/props/volume-1/data/kyosho_10x6_static_jb0762.txt,387,898cc689d0cac313cee3b2807120ab73893afbae7f2fd3251d5bbac3b1a3f099,RPM    CT       CP
volume-1/data/kyosho_10x7_geom.txt,https://m-selig.ae.illinois.edu/props/volume-1/data/kyosho_10x7_geom.txt,398,8af97ca4282bf82779a8e37a7a2ba26a7f8074d5c8c9194698d01a5a77807f6a,r/R    c/R     beta
volume-1/data/kyosho_10x7_rd0771_3997.txt,https://m-selig.ae.illinois.edu/props/volume-1/data/kyosho_10x7_rd0771_3997.txt,574,958150c533b5a613a172b431ce1883a3ffa0c9bacced5cdeec8753ce1f953dc2,J       CT       CP       eta
volume-1/data/kyosho_10x7_rd0772_3998.txt,https://m-selig.ae.illinois.edu/props/volume-1/data/kyosho_10x7_rd0772_3998.txt,322,9501a0998ba7b0b2445f73b622fc453e4dff7cf9d805de11fda98e46b433e73d,J       CT       CP       eta
volume-1/data/kyosho_10x7_rd0773_4975.txt,https://m-selig.ae.illinois.edu/props/volume-1/data/kyosho_10x7_rd0773_4975.txt,574,5774d578d19d7bf8a67a1be7f66653b146180182409191074a5fce2e17883481,J       CT       CP       eta
volume-1/data/kyosho_10x7_rd0774_5001.txt,https://m-selig.ae.illinois.edu/props/volume-1/data/kyosho_10x7_rd0774_5001.txt,512,57c1c510610db0750d6cba5c1a5c205c7d4af8a23fc7ea4aff724c95cb15810c,J       CT       CP       eta
volume-1/data/kyosho_10x7_rd0775_5967.txt,https://m-selig.ae.illinois.edu/props/volume-1/data/kyosho_10x7_rd0775_5967.txt,574,39be95eb2a8ace61f806fd03e201b16d26b0cfd4eedd1f3101284539ceb0c878,J       CT       CP       eta
volume-1/data/kyosho_10x7_rd0776_6017.txt,https://m-selig.ae.illinois.edu/props/volume-1/data/kyosho_10x7_rd0776_6017.txt,738,9192971d36632bc4768968f19e44bbc3f831564d70f02c4ffe0fb5e1ea5b0e41,J       CT       CP       eta
volume-1/data/kyosho_10x7_rd0777_6471.txt,https://m-selig.ae.illinois.edu/props/volume-1/data/kyosho_10x7_rd0777_6471.txt,574,6ce4b17ace8d29d7beeb379c4a772540d3ec1e48da80310f39c70c5bfd9f1a3b,J       CT       CP       eta
volume-1/data/kyosho_10x7_rd0778_6506.txt,https://m-selig.ae.illinois.edu/props/volume-1/data/kyosho_10x7_rd0778_6506.txt,798,4078979a83fd4fba1dbfca127fb17214c2e000302ecb4f7d7f2090ad2b71dfe2,J       CT       CP       eta
volume-1/data/kyosho_10x7_static_rd0770.txt,https://m-selig.ae.illinois.edu/props/volume-1/data/kyosho_10x7_static_rd0770.txt,387,fd9571df96c532c419be3d9c23b8ee68c93ee6c4f36c39fb93f1be6b9404006c,RPM    CT       CP
volume-1/data/kyosho_11x7_geom.txt,https://m-selig.ae.illinois.edu/props/volume-1/data/kyosho_11x7_geom.txt,398,d1276b3eed70604b706a28e44d50d53fe4908d3485f1d8f3a87132051ac8fb5c,r/R    c/R     beta
volume-1/data/kyosho_11x7_jb0708_4991.txt,https://m-selig.ae.illinois.edu/props/volume-1/data/kyosho_11x7_jb0708_4991.txt,574,9d2fd7a00ec550b134195666da99c317cbca8586dbaddc22029c0f72e4ba0777,J       CT       CP       eta
volume-1/data/kyosho_11x7_jb0709_5004.txt,https://m-selig.ae.illinois.edu/props/volume-1/data/kyosho_11x7_jb0709_5004.txt,544,3532cf8fef81963c84762e0f0cadb0c98c1b4e5e8aaede3e3e4b6381add7284e,J       CT       CP       eta
volume-1/data/kyosho_11x7_jb0710_5987.txt,https://m-selig.ae.illinois.edu/props/volume-1/data/kyosho_11x7_jb0710_5987.txt,574,83e05e497e32eefab14a6b8a28fd14c1e042b601953d19ff4701f4664ee4ec9c,J       CT       CP       eta
volume-1/data/kyosho_11x7_jb0711_6014.txt,https://m-selig.ae.illinois.edu/props/volume-1/data/kyosho_11x7_jb0711_6014.txt,802,541a0349f7fc6b2aecec7371e37c5d286f83c3b142962bbd332884b0a831c496,J       CT       CP       eta
volume-1/data/kyosho_11x7_kt0705_3003.txt,https://m-selig.ae.illinois.edu/props/volume-1/data/kyosho_11x7_kt0705_3003.txt,544,dfe0a2e5103b6990f8be08a86c7afafc5d71653ca8a1d7dbadfbf9f2eb1b4549,J       CT       CP       eta
volume-1/data/kyosho_11x7_kt0706_3995.txt,https://m-selig.ae.illinois.edu/props/volume-1/data/kyosho_11x7_kt0706_3995.txt,574,8146dc73daab4529145673d7e8e375b5caa82e91397fcf39d6de567710eadd75,J       CT       CP       eta
volume-1/data/kyosho_11x7_kt0707_3999.txt,https://m-selig.ae.illinois.edu/props/volume-1/data/kyosho_11x7_kt0707_3999.txt,320,13958747ebdf8e99acc00240ec0f8b9f3e9a0fea313f3ba744687814606d30fb,J       CT       CP       eta
volume-1/data/kyosho_11x7_static_kt0704.txt,https://m-selig.ae.illinois.edu/props/volume-1/data/kyosho_11x7_static_kt0704.txt,387,8135cbe1aa603af51073cce79d3c38ba03664c0db32fac61077901784c443d4b,RPM    CT       CP
volume-1/data/kyosho_11x9_geom.txt,https://m-selig.ae.illinois.edu/props/volume-1/data/kyosho_11x9_geom.txt,398,b780013c7fa4d1896ad8a71fef0da40cd05eedba545a74bf918933dec206d241,r/R    c/R     beta
volume-1/data/kyosho_11x9_rd0607_3006.txt,https://m-selig.ae.illinois.edu/props/volume-1/data/kyosho_11x9_rd0607_3006.txt,574,dd9c7caeb246947c24609e4fe9d3fc83b66d2e43969b2e2c9447ca9ca4078ae3,J       CT       CP       eta
volume-1/data/kyosho_11x9_rd0608_4000.txt,https://m-selig.ae.illinois.edu/props/volume-1/data/kyosho_11x9_rd0608_4000.txt,574,b62dcdec5df2d45150afa5eedac872d712d8d85ed15e1f2ab4b3098437821fb7,J       CT       CP       eta
volume-1/data/kyosho_11x9_rd0609_3999.txt,https://m-selig.ae.illinois.edu/props/volume-1/data/kyosho_11x9_rd0609_3999.txt,514,4551dd999bda2cbf70b7f57fc8e8120cb5ac2c71669149f5e1a05df144208ac4,J       CT       CP       eta
volume-1/data/kyosho_11x9_rd0610_4996.txt,https://m-selig.ae.illinois.edu/props/volume-1/data/kyosho_11x9_rd0610_4996.txt,574,444d5fb9c8675991b2f0ad6d5b10fd64fb2ef51e7ba7a430143cb44e6a4a5ae9,J       CT       CP       eta
volume-1/data/kyosho_11x9_rd0611_5005.txt,https://m-selig.ae.illinois.edu/props/volume-1/data/kyosho_11x9_rd0611_5005.txt,802,584393b0fca1bf96c3fc21054584dd10d34974ba74911a14ea837ae4293bce6a,J       CT       CP       eta
volume-1/data/kyosho_11x9_rd0614_5900.txt,https://m-selig.ae.illinois.edu/props/volume-1/data/kyosho_11x9_rd0614_5900.txt,574,e6b34961e52332ab328aa58448cb9d6ef5d0804d0e659bb44f57836ec17eb39a,J       CT       CP       eta
volume-1/data/kyosho_11x9_rd0615_5905.txt,https://m-selig.ae.illinois.edu/props/volume-1/data/kyosho_11x9_rd0615_5905.txt,798,e1e5731af56f57711ffa1c3c309d0d2eb72097378a048c00f6a761ed9f830314,J       CT       CP       eta
volume-1/data/kyosho_11x9_static_rd0606.txt,https://m-selig.ae.illinois.edu/props/volume-1/data/kyosho_11x9_static_rd0606.txt,387,c3de071e5fd34a558cc5efcb4f480893565bdb73cfb5ab80f6b98be539bbc495,RPM    CT       CP
volume-1/data/kyosho_9x6_geom.txt,https://m-selig.ae.illinois.edu/props/volume-1/data/kyosho_9x6_geom.txt,398,96b208c458e4aebfcf6299ed170bcf0d2c097b3d3bcca8a898103e455c3e6b8e,r/R    c/R     beta
volume-1/data/kyosho_9x6_jb1040_4009.txt,https://m-selig.ae.illinois.edu/props/volume-1/data/kyosho_9x6_jb1040_4009.txt,578,9c0b3b4e8ef7e7eb6af4da9e9b4fab5e015a50d8e8d354cb00ef518d0ec127d8,J       CT       CP       eta
volume-1/data/kyosho_9x6_jb1041_5002.txt,https://m-selig.ae.illinois.edu/props/volume-1/data/kyosho_9x6_jb1041_5002.txt,574,fe7fac678ed380b6be31d42dbbe542ab38bcbda0d2d4454ee68b1447e030bdd4,J       CT       CP       eta
volume-1/data/kyosho_9x6_jb1042_5002.txt,https://m-selig.ae.illinois.edu/props/volume-1/data/kyosho_9x6_jb1042_5002.txt,354,3222476dfd2d2ea1cd50fc77b0ddf01afbe36e4fd0980bf36919ea4bf9d526b6,J       CT       CP       eta
volume-1/data/kyosho_9x6_jb1043_6033.txt,https://m-selig.ae.illinois.edu/props/volume-1/data/kyosho_9x6_jb1043_6033.txt,574,445c3030dbb5acb4501d7e2d5cd1847b353d9368e7618c51cbf03e7a6fc03b0a,J       CT       CP       eta
volume-1/data/kyosho_9x6_jb1044_6024.txt,https://m-selig.ae.illinois.edu/props/volume-1/data/kyosho_9x6_jb1044_6024.txt,514,c753e89853977bc70a2d5e1255e7bca6a80ff4cd96c99e3debf5531b43f47db1,J       CT       CP       eta
volume-1/data/kyosho_9x6_jb1045_6817.txt,https://m-selig.ae.illinois.edu/props/volume-1/data/kyosho_9x6_jb1045_6817.txt,574,c558140ef469157efb3169e02b281b4cd94ee106a28d232572b20ab94188eaa9,J       CT       CP       eta
volume-1/data/kyosho_9x6_jb1046_6819.txt,https://m-selig.ae.illinois.edu/props/volume-1/data/kyosho_9x6_jb1046_6819.txt,542,44f5d73c0899922eda71aeb6e93a53af7e8483132d12cfb3d5c14853abd73252,J       CT       CP       eta
volume-1/data/kyosho_9x6_static_jb1039.txt,https://m-selig.ae.illinois.edu/props/volume-1/data/kyosho_9x6_static_jb1039.txt,387,4e0c12383f1359367f7130fd072a6a55390e8c7f5d11ac6d0318a0350d8f5600,RPM    CT       CP
volume-1/data/ma_11x10_3051rd_2994.txt,https://m-selig.ae.illinois.edu/props/volume-1/data/ma_11x10_3051rd_2994.txt,574,f661828d9f57dc76e149925fab467e6cf093dfc5094343ab7b309cc1200061f3,J       CT       CP       eta
volume-1/data/ma_11x10_3052rd_3982.txt,https://m-selig.ae.illinois.edu/props/volume-1/data/ma_11x10_3052rd_3982.txt,574,54c2fad0574ea40b375247310f63b66e736971e2f750a25028b59ff8d5e1bf80,J       CT       CP       eta
volume-1/data/ma_11x10_3053rd_4008.txt,https://m-selig.ae.illinois.edu/props/volume-1/data/ma_11x10_3053rd_4008.txt,482,46f829089d47e0022c4d5ed4f949a2770ec688379cb5a04d3b2235bfb4826bec,J       CT       CP       eta
volume-1/data/ma_11x10_3054rd_4983.txt,https://m-selig.ae.illinois.edu/props/volume-1/data/ma_11x10_3054rd_4983.txt,574,1b44a89311c910ec2988c53d445b23dba5f59e1e86eebcdf8dcf72b5ea001362,J       CT       CP       eta
volume-1/data/ma_11x10_3055rd_5007.txt,https://m-selig.ae.illinois.edu/props/volume-1/data/ma_11x10_3055rd_5007.txt,702,6465c8c17ca42e62567e21d5b529d720307a79626a0948495d3d433b98fa0904,J       CT       CP       eta
volume-1/data/ma_11x10_static_3050rd.txt,https://m-selig.ae.illinois.edu/props/volume-1/data/ma_11x10_static_3050rd.txt,387,22d3898d1d79ab23217dd7dea080403b08fe22dfd5bea3b00fcab290e22d0ce2,RPM    CT       CP
volume-1/data/ma_11x4_geom.txt,https://m-selig.ae.illinois.edu/props/volume-1/data/ma_11x4_geom.txt,391,f70567343a90736cd3fe860b5c5e7f66daed4afd4557e271d8967eb9d18f1777,r/R    c/R     beta
volume-1/data/ma_11x4_pg0597_6002.txt,https://m-selig.ae.illinois.edu/props/volume-1/data/ma_11x4_pg0597_6002.txt,576,5c3d826f62a8271b886926463d7844d72dde7d742c1ba04c95daffd7767b6f4c,J       CT       CP       eta
volume-1/data/ma_11x4_rd0594_2992.txt,https://m-selig.ae.illinois.edu/props/volume-1/data/ma_11x4_rd0594_2992.txt,258,9c1557a775551a31c9b2ef422ab32a0d4fb7c0ef6b82bbd7eb5174287880991b,J       CT       CP       eta
volume-1/data/ma_11x4_rd0595_3998.txt,https://m-selig.ae.illinois.edu/props/volume-1/data/ma_11x4_rd0595_3998.txt,354,ade61bdc896f2b61ca8df0b01f66695c163fa5fa09a6daab6bd353197a390a67,J       CT       CP       eta
volume-1/data/ma_11x4_rd0596_5000.txt,https://m-selig.ae.illinois.edu/props/volume-1/data/ma_11x4_rd0596_5000.txt,482,5a40bc810bd73fa6079547bb3599796a1807b810c32d331b8c270549f6ceb184,J       CT       CP       eta
volume-1/data/ma_11x4_static_rd0593.txt,https://m-selig.ae.illinois.edu/props/volume-1/data/ma_11x4_static_rd0593.txt,387,e0cac705b19153d5a97c2bd9dec766560a7c61c758c1e1814641436fb20de306,RPM    CT       CP
volume-1/data/ma_11x6_geom.txt,https://m-selig.ae.illinois.edu/props/volume-1/data/ma_11x6_geom.txt,395,cb4cf217675b1424ceb523b72ff22b08460ddca90e33ec74338e1cc6f3b5ff5a,r/R    c/R     beta
volume-1/data/ma_11x6_kt0690_3006.txt,https://m-selig.ae.illinois.edu/props/volume-1/data/ma_11x6_kt0690_3006.txt,384,85efaa9aa8aee4d202f85a56b8d4857ac7c74f53f090294e0817088b2cda03a8,J       CT       CP       eta
volume-1/data/ma_11x6_kt0691_4006.txt,https://m-selig.ae.illinois.edu/props/volume-1/data/ma_11x6_kt0691_4006.txt,544,483335f7a1736383b86cf9b8c11a1a81682663d0713e4f98cf9c20b75a3451d3,J       CT       CP       eta
volume-1/data/ma_11x6_kt0692_5000.txt,https://m-selig.ae.illinois.edu/props/volume-1/data/ma_11x6_kt0692_5000.txt,574,f5da49aa190876bce0560ad37fc8ce5ddd5ae04ee6f1a48c28aa5d8c40aadbad,J       CT       CP       eta
volume-1/data/ma_11x6_kt0693_5000.txt,https://m-selig.ae.illinois.edu/props/volume-1/data/ma_11x6_kt0693_5000.txt,322,503c47829322585ea700a46d4b4d8e0823fd078f44f6903997f59973f84270e7,J       CT       CP       eta
volume-1/data/ma_11x6_kt0694_6011.txt,https://m-selig.ae.illinois.edu/props/volume-1/data/ma_11x6_kt0694_6011.txt,574,9d8beda39a589ebbb5ed73634a7289cf027e8ba59e2352d46ebb5a22d5c1b832,J       CT       CP       eta
volume-1/data/ma_11x6_kt0695_6019.txt,https://m-selig.ae.illinois.edu/props/volume-1/data/ma_11x6_kt0695_6019.txt,480,ef5d7e4a8c9b7f963fb45d27ee01c77f983cf06c0498e43b823ef95bd3b52d06,J       CT       CP       eta
volume-1/data/ma_11x6_static_kt0689.txt,https://m-selig.ae.illinois.edu/props/volume-1/data/ma_11x6_static_kt0689.txt,387,f90722ad2bf05a14c804c8fd7f56faca0de8458e4c8acd1cca90b9c94c3bae05,RPM    CT       CP
volume-1/data/ma_11x7_geom.txt,https://m-selig.ae.illinois.edu/props/volume-1/data/ma_11x7_geom.txt,395,317e188c2076209c0aa531cba4ca5e11f32b7d20f1ce87c9165ef2615d9dc4b3,r/R    c/R     beta
volume-1/data/ma_11x7_rd0587_3004.txt,https://m-selig.ae.illinois.edu/props/volume-1/data/ma_11x7_rd0587_3004.txt,418,ec0a294aeeb19988f069377c518912bc3e883e475a6439438b69209dccedbac1,J       CT       CP       eta
volume-1/data/ma_11x7_rd0588_4003.txt,https://m-selig.ae.illinois.edu/props/volume-1/data/ma_11x7_rd0588_4003.txt,576,f0319483ad3f52af7420b9ca8e5c6ae4574d3dbcc38c5bb60d2fac0295147027,J       CT       CP       eta
volume-1/data/ma_11x7_rd0589_5006.txt,https://m-selig.ae.illinois.edu/props/volume-1/data/ma_11x7_rd0589_5006.txt,574,e5381da58ef328a03b0fdfd719bad52a95c8130c1f8bb8c6e7ae608f38028e25,J       CT       CP       eta
volume-1/data/ma_11x7_rd0590_4998.txt,https://m-selig.ae.illinois.edu/props/volume-1/data/ma_11x7_rd0590_4998.txt,354,e03d6c1913d4d0ea564478c5b5dcd444d877c1908a006ac1530e716af2b860c6,J       CT       CP       eta
volume-1/data/ma_11x7_rd0591_6000.txt,https://m-selig.ae.illinois.edu/props/volume-1/data/ma_11x7_rd0591_6000.txt,574,29cf5f72938796ff2c0bdec152491b75058966e6cbdc8fdc554c7a1c029323f3,J       CT       CP       eta
volume-1/data/ma_11x7_rd0592_6003.txt,https://m-selig.ae.illinois.edu/props/volume-1/data/ma_11x7_rd0592_6003.txt,546,703c41503c14b4093c9dc8bf5bf15e02b9a0dc089846cb921bf4fd4ff86cb8ee,J       CT       CP       eta
volume-1/data/ma_11x7_static_rd0586.txt,https://m-selig.ae.illinois.edu/props/volume-1/data/ma_11x7_static_rd0586.txt,387,9239e94763f385221027abb2c9ea997dc84e5348a570ea83259c87f2be7ddea7,RPM    CT       CP
volume-1/data/ma_11x8_geom.txt,https://m-selig.ae.illinois.edu/props/volume-1/data/ma_11x8_geom.txt,397,cbd0e8da9307055772f24fe71cb62c234f6aecd9673e81ddd2f6d0f58604a77f,r/R    c/R     beta
volume-1/data/ma_11x8_pg0599_3008.txt,https://m-selig.ae.illinois.edu/props/volume-1/data/ma_11x8_pg0599_3008.txt,512,77ec844824883df1467c491a1afdf172399965b406e1dcd766e9bc2c52011e4d,J       CT       CP       eta
volume-1/data/ma_11x8_pg0600_3997.txt,https://m-selig.ae.illinois.edu/props/volume-1/data/ma_11x8_pg0600_3997.txt,574,1a5771477c66a26e82c11466d8fc6a3954686f6811c2eb6655e54b6e9ccf7c10,J       CT       CP       eta
volume-1/data/ma_11x8_pg0601_3998.txt,https://m-selig.ae.illinois.edu/props/volume-1/data/ma_11x8_pg0601_3998.txt,322,0ae8a465d5fbfe3b8fac999e811a30a3eaa74c647525a2a02bfea6aa19fe06e8,J       CT       CP       eta
volume-1/data/ma_11x8_pg0602_5001.txt,https://m-selig.ae.illinois.edu/props/volume-1/data/ma_11x8_pg0602_5001.txt,574,3ce1d03b9979bbb0d925128f216e6c0bad99f2567069bbdfef77ac6b873507b3,J       CT       CP       eta
volume-1/data/ma_11x8_pg0603_4998.txt,https://m-selig.ae.illinois.edu/props/volume-1/data/ma_11x8_pg0603_4998.txt,512,f3ba7314a7ebb4065257a6c735b6e7b35b3d266517af68b7ced180e0958d9623,J       CT       CP       eta
volume-1/data/ma_11x8_pg0604_5989.txt,https://m-selig.ae.illinois.edu/props/volume-1/data/ma_11x8_pg0604_5989.txt,574,ee260c2a8e6da30d9b65c0d6c3bc935a237b9d68fde399545aaf06d5e8413fd9,J       CT       CP       eta
volume-1/data/ma_11x8_pg0605_6005.txt,https://m-selig.ae.illinois.edu/props/volume-1/data/ma_11x8_pg0605_6005.txt,736,b7c54a46fb986601ad8b1f0d4304016b3e564033e3ecd50026204f6204677132,J       CT       CP       eta
volume-1/data/ma_11x8_static_pg0598.txt,https://m-selig.ae.illinois.edu/props/volume-1/data/ma_11x8_static_pg0598.txt,387,085750ee9cafe9199c96a3e7ee6fe866ce80d77b4bf506457056a14eb130785d,RPM    CT       CP
volume-1/data/ma_11x9_3042ja_2991.txt,https://m-selig.ae.illinois.edu/props/volume-1/data/ma_11x9_3042ja_2991.txt,578,2b2602d4321b6554907c5ec28bb267cb3d2d29da393563b95af8e0c45a9d101b,J       CT       CP       eta
volume-1/data/ma_11x9_3043ja_3997.txt,https://m-selig.ae.illinois.edu/props/volume-1/data/ma_11x9_3043ja_3997.txt,574,8d1822192658078b9824e3d18542b227fcac97600cf190a6ff7b68f17209a4c3,J       CT       CP       eta
volume-1/data/ma_11x9_3044ja_4005.txt,https://m-selig.ae.illinois.edu/props/volume-1/data/ma_11x9_3044ja_4005.txt,384,8a567fe1292a92dd67a2032b0b49f36201f26b3a7d7ef413b44949ebd671b7d4,J       CT       CP       eta
volume-1/data/ma_11x9_3045ja_4987.txt,https://m-selig.ae.illinois.edu/props/volume-1/data/ma_11x9_3045ja_4987.txt,574,d9d42d7d050172d328e0054f697bf45f579225ecdea4a36f8bff9b6cdb26ab09,J       CT       CP       eta
volume-1/data/ma_11x9_3046ja_5013.txt,https://m-selig.ae.illinois.edu/props/volume-1/data/ma_11x9_3046ja_5013.txt,574,9d781399472fbca84d663b5f8f0ee93936abe22298c62b6c43129467738819b3,J       CT       CP       eta
volume-1/data/ma_11x9_3048ja_5293.txt,https://m-selig.ae.illinois.edu/props/volume-1/data/ma_11x9_3048ja_5293.txt,574,85ee749d5f6d0fabea805a4ce4054a5ac1b3f9eb9da201b7a31e87c049d40799,J       CT       CP       eta
volume-1/data/ma_11x9_3049ja_5314.txt,https://m-selig.ae.illinois.edu/props/volume-1/data/ma_11x9_3049ja_5314.txt,638,8377ec454bce7500a54a0504f4e098e6169c132b25e3ced9e6058121a9b34ce3,J       CT       CP       eta
volume-1/data/ma_11x9_static_3041ja.txt,https://m-selig.ae.illinois.edu/props/volume-1/data/ma_11x9_static_3041ja.txt,387,2da4e9b4b6d6968dcc6d1c30991eed15241baf6da9a818a30d7b2c4f0e52a1eb,RPM    CT       CP
volume-1/data/ma_9x4_geom.txt,https://m-selig.ae.illinois.edu/props/volume-1/data/ma_9x4_geom.txt,396,844e3ce712558439eede421c8232ebd093da5f0b399e15e3a1cb380a5457787b,r/R    c/R     beta
volume-1/data/ma_9x4_rd0895_4001.txt,https://m-selig.ae.illinois.edu/props/volume-1/data/ma_9x4_rd0895_4001.txt,352,fc92d1ef25c411d274688981adf1c5163b695500c64a00c43a52c694346d9964,J       CT       CP       eta
volume-1/data/ma_9x4_rd0896_5010.txt,https://m-selig.ae.illinois.edu/props/volume-1/data/ma_9x4_rd0896_5010.txt,480,4d1268278990a59804cc50eaf46054757b5357d01297e11578d230ecde3eaedf,J       CT       CP       eta
volume-1/data/ma_9x4_rd0897_6014.txt,https://m-selig.ae.illinois.edu/props/volume-1/data/ma_9x4_rd0897_6014.txt,576,173a6572d232a428a179f585b2a616f792af211b213e86c2918ead49e18b1a23,J       CT       CP       eta
volume-1/data/ma_9x4_rd0898_6894.txt,https://m-selig.ae.illinois.edu/props/volume-1/data/ma_9x4_rd0898_6894.txt,574,5672924257ed16ae5f3a76f5032d49117e9ba2d284d900fd8b1f86953f573598,J       CT       CP       eta
volume-1/data/ma_9x4_rd0899_6922.txt,https://m-selig.ae.illinois.edu/props/volume-1/data/ma_9x4_rd0899_6922.txt,254,74f9fdd6a7a3c30fedd18befca87574dacd7ae8d984c2aa40e15907ec1e8d1e1,J       CT       CP       eta
volume-1/data/ma_9x4_static_rd0894.txt,https://m-selig.ae.illinois.edu/props/volume-1/data/ma_9x4_static_rd0894.txt,387,6a525e5eeafeda90c6cf84d3c1e005d9362a8fdae9f98e3e201b5df2a7aab185,RPM    CT       CP
volume-1/data/ma_9x6_geom.txt,https://m-selig.ae.illinois.edu/props/volume-1/data/ma_9x6_geom.txt,398,e088bfbd6fd2c1704ab7f478b545275fbf44ac50d1ad0571c8a8691aae75c9db,r/R    c/R     beta
volume-1/data/ma_9x6_rd0887_4000.txt,https://m-selig.ae.illinois.edu/props/volume-1/data/ma_9x6_rd0887_4000.txt,544,dc1fa290d6ac7e446c80f7b37d364120d4c78471269efcb48ed412197b2251a4,J       CT       CP       eta
volume-1/data/ma_9x6_rd0888_4992.txt,https://m-selig.ae.illinois.edu/props/volume-1/data/ma_9x6_rd0888_4992.txt,574,b2af9ed02d33a9aa61fd9ea4de944eabb5e45ec8b5c7573a43b5fe36361e0a33,J       CT       CP       eta
volume-1/data/ma_9x6_rd0889_4997.txt,https://m-selig.ae.illinois.edu/props/volume-1/data/ma_9x6_rd0889_4997.txt,290,7b437b0e793746f6205c352d13fa7a1da84a6429b39e4a42fdf1bddb960f31a9,J       CT       CP       eta
volume-1/data/ma_9x6_rd0890_6045.txt,https://m-selig.ae.illinois.edu/props/volume-1/data/ma_9x6_rd0890_6045.txt,574,78db32190fdf8ae24b55fcc40ca64e09e190c97553e513c36a7037225f02d06b,J       CT       CP       eta
volume-1/data/ma_9x6_rd0891_6028.txt,https://m-selig.ae.illinois.edu/props/volume-1/data/ma_9x6_rd0891_6028.txt,350,627e102f03c8cb3ee7ed9dbfed6b07dba05a00fceaac29e14174204fef4b4a40,J       CT       CP       eta
volume-1/data/ma_9x6_rd0892_6803.txt,https://m-selig.ae.illinois.edu/props/volume-1/data/ma_9x6_rd0892_6803.txt,574,0464452a0e901746f36f4a1299d673e97e1926b2243bba69b37f99abb5d10d69,J       CT       CP       eta
volume-1/data/ma_9x6_rd0893_6808.txt,https://m-selig.ae.illinois.edu/props/volume-1/data/ma_9x6_rd0893_6808.txt,576,7c28be619db5f6358fe554d9f5d3845a8e7597eb06e1f508be5addef866b3e44,J       CT       CP       eta
volume-1/data/ma_9x6_static_rd0886.txt,https://m-selig.ae.illinois.edu/props/volume-1/data/ma_9x6_static_rd0886.txt,387,ec7e8a2ef5981ca46f30150e2ba999dd8ee359d6f8ac511b20a09cf01a8366cd,RPM    CT       CP
volume-1/data/ma_9x8_2625rd_4000.txt,https://m-selig.ae.illinois.edu/props/volume-1/data/ma_9x8_2625rd_4000.txt,574,461ec7a1a3e1bde834d55b2446ab42d0b4a3604f78fb1a9a6d188d5671b7d026,J       CT       CP       eta
volume-1/data/ma_9x8_2626rd_3993.txt,https://m-selig.ae.illinois.edu/props/volume-1/data/ma_9x8_2626rd_3993.txt,290,31f07a24177fd4de8199f28f8c45eaa843b7403ccf3e03cd4f2458460acf81a0,J       CT       CP       eta
volume-1/data/ma_9x8_2627rd_4996.txt,https://m-selig.ae.illinois.edu/props/volume-1/data/ma_9x8_2627rd_4996.txt,574,a731be46c5bbac779f9f69263a80567b3fff8d4bd9d92209ab879a2d7facfe2c,J       CT       CP       eta
volume-1/data/ma_9x8_2628rd_5010.txt,https://m-selig.ae.illinois.edu/props/volume-1/data/ma_9x8_2628rd_5010.txt,480,d6daeab2446a7c149c1c3181b79c0534c5b3bec9d09bb2fcea74226850e11ae6,J       CT       CP       eta
volume-1/data/ma_9x8_2629rd_5981.txt,https://m-selig.ae.illinois.edu/props/volume-1/data/ma_9x8_2629rd_5981.txt,574,a23bb570d21f39e092260e8caa0578ec2b05f44a4398a9936366cc1e7165f788,J       CT       CP       eta
volume-1/data/ma_9x8_2630rd_6010.txt,https://m-selig.ae.illinois.edu/props/volume-1/data/ma_9x8_2630rd_6010.txt,672,d5d9efd2e6cd4ebec59d9447e4a6ceaa877673f396c983c136624fd1159146a3,J       CT       CP       eta
volume-1/data/ma_9x8_2632rd_6375.txt,https://m-selig.ae.illinois.edu/props/volume-1/data/ma_9x8_2632rd_6375.txt,574,73c6bb20b4264214ae68e5e73f79b613b4ccc9fe98af8dd289f1b8f68745cf8f,J       CT       CP       eta
volume-1/data/ma_9x8_2633rd_6400.txt,https://m-selig.ae.illinois.edu/props/volume-1/data/ma_9x8_2633rd_6400.txt,734,53df7ec464a6d6f091877cb337b83c34c126e5e880018d18e2c20072e81838d1,J       CT       CP       eta
volume-1/data/ma_9x8_static_2624rd.txt,https://m-selig.ae.illinois.edu/props/volume-1/data/ma_9x8_static_2624rd.txt,387,17a776d6f6ef79d63dd09f70cac6a66305da20bfc8354e785b49a3ae5483cd61,RPM    CT       CP
volume-1/data/mae_10x7_geom.txt,https://m-selig.ae.illinois.edu/props/volume-1/data/mae_10x7_geom.txt,398,83c00ab78afcfa3eb7fcfd216c760e8f44ce9f4393a362fc787d681b4550a380,r/R    c/R     beta
volume-1/data/mae_10x7_jb0755_3016.txt,https://m-selig.ae.illinois.edu/props/volume-1/data/mae_10x7_jb0755_3016.txt,580,4132e852abc701033dac1a1b26a6d2d26e5d361904db58b8d26e602b7c5e1c4f,J       CT       CP       eta
volume-1/data/mae_10x7_jb0756_4008.txt,https://m-selig.ae.illinois.edu/props/volume-1/data/mae_10x7_jb0756_4008.txt,574,02af71f1ad258b9e423d16de0665632ba424d5eac380179b6a225b1c215124f5,J       CT       CP       eta
volume-1/data/mae_10x7_jb0757_4006.txt,https://m-selig.ae.illinois.edu/props/volume-1/data/mae_10x7_jb0757_4006.txt,422,48f050a503f41bbaf8090a2034aadb6fa2c31d5af89d82274d6636a74b9da14b,J       CT       CP       eta
volume-1/data/mae_10x7_jb0758_4998.txt,https://m-selig.ae.illinois.edu/props/volume-1/data/mae_10x7_jb0758_4998.txt,574,5711f9ee7c149471f511885f5164230214c65d19da91153a1db751d072ab7196,J       CT       CP       eta
volume-1/data/mae_10x7_jb0759_5009.txt,https://m-selig.ae.illinois.edu/props/volume-1/data/mae_10x7_jb0759_5009.txt,714,3cb554c6c2bfceb579d1721c0d3951ecbeb60ecf496856aa984ff5e36ce68d99,J       CT       CP       eta
volume-1/data/mae_10x7_jb0760_5989.txt,https://m-selig.ae.illinois.edu/props/volume-1/data/mae_10x7_jb0760_5989.txt,574,bad20c56912cbfd6325d302b4090a24e5816b8b67428f93b3123dd43d682b443,J       CT       CP       eta
volume-1/data/mae_10x7_jb0761_6017.txt,https://m-selig.ae.illinois.edu/props/volume-1/data/mae_10x7_jb0761_6017.txt,800,b10cd45aab896dbb3de9ec964faad7c9476e0de5dba41e3f9448a3cd25594ed4,J       CT       CP       eta
volume-1/data/mae_10x7_static_jb0754.txt,https://m-selig.ae.illinois.edu/props/volume-1/data/mae_10x7_static_jb0754.txt,387,1c6afe4d96c4d694f30e3641d02192a848ca98d84a1775c22eb17f2ec1ad2e3e,RPM    CT       CP
volume-1/data/mae_11x7_geom.txt,https://m-selig.ae.illinois.edu/props/volume-1/data/mae_11x7_geom.txt,398,6ac454579aeb578aaa4b521b56a06a0abe276cc30f4514c1ccb3ff27f207e9e7,r/R    c/R     beta
volume-1/data/mae_11x7_rd0578_3021.txt,https://m-selig.ae.illinois.edu/props/volume-1/data/mae_11x7_rd0578_3021.txt,576,0240679a98a9111a362516fcf33766f37944f7494fd5e24fde6425f7c50e70e5,J       CT       CP       eta
volume-1/data/mae_11x7_rd0579_4005.txt,https://m-selig.ae.illinois.edu/props/volume-1/data/mae_11x7_rd0579_4005.txt,574,3337dde08fa7d6862510b394777500558a7d9588f15ae65e5869d91822c9ebd1,J       CT       CP       eta
volume-1/data/mae_11x7_rd0580_3998.txt,https://m-selig.ae.illinois.edu/props/volume-1/data/mae_11x7_rd0580_3998.txt,588,39e99a5b5d4d181edb56806cbb8afdf7adfa8c553aa6685283c42debecfa4293,J       CT       CP       eta
volume-1/data/mae_11x7_rd0581_5007.txt,https://m-selig.ae.illinois.edu/props/volume-1/data/mae_11x7_rd0581_5007.txt,574,b55329fbfbca9d25d97d9456f421850a547b196434a403a680cadcf0b4a13cbc,J       CT       CP       eta
volume-1/data/mae_11x7_rd0582_5006.txt,https://m-selig.ae.illinois.edu/props/volume-1/data/mae_11x7_rd0582_5006.txt,778,886626a3417ed5b8796a4b31631ffba7dbb26d2d3b68f0d7807b4f40c067c9e1,J       CT       CP       eta
volume-1/data/mae_11x7_rd0583_5899.txt,https://m-selig.ae.illinois.edu/props/volume-1/data/mae_11x7_rd0583_5899.txt,574,a47dc1ed9d95896f108b88e7716609223e3f8032a4a684fe0026ae9ab3b28bcb,J       CT       CP       eta
volume-1/data/mae_11x7_rd0584_5908.txt,https://m-selig.ae.illinois.edu/props/volume-1/data/mae_11x7_rd0584_5908.txt,798,3350e69556b164fe17b8dca8f164e272afc55d3a7a60b1228d8cce60a3134258,J       CT       CP       eta
volume-1/data/mae_11x7_static_rd0577.txt,https://m-selig.ae.illinois.edu/props/volume-1/data/mae_11x7_static_rd0577.txt,387,23f2bd8cd1f1681ad61f7e94b3803b95f5e9735fc9316f99b11d43ac1ad4ee31,RPM    CT       CP
volume-1/data/mae_9x6_geom.txt,https://m-selig.ae.illinois.edu/props/volume-1/data/mae_9x6_geom.txt,398,fd22c39873b3a2b2030527f7aff77c24a715e5b1ffc39943ca386e7fa4f95ffe,r/R    c/R     beta
volume-1/data/mae_9x6_kj1018_4020.txt,https://m-selig.ae.illinois.edu/props/volume-1/data/mae_9x6_kj1018_4020.txt,574,54bc98d640a5dcd9b508fd125aba82fec33d2e22871f02dffe3a56290dd639df,J       CT       CP       eta
volume-1/data/mae_9x6_kj1019_5019.txt,https://m-selig.ae.illinois.edu/props/volume-1/data/mae_9x6_kj1019_5019.txt,574,ca7fac257d56653bb7bbf01f4e74119a457e7a78b64b5434eee4bf0e485a8858,J       CT       CP       eta
volume-1/data/mae_9x6_kj1020_5011.txt,https://m-selig.ae.illinois.edu/props/volume-1/data/mae_9x6_kj1020_5011.txt,588,4c104e16dda449c4515c098e29e9bffc2405f4016e4f6d97acf0c907ca873ecb,J       CT       CP       eta
volume-1/data/mae_9x6_kj1021_6015.txt,https://m-selig.ae.illinois.edu/props/volume-1/data/mae_9x6_kj1021_6015.txt,574,3e79a3a6ff7ad0c120a324944a7965b0f71409053e6e1780704d0b8e9072e5a2,J       CT       CP       eta
volume-1/data/mae_9x6_kj1022_6029.txt,https://m-selig.ae.illinois.edu/props/volume-1/data/mae_9x6_kj1022_6029.txt,710,0fdb163a5bcbe04397c711f5e156f35cb7177be53353359ed4a5e384d03e4f40,J       CT       CP       eta
volume-1/data/mae_9x6_kt1023_6621.txt,https://m-selig.ae.illinois.edu/props/volume-1/data/mae_9x6_kt1023_6621.txt,574,983879fb471c735df930a6ca5c8dd7e6e2b7d0acc9c61dc6cbaed45c128b173d,J       CT       CP       eta
volume-1/data/mae_9x6_kt1024_6616.txt,https://m-selig.ae.illinois.edu/props/volume-1/data/mae_9x6_kt1024_6616.txt,772,d111c25cab65f4447c40bbca916e4931eb2a038b4dc92885965ccb8dec79dd0a,J       CT       CP       eta
volume-1/data/mae_9x6_static_kj1017.txt,https://m-selig.ae.illinois.edu/props/volume-1/data/mae_9x6_static_kj1017.txt,387,c391cd6a0b91bacc329f2d493886616a7b55036c3d9cde8f2d3e016f40c5e5e7,RPM    CT       CP
volume-1/data/magf_10x6_geom.txt,https://m-selig.ae.illinois.edu/props/volume-1/data/magf_10x6_geom.txt,395,6ea98bff0a0ae6d11eeb6df730601a2196eb639763d14e6e3521ffaa6222cd95,r/R    c/R     beta
volume-1/data/magf_10x6_kj0730_4004.txt,https://m-selig.ae.illinois.edu/props/volume-1/data/magf_10x6_kj0730_4004.txt,544,d8401cf1cee1020e8cf5f56b833262ec585cd75189c4fdd0055f1cd6db1423d8,J       CT       CP       eta
volume-1/data/magf_10x6_kj0731_5007.txt,https://m-selig.ae.illinois.edu/props/volume-1/data/magf_10x6_kj0731_5007.txt,574,063bc9b36359d7aa46cfddb64916aef4d25bfef0e50bf0bfc3b7370efecc294a,J       CT       CP       eta
volume-1/data/magf_10x6_kj0732_4996.txt,https://m-selig.ae.illinois.edu/props/volume-1/data/magf_10x6_kj0732_4996.txt,320,ae874937786e848decaf6888a7edb10baf88f609900bcbf1615aea22b4d177cd,J       CT       CP       eta
volume-1/data/magf_10x6_kj0733_6030.txt,https://m-selig.ae.illinois.edu/props/volume-1/data/magf_10x6_kj0733_6030.txt,574,c123a74556291bf745b9a62d1f6527784c8b0d43ad5526d5506004ae0c2dfd54,J       CT       CP       eta
volume-1/data/magf_10x6_kt0734_6019.txt,https://m-selig.ae.illinois.edu/props/volume-1/data/magf_10x6_kt0734_6019.txt,512,cefb25ad1a01baf09224794f96007e6ff6c2aaf568c0f6c7fe5ba36e2edec98b,J       CT       CP       eta
volume-1/data/magf_10x6_kt0735_6490.txt,https://m-selig.ae.illinois.edu/props/volume-1/data/magf_10x6_kt0735_6490.txt,574,26047276c24eeb657506dccefb3e4bf5438c87fcbca7dc32d932811e35af06c0,J       CT       CP       eta
volume-1/data/magf_10x6_kt0736_6519.txt,https://m-selig.ae.illinois.edu/props/volume-1/data/magf_10x6_kt0736_6519.txt,608,3021c46dc677b7df433be5b3c301f8ae2a720fc5f8661e59ede5b9a3070226ac,J       CT       CP       eta
volume-1/data/magf_10x6_static_pg0728.txt,https://m-selig.ae.illinois.edu/props/volume-1/data/magf_10x6_static_pg0728.txt,387,a7cc8cae16b2318a187670d94371e48572aa7c12ac1db8a3e3db25438eef0abe,RPM    CT       CP
volume-1/data/magf_10x8_geom.txt,https://m-selig.ae.illinois.edu/props/volume-1/data/magf_10x8_geom.txt,397,5a227f70860ccd44af583fe168251ad9e0472a143c502f1852f4ed754a9c760e,r/R    c/R     beta
volume-1/data/magf_10x8_pg0720_3005.txt,https://m-selig.ae.illinois.edu/props/volume-1/data/magf_10x8_pg0720_3005.txt,512,6d4465a15e0c85d1393a2ceaf18cf7c718fba15b9d6d9f550d753cf7602f5f0d,J       CT       CP       eta
volume-1/data/magf_10x8_pg0721_3989.txt,https://m-selig.ae.illinois.edu/props/volume-1/data/magf_10x8_pg0721_3989.txt,574,cdc2b8be4ec40509d8539f9a85ef147eb5295faf62937705d2489c04212a42cc,J       CT       CP       eta
volume-1/data/magf_10x8_pg0722_3998.txt,https://m-selig.ae.illinois.edu/props/volume-1/data/magf_10x8_pg0722_3998.txt,320,474699d841fd8fa5bf71f8b2ab9a9ee0b7104d4340b365287ceb9fe4ae657de0,J       CT       CP       eta
volume-1/data/magf_10x8_pg0723_4994.txt,https://m-selig.ae.illinois.edu/props/volume-1/data/magf_10x8_pg0723_4994.txt,574,fdce36db3717d26a506b812b219f8f7c2024489fc866cd136b8522cd6ad34317,J       CT       CP       eta
volume-1/data/magf_10x8_pg0724_5003.txt,https://m-selig.ae.illinois.edu/props/volume-1/data/magf_10x8_pg0724_5003.txt,546,e2249601098ac0d7bf24fa62281903b1ca3faf0d095fce0e249b8e7a964193c6,J       CT       CP       eta
volume-1/data/magf_10x8_pg0725_5969.txt,https://m-selig.ae.illinois.edu/props/volume-1/data/magf_10x8_pg0725_5969.txt,574,b7358288f6f7d8e09d67223e356d5783a7a220a99e1e697404fb579c6270a113,J       CT       CP       eta
volume-1/data/magf_10x8_pg0726_6007.txt,https://m-selig.ae.illinois.edu/props/volume-1/data/magf_10x8_pg0726_6007.txt,770,9ffff416aef1aa8bb53b2b1dcd9c87c33683f7d94f14b322ee5d635791fce403,J       CT       CP       eta
volume-1/data/magf_10x8_static_pg0719.txt,https://m-selig.ae.illinois.edu/props/volume-1/data/magf_10x8_static_pg0719.txt,387,66f213c65ed191efb6b524b3ae9cd65f537e1a536f85847c9331bfcb91a44d0e,RPM    CT       CP
volume-1/data/magf_11x4_3022tg_4008.txt,https://m-selig.ae.illinois.edu/props/volume-1/data/magf_11x4_3022tg_4008.txt,384,46d734faef1bf2e1b6ed7b7f79478c72413a4a190df22844f04aff8c94f847a9,J       CT       CP       eta
volume-1/data/magf_11x4_3023tg_5016.txt,https://m-selig.ae.illinois.edu/props/volume-1/data/magf_11x4_3023tg_5016.txt,478,8e8767cc99b74247e860f9eacfc2c2afbb8adce4594d962bbcf31b2ae0aba0fc,J       CT       CP       eta
volume-1/data/magf_11x4_3024tg_6019.txt,https://m-selig.ae.illinois.edu/props/volume-1/data/magf_11x4_3024tg_6019.txt,574,4df3293453d1fc88c79e07eb6eae788dba519d0db9f39a3c012bd27721e237ce,J       CT       CP       eta
volume-1/data/magf_11x4_3025tg_6316.txt,https://m-selig.ae.illinois.edu/props/volume-1/data/magf_11x4_3025tg_6316.txt,574,8a1f4fc0e674bcc13877bae610d96df6dfb688b27e5151ad5466a1b000a3e759,J       CT       CP       eta
volume-1/data/magf_11x4_3026tg_6308.txt,https://m-selig.ae.illinois.edu/props/volume-1/data/magf_11x4_3026tg_6308.txt,254,ecb68f5adb8e85828f43803ec869d0f34554d6da07347a7399114ff4e90fa2f9,J       CT       CP       eta
volume-1/data/magf_11x4_static_3021tg.txt,https://m-selig.ae.illinois.edu/props/volume-1/data/magf_11x4_static_3021tg.txt,387,158d315bffb1d30ec607c434d266ab2b8b4fbc971d2f8c8ee83068320a9a3957,RPM    CT       CP
volume-1/data/magf_11x5_3028tg_3009.txt,https://m-selig.ae.illinois.edu/props/volume-1/data/magf_11x5_3028tg_3009.txt,320,15e7da4738f7b393e96d3385504ebeb993df147b95ee043ea7c22ee2e42be722,J       CT       CP       eta
volume-1/data/magf_11x5_3029tg_4006.txt,https://m-selig.ae.illinois.edu/props/volume-1/data/magf_11x5_3029tg_4006.txt,446,b45361386f09e7184f9e28e530610e25da046e5dcabe933acf9b2118e4e28f5e,J       CT       CP       eta
volume-1/data/magf_11x5_3030tg_4997.txt,https://m-selig.ae.illinois.edu/props/volume-1/data/magf_11x5_3030tg_4997.txt,574,423e9a784917f5c18d7126ba3458c3de5e18f7a42f549a69cdb8610c150bf51b,J       CT       CP       eta
volume-1/data/magf_11x5_3031tg_6023.txt,https://m-selig.ae.illinois.edu/props/volume-1/data/magf_11x5_3031tg_6023.txt,574,f55d0d4151f8fee15e8f2a9cf69b5a58900eabeb624526a7e5016350a4c30c7b,J       CT       CP       eta
volume-1/data/magf_11x5_3032tg_6018.txt,https://m-selig.ae.illinois.edu/props/volume-1/data/magf_11x5_3032tg_6018.txt,286,7adc0d5bebc0b1250d39d8b119ed7354b8e03c23ec8c8f53056770480cd08f6c,J       CT       CP       eta
volume-1/data/magf_11x5_static_3027tg.txt,https://m-selig.ae.illinois.edu/props/volume-1/data/magf_11x5_static_3027tg.txt,387,91efa776a3d1e072647f6d140dc1f16f5dab5f508159e6a68a9d6c1d2e8ecf9c,RPM    CT       CP
volume-1/data/magf_11x8_3034tg_3001.txt,https://m-selig.ae.illinois.edu/props/volume-1/data/magf_11x8_3034tg_3001.txt,578,6ded09a84a99df45c4de1bd6c14d1ab1838768156706d2956d470dded2a22612,J       CT       CP       eta
volume-1/data/magf_11x8_3035ja_3999.txt,https://m-selig.ae.illinois.edu/props/volume-1/data/magf_11x8_3035ja_3999.txt,574,e07635a3e3c76aa94fadb58b7e171b5b816c13e830bd60b87c34ce2e8b7a26f7,J       CT       CP       eta
volume-1/data/magf_11x8_3036ja_4009.txt,https://m-selig.ae.illinois.edu/props/volume-1/data/magf_11x8_3036ja_4009.txt,386,7aabbef096197cce5f3871f98a27a7463cc1d0035c648a2fd98de555780767e9,J       CT       CP       eta
volume-1/data/magf_11x8_3037ja_5005.txt,https://m-selig.ae.illinois.edu/props/volume-1/data/magf_11x8_3037ja_5005.txt,574,a4b9b81ffd2856d8a18adf2cb70a2ae47fbbcb909e7b6962cb0067a5bda6adc6,J       CT       CP       eta
volume-1/data/magf_11x8_3038ja_5013.txt,https://m-selig.ae.illinois.edu/props/volume-1/data/magf_11x8_3038ja_5013.txt,576,d28b86a2877d5f30f94977757d19757701f4cd326e5d46fbd8f41876fb4785d7,J       CT       CP       eta
volume-1/data/magf_11x8_3039ja_5293.txt,https://m-selig.ae.illinois.edu/props/volume-1/data/magf_11x8_3039ja_5293.txt,542,d6093cf3fcf656b0eb04ed5a6af4ad70f7160c36d25bee6f0a0b077d0295d18b,J       CT       CP       eta
volume-1/data/magf_11x8_3040ja_5307.txt,https://m-selig.ae.illinois.edu/props/volume-1/data/magf_11x8_3040ja_5307.txt,638,7806c36eca6c4eb5a81d1c10c61c1ad388ddb7569c8b52469031e7c07686c5ac,J       CT       CP       eta
volume-1/data/magf_11x8_static_3033tg.txt,https://m-selig.ae.illinois.edu/props/volume-1/data/magf_11x8_static_3033tg.txt,387,cf747d3b85ab5ba6ddad00cb8fa69875c6ba02cee02b557cce560a8a9f8ff772,RPM    CT       CP
volume-1/data/magf_7x4_2912cm_4014.txt,https://m-selig.ae.illinois.edu/props/volume-1/data/magf_7x4_2912cm_4014.txt,420,8b4e0d97a6c7ce8f79a3eeb530f71c40f4e78acb726e90b33db6ecaaaaf5dffd,J       CT       CP       eta
volume-1/data/magf_7x4_2913cm_5015.txt,https://m-selig.ae.illinois.edu/props/volume-1/data/magf_7x4_2913cm_5015.txt,482,a18c70a939495f44676061eb48308421a602263478c07b4689811c0c902cbac5,J       CT       CP       eta
volume-1/data/magf_7x4_2914cm_6020.txt,https://m-selig.ae.illinois.edu/props/volume-1/data/magf_7x4_2914cm_6020.txt,578,2229c3eb17c7eaeaacf9c4af4aff138cd9ef88f1864dfa9acd2f0aa6106d8195,J       CT       CP       eta
volume-1/data/magf_7x4_2915cm_6998.txt,https://m-selig.ae.illinois.edu/props/volume-1/data/magf_7x4_2915cm_6998.txt,574,8c892964db1830af099c6de3f2d3d3a30fdc6c0fb1553730c661ec5c5891b8d8,J       CT       CP       eta
volume-1/data/magf_7x4_static_2911cm.txt,https://m-selig.ae.illinois.edu/props/volume-1/data/magf_7x4_static_2911cm.txt,387,dfc5b9a605b9c5c983bddf10f7be21dc920ec526158fba41a4548cbeaccace2d,RPM    CT       CP
volume-1/data/magf_8x4_2892rd_4009.txt,https://m-selig.ae.illinois.edu/props/volume-1/data/magf_8x4_2892rd_4009.txt,384,edda1e04ea8e3fbf491205af97017cc1879263407d1487c1719802c652ac1447,J       CT       CP       eta
volume-1/data/magf_8x4_2893rd_5007.txt,https://m-selig.ae.illinois.edu/props/volume-1/data/magf_8x4_2893rd_5007.txt,480,fafeaf5e529bdd55ece6a93f98e56747528b675ac97f0ecee1a1d289e54f88da,J       CT       CP       eta
volume-1/data/magf_8x4_2894rd_6005.txt,https://m-selig.ae.illinois.edu/props/volume-1/data/magf_8x4_2894rd_6005.txt,574,5136496e209a4f0b700ee1c603fc2a9ffa4c2cafc404accfa61c7832665f3836,J       CT       CP       eta
volume-1/data/magf_8x4_2895rd_7015.txt,https://m-selig.ae.illinois.edu/props/volume-1/data/magf_8x4_2895rd_7015.txt,574,632232df6f6948b61ec63a51a8a62b42921769b6d59a282893cd7424db1f149c,J       CT       CP       eta
volume-1/data/magf_8x4_2896rd_7012.txt,https://m-selig.ae.illinois.edu/props/volume-1/data/magf_8x4_2896rd_7012.txt,286,14b3b09db9aabd47c0d10355c94652e50367e49c4a34dcf4607a124723dfc76b,J       CT       CP       eta
volume-1/data/magf_8x4_static_2891rd.txt,https://m-selig.ae.illinois.edu/props/volume-1/data/magf_8x4_static_2891rd.txt,387,963a00aded859c9b5bd15a59550970d148e6a608ef8f22278a7d20a7f8022806,RPM    CT       CP
volume-1/data/magf_9x4_2212ee_4004.txt,https://m-selig.ae.illinois.edu/props/volume-1/data/magf_9x4_2212ee_4004.txt,352,40ee399f2e53eaea867d2b117a17768130100ac7531beda44fd99a2067080eeb,J       CT       CP       eta
volume-1/data/magf_9x4_2213ee_5010.txt,https://m-selig.ae.illinois.edu/props/volume-1/data/magf_9x4_2213ee_5010.txt,480,a91ad8ba3790435f4828150dd155e8d5efea48cf5d4c3e81209cd6946f8c039d,J       CT       CP       eta
volume-1/data/magf_9x4_2214ee_6010.txt,https://m-selig.ae.illinois.edu/props/volume-1/data/magf_9x4_2214ee_6010.txt,574,c5ad399f39a4f8cbc760743e2e30c672688edc571dac7837c80829ae11379021,J       CT       CP       eta
volume-1/data/magf_9x4_2215ee_6920.txt,https://m-selig.ae.illinois.edu/props/volume-1/data/magf_9x4_2215ee_6920.txt,574,2a2ed3c613b2fc9208e5a82d14e6783f42defbedd966bdfd761c1207f2dde422,J       CT       CP       eta
volume-1/data/magf_9x4_2216ee_6912.txt,https://m-selig.ae.illinois.edu/props/volume-1/data/magf_9x4_2216ee_6912.txt,254,0e632e8d1a8e472b305ebe869fcd037c76a6e38c40193e9f6e19ff3305129404,J       CT       CP       eta
volume-1/data/magf_9x4_static_2586rd.txt,https://m-selig.ae.illinois.edu/props/volume-1/data/magf_9x4_static_2586rd.txt,387,793c6c59b6efa08937b454d7d0cdeabcf004eca65f4a96b676c5ad0894bda5ae,RPM    CT       CP
volume-1/data/magf_9x5_2205ee_4002.txt,https://m-selig.ae.illinois.edu/props/volume-1/data/magf_9x5_2205ee_4002.txt,480,73775d83c3531b140d074bad19bc2861caf76f755cbcaf868b052c3f5cf8eee8,J       CT       CP       eta
volume-1/data/magf_9x5_2206ee_5007.txt,https://m-selig.ae.illinois.edu/props/volume-1/data/magf_9x5_2206ee_5007.txt,574,42388648cc58e8bbc06c2afd1adf261f3d7c7d35a1abf1d7038a97bc5d01c9fa,J       CT       CP       eta
volume-1/data/magf_9x5_2207ee_6010.txt,https://m-selig.ae.illinois.edu/props/volume-1/data/magf_9x5_2207ee_6010.txt,574,bd08a665de96ddd1be92f884ba7e00844db6afb093b8c7be068a7cda3b5c95a3,J       CT       CP       eta
volume-1/data/magf_9x5_2208ee_6008.txt,https://m-selig.ae.illinois.edu/props/volume-1/data/magf_9x5_2208ee_6008.txt,352,979bba33273bab65d8840d865a5b28dd3da87a5451456393fe549508dacde4cd,J       CT       CP       eta
volume-1/data/magf_9x5_2209ee_6730.txt,https://m-selig.ae.illinois.edu/props/volume-1/data/magf_9x5_2209ee_6730.txt,574,a4127a920f4111daf41193b804936cb263bebf5b80221aa4570dcf8bbaf32dd8,J       CT       CP       eta
volume-1/data/magf_9x5_2210ee_6715.txt,https://m-selig.ae.illinois.edu/props/volume-1/data/magf_9x5_2210ee_6715.txt,446,97f44ecc5fb31bece7b49efd3a4896ed51c924f506d0187caf5e5d5f860d9ca4,J       CT       CP       eta
volume-1/data/magf_9x5_static_2587rd.txt,https://m-selig.ae.illinois.edu/props/volume-1/data/magf_9x5_static_2587rd.txt,387,db6208e7816516bbc43e3c7de292b6a648b76428c7359b10637116741d4137f7,RPM    CT       CP
volume-1/data/magf_9x7_2197ee_4000.txt,https://m-selig.ae.illinois.edu/props/volume-1/data/magf_9x7_2197ee_4000.txt,574,c2f1abb94da884d31e10e6ab55ac5cdd1253d8fc9cad1bfdbe40465b13397fb2,J       CT       CP       eta
volume-1/data/magf_9x7_2198ee_4992.txt,https://m-selig.ae.illinois.edu/props/volume-1/data/magf_9x7_2198ee_4992.txt,574,3aa0edd316518933df44dc7ff9ea05f1fe0392df513f1864cb7d3ff13ce0be00,J       CT       CP       eta
volume-1/data/magf_9x7_2199ee_4999.txt,https://m-selig.ae.illinois.edu/props/volume-1/data/magf_9x7_2199ee_4999.txt,416,dc44c0a47f09a4fe9496af51e0160fb96130d67a98854519bfa7058dab982625,J       CT       CP       eta
volume-1/data/magf_9x7_2200ee_5997.txt,https://m-selig.ae.illinois.edu/props/volume-1/data/magf_9x7_2200ee_5997.txt,574,e0ea1ee1a274bb260a86c373e8d89c2ca07020532f9c1149f7f6184b6d4df526,J       CT       CP       eta
volume-1/data/magf_9x7_2201ee_6012.txt,https://m-selig.ae.illinois.edu/props/volume-1/data/magf_9x7_2201ee_6012.txt,576,7c0be0a751c6d8cbe2bda17e3fc75684a49ce41728dbac5d609c254b1aae7259,J       CT       CP       eta
volume-1/data/magf_9x7_2202ee_6395.txt,https://m-selig.ae.illinois.edu/props/volume-1/data/magf_9x7_2202ee_6395.txt,574,2a18a57c1854f671f76742834d2fab56170d397c99df6be11ff3e1d5d41c7fae,J       CT       CP       eta
volume-1/data/magf_9x7_2203ee_6410.txt,https://m-selig.ae.illinois.edu/props/volume-1/data/magf_9x7_2203ee_6410.txt,638,a9f4d6a8abd83ab58be41f408b8072eb83ef4eba84addd1943c51b4cb88f43e1,J       CT       CP       eta
volume-1/data/magf_9x7_static_2590rd.txt,https://m-selig.ae.illinois.edu/props/volume-1/data/magf_9x7_static_2590rd.txt,387,151b72a180348c4d626281a5b033ef2e7b754896da65fc0f38cac1ed360aa1b3,RPM    CT       CP
volume-1/data/mas_10x5_geom.txt,https://m-selig.ae.illinois.edu/props/volume-1/data/mas_10x5_geom.txt,396,67ab8682c45b3d77965a27e03cebd8f03b4962487a734a7c55b50f9b92eee59f,r/R    c/R     beta
volume-1/data/mas_10x5_kt0746_4007.txt,https://m-selig.ae.illinois.edu/props/volume-1/data/mas_10x5_kt0746_4007.txt,578,b74196f8b8a4f47cb5481b50ae98201319bdcc232b26a6dfa22b93a176e7e3a7,J       CT       CP       eta
volume-1/data/mas_10x5_kt0747_5020.txt,https://m-selig.ae.illinois.edu/props/volume-1/data/mas_10x5_kt0747_5020.txt,574,23c3c1b714d71e140b485566835cff81a55923ffd274963f68747e1ef730ff26,J       CT       CP       eta
volume-1/data/mas_10x5_kt0748_5001.txt,https://m-selig.ae.illinois.edu/props/volume-1/data/mas_10x5_kt0748_5001.txt,526,c276b3614d6419ae298ab50c802776750f61e1b057f0f0b6ba9e11fba13fe711,J       CT       CP       eta
volume-1/data/mas_10x5_kt0749_6026.txt,https://m-selig.ae.illinois.edu/props/volume-1/data/mas_10x5_kt0749_6026.txt,574,59baeba8c317b480d0a29d8548bdcda2c74c2dfa1049cef470ce26b50152bc42,J       CT       CP       eta
volume-1/data/mas_10x5_kt0751_6022.txt,https://m-selig.ae.illinois.edu/props/volume-1/data/mas_10x5_kt0751_6022.txt,754,3f0009b58128833eb85fea3fdd800a217b52464d990aaa7694cf4901dcf2dcd1,J       CT       CP       eta
volume-1/data/mas_10x5_kt0752_6517.txt,https://m-selig.ae.illinois.edu/props/volume-1/data/mas_10x5_kt0752_6517.txt,574,b85a6e503f07ed2f28bdfaee50c55fd66d180ed9c69d6f21555184e64c82c036,J       CT       CP       eta
volume-1/data/mas_10x5_kt0753_6517.txt,https://m-selig.ae.illinois.edu/props/volume-1/data/mas_10x5_kt0753_6517.txt,816,add039cfd80be293044a69dad43dda22f232f0cd03d460aa07e2782baf91ddc6,J       CT       CP       eta
volume-1/data/mas_10x5_static_kt0745.txt,https://m-selig.ae.illinois.edu/props/volume-1/data/mas_10x5_static_kt0745.txt,387,9327996b67281bf9b06b9bd7483cb82a3b16d824f5ea3b94c740ba534baa6785,RPM    CT       CP
volume-1/data/mas_10x7_geom.txt,https://m-selig.ae.illinois.edu/props/volume-1/data/mas_10x7_geom.txt,396,2d2ab2c22d981488e4a00c5cd87bb7863a5b90d8a6b11297b354458f42f36d56,r/R    c/R     beta
volume-1/data/mas_10x7_kt0738_3997.txt,https://m-selig.ae.illinois.edu/props/volume-1/data/mas_10x7_kt0738_3997.txt,574,178e823aa4cca92cdd9df4f7860c7815e941460285c4ea67dfa8da07da8ae98a,J       CT       CP       eta
volume-1/data/mas_10x7_kt0739_5011.txt,https://m-selig.ae.illinois.edu/props/volume-1/data/mas_10x7_kt0739_5011.txt,574,1e460cb06e0e16e1e6665ddc6d61c681a43994f30fdec303551ff696e51d40d1,J       CT       CP       eta
volume-1/data/mas_10x7_kt0740_5004.txt,https://m-selig.ae.illinois.edu/props/volume-1/data/mas_10x7_kt0740_5004.txt,450,deeb096eda7da58b615902784fed8aa23c8516533c45de418c95ffa1b9f4254d,J       CT       CP       eta
volume-1/data/mas_10x7_kt0741_5997.txt,https://m-selig.ae.illinois.edu/props/volume-1/data/mas_10x7_kt0741_5997.txt,574,76ec268edc0fd873f6981d7f46894a17668b54fa4357eae5589fedff4bd84faf,J       CT       CP       eta
volume-1/data/mas_10x7_kt0742_6018.txt,https://m-selig.ae.illinois.edu/props/volume-1/data/mas_10x7_kt0742_6018.txt,678,c03e4abf64da5efa5ca6be038f35e4c42168a4817158603b2b1580314430e594,J       CT       CP       eta
volume-1/data/mas_10x7_kt0743_6498.txt,https://m-selig.ae.illinois.edu/props/volume-1/data/mas_10x7_kt0743_6498.txt,574,885f3af8730eadf757e4470daf520510a26f9fe095e49c672d5fed82d2e28a83,J       CT       CP       eta
volume-1/data/mas_10x7_kt0744_6508.txt,https://m-selig.ae.illinois.edu/props/volume-1/data/mas_10x7_kt0744_6508.txt,774,8e5b144e3e0c1e53b6e782fba3971b5957e24d876cc6c80ab68f85651589259d,J       CT       CP       eta
volume-1/data/mas_10x7_static_kt0737.txt,https://m-selig.ae.illinois.edu/props/volume-1/data/mas_10x7_static_kt0737.txt,387,9d908e7fadd540541d64f753d4d2b6bf017bddbd8b4328289bf832c25befa58d,RPM    CT       CP
volume-1/data/mas_11x6_geom.txt,https://m-selig.ae.illinois.edu/props/volume-1/data/mas_11x6_geom.txt,395,1b8ab68c9c87c1a7d1f987746c6625a1b0d19e9062b9f65ed6a88e349c8c7229,r/R    c/R     beta
volume-1/data/mas_11x6_kt0697_3010.txt,https://m-selig.ae.illinois.edu/props/volume-1/data/mas_11x6_kt0697_3010.txt,482,b9df158a932b28072678f08e1ddbe96a1dc02cb837044db79b18e1cd6d74190f,J       CT       CP       eta
volume-1/data/mas_11x6_kt0698_4004.txt,https://m-selig.ae.illinois.edu/props/volume-1/data/mas_11x6_kt0698_4004.txt,574,c9aa3010c45297410719e010e5b88dde09aef1ff498e91e4b3467fedd10c89ef,J       CT       CP       eta
volume-1/data/mas_11x6_kt0699_3997.txt,https://m-selig.ae.illinois.edu/props/volume-1/data/mas_11x6_kt0699_3997.txt,260,9a6e5901348a09b940c85d48a213de67df4728eb61c1e86d7e8626fd8227ec3e,J       CT       CP       eta
volume-1/data/mas_11x6_kt0700_5008.txt,https://m-selig.ae.illinois.edu/props/volume-1/data/mas_11x6_kt0700_5008.txt,574,e8f26de633c186f752ccbe43880964bcf84e2c65de54416171b16e336f74be23,J       CT       CP       eta
volume-1/data/mas_11x6_kt0701_5008.txt,https://m-selig.ae.illinois.edu/props/volume-1/data/mas_11x6_kt0701_5008.txt,420,67219cbf93637d44b591676a54e4ec4a6fd35442e090c28b3ac3eaa1dca44cfa,J       CT       CP       eta
volume-1/data/mas_11x6_kt0702_5998.txt,https://m-selig.ae.illinois.edu/props/volume-1/data/mas_11x6_kt0702_5998.txt,574,a8ccc74e8eea2b524b6eb280e63151633b5f804b6c1d491c8a2dc93bb29a014b,J       CT       CP       eta
volume-1/data/mas_11x6_kt0703_6018.txt,https://m-selig.ae.illinois.edu/props/volume-1/data/mas_11x6_kt0703_6018.txt,612,170d15b36bd6174a987d0cb4065e6b9871049d5b82d5e9507289c7ef8ab345fe,J       CT       CP       eta
volume-1/data/mas_11x6_static_kt0696.txt,https://m-selig.ae.illinois.edu/props/volume-1/data/mas_11x6_static_kt0696.txt,387,e3ed02f166bfdc40ba545d83bcfb055d34bec49abbb679f019a1106f7f9b6349,RPM    CT       CP
volume-1/data/mas_11x7_geom.txt,https://m-selig.ae.illinois.edu/props/volume-1/data/mas_11x7_geom.txt,397,d97b5f39a3aaf5f9d1cccea21be8968051a71289039170144eb046d4ebef46c0,r/R    c/R     beta
volume-1/data/mas_11x7_jb0681_3016.txt,https://m-selig.ae.illinois.edu/props/volume-1/data/mas_11x7_jb0681_3016.txt,482,91c5524e94722d8935434d23323b5d199661521e9249d5c03f377e4b97c2547b,J       CT       CP       eta
volume-1/data/mas_11x7_jb0682_4012.txt,https://m-selig.ae.illinois.edu/props/volume-1/data/mas_11x7_jb0682_4012.txt,574,69e8cabb7c17c3d979b9683476dc95b16b8d43b728d92bebb77e94a72360b468,J       CT       CP       eta
volume-1/data/mas_11x7_jb0684_3995.txt,https://m-selig.ae.illinois.edu/props/volume-1/data/mas_11x7_jb0684_3995.txt,258,f1d0cffae415e3d80d433cc8eeaad6909bff511301a222cf1458551346f09925,J       CT       CP       eta
volume-1/data/mas_11x7_jb0685_5020.txt,https://m-selig.ae.illinois.edu/props/volume-1/data/mas_11x7_jb0685_5020.txt,574,bddd375cc5499c77548c3686226879fcc4af771e352c32036c72cf18416d3dad,J       CT       CP       eta
volume-1/data/mas_11x7_jb0686_5003.txt,https://m-selig.ae.illinois.edu/props/volume-1/data/mas_11x7_jb0686_5003.txt,484,f075d4a593758aa5f9b18ed0850ac6a41c8c77f24466b5c7eed75f1841140564,J       CT       CP       eta
volume-1/data/mas_11x7_kt0687_6003.txt,https://m-selig.ae.illinois.edu/props/volume-1/data/mas_11x7_kt0687_6003.txt,574,1c87ca159ca0a3b6be4a109a7da398ca12c6c9e84a62ae098d2218d923ee08ff,J       CT       CP       eta
volume-1/data/mas_11x7_kt0688_6017.txt,https://m-selig.ae.illinois.edu/props/volume-1/data/mas_11x7_kt0688_6017.txt,676,4c0a8f738cdaacd0891349699eccd9f4c837cc792f7531302ac684ce97e60cb0,J       CT       CP       eta
volume-1/data/mas_11x7_static_jb0680.txt,https://m-selig.ae.illinois.edu/props/volume-1/data/mas_11x7_static_jb0680.txt,387,36a49f6cfc8b1dd1099e4c72901cd9916c0a12b7998d8e87c58f3ceda7b3aced,RPM    CT       CP
volume-1/data/mas_11x8_geom.txt,https://m-selig.ae.illinois.edu/props/volume-1/data/mas_11x8_geom.txt,397,7f4bb7750b2e59dedef2be3ea867f4b7bcb0257137890810a00e488c7135c576,r/R    c/R     beta
volume-1/data/mas_11x8_jb0675_4000.txt,https://m-selig.ae.illinois.edu/props/volume-1/data/mas_11x8_jb0675_4000.txt,388,4a38de1aecf31b2884c9364acae65231414c64ba1ebcfa5670a4083db4c40b59,J       CT       CP       eta
volume-1/data/mas_11x8_jb0676_4994.txt,https://m-selig.ae.illinois.edu/props/volume-1/data/mas_11x8_jb0676_4994.txt,574,41424b683fcbac59a6e4264ab87367dbb2a5e2dd2e1af4769d37843cd1a8cf03,J       CT       CP       eta
volume-1/data/mas_11x8_jb0677_5014.txt,https://m-selig.ae.illinois.edu/props/volume-1/data/mas_11x8_jb0677_5014.txt,612,883b47a055d781a0e031aeb724f1558e416e0f6c1e3066a0b33c091eb05112b9,J       CT       CP       eta
volume-1/data/mas_11x8_jb0678_5986.txt,https://m-selig.ae.illinois.edu/props/volume-1/data/mas_11x8_jb0678_5986.txt,574,d6308e6e833c35e9208cf7ba93e059b6dc826797d47d8c0349bf27989b30aec2,J       CT       CP       eta
volume-1/data/mas_11x8_jb0679_6012.txt,https://m-selig.ae.illinois.edu/props/volume-1/data/mas_11x8_jb0679_6012.txt,638,b75b2878ef001bf13d7ea9a3b229fca050d21dabd83cf94989a21c9435b0a8ef,J       CT       CP       eta
volume-1/data/mas_11x8_rd0673_3010.txt,https://m-selig.ae.illinois.edu/props/volume-1/data/mas_11x8_rd0673_3010.txt,578,34f71db4eadbcc77cf1171d57e3a67160abd3da763c627ecc098cf33287f0366,J       CT       CP       eta
volume-1/data/mas_11x8_rd0674_3996.txt,https://m-selig.ae.illinois.edu/props/volume-1/data/mas_11x8_rd0674_3996.txt,574,9277ffdcdfbb562a0abd4c8757e0e29c3a9c2e61236ab7eef288798be5c5a5bd,J       CT       CP       eta
volume-1/data/mas_11x8_static_rd0672.txt,https://m-selig.ae.illinois.edu/props/volume-1/data/mas_11x8_static_rd0672.txt,387,eb9fb3addde112264ef9fc2f943e947556c7268f47daee770f9ee7e14718ba89,RPM    CT       CP
volume-1/data/mas_9x5_geom.txt,https://m-selig.ae.illinois.edu/props/volume-1/data/mas_9x5_geom.txt,397,751de18977ebe6e48397cadd79bbb2ee971013d725013f212e551c4e9278feef,r/R    c/R     beta
volume-1/data/mas_9x5_pg0901_4005.txt,https://m-selig.ae.illinois.edu/props/volume-1/data/mas_9x5_pg0901_4005.txt,548,43b6342abc99d4050c779b3a771c5552d7787b96898df0b7d994e837b9b8e4d9,J       CT       CP       eta
volume-1/data/mas_9x5_pg0902_5013.txt,https://m-selig.ae.illinois.edu/props/volume-1/data/mas_9x5_pg0902_5013.txt,574,7717139bbd5576bd9d237613c1dc067230ae205ddeb710c110dae2287658135c,J       CT       CP       eta
volume-1/data/mas_9x5_pg0903_6022.txt,https://m-selig.ae.illinois.edu/props/volume-1/data/mas_9x5_pg0903_6022.txt,574,ffecb9e9501044a471fa6cdcc9edaffd8c5031aaa907d1a519e3ede049a2790c,J       CT       CP       eta
volume-1/data/mas_9x5_pg0904_6013.txt,https://m-selig.ae.illinois.edu/props/volume-1/data/mas_9x5_pg0904_6013.txt,422,b050c7733e4d2f20465d4f7bf0942486f1c37b2d02e1b3d334749f1e69b4707b,J       CT       CP       eta
volume-1/data/mas_9x5_pg0905_6803.txt,https://m-selig.ae.illinois.edu/props/volume-1/data/mas_9x5_pg0905_6803.txt,574,19a70ac47c510428337cd079e15d22a9ac424b89e574abc1f00527b85025f471,J       CT       CP       eta
volume-1/data/mas_9x5_pg0906_6816.txt,https://m-selig.ae.illinois.edu/props/volume-1/data/mas_9x5_pg0906_6816.txt,550,7e2ebe7526ba15910390d1272196c7f0c7e9bf34eb758e805bbeed9b373c28b8,J       CT       CP       eta
volume-1/data/mas_9x5_static_pg0900.txt,https://m-selig.ae.illinois.edu/props/volume-1/data/mas_9x5_static_pg0900.txt,387,233fb9abe2b1fdc5555b2e255ee1892829eb9f84d163e6487749da23d6ebbd81,RPM    CT       CP
volume-1/data/mas_9x6_2635rd_4005.txt,https://m-selig.ae.illinois.edu/props/volume-1/data/mas_9x6_2635rd_4005.txt,580,44abaea5cc071a63799e18f3e271f50f806aa7db11a867257cd53d3289c050a8,J       CT       CP       eta
volume-1/data/mas_9x6_2636rd_5020.txt,https://m-selig.ae.illinois.edu/props/volume-1/data/mas_9x6_2636rd_5020.txt,574,dab3cf8ef2ded00cc6ff39b6f2d60d056a6bb36fe6d41b10481159d0f0b256fd,J       CT       CP       eta
volume-1/data/mas_9x6_2637rd_4998.txt,https://m-selig.ae.illinois.edu/props/volume-1/data/mas_9x6_2637rd_4998.txt,324,13b9383508ddbc3788b9205527aba64e6d54476ab468d2c4cf07a1e92c0f35e2,J       CT       CP       eta
volume-1/data/mas_9x6_2638rd_6005.txt,https://m-selig.ae.illinois.edu/props/volume-1/data/mas_9x6_2638rd_6005.txt,574,314759e12a609605dec027a718becfc456f1f37e0d20227ebac09ebe035ad7c0,J       CT       CP       eta
volume-1/data/mas_9x6_2639rd_6007.txt,https://m-selig.ae.illinois.edu/props/volume-1/data/mas_9x6_2639rd_6007.txt,484,825ff8946ece8e95a9c10077922da775bf08e8f8eb6c1565f08f87034ba0be31,J       CT       CP       eta
volume-1/data/mas_9x6_2641rd_6611.txt,https://m-selig.ae.illinois.edu/props/volume-1/data/mas_9x6_2641rd_6611.txt,574,9b8a1d028bf384c4db73134f37f237a418e356508dfaa2816c5092e8c759e3cb,J       CT       CP       eta
volume-1/data/mas_9x6_2642rd_6612.txt,https://m-selig.ae.illinois.edu/props/volume-1/data/mas_9x6_2642rd_6612.txt,580,e3045bd6838ed6d5b0d4fe2c829b7332b0ca7b7bfefbb8e73387784adf637983,J       CT       CP       eta
volume-1/data/mas_9x6_static_2634rd.txt,https://m-selig.ae.illinois.edu/props/volume-1/data/mas_9x6_static_2634rd.txt,387,cc752fd1394c31e7ff3e831147c966be74c666d5d0588f5e9fee255860207efd,RPM    CT       CP
volume-1/data/mas_9x7_geom.txt,https://m-selig.ae.illinois.edu/props/volume-1/data/mas_9x7_geom.txt,398,f741bcbc81d399eff85cee76c9ae3ee834723d8d232751c9abcdc72ba1cf241a,r/R    c/R     beta
volume-1/data/mas_9x7_pg0908_4014.txt,https://m-selig.ae.illinois.edu/props/volume-1/data/mas_9x7_pg0908_4014.txt,574,98a214e7bb5c7d6d346fbd3537f57a0154fa97b3d11014d1973438b7871de7c3,J       CT       CP       eta
volume-1/data/mas_9x7_pg0909_5006.txt,https://m-selig.ae.illinois.edu/props/volume-1/data/mas_9x7_pg0909_5006.txt,574,4ca3bc8c14bfcb21d7c013ff6d53e36271b0f07f501edc316a43ee500a3037a6,J       CT       CP       eta
volume-1/data/mas_9x7_pg0910_5004.txt,https://m-selig.ae.illinois.edu/props/volume-1/data/mas_9x7_pg0910_5004.txt,454,af9f85dc3098ce2c28484bed333ed974606dd71a48fefb41740f88d188663c59,J       CT       CP       eta
volume-1/data/mas_9x7_pg0911_6002.txt,https://m-selig.ae.illinois.edu/props/volume-1/data/mas_9x7_pg0911_6002.txt,574,4d81d4f5f83d40f972cab630312eca2fa10eb75a9dae9328fd2e71dadfa701f1,J       CT       CP       eta
volume-1/data/mas_9x7_pg0912_6029.txt,https://m-selig.ae.illinois.edu/props/volume-1/data/mas_9x7_pg0912_6029.txt,612,9ae6734b19d3717909dbb948ff9e19e5912d60f506cca94e2bf2093fa2f2f7d2,J       CT       CP       eta
volume-1/data/mas_9x7_pg0913_6727.txt,https://m-selig.ae.illinois.edu/props/volume-1/data/mas_9x7_pg0913_6727.txt,574,bbb6966806d459552a2a61cf12ef104a7043004b91bb495dfa4a135784835ca8,J       CT       CP       eta
volume-1/data/mas_9x7_pg0914_6714.txt,https://m-selig.ae.illinois.edu/props/volume-1/data/mas_9x7_pg0914_6714.txt,740,a124db1a5474279fa512f38146b2e6c299dfd73d4eef57793ae267f08925cd1e,J       CT       CP       eta
volume-1/data/mas_9x7_static_pg0907.txt,https://m-selig.ae.illinois.edu/props/volume-1/data/mas_9x7_static_pg0907.txt,387,fb3be615270a0d1e7aea11ff89c919087ccc1b33b26215bf404912e77da141be,RPM    CT       CP
volume-1/data/rusp_11x4_2953os_3006.txt,https://m-selig.ae.illinois.edu/props/volume-1/data/rusp_11x4_2953os_3006.txt,356,7ba0aba74952623c2ce46646ed2f000d07ed55fb5f2f63d0ae36292f5fdbfb64,J       CT       CP       eta
volume-1/data/rusp_11x4_2954os_4006.txt,https://m-selig.ae.illinois.edu/props/volume-1/data/rusp_11x4_2954os_4006.txt,484,b4f349b40d5115044e62c63f4a937b696f9d11202140a60bf73bd7951f2577f0,J       CT       CP       eta
volume-1/data/rusp_11x4_2955os_5013.txt,https://m-selig.ae.illinois.edu/props/volume-1/data/rusp_11x4_2955os_5013.txt,578,a84926fda4ea2d9881e36c20ad763ea4c44f4da61bdb7178d7fc116ddf2e3cf2,J       CT       CP       eta
volume-1/data/rusp_11x4_2956os_6020.txt,https://m-selig.ae.illinois.edu/props/volume-1/data/rusp_11x4_2956os_6020.txt,574,160b16449f1ee6444f9f3a99c2efcf99e2b2f322251dabac7904caa8df36ddd5,J       CT       CP       eta
volume-1/data/rusp_11x4_2957os_6000.txt,https://m-selig.ae.illinois.edu/props/volume-1/data/rusp_11x4_2957os_6000.txt,356,24c423577c27a80686389e92652f2c095f8083417c59a4f5c0074b332881d54f,J       CT       CP       eta
volume-1/data/rusp_11x4_static_2952os.txt,https://m-selig.ae.illinois.edu/props/volume-1/data/rusp_11x4_static_2952os.txt,387,4c9ea16168bbdc32b56d20e408d2828582c0dccde0bf905178b03fe6a813676c,RPM    CT       CP
volume-1/data/zin_11x7_3009rd_3006.txt,https://m-selig.ae.illinois.edu/props/volume-1/data/zin_11x7_3009rd_3006.txt,484,dfe1c9b66404f87f378a65f5b0aeb2dc8c05ddca6b153a94909f2c3a185c051b,J       CT       CP       eta
volume-1/data/zin_11x7_3010ja_4017.txt,https://m-selig.ae.illinois.edu/props/volume-1/data/zin_11x7_3010ja_4017.txt,576,73ba2e1c80abca194a4fe6fd7e92e52990e0cd8b608eb145e88d8b715884d041,J       CT       CP       eta
volume-1/data/zin_11x7_3011TG_5016.txt,https://m-selig.ae.illinois.edu/props/volume-1/data/zin_11x7_3011TG_5016.txt,574,3e45b385dfc02dd3edeca590a22b29b013e41bf183c3f66a595658aa86b904ed,J       CT       CP       eta
volume-1/data/zin_11x7_3012TG_5002.txt,https://m-selig.ae.illinois.edu/props/volume-1/data/zin_11x7_3012TG_5002.txt,422,28f7a1eb6f010709e9544e52817856b090bc42daf3dc155b9aad86ac95ac94d7,J       CT       CP       eta
volume-1/data/zin_11x7_3013ml_5620.txt,https://m-selig.ae.illinois.edu/props/volume-1/data/zin_11x7_3013ml_5620.txt,574,0e1219344a90d0c982a829c78f1d57a84d07315d65ecdd6e5a2ecde38bb4c4fc,J       CT       CP       eta
volume-1/data/zin_11x7_3014ja_5608.txt,https://m-selig.ae.illinois.edu/props/volume-1/data/zin_11x7_3014ja_5608.txt,516,84820125ee0a70acfe226c0d0b52c9e34b15e1797b90b95c55dc433583fa0bd5,J       CT       CP       eta
volume-1/data/zin_11x7_static_3008rd.txt,https://m-selig.ae.illinois.edu/props/volume-1/data/zin_11x7_static_3008rd.txt,387,b2c94926754189767ad0a10db0dfff50671ceb8ceb0e6cbb1c7c3055d4351500,RPM    CT       CP
volume-1/data/zin_9x6_2308rd_4012.txt,https://m-selig.ae.illinois.edu/props/volume-1/data/zin_9x6_2308rd_4012.txt,580,0d47b302161efaeff7c6909070e546e97f1ea503f4e31639d4ddd88a27d41650,J       CT       CP       eta
volume-1/data/zin_9x6_2309rd_5020.txt,https://m-selig.ae.illinois.edu/props/volume-1/data/zin_9x6_2309rd_5020.txt,574,164c8e350d1c19186c4d7f7e86772f6de8f0bd82041896b07f073706054323fb,J       CT       CP       eta
volume-1/data/zin_9x6_2310rd_5999.txt,https://m-selig.ae.illinois.edu/props/volume-1/data/zin_9x6_2310rd_5999.txt,574,ba0c8eda14ae1f909a3b141a85c78640738267db467ff94f62f2cb80ede8ab1b,J       CT       CP       eta
volume-1/data/zin_9x6_2311rd_6006.txt,https://m-selig.ae.illinois.edu/props/volume-1/data/zin_9x6_2311rd_6006.txt,522,7b1e0971013dab838dbaec3c70e899dc2517ce178403860d19a5e6d753e05cad,J       CT       CP       eta
volume-1/data/zin_9x6_2312rd_6629.txt,https://m-selig.ae.illinois.edu/props/volume-1/data/zin_9x6_2312rd_6629.txt,574,dd00440456e24272f2e22a198e538b6f171b301784383db1b9fb8913524d3d27,J       CT       CP       eta
volume-1/data/zin_9x6_2313rd_6613.txt,https://m-selig.ae.illinois.edu/props/volume-1/data/zin_9x6_2313rd_6613.txt,618,a237081cc473aa8a9aeeb0af0e770f9287b3dc88c6c38e1d52f0a003190b3bdf,J       CT       CP       eta
volume-1/data/zin_9x6_static_2593rd.txt,https://m-selig.ae.illinois.edu/props/volume-1/data/zin_9x6_static_2593rd.txt,387,b6e5b5efca32787d52bb32f0b79ef7092636296333461ea959d2940ef24b24a7,RPM    CT       CP
volume-2/data/apcff_4.2x4_0617rd_6043.txt,https://m-selig.ae.illinois.edu/props/volume-2/data/apcff_4.2x4_0617rd_6043.txt,795,a9f8bae87c2f89826bda8700cfae2c15412d7a8a1fe0eafa2b45c04c6b42c2b6,J         CT        CP        eta
volume-2/data/apcff_4.2x4_0618rd_8043.txt,https://m-selig.ae.illinois.edu/props/volume-2/data/apcff_4.2x4_0618rd_8043.txt,795,fbbff1601ab0d7714ff2285e8cfb5a1e81f8dd73236a244e1c9c9f13d51538c6,J         CT        CP        eta
volume-2/data/apcff_4.2x4_0619rd_8067.txt,https://m-selig.ae.illinois.edu/props/volume-2/data/apcff_4.2x4_0619rd_8067.txt,435,97399c9603a932ff7dfd3a79e3ace5e91321aa427c770ab5b50c01db3dea5919,J         CT        CP        eta
volume-2/data/apcff_4.2x4_0620rd_10042.txt,https://m-selig.ae.illinois.edu/props/volume-2/data/apcff_4.2x4_0620rd_10042.txt,795,4519abf19da6eef3861ef46ff4a13303fe2f806b94d566e3809f09ebee136084,J         CT        CP        eta
volume-2/data/apcff_4.2x4_0621rd_10071.txt,https://m-selig.ae.illinois.edu/props/volume-2/data/apcff_4.2x4_0621rd_10071.txt,715,6b0a6f76317810c51d5f1164165081c125122da018dc846a1bc40df418d4fcdc,J         CT        CP        eta
volume-2/data/apcff_4.2x4_geom.txt,https://m-selig.ae.illinois.edu/props/volume-2/data/apcff_4.2x4_geom.txt,416,21ed05e3b06749444caccc7689d7a96b15ad01c6220454c684dbfb3cab3c029e,r/R   c/R     beta
volume-2/data/apcff_4.2x4_static_0615rd.txt,https://m-selig.ae.illinois.edu/props/volume-2/data/apcff_4.2x4_static_0615rd.txt,583,99bcc60c24ee4f4583683e1e66b363f6511ce7b037a60c84a7decab5dd1d9842,RPM        CT        CP
volume-2/data/apcff_9x4_1017ga_3014.txt,https://m-selig.ae.illinois.edu/props/volume-2/data/apcff_9x4_1017ga_3014.txt,355,1f4f88ff5d73d77240cd8fd100f806ad589acfac2a188748024d77c0b4abdfdb,J         CT        CP        eta
volume-2/data/apcff_9x4_1018ga_4033.txt,https://m-selig.ae.illinois.edu/props/volume-2/data/apcff_9x4_1018ga_4033.txt,515,7b08bb9228a05a090170a880c3e69e629ed99b454977ff4d2e6e9a3ba39710c3,J         CT        CP        eta
volume-2/data/apcff_9x4_1019ga_5049.txt,https://m-selig.ae.illinois.edu/props/volume-2/data/apcff_9x4_1019ga_5049.txt,675,06a049a74590f3a6333b858dfb66aa6478eed9611cbe6a6d41b6d9d58eec03c5,J         CT        CP        eta
volume-2/data/apcff_9x4_1020ga_6033.txt,https://m-selig.ae.illinois.edu/props/volume-2/data/apcff_9x4_1020ga_6033.txt,715,52ea405445e399b012b141a659b04c7097ee1fc4c154263643ed2877c62173df,J         CT        CP        eta
volume-2/data/apcff_9x4_1021ga_6057.txt,https://m-selig.ae.illinois.edu/props/volume-2/data/apcff_9x4_1021ga_6057.txt,315,8a6e42391b3d75f666cd4224aa3387695aad667ff8e9ea77159fd658120b3d76,J         CT        CP        eta
volume-2/data/apcff_9x4_geom.txt,https://m-selig.ae.illinois.edu/props/volume-2/data/apcff_9x4_geom.txt,416,312a9034ae260620ed34f0e13ee34bd01de2c51fa559833ce0f256d00db8ffc3,r/R   c/R     beta
volume-2/data/apcff_9x4_static_1016rd.txt,https://m-selig.ae.illinois.edu/props/volume-2/data/apcff_9x4_static_1016rd.txt,676,05e5d1bd357f7b6b7dcb9081a33081aef00220eb9fd500b459c8a1378ec39682,RPM        CT        CP
volume-2/data/apcsp_4.2x2_0598rd_6021.txt,https://m-selig.ae.illinois.edu/props/volume-2/data/apcsp_4.2x2_0598rd_6021.txt,435,e0026528f53b21daa709a73b1c8991e31c6e8b9789320529a06afc1ec2d516ab,J         CT        CP        eta
volume-2/data/apcsp_4.2x2_0599rd_9050.txt,https://m-selig.ae.illinois.edu/props/volume-2/data/apcsp_4.2x2_0599rd_9050.txt,635,28edf75f064f03f6298848fafe82665f86a6a8eadca62d3f9824fd40ecb20390,J         CT        CP        eta
volume-2/data/apcsp_4.2x2_0600rd_12047.txt,https://m-selig.ae.illinois.edu/props/volume-2/data/apcsp_4.2x2_0600rd_12047.txt,795,5b5e74a606d2eb81804f4e768965c78e94580ea23a2f6185502b961260038966,J         CT        CP        eta
volume-2/data/apcsp_4.2x2_0601rd_12053.txt,https://m-selig.ae.illinois.edu/props/volume-2/data/apcsp_4.2x2_0601rd_12053.txt,355,50645d1d60c791ca9a6db2d09bd08074a38f602bc0e354728fee346f6cd98a34,J         CT        CP        eta
volume-2/data/apcsp_4.2x2_0602rd_15064.txt,https://m-selig.ae.illinois.edu/props/volume-2/data/apcsp_4.2x2_0602rd_15064.txt,795,1c7a74d6c55fb4d34be64c20aacfb1e13593d954813e14b5286c716d330d88a8,J         CT        CP        eta
volume-2/data/apcsp_4.2x2_0603rd_15065.txt,https://m-selig.ae.illinois.edu/props/volume-2/data/apcsp_4.2x2_0603rd_15065.txt,515,9f37a57be8af04118b5add5c6e59c152cdbe690092dec51b75964ecc6de6dc4d,J         CT        CP        eta
volume-2/data/apcsp_4.2x2_geom.txt,https://m-selig.ae.illinois.edu/props/volume-2/data/apcsp_4.2x2_geom.txt,416,273cd12166e0d11a884cae8451bdbb466638d7cf54e90f61bdfe00db5b50a4b4,r/R   c/R     beta
volume-2/data/apcsp_4.2x2_static_0597rd.txt,https://m-selig.ae.illinois.edu/props/volume-2/data/apcsp_4.2x2_static_0597rd.txt,459,6f832e42e582dedb6373b42fa76dc036de07ad90eb102eaf0b87c3bfbbd672f8,RPM        CT        CP
volume-2/data/apcsp_9x6_0759ga_3023.txt,https://m-selig.ae.illinois.edu/props/volume-2/data/apcsp_9x6_0759ga_3023.txt,515,0ebb824290c6677c68bd2199be4f140d23e6c6ee74612d69d237dce2a81fe273,J         CT        CP        eta
volume-2/data/apcsp_9x6_0760ga_4049.txt,https://m-selig.ae.illinois.edu/props/volume-2/data/apcsp_9x6_0760ga_4049.txt,715,03ac92ec6228b6a5081846cfc0feb1814c16402bb638e8b2f83a214076e80b80,J         CT        CP        eta
volume-2/data/apcsp_9x6_0761ga_5007.txt,https://m-selig.ae.illinois.edu/props/volume-2/data/apcsp_9x6_0761ga_5007.txt,715,8e1fbc7c8cb7d38a65d600d9fcb371cdd06cf6f6eb647ef544d4d8552da81b23,J         CT        CP        eta
volume-2/data/apcsp_9x6_0762ga_5049.txt,https://m-selig.ae.illinois.edu/props/volume-2/data/apcsp_9x6_0762ga_5049.txt,435,375c1d001aa485b2f4e4606f6e76f60559e866069e7a7452ae8c403309100e39,J         CT        CP        eta
volume-2/data/apcsp_9x6_0763ga_5992.txt,https://m-selig.ae.illinois.edu/props/volume-2/data/apcsp_9x6_0763ga_5992.txt,715,34aef093c7b6721918b4cbdb1045507780107db913f4734959a2099cdfcc1830,J         CT        CP        eta
volume-2/data/apcsp_9x6_0764ga_6054.txt,https://m-selig.ae.illinois.edu/props/volume-2/data/apcsp_9x6_0764ga_6054.txt,595,322e3250f3c335260f9fdf8c4408c006b13ea9b9a10f5f5903d0773891f6cf28,J         CT        CP        eta
volume-2/data/apcsp_9x6_geom.txt,https://m-selig.ae.illinois.edu/props/volume-2/data/apcsp_9x6_geom.txt,416,dd5af960d922c068e331bfa805451d0cf72f66a4070393c2db75dd52f431dffd,r/R   c/R     beta
volume-2/data/apcsp_9x6_static_0758ga.txt,https://m-selig.ae.illinois.edu/props/volume-2/data/apcsp_9x6_static_0758ga.txt,614,9ec911553b1bc61bf607ef737b3351d390729c710a1e0dde931a6185c5c74f15,RPM        CT        CP
volume-2/data/cfnq_45p1_geom.txt,https://m-selig.ae.illinois.edu/props/volume-2/data/cfnq_45p1_geom.txt,416,f557049985dac8a463b1718b6e94468fdd64d2e699864fda3260ff0a7556181b,r/R   c/R     beta
volume-2/data/cfnq_45p1_static_1322rd.txt,https://m-selig.ae.illinois.edu/props/volume-2/data/cfnq_45p1_static_1322rd.txt,552,90a8f988c918abed92378f1d4163922d98d25ec19b01fb9651907442544b79a8,RPM        CT        CP
volume-2/data/cfnq_45p2_geom.txt,https://m-selig.ae.illinois.edu/props/volume-2/data/cfnq_45p2_geom.txt,416,9e676d4b619fa8e95723a6f7a95cd6efc819cff81c865b82d046ad6dfbad0b19,r/R   c/R     beta
volume-2/data/cfnq_45p2_static_1323rd.txt,https://m-selig.ae.illinois.edu/props/volume-2/data/cfnq_45p2_static_1323rd.txt,552,95d7326fc09f0d3fcc54fb1d63c77de7efbdab7075d019cd047dcce90b55edeb,RPM        CT        CP
volume-2/data/cfnq_45t1_geom.txt,https://m-selig.ae.illinois.edu/props/volume-2/data/cfnq_45t1_geom.txt,416,acc7e44168b75473b0e93f004963ee444840c013dab6f84fcabe39744ab56cf0,r/R   c/R     beta
volume-2/data/cfnq_45t1_static_1320rd.txt,https://m-selig.ae.illinois.edu/props/volume-2/data/cfnq_45t1_static_1320rd.txt,552,962d051aea28c92598217b218de3a852035e2915d8bb6dba52da190300ac7cbc,RPM        CT        CP
volume-2/data/cfnq_45t2_geom.txt,https://m-selig.ae.illinois.edu/props/volume-2/data/cfnq_45t2_geom.txt,416,87f9d122fe12017fa68e105b0c9e0632a466a3dc6e83e1823a1a3d77572ba162,r/R   c/R     beta
volume-2/data/cfnq_45t2_static_1321rd.txt,https://m-selig.ae.illinois.edu/props/volume-2/data/cfnq_45t2_static_1321rd.txt,552,e756c655b2df16d9d56b625435c41622cf6d32faa2ba7578b00606a6a549df59,RPM        CT        CP
volume-2/data/da4002_5x1.58_1139ga_4003.txt,https://m-selig.ae.illinois.edu/props/volume-2/data/da4002_5x1.58_1139ga_4003.txt,195,c40e4836237447187fd2f8789466b79502f0da84344f2cee2cf4fb7fce1d9fe6,J         CT        CP        eta
volume-2/data/da4002_5x1.58_1140ga_4970.txt,https://m-selig.ae.illinois.edu/props/volume-2/data/da4002_5x1.58_1140ga_4970.txt,275,4b1a6898e0240d303db74e1ba135f716d93a0d109029851e34adc212989f7bba,J         CT        CP        eta
volume-2/data/da4002_5x1.58_1141ga_5975.txt,https://m-selig.ae.illinois.edu/props/volume-2/data/da4002_5x1.58_1141ga_5975.txt,355,f672a3edf5ba7c9738d4b52cf75e0ccba966ef590b64d490cebe4d8e7c7a9f53,J         CT        CP        eta
volume-2/data/da4002_5x1.58_geom.txt,https://m-selig.ae.illinois.edu/props/volume-2/data/da4002_5x1.58_geom.txt,416,debc9250a3ae0f888d7c6587985a40952462dbb1688bf2eb24f054921a71b283,r/R   c/R     beta
volume-2/data/da4002_5x1.58_static_1137ga.txt,https://m-selig.ae.illinois.edu/props/volume-2/data/da4002_5x1.58_static_1137ga.txt,614,6650eda37b1b403a8e9f2cf3baa9f9cfc678cecc095114c436d7905b0b3e22c2,RPM        CT        CP
volume-2/data/da4002_5x2.65_1128rd_3991.txt,https://m-selig.ae.illinois.edu/props/volume-2/data/da4002_5x2.65_1128rd_3991.txt,315,b62817d51f23cc8bf4e4893d9c4cf526a8015f721380e6a6ab24c7bf7d697ffe,J         CT        CP        eta
volume-2/data/da4002_5x2.65_1129rd_5033.txt,https://m-selig.ae.illinois.edu/props/volume-2/data/da4002_5x2.65_1129rd_5033.txt,395,14029013d7beb0d186012e19985ab69332abe31848b3b7b2efa1ace75674627e,J         CT        CP        eta
volume-2/data/da4002_5x2.65_1130rd_6025.txt,https://m-selig.ae.illinois.edu/props/volume-2/data/da4002_5x2.65_1130rd_6025.txt,475,64e88bac737533139ebb78f8f0c0dd4be9b63b6238cfb7dfd526f2f2f5050a54,J         CT        CP        eta
volume-2/data/da4002_5x2.65_geom.txt,https://m-selig.ae.illinois.edu/props/volume-2/data/da4002_5x2.65_geom.txt,416,a77ca657b009260bcbb1d247fbefb29d87a3c81fed6364baa403daa6a3d5b272,r/R   c/R     beta
volume-2/data/da4002_5x2.65_static_1126rd.txt,https://m-selig.ae.illinois.edu/props/volume-2/data/da4002_5x2.65_static_1126rd.txt,459,b21317caa2fb207384599d0dc4752c3352b8e4c192250338d65f4006e4e4128f,RPM        CT        CP
volume-2/data/da4002_5x3.75_1123md_4031.txt,https://m-selig.ae.illinois.edu/props/volume-2/data/da4002_5x3.75_1123md_4031.txt,395,62fd2f5b3495a2948cde7a495910efa948dffc27b1e703e85cc9b7e2c8047880,J         CT        CP        eta
volume-2/data/da4002_5x3.75_1124md_5039.txt,https://m-selig.ae.illinois.edu/props/volume-2/data/da4002_5x3.75_1124md_5039.txt,515,0e1d91df713ea8d9da856c062f47c76411cdff36d84c995e6a7ef53553f83645,J         CT        CP        eta
volume-2/data/da4002_5x3.75_1125md_6045.txt,https://m-selig.ae.illinois.edu/props/volume-2/data/da4002_5x3.75_1125md_6045.txt,675,acc4e5cbcd3b6a6d1fcf5df39692b711f08bef834429f942cae9760c7e5eee69,J         CT        CP        eta
volume-2/data/da4002_5x3.75_geom.txt,https://m-selig.ae.illinois.edu/props/volume-2/data/da4002_5x3.75_geom.txt,416,d63dae9a90755d5044f5d092b090629b5559c75ca5e45ee79ac710aeac802ae8,r/R   c/R     beta
volume-2/data/da4002_5x3.75_static_1121md.txt,https://m-selig.ae.illinois.edu/props/volume-2/data/da4002_5x3.75_static_1121md.txt,428,a53408f8c30183823b0680dd3c4bd009578c93930df9d03ff300457f95e2d549,RPM        CT        CP
volume-2/data/da4002_5x4.92_1192ga_4049.txt,https://m-selig.ae.illinois.edu/props/volume-2/data/da4002_5x4.92_1192ga_4049.txt,595,9fd8d8656dc67195186897ca9025e7bf1cf92807c6ff661d0a84a5b55f63dca9,J         CT        CP        eta
volume-2/data/da4002_5x4.92_1193ga_5042.txt,https://m-selig.ae.illinois.edu/props/volume-2/data/da4002_5x4.92_1193ga_5042.txt,715,a787b9c3816c62004173ad6a4764fcecd35390d1db5eaafa5b647b6266b55b8f,J         CT        CP        eta
volume-2/data/da4002_5x4.92_1194ga_5055.txt,https://m-selig.ae.illinois.edu/props/volume-2/data/da4002_5x4.92_1194ga_5055.txt,235,61587858041b0e25913d2683ddaf7b222cb32738864c1bc1e9a08d15b4b3399a,J         CT        CP        eta
volume-2/data/da4002_5x4.92_1195ga_6041.txt,https://m-selig.ae.illinois.edu/props/volume-2/data/da4002_5x4.92_1195ga_6041.txt,715,fee90706856929a33d397ec2e8c74ca15c85f84129083556ed50435decd2f945,J         CT        CP        eta
volume-2/data/da4002_5x4.92_1196ga_6067.txt,https://m-selig.ae.illinois.edu/props/volume-2/data/da4002_5x4.92_1196ga_6067.txt,395,10e085cdd4213266fe03dd16766e35096a85c083f36d19b04e10a2aa2c995531,J         CT        CP        eta
volume-2/data/da4002_5x4.92_geom.txt,https://m-selig.ae.illinois.edu/props/volume-2/data/da4002_5x4.92_geom.txt,416,fd94dbbe47ed7ef331bc247d2c008f3937dddb77b4b52c4195fe7987d925ecf9,r/R   c/R     beta
volume-2/data/da4002_5x4.92_static_1190ga.txt,https://m-selig.ae.illinois.edu/props/volume-2/data/da4002_5x4.92_static_1190ga.txt,397,e973234a186b0f3808331f91f61f7b40013474b87c772b335ce366970c64ece1,RPM        CT        CP
volume-2/data/da4002_9x2.85_1116ga_2021.txt,https://m-selig.ae.illinois.edu/props/volume-2/data/da4002_9x2.85_1116ga_2021.txt,195,810d66ba40676c814ff0b4ba08ab0f7f762884074b237d248211fdb9b141e279,J         CT        CP        eta
volume-2/data/da4002_9x2.85_1117ga_3027.txt,https://m-selig.ae.illinois.edu/props/volume-2/data/da4002_9x2.85_1117ga_3027.txt,275,656abcdbf56411711226b617da919aafb33c4739ba9345b54579b85fcb2f795c,J         CT        CP        eta
volume-2/data/da4002_9x2.85_1118ga_4031.txt,https://m-selig.ae.illinois.edu/props/volume-2/data/da4002_9x2.85_1118ga_4031.txt,435,3bf9adfd45337c03ffbaf3be7e6813360a6609df8b728df8d2d6224e98c6fe90,J         CT        CP        eta
volume-2/data/da4002_9x2.85_1119ga_5036.txt,https://m-selig.ae.illinois.edu/props/volume-2/data/da4002_9x2.85_1119ga_5036.txt,595,5a053f8325166cc8609aef1769f646be806f097e6451adf99a40fda7a8a015fe,J         CT        CP        eta
volume-2/data/da4002_9x2.85_geom.txt,https://m-selig.ae.illinois.edu/props/volume-2/data/da4002_9x2.85_geom.txt,416,cbc18a05bf13a8029813fff0f3df97927e4524b779ee6e2cdf06928263f1b227,r/R   c/R     beta
volume-2/data/da4002_9x2.85_static_1115ga.txt,https://m-selig.ae.illinois.edu/props/volume-2/data/da4002_9x2.85_static_1115ga.txt,676,636b0b6819d1737dc6c2403db1349bf40acf9e2c57440f598b06ef48c776d9b6,RPM        CT        CP
volume-2/data/da4002_9x4.76_1109ga_2019.txt,https://m-selig.ae.illinois.edu/props/volume-2/data/da4002_9x4.76_1109ga_2019.txt,275,239fe147bb6ce136a78c0b520623f84ce321eac2345021078fc78ba1089167ae,J         CT        CP        eta
volume-2/data/da4002_9x4.76_1110ga_3029.txt,https://m-selig.ae.illinois.edu/props/volume-2/data/da4002_9x4.76_1110ga_3029.txt,435,da3fd1c175cb8f930866f1c22c25b73ffba76a72cc34c6c3d33218fbe839bd31,J         CT        CP        eta
volume-2/data/da4002_9x4.76_1111ga_4042.txt,https://m-selig.ae.illinois.edu/props/volume-2/data/da4002_9x4.76_1111ga_4042.txt,635,57a65b028512d1488ad154ea78a5534a30fc6180a324cf94c91f302b709cf0fb,J         CT        CP        eta
volume-2/data/da4002_9x4.76_1112ga_5038.txt,https://m-selig.ae.illinois.edu/props/volume-2/data/da4002_9x4.76_1112ga_5038.txt,715,f24c7a123fd8b1718c065b5ef890ddf507890815b4d94fc79ec9891f33993e28,J         CT        CP        eta
volume-2/data/da4002_9x4.76_1113ga_5062.txt,https://m-selig.ae.illinois.edu/props/volume-2/data/da4002_9x4.76_1113ga_5062.txt,275,b9ccd4795baec978250a98bd4de0f0dc923a8953dbdea59b68fa64f86a428d42,J         CT        CP        eta
volume-2/data/da4002_9x4.76_geom.txt,https://m-selig.ae.illinois.edu/props/volume-2/data/da4002_9x4.76_geom.txt,416,d41754d411c57dbb2632f0907177baa28dad24dee1a41641fbc9dff5e0e20b54,r/R   c/R     beta
volume-2/data/da4002_9x4.76_static_1120ga.txt,https://m-selig.ae.illinois.edu/props/volume-2/data/da4002_9x4.76_static_1120ga.txt,614,e2a4a6976e83d4bb23061db83f1824d3f77d1cbb240a039d29c6a7c0f270d66f,RPM        CT        CP
volume-2/data/da4002_9x6.75_1100md_2013.txt,https://m-selig.ae.illinois.edu/props/volume-2/data/da4002_9x6.75_1100md_2013.txt,355,2b546e9ba797f19a7d9532896f528f15873a6d5f0a31c4b3700f14f2a26f8368,J         CT        CP        eta
volume-2/data/da4002_9x6.75_1101md_3030.txt,https://m-selig.ae.illinois.edu/props/volume-2/data/da4002_9x6.75_1101md_3030.txt,595,ccfba626a3f45b04a62f267db496eccf8b58581910770b777df01ab28810fcd9,J         CT        CP        eta
volume-2/data/da4002_9x6.75_1102rd_4054.txt,https://m-selig.ae.illinois.edu/props/volume-2/data/da4002_9x6.75_1102rd_4054.txt,715,ee3e21dc26a760d24939879aa4297af2a61040e967b95e6bcecf98d181317842,J         CT        CP        eta
volume-2/data/da4002_9x6.75_1103rd_4049.txt,https://m-selig.ae.illinois.edu/props/volume-2/data/da4002_9x6.75_1103rd_4049.txt,275,576c329507979365583bd3a211fc92e94414162b611e8c84a070b4b7bf2ae454,J         CT        CP        eta
volume-2/data/da4002_9x6.75_1104rd_5028.txt,https://m-selig.ae.illinois.edu/props/volume-2/data/da4002_9x6.75_1104rd_5028.txt,715,a7ccada425d4879fa29f586f1faab98bced3de7f9704b6be3cfdc9de593c037c,J         CT        CP        eta
volume-2/data/da4002_9x6.75_1105rd_5064.txt,https://m-selig.ae.illinois.edu/props/volume-2/data/da4002_9x6.75_1105rd_5064.txt,555,f3b9314721925e8919f1c5e547d1eea86983f14081d3389ea7b010087946c3fe,J         CT        CP        eta
volume-2/data/da4002_9x6.75_geom.txt,https://m-selig.ae.illinois.edu/props/volume-2/data/da4002_9x6.75_geom.txt,416,ee0ebedf464b690b7dc0f331b3274115bb830b5bf8007b5ec755b05f604fb9fe,r/R   c/R     beta
volume-2/data/da4002_9x6.75_static_1107rd.txt,https://m-selig.ae.illinois.edu/props/volume-2/data/da4002_9x6.75_static_1107rd.txt,614,342dd9c3dc330a9094aaf9c77e147d2d6a3707142e26d4f65fe6cd0bbe669d10,RPM        CT        CP
volume-2/data/da4002_9x8.95_1093rd_2035.txt,https://m-selig.ae.illinois.edu/props/volume-2/data/da4002_9x8.95_1093rd_2035.txt,475,5e1b92b924bd88980531ac3c8678bc3f406f126b6b13d55dbc727a98861529ee,J         CT        CP        eta
volume-2/data/da4002_9x8.95_1094rd_3049.txt,https://m-selig.ae.illinois.edu/props/volume-2/data/da4002_9x8.95_1094rd_3049.txt,715,ec8d0533cbae7a56816e6f971044e97e2b40f0d1c6b6570c8750f07d80dba186,J         CT        CP        eta
volume-2/data/da4002_9x8.95_1095rd_3050.txt,https://m-selig.ae.illinois.edu/props/volume-2/data/da4002_9x8.95_1095rd_3050.txt,235,943a4cd07a8dee6054e734f299328d700b0789872f0cd4e01f52435467a13813,J         CT        CP        eta
volume-2/data/da4002_9x8.95_1096rd_4067.txt,https://m-selig.ae.illinois.edu/props/volume-2/data/da4002_9x8.95_1096rd_4067.txt,715,eaa621765a34bbfcce0d4791ab7c7cd9272f9c64f5d68ad69da0a2a3f788af0a,J         CT        CP        eta
volume-2/data/da4002_9x8.95_1097md_4060.txt,https://m-selig.ae.illinois.edu/props/volume-2/data/da4002_9x8.95_1097md_4060.txt,515,4d77011597c7e0319f822a3d15b1c26d09f875d08b0da3eb5910566abea35b1d,J         CT        CP        eta
volume-2/data/da4002_9x8.95_1098md_5042.txt,https://m-selig.ae.illinois.edu/props/volume-2/data/da4002_9x8.95_1098md_5042.txt,715,df67d9b95071b092f46789fd84711164cbe7c02f4fef50c393cd52dd6ad8fcef,J         CT        CP        eta
volume-2/data/da4002_9x8.95_1099md_5072.txt,https://m-selig.ae.illinois.edu/props/volume-2/data/da4002_9x8.95_1099md_5072.txt,795,c552e173d37965fb558c1ccfca24cfdc81fd064f6ba49c1e66dc662187d31232,J         CT        CP        eta
volume-2/data/da4002_9x8.95_geom.txt,https://m-selig.ae.illinois.edu/props/volume-2/data/da4002_9x8.95_geom.txt,416,e8b1a9f04f76c242bbed7c147f832bbd3fef80a89d7f706e817f381fc09257df,r/R   c/R     beta
volume-2/data/da4002_9x8.95_static_1092rd.txt,https://m-selig.ae.illinois.edu/props/volume-2/data/da4002_9x8.95_static_1092rd.txt,521,8aee45cf2674b47262572ad322efc5f02ff2c37f3f84a11f2eb60efb2b1c912f,RPM        CT        CP
volume-2/data/da4002_geom.txt,https://m-selig.ae.illinois.edu/props/volume-2/data/da4002_geom.txt,350,da9659b3eaa1198606b36189bf0a683d637df3eff302853f49f12250bc32dbcc,r/R   c/R     beta
volume-2/data/da4022_5x3.75_0644rb_4546.txt,https://m-selig.ae.illinois.edu/props/volume-2/data/da4022_5x3.75_0644rb_4546.txt,515,e57589b782509563001e3f98f5d0dffc32f283ecc68189125f95d0cca11712a3,J         CT        CP        eta
volume-2/data/da4022_5x3.75_0645rb_6041.txt,https://m-selig.ae.illinois.edu/props/volume-2/data/da4022_5x3.75_0645rb_6041.txt,715,f50fdd1286c21624b45a81d6550867b051facf054426ff5d44e26be3c2f552c3,J         CT        CP        eta
volume-2/data/da4022_5x3.75_0646rb_7559.txt,https://m-selig.ae.illinois.edu/props/volume-2/data/da4022_5x3.75_0646rb_7559.txt,795,7e58032b46eda2410963efbb6ff8d644cebdc360b1cb55972cfdf9c654d81fbd,J         CT        CP        eta
volume-2/data/da4022_5x3.75_0647rb_7575.txt,https://m-selig.ae.illinois.edu/props/volume-2/data/da4022_5x3.75_0647rb_7575.txt,275,150dca9fb8e71406289e905c690bf075a46af5408ca60622520bdf80b0dc885a,J         CT        CP        eta
volume-2/data/da4022_5x3.75_3b_0692md_4028.txt,https://m-selig.ae.illinois.edu/props/volume-2/data/da4022_5x3.75_3b_0692md_4028.txt,475,9292c33e3941eeb989e9542c292060be7c588196071edd7355f0c3febd138a8a,J         CT        CP        eta
volume-2/data/da4022_5x3.75_3b_0693md_5036.txt,https://m-selig.ae.illinois.edu/props/volume-2/data/da4022_5x3.75_3b_0693md_5036.txt,595,97c0bacad5a2a440de8856df8141099ab4a261b96b01284e1dd1889d7c328611,J         CT        CP        eta
volume-2/data/da4022_5x3.75_3b_0694md_6034.txt,https://m-selig.ae.illinois.edu/props/volume-2/data/da4022_5x3.75_3b_0694md_6034.txt,715,8e4dfac7b5f8bc3cca94f27245adc52c629b1266c848995d0707d2f37062d1e4,J         CT        CP        eta
volume-2/data/da4022_5x3.75_3b_static_0690md.txt,https://m-selig.ae.illinois.edu/props/volume-2/data/da4022_5x3.75_3b_static_0690md.txt,738,1962c98df5f4dc2042cabac72d6a1c41f2752e3c134f44e9e19f9ae55e95a464,RPM        CT        CP
volume-2/data/da4022_5x3.75_4b_0686rd_4025.txt,https://m-selig.ae.illinois.edu/props/volume-2/data/da4022_5x3.75_4b_0686rd_4025.txt,475,5ec81d8be6b0995deba76787fd91fdc7bb956ba4782b96f1b166bf0cd093e50a,J         CT        CP        eta
volume-2/data/da4022_5x3.75_4b_0687rd_5033.txt,https://m-selig.ae.illinois.edu/props/volume-2/data/da4022_5x3.75_4b_0687rd_5033.txt,595,b0747414a648683957760b9f9909bee148305f5b88be60ebbb105fa808280244,J         CT        CP        eta
volume-2/data/da4022_5x3.75_4b_0688rd_6046.txt,https://m-selig.ae.illinois.edu/props/volume-2/data/da4022_5x3.75_4b_0688rd_6046.txt,715,c1fc49974eb602e584e9afa9e21e14b5b6628d3b68de0f2ef23876c5c025ef9b,J         CT        CP        eta
volume-2/data/da4022_5x3.75_4b_static_0684rd.txt,https://m-selig.ae.illinois.edu/props/volume-2/data/da4022_5x3.75_4b_static_0684rd.txt,614,7b0c5ddcbfade08287d5101a192928fa83fb41941812344eb8a76026d72c5cce,RPM        CT        CP
volume-2/data/da4022_5x3.75_geom.txt,https://m-selig.ae.illinois.edu/props/volume-2/data/da4022_5x3.75_geom.txt,416,31cc64d22afff0fb1d58afa469cfeef1ac97bbf064417a68f38c12266a593153,r/R   c/R     beta
volume-2/data/da4022_5x3.75_static_0642rb.txt,https://m-selig.ae.illinois.edu/props/volume-2/data/da4022_5x3.75_static_0642rb.txt,397,5d95355e399e84430fada67ac49d794c3085c367e15c12546eecea3d41867e0e,RPM        CT        CP
volume-2/data/da4022_9x6.75_0769rd_2018.txt,https://m-selig.ae.illinois.edu/props/volume-2/data/da4022_9x6.75_0769rd_2018.txt,315,62ede0f14bda12c84f143ebb1f36128f2c62fbbb2c96624391a9c80e41b0c0eb,J         CT        CP        eta
volume-2/data/da4022_9x6.75_0770rd_3039.txt,https://m-selig.ae.illinois.edu/props/volume-2/data/da4022_9x6.75_0770rd_3039.txt,515,9a96d2a047d021dc08dbec3a3e4064c449f7fba3f5d92343ebfb206683be49bb,J         CT        CP        eta
volume-2/data/da4022_9x6.75_0771rd_4042.txt,https://m-selig.ae.illinois.edu/props/volume-2/data/da4022_9x6.75_0771rd_4042.txt,717,6d6a919d9ee6eaf69b36ab8933d9edd471591f30414023ead9627953e25b6072,RPM average =  4042
volume-2/data/da4022_9x6.75_0772rd_4055.txt,https://m-selig.ae.illinois.edu/props/volume-2/data/da4022_9x6.75_0772rd_4055.txt,235,9f4eb8a0da5bec554d833342c35eb72b5df463e8241a7c292274af4881870766,J         CT        CP        eta
volume-2/data/da4022_9x6.75_0773rd_5030.txt,https://m-selig.ae.illinois.edu/props/volume-2/data/da4022_9x6.75_0773rd_5030.txt,715,3c89c1bdeb929803f1b99b06711eb2456539caad0218c0522a483ee389fad857,J         CT        CP        eta
volume-2/data/da4022_9x6.75_0774rd_5068.txt,https://m-selig.ae.illinois.edu/props/volume-2/data/da4022_9x6.75_0774rd_5068.txt,435,f7c8d634e0a4813a842d78d57fd124a255844256e083f1b3211b14feb6e2a0ff,J         CT        CP        eta
volume-2/data/da4022_9x6.75_3b_0750ga_2003.txt,https://m-selig.ae.illinois.edu/props/volume-2/data/da4022_9x6.75_3b_0750ga_2003.txt,315,808d7ecb3677cde5ae0b1f22865cf3ada6278d1ec36a494dd655793de85f239e,J         CT        CP        eta
volume-2/data/da4022_9x6.75_3b_0752ga_3038.txt,https://m-selig.ae.illinois.edu/props/volume-2/data/da4022_9x6.75_3b_0752ga_3038.txt,515,4ab667492afc5b0823c8fb2a682cd1d71566b5c98c5c2681a20a38af15208aa4,J         CT        CP        eta
volume-2/data/da4022_9x6.75_3b_0753ga_4041.txt,https://m-selig.ae.illinois.edu/props/volume-2/data/da4022_9x6.75_3b_0753ga_4041.txt,715,f8665a55acd810e4d8f839c91f8084a6c383512237bb364b78f7a55d079cb88c,J         CT        CP        eta
volume-2/data/da4022_9x6.75_3b_0754ga_5037.txt,https://m-selig.ae.illinois.edu/props/volume-2/data/da4022_9x6.75_3b_0754ga_5037.txt,715,ffaedd7e0dce5fa82c618aac6904c78dd1c5a38fe9fc7ef502b55a3313b5323f,J         CT        CP        eta
volume-2/data/da4022_9x6.75_3b_0755ga_5062.txt,https://m-selig.ae.illinois.edu/props/volume-2/data/da4022_9x6.75_3b_0755ga_5062.txt,435,a6fec7eb80edf07311bcee7e6fc632eacec53deedcc99ce031659e442d9c3223,J         CT        CP        eta
volume-2/data/da4022_9x6.75_3b_static_0749md.txt,https://m-selig.ae.illinois.edu/props/volume-2/data/da4022_9x6.75_3b_static_0749md.txt,645,e56e234c688eefb0e03f5bbd6a0b8806376523fa644ef3dec67e8508ceddff7f,RPM        CT        CP
volume-2/data/da4022_9x6.75_4b_1087ga_2034.txt,https://m-selig.ae.illinois.edu/props/volume-2/data/da4022_9x6.75_4b_1087ga_2034.txt,315,b1e19b4c915830405b26127b5537ce9ddfe16cb9215a0d1a38a6cc7fdee80d42,J         CT        CP        eta
volume-2/data/da4022_9x6.75_4b_1088ga_3044.txt,https://m-selig.ae.illinois.edu/props/volume-2/data/da4022_9x6.75_4b_1088ga_3044.txt,555,6390112062a6a803d199510a95ab3eb5778b36557d8e7d755b167198dc430d06,J         CT        CP        eta
volume-2/data/da4022_9x6.75_4b_1089ga_4036.txt,https://m-selig.ae.illinois.edu/props/volume-2/data/da4022_9x6.75_4b_1089ga_4036.txt,715,f277beee76cdb10ae3a43eabad21b24fa52af21e6a5d41a5ac66d5fff5e910bd,J         CT        CP        eta
volume-2/data/da4022_9x6.75_4b_1090ga_4054.txt,https://m-selig.ae.illinois.edu/props/volume-2/data/da4022_9x6.75_4b_1090ga_4054.txt,235,5fd5adbd818121b543775743a44c06903ea613999d0a3103c0031c88041c6a7f,J         CT        CP        eta
volume-2/data/da4022_9x6.75_4b_static_1086ga.txt,https://m-selig.ae.illinois.edu/props/volume-2/data/da4022_9x6.75_4b_static_1086ga.txt,490,e0c92e850e3160455c3c13b2664e48d074841f9237fd5051853bb0f2d4e9b0c2,RPM        CT        CP
volume-2/data/da4022_9x6.75_geom.txt,https://m-selig.ae.illinois.edu/props/volume-2/data/da4022_9x6.75_geom.txt,416,068bc686f7c01ac9d21bf9190c1e3e041d0b825314ceee2dfb01149d9c6af1de,r/R   c/R     beta
volume-2/data/da4022_9x6.75_static_0767rd.txt,https://m-selig.ae.illinois.edu/props/volume-2/data/da4022_9x6.75_static_0767rd.txt,645,f604839dca1fdce1d35014e58e24bd0af3bc95bc14462354802b2c73d80d6f6e,RPM        CT        CP
volume-2/data/da4022_geom.txt,https://m-selig.ae.illinois.edu/props/volume-2/data/da4022_geom.txt,350,3c2f493ec8d3fa973535b2bb09dcbcd755cebd74f69a08d35a5803c085898dd3,r/R   c/R     beta
volume-2/data/da4052_5x1.58_1163rd_3950.txt,https://m-selig.ae.illinois.edu/props/volume-2/data/da4052_5x1.58_1163rd_3950.txt,155,2aafe3e45eafac13725519d48978431f6aec08d4de5df3ac83d64b382eabda75,J         CT        CP        eta
volume-2/data/da4052_5x1.58_1164rd_5001.txt,https://m-selig.ae.illinois.edu/props/volume-2/data/da4052_5x1.58_1164rd_5001.txt,235,a1cf89fdb19a38c17fa961f4cce20614615c837a7c29bb93de646454077550d5,J         CT        CP        eta
volume-2/data/da4052_5x1.58_1165rd_5983.txt,https://m-selig.ae.illinois.edu/props/volume-2/data/da4052_5x1.58_1165rd_5983.txt,275,4e76c89ef4ac382fa8fcd7bbf7516af2b2f4414001af7b3008a776c119fa5d68,J         CT        CP        eta
volume-2/data/da4052_5x1.58_1167rd_6970.txt,https://m-selig.ae.illinois.edu/props/volume-2/data/da4052_5x1.58_1167rd_6970.txt,315,aea9f475afebf55a2b79d2469229872a319b5ad902a48f7029be0fbfa656c410,J         CT        CP        eta
volume-2/data/da4052_5x1.58_static_1160rd.txt,https://m-selig.ae.illinois.edu/props/volume-2/data/da4052_5x1.58_static_1160rd.txt,707,de9c4d66f80868f37310e94f2b03c9ab4efae38ac7237f17299b383a3f5d2dea,RPM        CT        CP
volume-2/data/da4052_5x2.65_1144ga_3991.txt,https://m-selig.ae.illinois.edu/props/volume-2/data/da4052_5x2.65_1144ga_3991.txt,275,7aa9fa86be554820185e78c532fcfd3e3b48e12bc4db700a3b42ae155679c819,J         CT        CP        eta
volume-2/data/da4052_5x2.65_1145ga_4993.txt,https://m-selig.ae.illinois.edu/props/volume-2/data/da4052_5x2.65_1145ga_4993.txt,355,a3c76b345f9b5e96c036586f83bb3d5b0bab8deef6a3f1e8750de546a27e9e36,J         CT        CP        eta
volume-2/data/da4052_5x2.65_1146ga_6018.txt,https://m-selig.ae.illinois.edu/props/volume-2/data/da4052_5x2.65_1146ga_6018.txt,435,2d427cb75cf49b68796a279fde54f77db0bdc5394bc40ebebefdfa42d10f6d49,J         CT        CP        eta
volume-2/data/da4052_5x2.65_1147ga_7012.txt,https://m-selig.ae.illinois.edu/props/volume-2/data/da4052_5x2.65_1147ga_7012.txt,475,daab352c2682dad61722eeea62608987eef7d496800123a78ffa41f543882391,J         CT        CP        eta
volume-2/data/da4052_5x2.65_static_1142ga.txt,https://m-selig.ae.illinois.edu/props/volume-2/data/da4052_5x2.65_static_1142ga.txt,614,74581977021be111b100ef1d2de006d2e5517ee164a41e91b56341a79b608d5d,RPM        CT        CP
volume-2/data/da4052_5x3.75_1133ga_4025.txt,https://m-selig.ae.illinois.edu/props/volume-2/data/da4052_5x3.75_1133ga_4025.txt,395,9c708bf5d708979ee7b9d9bf7b46cb4243cd8eec863ac0c17241d64d5da75e37,J         CT        CP        eta
volume-2/data/da4052_5x3.75_1134ga_5026.txt,https://m-selig.ae.illinois.edu/props/volume-2/data/da4052_5x3.75_1134ga_5026.txt,475,7ae0c18c89fa4760a558f9fdb96f4d4b24b1ecfabc887df2c3ce70dc2265c63d,J         CT        CP        eta
volume-2/data/da4052_5x3.75_1135ga_6045.txt,https://m-selig.ae.illinois.edu/props/volume-2/data/da4052_5x3.75_1135ga_6045.txt,595,b57af246505ddac451e95e4dfd2d56465263265c5d20cf02f3c5f4d990bb3465,J         CT        CP        eta
volume-2/data/da4052_5x3.75_1136ga_7039.txt,https://m-selig.ae.illinois.edu/props/volume-2/data/da4052_5x3.75_1136ga_7039.txt,715,d68262b434349b770cb9fd5795ccd213fe25f73cd8cad5a48db86d183d50197d,J         CT        CP        eta
volume-2/data/da4052_5x3.75_3b_1206ga_4025.txt,https://m-selig.ae.illinois.edu/props/volume-2/data/da4052_5x3.75_3b_1206ga_4025.txt,355,1f205bbb8cee051c5244e2ce794537c17fb57ed0c3c16d3e8bbd38dd9a62ef9e,J         CT        CP        eta
volume-2/data/da4052_5x3.75_3b_1207ga_5030.txt,https://m-selig.ae.illinois.edu/props/volume-2/data/da4052_5x3.75_3b_1207ga_5030.txt,475,f275de281fe86926f83b33f73ed401b1de6403a3e6f27b1e7ac1c57746b16add,J         CT        CP        eta
volume-2/data/da4052_5x3.75_3b_1208ga_6054.txt,https://m-selig.ae.illinois.edu/props/volume-2/data/da4052_5x3.75_3b_1208ga_6054.txt,595,93ba0dbab0b3689cd63211b6513657501cd3973527dfacf1fccd0c1da2b5db5f,J         CT        CP        eta
volume-2/data/da4052_5x3.75_3b_1209ga_7044.txt,https://m-selig.ae.illinois.edu/props/volume-2/data/da4052_5x3.75_3b_1209ga_7044.txt,675,cef7e514d43c7430f7f444b6ac511f5ab5b08ea6ca1bb3783631f58ae5fcff35,J         CT        CP        eta
volume-2/data/da4052_5x3.75_3b_static_1204ga.txt,https://m-selig.ae.illinois.edu/props/volume-2/data/da4052_5x3.75_3b_static_1204ga.txt,459,53557569d24b3c3d0c40cb0afc244552bfaba85eca68e49c492cb414ad85e0ac,RPM        CT        CP
volume-2/data/da4052_5x3.75_4b_1216rd_4043.txt,https://m-selig.ae.illinois.edu/props/volume-2/data/da4052_5x3.75_4b_1216rd_4043.txt,355,eb7e85d10edced356a6c2471f79d5fd88f3a37eaab5a8008fffb6f0934734f07,J         CT        CP        eta
volume-2/data/da4052_5x3.75_4b_1218rd_6042.txt,https://m-selig.ae.illinois.edu/props/volume-2/data/da4052_5x3.75_4b_1218rd_6042.txt,595,5f5aa0346e3bc38b96deff5d300c349ff9824d11a77cb0121ea16e6c686252dd,J         CT        CP        eta
volume-2/data/da4052_5x3.75_4b_1219md_7050.txt,https://m-selig.ae.illinois.edu/props/volume-2/data/da4052_5x3.75_4b_1219md_7050.txt,675,7a78efeaa1e2fcf72b12d6b4a620cd17ff715f5cd666880892eca200f6804358,J         CT        CP        eta
volume-2/data/da4052_5x3.75_4b_1221md_5037.txt,https://m-selig.ae.illinois.edu/props/volume-2/data/da4052_5x3.75_4b_1221md_5037.txt,475,15b35d6e7ce37cd482309f47dcf18482bf672c6733a2978e29c9b2503a86f5b1,J         CT        CP        eta
volume-2/data/da4052_5x3.75_4b_static_1214rd.txt,https://m-selig.ae.illinois.edu/props/volume-2/data/da4052_5x3.75_4b_static_1214rd.txt,397,7796196a837edabe5b9ea3687173a52537ce19b2d1af41c5deb42d2f1a689026,RPM        CT        CP
volume-2/data/da4052_5x3.75_geom.txt,https://m-selig.ae.illinois.edu/props/volume-2/data/da4052_5x3.75_geom.txt,416,0d546a0d2cccec320ec989d2691580d1e38ce5c578624cc1b4de45cbbd4c8f50,r/R   c/R     beta
volume-2/data/da4052_5x3.75_static_1131ga.txt,https://m-selig.ae.illinois.edu/props/volume-2/data/da4052_5x3.75_static_1131ga.txt,459,cc43094b69a6d762d3d9202ce9ba635a07909e6a8fe2c48966d3859f073401c2,RPM        CT        CP
volume-2/data/da4052_5x4.92_1177md_4028.txt,https://m-selig.ae.illinois.edu/props/volume-2/data/da4052_5x4.92_1177md_4028.txt,475,3237e8f9841f04b79f4b347877edd3a8f0ee7e9648c671f120af0d3fa04c0fbd,J         CT        CP        eta
volume-2/data/da4052_5x4.92_1178md_5039.txt,https://m-selig.ae.illinois.edu/props/volume-2/data/da4052_5x4.92_1178md_5039.txt,595,f9e212e3b0b2a35349d380e9ce003eb30ba25ea177120cdfc9ff2473b62657c8,J         CT        CP        eta
volume-2/data/da4052_5x4.92_1181rd_6050.txt,https://m-selig.ae.illinois.edu/props/volume-2/data/da4052_5x4.92_1181rd_6050.txt,715,703bfedf8622f4ae485d8d80ac4999a2612386b5cd503cbd092d7d00d95f9086,J         CT        CP        eta
volume-2/data/da4052_5x4.92_1182rd_7042.txt,https://m-selig.ae.illinois.edu/props/volume-2/data/da4052_5x4.92_1182rd_7042.txt,715,6253786dc0b3d8011c1cfb58726d9a112248255310916804a3d7f20bf2a03a68,J         CT        CP        eta
volume-2/data/da4052_5x4.92_1183rd_7050.txt,https://m-selig.ae.illinois.edu/props/volume-2/data/da4052_5x4.92_1183rd_7050.txt,315,43c7a65b58c8a5f9b13fff6f1d8dcb7705d3b899eb80db3da60b029cb8c65b4b,J         CT        CP        eta
volume-2/data/da4052_5x4.92_static_1175md.txt,https://m-selig.ae.illinois.edu/props/volume-2/data/da4052_5x4.92_static_1175md.txt,459,88d91c1cc5e8f0daac9863ec7b3f4d64763a81d448962f22b550d89e99bec94b,RPM        CT        CP
volume-2/data/da4052_9x2.85_1056rd_1980.txt,https://m-selig.ae.illinois.edu/props/volume-2/data/da4052_9x2.85_1056rd_1980.txt,115,f7aee54f89b9319272cad828745893dcf661d40c278327fe57c8a332e64850a9,J         CT        CP        eta
volume-2/data/da4052_9x2.85_1057rd_3013.txt,https://m-selig.ae.illinois.edu/props/volume-2/data/da4052_9x2.85_1057rd_3013.txt,235,4196dd66c61716a561934b6ddc6ac76e6d775eb08cb7a06401fa88e696eace5e,J         CT        CP        eta
volume-2/data/da4052_9x2.85_1058rd_4029.txt,https://m-selig.ae.illinois.edu/props/volume-2/data/da4052_9x2.85_1058rd_4029.txt,315,19e9c2cebd17e35312d0e5c7c34db382766677ea3de092b69348d5af3f7e23b1,J         CT        CP        eta
volume-2/data/da4052_9x2.85_1059rd_5024.txt,https://m-selig.ae.illinois.edu/props/volume-2/data/da4052_9x2.85_1059rd_5024.txt,435,0d65b1f102d4a2c2a4ce5386189ee91e22847661f45ffe4bac5906e2bad45cd3,J         CT        CP        eta
volume-2/data/da4052_9x2.85_static_1055rd.txt,https://m-selig.ae.illinois.edu/props/volume-2/data/da4052_9x2.85_static_1055rd.txt,707,44070285ff39bee175c36e2e2a1903307c64273258ec1873ea72d71156b58587,RPM        CT        CP
volume-2/data/da4052_9x4.76_1061rd_2009.txt,https://m-selig.ae.illinois.edu/props/volume-2/data/da4052_9x4.76_1061rd_2009.txt,235,a26e4dedd01363986550ae15183a44ba870701b214c7b9b2496990a96f08424f,J         CT        CP        eta
volume-2/data/da4052_9x4.76_1062rd_3016.txt,https://m-selig.ae.illinois.edu/props/volume-2/data/da4052_9x4.76_1062rd_3016.txt,355,1a38a613ec7f1d0c323efadf8e99d6efa4bf0fc92842e608921129fd81009172,J         CT        CP        eta
volume-2/data/da4052_9x4.76_1063rd_4026.txt,https://m-selig.ae.illinois.edu/props/volume-2/data/da4052_9x4.76_1063rd_4026.txt,515,e73c1ba91347df8304b30194fc882b177335f654d7f40ccf340f9b132efb505b,J         CT        CP        eta
volume-2/data/da4052_9x4.76_1065rd_5034.txt,https://m-selig.ae.illinois.edu/props/volume-2/data/da4052_9x4.76_1065rd_5034.txt,635,026abe81e121ca95433c4b693564322fde43d3a264454004338fcd4764461d37,J         CT        CP        eta
volume-2/data/da4052_9x4.76_static_1060rd.txt,https://m-selig.ae.illinois.edu/props/volume-2/data/da4052_9x4.76_static_1060rd.txt,676,0c439356a78fe5b864b1b2f4525bb0293d9239d0fc98a2f26dbab7b281f913f5,RPM        CT        CP
volume-2/data/da4052_9x6.75_1035rd_5039.txt,https://m-selig.ae.illinois.edu/props/volume-2/data/da4052_9x6.75_1035rd_5039.txt,715,736d2cba13554a202078b985d0d99da0ad218b2d071149039bb3dae196d5e1c0,J         CT        CP        eta
volume-2/data/da4052_9x6.75_1037rd_5060.txt,https://m-selig.ae.illinois.edu/props/volume-2/data/da4052_9x6.75_1037rd_5060.txt,355,3158df20302eeda3fe5f7dc795d64c4ba26e73cc1ad6111e400a050b3cb41513,J         CT        CP        eta
volume-2/data/da4052_9x6.75_1038rd_4051.txt,https://m-selig.ae.illinois.edu/props/volume-2/data/da4052_9x6.75_1038rd_4051.txt,715,1a10de7b5889ba9ac90aa0d3ac49c1478abe8467dfface840a5aa755951259f7,J         CT        CP        eta
volume-2/data/da4052_9x6.75_1039rd_3031.txt,https://m-selig.ae.illinois.edu/props/volume-2/data/da4052_9x6.75_1039rd_3031.txt,515,785e976a6554af38ad1fabae6b1a59d232e02d12f2650d3ad29dd3ed9747ae6d,J         CT        CP        eta
volume-2/data/da4052_9x6.75_1040rd_2015.txt,https://m-selig.ae.illinois.edu/props/volume-2/data/da4052_9x6.75_1040rd_2015.txt,315,befabd82231066212877da37dc3d0d7ca849c13d37b186ab90176e87e2ed4e5d,J         CT        CP        eta
volume-2/data/da4052_9x6.75_3b_1081ga_2026.txt,https://m-selig.ae.illinois.edu/props/volume-2/data/da4052_9x6.75_3b_1081ga_2026.txt,315,cb07866ea29eca8dd05a691662e8dd05a9c70171734d9e3c32240c362fcbaed4,J         CT        CP        eta
volume-2/data/da4052_9x6.75_3b_1082ga_3027.txt,https://m-selig.ae.illinois.edu/props/volume-2/data/da4052_9x6.75_3b_1082ga_3027.txt,515,0738f03898b7494a89352d8c092cd4caaccc999f607226ec5b775944b669d8c1,J         CT        CP        eta
volume-2/data/da4052_9x6.75_3b_1083ga_4042.txt,https://m-selig.ae.illinois.edu/props/volume-2/data/da4052_9x6.75_3b_1083ga_4042.txt,715,e3a2e5f7bd879af45f345dc3227ad72d36e7ba4d8cb3f7c44872fa5077cd6878,J         CT        CP        eta
volume-2/data/da4052_9x6.75_3b_1084ga_5041.txt,https://m-selig.ae.illinois.edu/props/volume-2/data/da4052_9x6.75_3b_1084ga_5041.txt,715,86674cae189ae6ffb19a57279cd5d694edd963f0e01e8fcee1b93c778a54e71b,J         CT        CP        eta
volume-2/data/da4052_9x6.75_3b_1085ga_5052.txt,https://m-selig.ae.illinois.edu/props/volume-2/data/da4052_9x6.75_3b_1085ga_5052.txt,355,f354be6d3cf6a2802878ef12b35612db06ccac3706310be02da50da07f4f5950,J         CT        CP        eta
volume-2/data/da4052_9x6.75_3b_static_1080ga.txt,https://m-selig.ae.illinois.edu/props/volume-2/data/da4052_9x6.75_3b_static_1080ga.txt,583,0c4e62f9c07204a6cb57c6dffc1c9458c257e40b64af56af5b9f5045b211a030,RPM        CT        CP
volume-2/data/da4052_9x6.75_geom.txt,https://m-selig.ae.illinois.edu/props/volume-2/data/da4052_9x6.75_geom.txt,416,3e5ad6597090bbac67f312d878e2cc7913a254a54c50a258125efde0a29eec55,r/R   c/R     beta
volume-2/data/da4052_9x6.75_static_1041rd.txt,https://m-selig.ae.illinois.edu/props/volume-2/data/da4052_9x6.75_static_1041rd.txt,614,00a7191d2d6933a18c526c333c2378f7de213a92dd40983dc20686dfeb73140e,RPM        CT        CP
volume-2/data/da4052_9x8.95_1067ga_2025.txt,https://m-selig.ae.illinois.edu/props/volume-2/data/da4052_9x8.95_1067ga_2025.txt,435,c579847276db2ba09a9681e01c413fcb2830a00224f938faf20082560c1abdf0,J         CT        CP        eta
volume-2/data/da4052_9x8.95_1068ga_3031.txt,https://m-selig.ae.illinois.edu/props/volume-2/data/da4052_9x8.95_1068ga_3031.txt,675,06f6204d19e9c9f5d52076a3853c3024c54d8f630e033e5bf4c594c008b3dcae,J         CT        CP        eta
volume-2/data/da4052_9x8.95_1069ga_4052.txt,https://m-selig.ae.illinois.edu/props/volume-2/data/da4052_9x8.95_1069ga_4052.txt,715,4576bd4160c39937260d9f2a7c7acde11861d6aea5a1b27237a5d47cd1f1ec56,J         CT        CP        eta
volume-2/data/da4052_9x8.95_1070ga_4053.txt,https://m-selig.ae.illinois.edu/props/volume-2/data/da4052_9x8.95_1070ga_4053.txt,395,f815045756dabd25c46c1ecd58ce7769d247e62c5ed41c363f93948d04cb3c79,J         CT        CP        eta
volume-2/data/da4052_9x8.95_1071ga_5049.txt,https://m-selig.ae.illinois.edu/props/volume-2/data/da4052_9x8.95_1071ga_5049.txt,715,1c9cd7700939ef3a98019fc780371c1bc8e0a4b3debf437b9fda67c351903f86,J         CT        CP        eta
volume-2/data/da4052_9x8.95_1072ga_5067.txt,https://m-selig.ae.illinois.edu/props/volume-2/data/da4052_9x8.95_1072ga_5067.txt,635,1c5d40c4a9f0ebf75130fcd9dd108c1f46e307fd76af140fa77dc378ed132852,J         CT        CP        eta
volume-2/data/da4052_9x8.95_static_1066ga.txt,https://m-selig.ae.illinois.edu/props/volume-2/data/da4052_9x8.95_static_1066ga.txt,552,aff45dce016037964a2e1dde4121ba39beb1b4d332f7b061c813282b466c8f0b,RPM        CT        CP
volume-2/data/da4052_geom.txt,https://m-selig.ae.illinois.edu/props/volume-2/data/da4052_geom.txt,350,9adc670488f82f9f596fe43d3f35965620e1828aaabde70eb94569ac0dbaf2ca,r/R   c/R     beta
volume-2/data/ef_130x70_0351rd_3028.txt,https://m-selig.ae.illinois.edu/props/volume-2/data/ef_130x70_0351rd_3028.txt,315,f33e43c768d088af3edd7a378a0483956e3adf5e8ce8a79320b5943f5bad88f7,J         CT        CP        eta
volume-2/data/ef_130x70_0353rd_5059.txt,https://m-selig.ae.illinois.edu/props/volume-2/data/ef_130x70_0353rd_5059.txt,515,c5c0cb01c8b87d665233e7aca498b99d348109e18bc112ef96e09a1fcd8f892d,J         CT        CP        eta
volume-2/data/ef_130x70_0355rd_7051.txt,https://m-selig.ae.illinois.edu/props/volume-2/data/ef_130x70_0355rd_7051.txt,675,debd06b448b3ad56f299398a6a28ead3f9fec8de368dbc2cbe616046262068bb,J         CT        CP        eta
volume-2/data/ef_130x70_0357rd_9043.txt,https://m-selig.ae.illinois.edu/props/volume-2/data/ef_130x70_0357rd_9043.txt,795,fef9b85f3614087220aca373713cc0b4faa70cdcc4c9ebbbb96c6c20230aa239,J         CT        CP        eta
volume-2/data/ef_130x70_0358rd_9063.txt,https://m-selig.ae.illinois.edu/props/volume-2/data/ef_130x70_0358rd_9063.txt,275,e0ac8bb607e76de2876b525ed5785bd5fe96737fee824f081eba198cc3231ab8,J         CT        CP        eta
volume-2/data/ef_130x70_geom.txt,https://m-selig.ae.illinois.edu/props/volume-2/data/ef_130x70_geom.txt,416,34b2419cbce84ebca7b5aa45d2aa713900cf7ce11e3b43f013ef16f6801e2264,r/R   c/R     beta
volume-2/data/ef_130x70_static_0350rd.txt,https://m-selig.ae.illinois.edu/props/volume-2/data/ef_130x70_static_0350rd.txt,552,a0d133e0c7fbfc3ba6bda0335b1cf7511cc7923c3de9d20d4b495642da6e8ca6,RPM        CT        CP
volume-2/data/gwsdd_2.5x0.8_0503rd_15030.txt,https://m-selig.ae.illinois.edu/props/volume-2/data/gwsdd_2.5x0.8_0503rd_15030.txt,595,856147593b897d1d4c61cd98e3db8e6f5f200769f1126bad1ffa040302195658,J         CT        CP        eta
volume-2/data/gwsdd_2.5x0.8_0504rd_20016.txt,https://m-selig.ae.illinois.edu/props/volume-2/data/gwsdd_2.5x0.8_0504rd_20016.txt,795,36eaa6dc0ba6ff3e9af17c60e483485efc0119278bc925c284abc1495a0c1c8d,J         CT        CP        eta
volume-2/data/gwsdd_2.5x0.8_0505rd_25063.txt,https://m-selig.ae.illinois.edu/props/volume-2/data/gwsdd_2.5x0.8_0505rd_25063.txt,795,b60bbae8256eba0c7761c67922a2eaa8c44c843433239e0cbf717d34fe60abd0,J         CT        CP        eta
volume-2/data/gwsdd_2.5x0.8_0506rd_25050.txt,https://m-selig.ae.illinois.edu/props/volume-2/data/gwsdd_2.5x0.8_0506rd_25050.txt,395,b68282d530ff0458565a5d944165255a340160c8246446f83b01ea3024dcb333,J         CT        CP        eta
volume-2/data/gwsdd_2.5x0.8_geom.txt,https://m-selig.ae.illinois.edu/props/volume-2/data/gwsdd_2.5x0.8_geom.txt,416,477ae8860483034b8ae2178e44d72ae41166a8480037be5e99c61616825564c8,r/R   c/R     beta
volume-2/data/gwsdd_2.5x0.8_spec2_0468rd_15047.txt,https://m-selig.ae.illinois.edu/props/volume-2/data/gwsdd_2.5x0.8_spec2_0468rd_15047.txt,515,8c41cfeeb04d2b5345efbfbba991c9e6d903c516faa339e4c3808604470026b9,J         CT        CP        eta
volume-2/data/gwsdd_2.5x0.8_spec2_0469rd_20040.txt,https://m-selig.ae.illinois.edu/props/volume-2/data/gwsdd_2.5x0.8_spec2_0469rd_20040.txt,675,c3bcf059e77dc5f995dd358ce3beae82f229bf90e5667f1d077757c5027c5346,J         CT        CP        eta
volume-2/data/gwsdd_2.5x0.8_spec2_0470rd_25065.txt,https://m-selig.ae.illinois.edu/props/volume-2/data/gwsdd_2.5x0.8_spec2_0470rd_25065.txt,795,3847ddab04841db14a224954fb8320a192ecbf9131bb46876e388545929b5144,J         CT        CP        eta
volume-2/data/gwsdd_2.5x0.8_spec2_geom.txt,https://m-selig.ae.illinois.edu/props/volume-2/data/gwsdd_2.5x0.8_spec2_geom.txt,416,32569a49983ebf87aaeb87294436c576f80af22bd5f1340e295fe25b04d76532,r/R   c/R     beta
volume-2/data/gwsdd_2.5x0.8_spec2_static_0465rd.txt,https://m-selig.ae.illinois.edu/props/volume-2/data/gwsdd_2.5x0.8_spec2_static_0465rd.txt,800,5494a73e7e9ef5a0503a0f3535475d461bfe6ca10a9fe85e5f2ff9731d885b47,RPM        CT        CP
volume-2/data/gwsdd_2.5x0.8_spec3_0475rd_15023.txt,https://m-selig.ae.illinois.edu/props/volume-2/data/gwsdd_2.5x0.8_spec3_0475rd_15023.txt,595,fd7319131493a8188c8ef08914244c4007118d5d1bae4b1df4d9e2c09891e39c,J         CT        CP        eta
volume-2/data/gwsdd_2.5x0.8_spec3_0476rd_20031.txt,https://m-selig.ae.illinois.edu/props/volume-2/data/gwsdd_2.5x0.8_spec3_0476rd_20031.txt,795,ac0984879c9f4dd244a1cbc130a989fcc86d61e891b26158937350adc1ba1e81,J         CT        CP        eta
volume-2/data/gwsdd_2.5x0.8_spec3_0477rd_25063.txt,https://m-selig.ae.illinois.edu/props/volume-2/data/gwsdd_2.5x0.8_spec3_0477rd_25063.txt,795,9587a7fd389507c87ebd81d02ad2f4931b10cb77c22c80f8caccc5407464381d,J         CT        CP        eta
volume-2/data/gwsdd_2.5x0.8_spec3_0478rd_25049.txt,https://m-selig.ae.illinois.edu/props/volume-2/data/gwsdd_2.5x0.8_spec3_0478rd_25049.txt,395,84f0d7eb2bbe3848d57d9e19d910ccbcccc18cde4d01bf3c86a931eb36b75bc0,J         CT        CP        eta
volume-2/data/gwsdd_2.5x0.8_spec3_geom.txt,https://m-selig.ae.illinois.edu/props/volume-2/data/gwsdd_2.5x0.8_spec3_geom.txt,397,e7b1d438f0da46c2c0a1650bd2144ec4e67aac979ec591e52e3a9860e1b87d29,r/R   c/R     beta
volume-2/data/gwsdd_2.5x0.8_spec3_static_0472rd.txt,https://m-selig.ae.illinois.edu/props/volume-2/data/gwsdd_2.5x0.8_spec3_static_0472rd.txt,800,1fb65ba430d97fc75c16bbe0c9a195941b73bb98be3ee91e2e7f2ad98192d581,RPM        CT        CP
volume-2/data/gwsdd_2.5x0.8_static_0500rd.txt,https://m-selig.ae.illinois.edu/props/volume-2/data/gwsdd_2.5x0.8_static_0500rd.txt,769,e9da09f8bf80445334e879c501d9699005dba2f1780c51618f2c9dbf89cbb9be,RPM        CT        CP
volume-2/data/gwsdd_2.5x1_0459rd_15026.txt,https://m-selig.ae.illinois.edu/props/volume-2/data/gwsdd_2.5x1_0459rd_15026.txt,595,c96b13099b6862119abb7c0557b6b11a3789bc95593a6c23abe961ee2dc1c5ec,J         CT        CP        eta
volume-2/data/gwsdd_2.5x1_0460rd_20022.txt,https://m-selig.ae.illinois.edu/props/volume-2/data/gwsdd_2.5x1_0460rd_20022.txt,795,23870892b8799179b8157addd3da9baed7fd70a179fbe495dc3701d0fabdc38b,J         CT        CP        eta
volume-2/data/gwsdd_2.5x1_0461rd_25060.txt,https://m-selig.ae.illinois.edu/props/volume-2/data/gwsdd_2.5x1_0461rd_25060.txt,795,7467a8be02f3bdfab8bca1a7eaaec1bf23409e7f817b208f728e215ecd9dfa5a,J         CT        CP        eta
volume-2/data/gwsdd_2.5x1_0462rd_25046.txt,https://m-selig.ae.illinois.edu/props/volume-2/data/gwsdd_2.5x1_0462rd_25046.txt,395,33cf10e4b2e5defa655418d45808a2ae8c34904d766fefa32ff0989ae4e65b1b,J         CT        CP        eta
volume-2/data/gwsdd_2.5x1_geom.txt,https://m-selig.ae.illinois.edu/props/volume-2/data/gwsdd_2.5x1_geom.txt,416,5caa76f7fbc0d848d8898bf434780d5b1217934867b579f2e40d90a9cbda9a4d,r/R   c/R     beta
volume-2/data/gwsdd_2.5x1_static_0456rd.txt,https://m-selig.ae.illinois.edu/props/volume-2/data/gwsdd_2.5x1_static_0456rd.txt,800,14cab69ccc14917710a321582e36ef33e8fbdea4e7a4731176d822ddea146af0,RPM        CT        CP
volume-2/data/gwsdd_3x2_0394rd_9992.txt,https://m-selig.ae.illinois.edu/props/volume-2/data/gwsdd_3x2_0394rd_9992.txt,715,2facb75817d1697ad019d643876abea8a6ee954f7b08d17fc7f12caa95905a74,J         CT        CP        eta
volume-2/data/gwsdd_3x2_0397rd_19047.txt,https://m-selig.ae.illinois.edu/props/volume-2/data/gwsdd_3x2_0397rd_19047.txt,795,908cbdbe3bab0c9916e0aafe49118a5c0c4d44c83375cc05140839ad4858156e,J         CT        CP        eta
volume-2/data/gwsdd_3x2_0398rd_19073.txt,https://m-selig.ae.illinois.edu/props/volume-2/data/gwsdd_3x2_0398rd_19073.txt,755,b28c2528ac317890be6163e4a8ad892d35cd164cf169562a7170cc1a733c805e,J         CT        CP        eta
volume-2/data/gwsdd_3x2_geom.txt,https://m-selig.ae.illinois.edu/props/volume-2/data/gwsdd_3x2_geom.txt,416,1b2b63de7c9d43da842d86143d1ef8a158ac84297e7a25f6cac125ba89755e69,r/R   c/R     beta
volume-2/data/gwsdd_3x2_static_0392rd.txt,https://m-selig.ae.illinois.edu/props/volume-2/data/gwsdd_3x2_static_0392rd.txt,521,65da5e21b3a0622e63b61e02b04e48ec0b632e76ed079a1b201ef47566e74ee0,RPM        CT        CP
volume-2/data/gwsdd_3x3_0404rd_9039.txt,https://m-selig.ae.illinois.edu/props/volume-2/data/gwsdd_3x3_0404rd_9039.txt,795,39afffac72ac2c476f12852f767bbaced7440f31043d618b541745fe87740c8d,J         CT        CP        eta
volume-2/data/gwsdd_3x3_0405rd_12061.txt,https://m-selig.ae.illinois.edu/props/volume-2/data/gwsdd_3x3_0405rd_12061.txt,795,02ada108b8cb2b73a567a2b2a522cc2dc82fc0a927856666b5e6bcbf6ca72e82,J         CT        CP        eta
volume-2/data/gwsdd_3x3_0406rd_12055.txt,https://m-selig.ae.illinois.edu/props/volume-2/data/gwsdd_3x3_0406rd_12055.txt,555,75b7d0109547d3667f48e28e66b0deb7f1a573b88eb5ba24537310b216a6e5db,J         CT        CP        eta
volume-2/data/gwsdd_3x3_0407rd_15063.txt,https://m-selig.ae.illinois.edu/props/volume-2/data/gwsdd_3x3_0407rd_15063.txt,795,359fbfa46aeebe16f53bb5c2b90d0d2086c4988ea45b5951d4f077e10d80daff,J         CT        CP        eta
volume-2/data/gwsdd_3x3_0408rd_15060.txt,https://m-selig.ae.illinois.edu/props/volume-2/data/gwsdd_3x3_0408rd_15060.txt,835,dee17410cea27246c4c85710c4329e565de5a531bfdbb9b81db12f075b6a30f8,J         CT        CP        eta
volume-2/data/gwsdd_3x3_geom.txt,https://m-selig.ae.illinois.edu/props/volume-2/data/gwsdd_3x3_geom.txt,416,f6197b7bbe15240880c2ff01d26ecbfe4d9d26e0256b02100e3e3a35b6f8248c,r/R   c/R     beta
volume-2/data/gwsdd_3x3_static_0401rd.txt,https://m-selig.ae.illinois.edu/props/volume-2/data/gwsdd_3x3_static_0401rd.txt,428,a1f6fd348120684df9cd2e5cf726e4c41ab2c74324b372187aa1d5891e813704,RPM        CT        CP
volume-2/data/gwsdd_4.5x3_0342rd_3020.txt,https://m-selig.ae.illinois.edu/props/volume-2/data/gwsdd_4.5x3_0342rd_3020.txt,275,afee07f20fdc5871bd0eb5973beac1a14a810c101c5210f4d28c7c36bf5aa6de,J         CT        CP        eta
volume-2/data/gwsdd_4.5x3_0343rd_5037.txt,https://m-selig.ae.illinois.edu/props/volume-2/data/gwsdd_4.5x3_0343rd_5037.txt,435,ca61aa52c895f43ae8d102f43a64c1a5937a4983dfd2a93d49e84601246941fc,J         CT        CP        eta
volume-2/data/gwsdd_4.5x3_0344rd_7052.txt,https://m-selig.ae.illinois.edu/props/volume-2/data/gwsdd_4.5x3_0344rd_7052.txt,635,26aec1f40af3f5485409d0765c83f53312eda9ade2de9f8f0183b141927e77c5,J         CT        CP        eta
volume-2/data/gwsdd_4.5x3_0345rd_9057.txt,https://m-selig.ae.illinois.edu/props/volume-2/data/gwsdd_4.5x3_0345rd_9057.txt,795,bf3213265703dc992f24e6e2ebc1771fb6e998d9b157d701c5542047f0495d74,J         CT        CP        eta
volume-2/data/gwsdd_4.5x3_0346rd_11056.txt,https://m-selig.ae.illinois.edu/props/volume-2/data/gwsdd_4.5x3_0346rd_11056.txt,795,a2f05460cf42532662fd7ed32fa8f994350ce5be9b9ab9c7b363158524eef115,J         CT        CP        eta
volume-2/data/gwsdd_4.5x3_0347rd_11053.txt,https://m-selig.ae.illinois.edu/props/volume-2/data/gwsdd_4.5x3_0347rd_11053.txt,395,ab95241e94006406dbc3eb8d54be69e67c0ff87be514c7ee0c438ce1282aa74b,J         CT        CP        eta
volume-2/data/gwsdd_4.5x3_geom.txt,https://m-selig.ae.illinois.edu/props/volume-2/data/gwsdd_4.5x3_geom.txt,416,14d668b8d2c73be57b88d447451d41b75dc9fff28edaf46944ddc6771fbbfd94,r/R   c/R     beta
volume-2/data/gwsdd_4.5x3_static_0341rd.txt,https://m-selig.ae.illinois.edu/props/volume-2/data/gwsdd_4.5x3_static_0341rd.txt,645,4071f72d69c7873bd89c6e0c733c9a748d1f1ed6962bb398bcdd517b297ab11f,RPM        CT        CP
volume-2/data/gwsdd_4.5x4_0333rd_3049.txt,https://m-selig.ae.illinois.edu/props/volume-2/data/gwsdd_4.5x4_0333rd_3049.txt,355,c8aa5e52bf1fe46ce3fe6bc89bc0f8dc4eb56e6c5fef6f2bcc34f52e691b4050,J         CT        CP        eta
volume-2/data/gwsdd_4.5x4_0335rd_5047.txt,https://m-selig.ae.illinois.edu/props/volume-2/data/gwsdd_4.5x4_0335rd_5047.txt,595,8b6a81e12336356f01c72fc996da74fca61b833d6a62d2c43b2be9d85e30c7d4,J         CT        CP        eta
volume-2/data/gwsdd_4.5x4_0336rd_7048.txt,https://m-selig.ae.illinois.edu/props/volume-2/data/gwsdd_4.5x4_0336rd_7048.txt,795,1a43dc6d98d91b601b25fbec9d310de3da2bd3b81c458245aac85d1b074c4127,J         CT        CP        eta
volume-2/data/gwsdd_4.5x4_0337rd_9032.txt,https://m-selig.ae.illinois.edu/props/volume-2/data/gwsdd_4.5x4_0337rd_9032.txt,795,1f6670935944f91c3653ff3221f02b7079deb05e8fd2013bb5e1b65a5fa28a71,J         CT        CP        eta
volume-2/data/gwsdd_4.5x4_0338rd_9056.txt,https://m-selig.ae.illinois.edu/props/volume-2/data/gwsdd_4.5x4_0338rd_9056.txt,475,7883b4c279347e6d35f3fb0809a14864bc993f258adea04273390b6de58cd7b7,J         CT        CP        eta
volume-2/data/gwsdd_4.5x4_geom.txt,https://m-selig.ae.illinois.edu/props/volume-2/data/gwsdd_4.5x4_geom.txt,416,1323c06edbc3533a2f2cc3cfbeebee449ac793bbe4762843f7ece87baea9d873,r/R   c/R     beta
volume-2/data/gwsdd_4.5x4_static_0332rd.txt,https://m-selig.ae.illinois.edu/props/volume-2/data/gwsdd_4.5x4_static_0332rd.txt,552,b897c5f9af426726f930b1195b63cedd4e5a0a3e86e79c34bda43044d99a302a,RPM        CT        CP
volume-2/data/gwsdd_4x2.5_0376rd_6024.txt,https://m-selig.ae.illinois.edu/props/volume-2/data/gwsdd_4x2.5_0376rd_6024.txt,475,2fd05361afaa916a64043b887663b748c0544ba68f4d0c5bbc17b1d322e64cc3,J         CT        CP        eta
volume-2/data/gwsdd_4x2.5_0377rd_10061.txt,https://m-selig.ae.illinois.edu/props/volume-2/data/gwsdd_4x2.5_0377rd_10061.txt,795,1f33e99b8a50e6de47220fd1b523bb6363a9e2845273b42143ea5ef092a36f44,J         CT        CP        eta
volume-2/data/gwsdd_4x2.5_0378rd_14059.txt,https://m-selig.ae.illinois.edu/props/volume-2/data/gwsdd_4x2.5_0378rd_14059.txt,795,37c39a2706ac5d7077ea83ba78bb2e4a4bc2d9c8e6319729bb91f3b3ec8ea435,J         CT        CP        eta
volume-2/data/gwsdd_4x2.5_0379rd_14071.txt,https://m-selig.ae.illinois.edu/props/volume-2/data/gwsdd_4x2.5_0379rd_14071.txt,475,f7354b076729133f80803e8ff77bbaa29246424c80e0d3ab3f6fb82dec25d259,J         CT        CP        eta
volume-2/data/gwsdd_4x2.5_geom.txt,https://m-selig.ae.illinois.edu/props/volume-2/data/gwsdd_4x2.5_geom.txt,416,3989b820d778c34dd2d79970c7493e6fe26bfd1827a77be74ab2b016fdd6b602,r/R   c/R     beta
volume-2/data/gwsdd_4x2.5_static_0374rd.txt,https://m-selig.ae.illinois.edu/props/volume-2/data/gwsdd_4x2.5_static_0374rd.txt,428,9b64d4d567a03d926f1bb0d349e28f07d8202011258e0ea031f1f9ecc5f8cd00,RPM        CT        CP
volume-2/data/gwsdd_4x4_0438rd_4035.txt,https://m-selig.ae.illinois.edu/props/volume-2/data/gwsdd_4x4_0438rd_4035.txt,475,d537ed694abbbc3646445da96c5e08980695bad15b4feb39b890742b0aee4463,J         CT        CP        eta
volume-2/data/gwsdd_4x4_0439rd_6050.txt,https://m-selig.ae.illinois.edu/props/volume-2/data/gwsdd_4x4_0439rd_6050.txt,715,871d0d84113b13b87992ae4e4f43ed8d195ea5d998f335b3311d43ecc4d97adb,J         CT        CP        eta
volume-2/data/gwsdd_4x4_0440rd_8045.txt,https://m-selig.ae.illinois.edu/props/volume-2/data/gwsdd_4x4_0440rd_8045.txt,795,3ea86258a78b63b4372bb1d4db10204ea7896d982089aab02e72758d46e3c2d7,J         CT        CP        eta
volume-2/data/gwsdd_4x4_0442rd_10060.txt,https://m-selig.ae.illinois.edu/props/volume-2/data/gwsdd_4x4_0442rd_10060.txt,795,3f548eb7ad12b4cb3eadbfd6f76ccf404ce546222efffa1d88f9a95beaa60c5e,J         CT        CP        eta
volume-2/data/gwsdd_4x4_0443rd_10068.txt,https://m-selig.ae.illinois.edu/props/volume-2/data/gwsdd_4x4_0443rd_10068.txt,555,af642fdd9f02505e9d6807a1b5db48d699927e6b33fde461aa01fff0e4456b97,J         CT        CP        eta
volume-2/data/gwsdd_4x4_geom.txt,https://m-selig.ae.illinois.edu/props/volume-2/data/gwsdd_4x4_geom.txt,416,06a15ca6a35e05186548c3c536ddc1d1d344643c25770388cf80c9cc7e96086f,r/R   c/R     beta
volume-2/data/gwsdd_4x4_static_0437rd.txt,https://m-selig.ae.illinois.edu/props/volume-2/data/gwsdd_4x4_static_0437rd.txt,583,acbc56d01b9540f9a44642aea5cd4f8b08fe1e3d638944d93b39d50bc391cabf,RPM        CT        CP
volume-2/data/gwsdd_5x3_0326rd_5039.txt,https://m-selig.ae.illinois.edu/props/volume-2/data/gwsdd_5x3_0326rd_5039.txt,475,13ed6647e866c83b6d95c64df71065bbadd82299c8c6db553347ee85244ca09d,J         CT        CP        eta
volume-2/data/gwsdd_5x3_0328rd_7058.txt,https://m-selig.ae.illinois.edu/props/volume-2/data/gwsdd_5x3_0328rd_7058.txt,675,2f54ac6287b529201ec456a2cfee8a581fee64ccb9b6869617da030bb4da9530,J         CT        CP        eta
volume-2/data/gwsdd_5x3_0330rd_9047.txt,https://m-selig.ae.illinois.edu/props/volume-2/data/gwsdd_5x3_0330rd_9047.txt,795,7dd309b0eceeba9706cb4e1ca84b1fa3e93377a278c7d0c5763e54618801ad7a,J         CT        CP        eta
volume-2/data/gwsdd_5x3_geom.txt,https://m-selig.ae.illinois.edu/props/volume-2/data/gwsdd_5x3_geom.txt,416,90b5355e3ea3849458a6ba1b447ad2d34b072d196621573d70688509e999709c,r/R   c/R     beta
volume-2/data/gwsdd_5x3_static_0323rd.txt,https://m-selig.ae.illinois.edu/props/volume-2/data/gwsdd_5x3_static_0323rd.txt,552,642a8abe031af0228fce1db53047f7e39014a41f2ecc145dad32d85cf6befc5d,RPM        CT        CP
volume-2/data/gwsdd_5x4.3_0511rd_4048.txt,https://m-selig.ae.illinois.edu/props/volume-2/data/gwsdd_5x4.3_0511rd_4048.txt,515,b8674ad0338d3418e25ef698fdea40ef8a9d60707ac0efaee48ac61bbf093f90,J         CT        CP        eta
volume-2/data/gwsdd_5x4.3_0512rd_6047.txt,https://m-selig.ae.illinois.edu/props/volume-2/data/gwsdd_5x4.3_0512rd_6047.txt,715,11637e41bf4bb9bc372eeec37ae4789d37299388d7e5a24b648d4be398105d65,J         CT        CP        eta
volume-2/data/gwsdd_5x4.3_0513rd_8044.txt,https://m-selig.ae.illinois.edu/props/volume-2/data/gwsdd_5x4.3_0513rd_8044.txt,795,7c045f2bcd0edfc6c11f07b8116c359fd8109269e8fd6e4c71924bb2e677e35d,J         CT        CP        eta
volume-2/data/gwsdd_5x4.3_0514rd_8078.txt,https://m-selig.ae.illinois.edu/props/volume-2/data/gwsdd_5x4.3_0514rd_8078.txt,355,c257744f49d7da2c3f7b760503a5a01a245439768da64f817b5d75714241f78b,J         CT        CP        eta
volume-2/data/gwsdd_5x4.3_geom.txt,https://m-selig.ae.illinois.edu/props/volume-2/data/gwsdd_5x4.3_geom.txt,416,68ba9f86c45abd2f00748c46d88ba4cb2258c14a693958748bc898aea0a0e9f6,r/R   c/R     beta
volume-2/data/gwsdd_5x4.3_spec2_0422rd_4049.txt,https://m-selig.ae.illinois.edu/props/volume-2/data/gwsdd_5x4.3_spec2_0422rd_4049.txt,555,61845c5fb741e7023683e96f0cff41fca976091a127f9b409e384e1416b666fd,J         CT        CP        eta
volume-2/data/gwsdd_5x4.3_spec2_0423rd_6058.txt,https://m-selig.ae.illinois.edu/props/volume-2/data/gwsdd_5x4.3_spec2_0423rd_6058.txt,795,cd8fdbacc971ddaec13457b74ef3fcc165f081f7411231d771cfe93b28b20902,J         CT        CP        eta
volume-2/data/gwsdd_5x4.3_spec2_0424rd_7067.txt,https://m-selig.ae.illinois.edu/props/volume-2/data/gwsdd_5x4.3_spec2_0424rd_7067.txt,795,4688b47eec05391a74310688ecdfc2203fffa776f519d3dbed1abb1b8cbac3f4,J         CT        CP        eta
volume-2/data/gwsdd_5x4.3_spec2_0425rd_7065.txt,https://m-selig.ae.illinois.edu/props/volume-2/data/gwsdd_5x4.3_spec2_0425rd_7065.txt,315,f908a522813cbd7ae84cdce098cae6b92c79593016e2d30734c8cd860f610d01,J         CT        CP        eta
volume-2/data/gwsdd_5x4.3_spec2_geom.txt,https://m-selig.ae.illinois.edu/props/volume-2/data/gwsdd_5x4.3_spec2_geom.txt,416,b1ee148c56aeb9e2f6156180283719d601e312a34027cd8af475e8ddec30faf2,r/R   c/R     beta
volume-2/data/gwsdd_5x4.3_spec2_static_0420rd.txt,https://m-selig.ae.illinois.edu/props/volume-2/data/gwsdd_5x4.3_spec2_static_0420rd.txt,397,f6578002981c85c6995c499245869d7b99c55d99fc8567d6fc5b991b9aad320f,RPM        CT        CP
volume-2/data/gwsdd_5x4.3_spec3_0430rd_4046.txt,https://m-selig.ae.illinois.edu/props/volume-2/data/gwsdd_5x4.3_spec3_0430rd_4046.txt,475,ec991b1e616df7433a936c7ce95a82adda3656bd2bfe550fdaaed9df1eebce97,J         CT        CP        eta
volume-2/data/gwsdd_5x4.3_spec3_0431rd_6043.txt,https://m-selig.ae.illinois.edu/props/volume-2/data/gwsdd_5x4.3_spec3_0431rd_6043.txt,715,0490fa73a4596001111289ac0e1fc92c56ad82d18149c5e2caffd64619625473,J         CT        CP        eta
volume-2/data/gwsdd_5x4.3_spec3_0432rd_8047.txt,https://m-selig.ae.illinois.edu/props/volume-2/data/gwsdd_5x4.3_spec3_0432rd_8047.txt,795,3e1223e99494fe11e517bf2a4b478a864e67a4b269b11689f2ac12e277220329,J         CT        CP        eta
volume-2/data/gwsdd_5x4.3_spec3_0433rd_8057.txt,https://m-selig.ae.illinois.edu/props/volume-2/data/gwsdd_5x4.3_spec3_0433rd_8057.txt,315,bfe1ef377e651af4d731b6b7591d6d75f451be1a265f3acc51ecaf6b93540ed8,J         CT        CP        eta
volume-2/data/gwsdd_5x4.3_spec3_geom.txt,https://m-selig.ae.illinois.edu/props/volume-2/data/gwsdd_5x4.3_spec3_geom.txt,416,3409d61db309c89c909f7036e6af22138e7c6057fdcd302ab446813f60adc8e5,r/R   c/R     beta
volume-2/data/gwsdd_5x4.3_spec3_static_0428rd.txt,https://m-selig.ae.illinois.edu/props/volume-2/data/gwsdd_5x4.3_spec3_static_0428rd.txt,459,0b9999da742cb379f03a00d24611f3cc1210fe0c20bd0897f63d4c11165089da,RPM        CT        CP
volume-2/data/gwsdd_5x4.3_static_0493rd.txt,https://m-selig.ae.illinois.edu/props/volume-2/data/gwsdd_5x4.3_static_0493rd.txt,459,6d6c5933bd1498cb808a76964d148f75ada9bd27b44291fa82b26c90fc6b1c2d,RPM        CT        CP
volume-2/data/gwsdd_9x5_0798rd_3012.txt,https://m-selig.ae.illinois.edu/props/volume-2/data/gwsdd_9x5_0798rd_3012.txt,395,84f6a4d9a7541610df0689a9e39b4249b4277111577fd5182530508c6c462572,J         CT        CP        eta
volume-2/data/gwsdd_9x5_0799rd_4023.txt,https://m-selig.ae.illinois.edu/props/volume-2/data/gwsdd_9x5_0799rd_4023.txt,555,0e6f622311a48e08c27724a0ae68188e1fbc1e8e75aa359c3ba10af499192bd7,J         CT        CP        eta
volume-2/data/gwsdd_9x5_0800rd_5044.txt,https://m-selig.ae.illinois.edu/props/volume-2/data/gwsdd_9x5_0800rd_5044.txt,715,af9436ae6bbab18de3f16ed13a8c9122aa99e49711172e03e36214c9d10f6f25,J         CT        CP        eta
volume-2/data/gwsdd_9x5_0801rd_6041.txt,https://m-selig.ae.illinois.edu/props/volume-2/data/gwsdd_9x5_0801rd_6041.txt,715,7fb0f992fe3b142d163bbb7334e892725346645f8d70f96e6809cb5fd1bdeef7,J         CT        CP        eta
volume-2/data/gwsdd_9x5_0802rd_6075.txt,https://m-selig.ae.illinois.edu/props/volume-2/data/gwsdd_9x5_0802rd_6075.txt,355,8792cbb0c43b23b042da2bbb90b2ee1d1e1bc13b2ef2f405817006369beb5e9c,J         CT        CP        eta
volume-2/data/gwsdd_9x5_geom.txt,https://m-selig.ae.illinois.edu/props/volume-2/data/gwsdd_9x5_geom.txt,414,7a19291b9acdbd3b6c0c5d1fc4cd11fdfbea79ea485d5c11f6a0f78fedac79db,r/R    c/R     beta
volume-2/data/gwsdd_9x5_static_0797rd.txt,https://m-selig.ae.illinois.edu/props/volume-2/data/gwsdd_9x5_static_0797rd.txt,676,a9b16d791ea55ccc5f95da875f9f2e251dec38d65d18137593f3a5df8c5b1df6,RPM        CT        CP
volume-2/data/kpf_96x70_0384rd_5049.txt,https://m-selig.ae.illinois.edu/props/volume-2/data/kpf_96x70_0384rd_5049.txt,635,9fe4976db464b3b4ebcffaa47383181a61feb64539d4da3b767d39dbd3df2201,J         CT        CP        eta
volume-2/data/kpf_96x70_0385rd_7041.txt,https://m-selig.ae.illinois.edu/props/volume-2/data/kpf_96x70_0385rd_7041.txt,795,37e6dc10cb98bbf254eca7c52497610d5a7288f2b01199b777341e3d12f4747d,J         CT        CP        eta
volume-2/data/kpf_96x70_0386rd_9044.txt,https://m-selig.ae.illinois.edu/props/volume-2/data/kpf_96x70_0386rd_9044.txt,795,6dbe5ad739db82365f0f3c5dfccc996e92982b89cdc4d04db33388222e2ea1b2,J         CT        CP        eta
volume-2/data/kpf_96x70_0387rd_9056.txt,https://m-selig.ae.illinois.edu/props/volume-2/data/kpf_96x70_0387rd_9056.txt,515,06e74671fdcc46fc021096cd767adf45f69b3aabeeb4587b9eee5be6e6cd7605,J         CT        CP        eta
volume-2/data/kpf_96x70_0388rd_11033.txt,https://m-selig.ae.illinois.edu/props/volume-2/data/kpf_96x70_0388rd_11033.txt,795,4b61b0390d76272654d7c8b2eea92ffe0bad148a5f0c1f4b57583c930e3944d0,J         CT        CP        eta
volume-2/data/kpf_96x70_0389rd_11061.txt,https://m-selig.ae.illinois.edu/props/volume-2/data/kpf_96x70_0389rd_11061.txt,756,14975e617ddddbea958443eae256ce2d0b609b0e905627b1623e23093865c5eb,J         CT        CP        eta
volume-2/data/kpf_96x70_geom.txt,https://m-selig.ae.illinois.edu/props/volume-2/data/kpf_96x70_geom.txt,416,72b303e843d37d5bd7834deb3340fadce5a47a3f0643e210e4e5010ef5b38692,r/R   c/R     beta
volume-2/data/kpf_96x70_static_0382rd.txt,https://m-selig.ae.illinois.edu/props/volume-2/data/kpf_96x70_static_0382rd.txt,583,a6fe87415465ddc152d97e0e23aa65a1b1e52a5eef1b0a5ff5cfb8aac04ff0cb,RPM        CT        CP
volume-2/data/mi_3.2x2.2_0540rd_8027.txt,https://m-selig.ae.illinois.edu/props/volume-2/data/mi_3.2x2.2_0540rd_8027.txt,595,2891379d2f2d1579dbc0fb95cadccc9949630d9e6a8eb4ffde2aa19a9131770f,J         CT        CP        eta
volume-2/data/mi_3.2x2.2_0541rd_12028.txt,https://m-selig.ae.illinois.edu/props/volume-2/data/mi_3.2x2.2_0541rd_12028.txt,795,94a05b9cb9719a6ed46eb182ac4ca9a762766669c125993912b5df7ea7258cc5,J         CT        CP        eta
volume-2/data/mi_3.2x2.2_0542rd_16025.txt,https://m-selig.ae.illinois.edu/props/volume-2/data/mi_3.2x2.2_0542rd_16025.txt,795,efbbc4cffbae696773cb4048794467a0117464abf04b3af058a3a0d366b7473b,J         CT        CP        eta
volume-2/data/mi_3.2x2.2_0543rd_16016.txt,https://m-selig.ae.illinois.edu/props/volume-2/data/mi_3.2x2.2_0543rd_16016.txt,475,45b43aad45b4314bcc7e8b8ece38fde597681e544f7d8e4e6be10af6df36aa9a,J         CT        CP        eta
volume-2/data/mi_3.2x2.2_0544rd_20051.txt,https://m-selig.ae.illinois.edu/props/volume-2/data/mi_3.2x2.2_0544rd_20051.txt,795,6f3b8d49f0a4595059ea44befe8d946a6044c2a7b97e5eeeeab9051d02e22300,J         CT        CP        eta
volume-2/data/mi_3.2x2.2_0545rd_19981.txt,https://m-selig.ae.illinois.edu/props/volume-2/data/mi_3.2x2.2_0545rd_19981.txt,555,25d6406ba95acd9c2393502838a2164725080c0fa8aa4edf793cba5318598b01,J         CT        CP        eta
volume-2/data/mi_3.2x2.2_geom.txt,https://m-selig.ae.illinois.edu/props/volume-2/data/mi_3.2x2.2_geom.txt,416,a709e55616905f8e626f4d83fa05d97f2e316e684afa418de972c38301ec3b61,r/R   c/R     beta
volume-2/data/mi_3.2x2.2_static_0519rd.txt,https://m-selig.ae.illinois.edu/props/volume-2/data/mi_3.2x2.2_static_0519rd.txt,583,bfba6a17672b48b81d3fb1268c6d2156dda8070d1fb08d6a265241a82fa3a184,RPM        CT        CP
volume-2/data/mi_4x2.7_0561rd_6022.txt,https://m-selig.ae.illinois.edu/props/volume-2/data/mi_4x2.7_0561rd_6022.txt,475,0ccbe69930be1fda9b34b94994a4c3208cae08a69fea2850e7f02896f02dc777,J         CT        CP        eta
volume-2/data/mi_4x2.7_0562rd_9025.txt,https://m-selig.ae.illinois.edu/props/volume-2/data/mi_4x2.7_0562rd_9025.txt,715,a8b498daccacb79e685ee3287c5854901f23931630b8779eded488142d5a0984,J         CT        CP        eta
volume-2/data/mi_4x2.7_0563rd_12028.txt,https://m-selig.ae.illinois.edu/props/volume-2/data/mi_4x2.7_0563rd_12028.txt,795,57d752684b8cd2ab574db9c93e1a3a0785327e462d01225e97d0b21deff5ff6a,J         CT        CP        eta
volume-2/data/mi_4x2.7_geom.txt,https://m-selig.ae.illinois.edu/props/volume-2/data/mi_4x2.7_geom.txt,416,6723ef11c33e48f034595954db04ce7fd793066a3cb7d87475fc16578dac8622,r/R   c/R     beta
volume-2/data/mi_4x2.7_static_0564rd.txt,https://m-selig.ae.illinois.edu/props/volume-2/data/mi_4x2.7_static_0564rd.txt,676,d89f0a0e3b2526e76840b1f990d727be18a1a2ebc7d26392a55c0b221319366d,RPM        CT        CP
volume-2/data/mi_5x3.5_0370rd_4025.txt,https://m-selig.ae.illinois.edu/props/volume-2/data/mi_5x3.5_0370rd_4025.txt,355,c68526f961914990b90da9809eb6ac86247191c0bf96a4196798bac38bcb2d48,J         CT        CP        eta
volume-2/data/mi_5x3.5_0371rd_6034.txt,https://m-selig.ae.illinois.edu/props/volume-2/data/mi_5x3.5_0371rd_6034.txt,515,9168fd38f8d9edf05322be42dcf44ab30ce0ab94a5af083c9aa5a2b1089de22f,J         CT        CP        eta
volume-2/data/mi_5x3.5_0372rd_8039.txt,https://m-selig.ae.illinois.edu/props/volume-2/data/mi_5x3.5_0372rd_8039.txt,635,430323e794123b35fa65b432b823b6a80763300ab8495f4aa6fe728a3f480752,J         CT        CP        eta
volume-2/data/mi_5x3.5_geom.txt,https://m-selig.ae.illinois.edu/props/volume-2/data/mi_5x3.5_geom.txt,416,ca29df15d3251de50e2a8db70c64ffa50515ff330be4dc14b2b793388f9ac4a7,r/R   c/R     beta
volume-2/data/mi_5x3.5_static_0368rd.txt,https://m-selig.ae.illinois.edu/props/volume-2/data/mi_5x3.5_static_0368rd.txt,459,75073fac49ca5c003e8e2a95e0d71b7ead573da0c457a58f45cd9eaf33f827e5,RPM        CT        CP
volume-2/data/mit_4.3x3.5_0577rd_6042.txt,https://m-selig.ae.illinois.edu/props/volume-2/data/mit_4.3x3.5_0577rd_6042.txt,515,aa87a4a24aaaa0f904eb242e93ffdf07fbd8cd61c86e414f9d9e481fec964a8f,J         CT        CP        eta
volume-2/data/mit_4.3x3.5_0578rd_7551.txt,https://m-selig.ae.illinois.edu/props/volume-2/data/mit_4.3x3.5_0578rd_7551.txt,635,3789f95fc51ec9a7580b84e65c341107492090f657551f2755721366d14eae03,J         CT        CP        eta
volume-2/data/mit_4.3x3.5_0579rd_9055.txt,https://m-selig.ae.illinois.edu/props/volume-2/data/mit_4.3x3.5_0579rd_9055.txt,795,0837c4832f56c02907e70ab5dce18232a04cd21e24476a05fc8e0ef6b4f35498,J         CT        CP        eta
volume-2/data/mit_4.3x3.5_geom.txt,https://m-selig.ae.illinois.edu/props/volume-2/data/mit_4.3x3.5_geom.txt,416,8d524a671949ab3a3821842982ded8977f00b10fc6c732cf685053df53e34eac,r/R   c/R     beta
volume-2/data/mit_4.3x3.5_static_0575rd.txt,https://m-selig.ae.illinois.edu/props/volume-2/data/mit_4.3x3.5_static_0575rd.txt,521,935130dc8c3eabad1c517a2b92a68d1f3f499217a5e57cdf47da433c90670b03,RPM        CT        CP
volume-2/data/mit_5x4_0363rd_3032.txt,https://m-selig.ae.illinois.edu/props/volume-2/data/mit_5x4_0363rd_3032.txt,395,8ca1e52e65d918e74f4ad1ea595b0751e0ef367342de9f7ad6578a1ae5c5ce56,J         CT        CP        eta
volume-2/data/mit_5x4_0364rd_4053.txt,https://m-selig.ae.illinois.edu/props/volume-2/data/mit_5x4_0364rd_4053.txt,515,feb11ed5d8eb012e0bd609ac02570a14b0fab30cdae098d0961a6938f452e2da,J         CT        CP        eta
volume-2/data/mit_5x4_0365rd_5053.txt,https://m-selig.ae.illinois.edu/props/volume-2/data/mit_5x4_0365rd_5053.txt,635,6fab2458c99e4e8b03d603df3f3c5145e5e7cf23626b1641e15ad15828fead1f,J         CT        CP        eta
volume-2/data/mit_5x4_0366rd_6057.txt,https://m-selig.ae.illinois.edu/props/volume-2/data/mit_5x4_0366rd_6057.txt,755,faaeda851b832185072b5fd2e8af51b96b2f4a9c6c75230b80d91060882d2165,J         CT        CP        eta
volume-2/data/mit_5x4_geom.txt,https://m-selig.ae.illinois.edu/props/volume-2/data/mit_5x4_geom.txt,416,397a73d692b88b4bb0ef183a055088ffe93a6f97af37db217b3db9d20086f293,r/R   c/R     beta
volume-2/data/mit_5x4_static_0362rd.txt,https://m-selig.ae.illinois.edu/props/volume-2/data/mit_5x4_static_0362rd.txt,366,5cffe5aabc9463fbfa4c46bd80bf31ae2c53b07080ec040639fc7468c7e1f8a6,RPM        CT        CP
volume-2/data/nr640_5_15deg_0651rb_4031.txt,https://m-selig.ae.illinois.edu/props/volume-2/data/nr640_5_15deg_0651rb_4031.txt,435,1294075db21e03c6a5d8c073a8e606e6490d4486ca3635bb8639a575b0272503,J         CT        CP        eta
volume-2/data/nr640_5_15deg_0652rb_6051.txt,https://m-selig.ae.illinois.edu/props/volume-2/data/nr640_5_15deg_0652rb_6051.txt,635,a0ccca7053abceef77fc2faaf1fad8fb63297c3a8d70afeba4aeef6b71b60368,J         CT        CP        eta
volume-2/data/nr640_5_15deg_0653rb_8028.txt,https://m-selig.ae.illinois.edu/props/volume-2/data/nr640_5_15deg_0653rb_8028.txt,795,c875ccf4b9ef3260070f9a272750ab5902b243c009f446046df4c7c400af5e4a,J         CT        CP        eta
volume-2/data/nr640_5_15deg_0654rb_8067.txt,https://m-selig.ae.illinois.edu/props/volume-2/data/nr640_5_15deg_0654rb_8067.txt,235,dbfc22419e8727acf3736ce7bd8d48e7b943b53e7c78b1c567218a6de2d3271d,J         CT        CP        eta
volume-2/data/nr640_5_15deg_0655rb_10035.txt,https://m-selig.ae.illinois.edu/props/volume-2/data/nr640_5_15deg_0655rb_10035.txt,795,b6b94e389fda39d8c65564cd0ae3e30eee150874bd2d07cd89dbdecedbe8ea66,J         CT        CP        eta
volume-2/data/nr640_5_15deg_0656rb_10068.txt,https://m-selig.ae.illinois.edu/props/volume-2/data/nr640_5_15deg_0656rb_10068.txt,475,7dd37cac557f0d2cc5c9a7f521bd14f7f8831ee002699df57638d8cac3499009,J         CT        CP        eta
volume-2/data/nr640_5_15deg_3b_0697rd_4002.txt,https://m-selig.ae.illinois.edu/props/volume-2/data/nr640_5_15deg_3b_0697rd_4002.txt,435,d24cb0f598c882ced258474b9251facdd025dafe15cb6688b7d21f23e1f67050,J         CT        CP        eta
volume-2/data/nr640_5_15deg_3b_0698rd_6015.txt,https://m-selig.ae.illinois.edu/props/volume-2/data/nr640_5_15deg_3b_0698rd_6015.txt,635,7187de2651168b71c7c35634d8462e3a2ec5ee8d4808650b83501e43b8b430ba,J         CT        CP        eta
volume-2/data/nr640_5_15deg_3b_0699rd_8036.txt,https://m-selig.ae.illinois.edu/props/volume-2/data/nr640_5_15deg_3b_0699rd_8036.txt,795,8a718497f5de35c326d2a2bda1d159894fef880f9a82f8aec62a6d33225e3a07,J         CT        CP        eta
volume-2/data/nr640_5_15deg_3b_0701rd_9544.txt,https://m-selig.ae.illinois.edu/props/volume-2/data/nr640_5_15deg_3b_0701rd_9544.txt,795,050463225d345c3ae16a0a1d70135a9671c2dbe977e92a33b353cc96cbbc97b2,J         CT        CP        eta
volume-2/data/nr640_5_15deg_3b_0702rd_9547.txt,https://m-selig.ae.illinois.edu/props/volume-2/data/nr640_5_15deg_3b_0702rd_9547.txt,395,5fb5612438fa31c75ecb5e9eaf941561971181b447efb8a284ac3dc3714df5d6,J         CT        CP        eta
volume-2/data/nr640_5_15deg_3b_static_0696md.txt,https://m-selig.ae.illinois.edu/props/volume-2/data/nr640_5_15deg_3b_static_0696md.txt,583,018be8c9220b18fcf4334f26eea3787cf5f08b362f3bcd00034350286d740f1f,RPM        CT        CP
volume-2/data/nr640_5_15deg_4b_1211rd_4010.txt,https://m-selig.ae.illinois.edu/props/volume-2/data/nr640_5_15deg_4b_1211rd_4010.txt,355,b61feea1ab379402e320da352c84fb18bf8cfdfee6f7362da3377c8d790086b9,J         CT        CP        eta
volume-2/data/nr640_5_15deg_4b_1212rd_6048.txt,https://m-selig.ae.illinois.edu/props/volume-2/data/nr640_5_15deg_4b_1212rd_6048.txt,555,2af56d1b7e597f2f5610625d5c5650d4713a791f604520fd39fd828192de56e2,J         CT        CP        eta
volume-2/data/nr640_5_15deg_4b_1213rd_8040.txt,https://m-selig.ae.illinois.edu/props/volume-2/data/nr640_5_15deg_4b_1213rd_8040.txt,715,08506d2ed5c85798cb70921adf83689a8f9785d612df476db5e9e33ddb65869d,J         CT        CP        eta
volume-2/data/nr640_5_15deg_4b_static_1210rd.txt,https://m-selig.ae.illinois.edu/props/volume-2/data/nr640_5_15deg_4b_static_1210rd.txt,521,bda6df83fe429ae4c638d086ec8f8d5bb9d2a6ffbc4a5dc83412329a466e4ec5,RPM        CT        CP
volume-2/data/nr640_5_15deg_geom.txt,https://m-selig.ae.illinois.edu/props/volume-2/data/nr640_5_15deg_geom.txt,416,596bc659d843c67c038f171ace69a5d15f7264e3795b83668ef9518d0788c681,r/R   c/R     beta
volume-2/data/nr640_5_15deg_static_0650rb.txt,https://m-selig.ae.illinois.edu/props/volume-2/data/nr640_5_15deg_static_0650rb.txt,614,d77049f78ad221f63e2bf38e759c36be28553234395845338f399d6058b8601d,RPM        CT        CP
volume-2/data/nr640_5_20deg_1198ga_4027.txt,https://m-selig.ae.illinois.edu/props/volume-2/data/nr640_5_20deg_1198ga_4027.txt,475,9a055aaf35f5efaceb58a7183fdd756ad07a7ba1f856412d444e4d5a598e88d4,J         CT        CP        eta
volume-2/data/nr640_5_20deg_1200ga_6041.txt,https://m-selig.ae.illinois.edu/props/volume-2/data/nr640_5_20deg_1200ga_6041.txt,715,6a61b367386ec3043f0899105d1eed255b746daacebd3292248dac42180ee223,J         CT        CP        eta
volume-2/data/nr640_5_20deg_1201ga_6033.txt,https://m-selig.ae.illinois.edu/props/volume-2/data/nr640_5_20deg_1201ga_6033.txt,235,246e12dcfba0eb492825a9b9d0b96970c9abf4b9ff650febd1ba1ea877259129,J         CT        CP        eta
volume-2/data/nr640_5_20deg_1202ga_8045.txt,https://m-selig.ae.illinois.edu/props/volume-2/data/nr640_5_20deg_1202ga_8045.txt,715,f10739ffbec65b91b166799cbb3302515f3b16b68fc0270735302890f6a896f7,J         CT        CP        eta
volume-2/data/nr640_5_20deg_1203ga_8048.txt,https://m-selig.ae.illinois.edu/props/volume-2/data/nr640_5_20deg_1203ga_8048.txt,515,24c197bc260bf3a997c67b805fbfb8190aaeb9b17220b4c7a282621fe72b96b5,J         CT        CP        eta
volume-2/data/nr640_5_20deg_static_1197ga.txt,https://m-selig.ae.illinois.edu/props/volume-2/data/nr640_5_20deg_static_1197ga.txt,552,c3a8d88611308a52764203d0395f2af212dbe52eb4847b679c023d7a6f274bcb,RPM        CT        CP
volume-2/data/nr640_9_15deg_0778rd_3023.txt,https://m-selig.ae.illinois.edu/props/volume-2/data/nr640_9_15deg_0778rd_3023.txt,395,86329fe878cfb285dedfc8ca67841405f847f5d9bcace416942db02e30a692b3,J         CT        CP        eta
volume-2/data/nr640_9_15deg_0779rd_4035.txt,https://m-selig.ae.illinois.edu/props/volume-2/data/nr640_9_15deg_0779rd_4035.txt,595,bf2f2f98574c6adc93f0b1d92dc4c25e1c72597f6645618a9382fc9351000fd3,J         CT        CP        eta
volume-2/data/nr640_9_15deg_0780rd_5032.txt,https://m-selig.ae.illinois.edu/props/volume-2/data/nr640_9_15deg_0780rd_5032.txt,715,f892cc7b3a01d53df163086bd271698d698185af3cbb0500853d6c17aa689ae1,J         CT        CP        eta
volume-2/data/nr640_9_15deg_0781rd_5044.txt,https://m-selig.ae.illinois.edu/props/volume-2/data/nr640_9_15deg_0781rd_5044.txt,235,005a3f56ee5a43cad466cc08919ee131e8f308df705f6b4dbe6981996ae2e0b1,J         CT        CP        eta
volume-2/data/nr640_9_15deg_0782rd_6004.txt,https://m-selig.ae.illinois.edu/props/volume-2/data/nr640_9_15deg_0782rd_6004.txt,715,f52821387b77a644e5be2cbcc33f7500373e4d7ba947117f8d02d745c08258b1,J         CT        CP        eta
volume-2/data/nr640_9_15deg_0783rd_6068.txt,https://m-selig.ae.illinois.edu/props/volume-2/data/nr640_9_15deg_0783rd_6068.txt,435,5dbc6cd3f0d4a0233d8cdbb03fd03693eac8e65abd6837a378348fb0bffeb0d8,J         CT        CP        eta
volume-2/data/nr640_9_15deg_3b_0725rd_3025.txt,https://m-selig.ae.illinois.edu/props/volume-2/data/nr640_9_15deg_3b_0725rd_3025.txt,475,11cc872417f1b70ceac535f40ca482e39e741c2f5f288a3a9163395168a66acc,J         CT        CP        eta
volume-2/data/nr640_9_15deg_3b_0726rd_4034.txt,https://m-selig.ae.illinois.edu/props/volume-2/data/nr640_9_15deg_3b_0726rd_4034.txt,555,e5683db6a7438b419cf5cf768d47a246785199c9267acca0a55204316224c236,J         CT        CP        eta
volume-2/data/nr640_9_15deg_3b_0727rd_5024.txt,https://m-selig.ae.illinois.edu/props/volume-2/data/nr640_9_15deg_3b_0727rd_5024.txt,715,e8f871f73e37656b6dd38d59d34d8ef6ef27f28849128f16c0330b7ce7aed242,J         CT        CP        eta
volume-2/data/nr640_9_15deg_3b_0728rd_6011.txt,https://m-selig.ae.illinois.edu/props/volume-2/data/nr640_9_15deg_3b_0728rd_6011.txt,715,3c9d84966776774f093b9ee0f97499804a6026064aa07f1501fca5a1b0f337b7,J         CT        CP        eta
volume-2/data/nr640_9_15deg_3b_0730rd_6053.txt,https://m-selig.ae.illinois.edu/props/volume-2/data/nr640_9_15deg_3b_0730rd_6053.txt,395,2f667b2e57e9b0d16adff958f88cff0447abba974c40b2169716f7f3d7e75df1,J         CT        CP        eta
volume-2/data/nr640_9_15deg_3b_static_0724rd.txt,https://m-selig.ae.illinois.edu/props/volume-2/data/nr640_9_15deg_3b_static_0724rd.txt,614,b3f02d6ca92c48b36451cb6c90c46173e5b2df65cc269e0f8a51f3ada879f9f5,RPM        CT        CP
volume-2/data/nr640_9_15deg_4b_1074ga_3024.txt,https://m-selig.ae.illinois.edu/props/volume-2/data/nr640_9_15deg_4b_1074ga_3024.txt,475,dd0d679934ab34e862bb249015f10a8bafd8866d70ef78be7ac763741abc7519,J         CT        CP        eta
volume-2/data/nr640_9_15deg_4b_1075ga_4045.txt,https://m-selig.ae.illinois.edu/props/volume-2/data/nr640_9_15deg_4b_1075ga_4045.txt,635,f0577471b3b4f2290576d91493d4298d428a0f1da8d4890c3a3859e1039ed387,J         CT        CP        eta
volume-2/data/nr640_9_15deg_4b_1076ga_5030.txt,https://m-selig.ae.illinois.edu/props/volume-2/data/nr640_9_15deg_4b_1076ga_5030.txt,715,d4b54dd0bf5c41ba2ac05128294e9389e5792aa48231c89c5f6149262a2f2ee8,J         CT        CP        eta
volume-2/data/nr640_9_15deg_4b_1077ga_5052.txt,https://m-selig.ae.illinois.edu/props/volume-2/data/nr640_9_15deg_4b_1077ga_5052.txt,315,6a21bbabc5b335d5af0d9fe66703fcfdb557fad073ca1d1d89fc36f1e42b5bd0,J         CT        CP        eta
volume-2/data/nr640_9_15deg_4b_1078ga_6024.txt,https://m-selig.ae.illinois.edu/props/volume-2/data/nr640_9_15deg_4b_1078ga_6024.txt,715,e5982135fa03a3a57c31a71021d9ad0918d67b8df4ab5d0d750f6aa5dcb7c10a,J         CT        CP        eta
volume-2/data/nr640_9_15deg_4b_1079ga_6056.txt,https://m-selig.ae.illinois.edu/props/volume-2/data/nr640_9_15deg_4b_1079ga_6056.txt,475,4992df87ccdd46fcb16bf9a4901f4b3640a40bc0887bdc523c610b917efb8e68,J         CT        CP        eta
volume-2/data/nr640_9_15deg_4b_static_1073ga.txt,https://m-selig.ae.illinois.edu/props/volume-2/data/nr640_9_15deg_4b_static_1073ga.txt,614,152ec3d4cd08c100300a39d891380914c1524d88a8c010a6b1e41114f84270e9,RPM        CT        CP
volume-2/data/nr640_9_15deg_geom.txt,https://m-selig.ae.illinois.edu/props/volume-2/data/nr640_9_15deg_geom.txt,416,fac28bdb2946356e31488779ab2a9073f7b212e1f299387365e858b8e19d960e,r/R   c/R     beta
volume-2/data/nr640_9_15deg_static_0777rd.txt,https://m-selig.ae.illinois.edu/props/volume-2/data/nr640_9_15deg_static_0777rd.txt,676,df12dbb55396d458f612eb6836b1ffa293872d7cd9d2beebd648b7c632c37c61,RPM        CT        CP
volume-2/data/nr640_9_20deg_1048rd_3020.txt,https://m-selig.ae.illinois.edu/props/volume-2/data/nr640_9_20deg_1048rd_3020.txt,635,2c43dfe72386e5fc5cd908a837614be189afed788476ee35442b8dccb26ddc7a,J         CT        CP        eta
volume-2/data/nr640_9_20deg_1049rd_4051.txt,https://m-selig.ae.illinois.edu/props/volume-2/data/nr640_9_20deg_1049rd_4051.txt,715,96a731c20f759c36e54af11b0d33a5240c9b5e48fa253d77a529a0c0df19a855,J         CT        CP        eta
volume-2/data/nr640_9_20deg_1050rd_4058.txt,https://m-selig.ae.illinois.edu/props/volume-2/data/nr640_9_20deg_1050rd_4058.txt,355,e73bc93d898a1a168e3f0104641285369a2f45d9df2c9b5a5e139d6a00843a68,J         CT        CP        eta
volume-2/data/nr640_9_20deg_1051rd_5059.txt,https://m-selig.ae.illinois.edu/props/volume-2/data/nr640_9_20deg_1051rd_5059.txt,715,a9ba904489f8062533f986d214eab8e07859ba77b47e6cdd852616589175e4ad,J         CT        CP        eta
volume-2/data/nr640_9_20deg_1052rd_5069.txt,https://m-selig.ae.illinois.edu/props/volume-2/data/nr640_9_20deg_1052rd_5069.txt,595,bff506f1d61341c5544f529e4e6d919a8cdfba7328f0324524ec43e083bc354f,J         CT        CP        eta
volume-2/data/nr640_9_20deg_1053rd_6029.txt,https://m-selig.ae.illinois.edu/props/volume-2/data/nr640_9_20deg_1053rd_6029.txt,715,cc481945ae06a7e5d8b56cf6017aafb823abb90455ab7f7b44a8ea2e0bb2569c,J         CT        CP        eta
volume-2/data/nr640_9_20deg_1054rd_6067.txt,https://m-selig.ae.illinois.edu/props/volume-2/data/nr640_9_20deg_1054rd_6067.txt,835,316b46368fac02065262397de09eb36462082155f6a5959c0c165df55832c2df,J         CT        CP        eta
volume-2/data/nr640_9_20deg_static_1047rd.txt,https://m-selig.ae.illinois.edu/props/volume-2/data/nr640_9_20deg_static_1047rd.txt,614,16c93214f02c2e791804265679c624b0ea4af04116d26656220a1d5b1f2d3e5a,RPM        CT        CP
volume-2/data/nr640_geom.txt,https://m-selig.ae.illinois.edu/props/volume-2/data/nr640_geom.txt,350,1fe2550b9c5395859a0283b662f8cecbd43ef034e95766ae90d6b8480b16fd66,r/R   c/R     beta
volume-2/data/nr640_thick.txt,https://m-selig.ae.illinois.edu/props/volume-2/data/nr640_thick.txt,207,9deaf6738399a10e86ff84402e515ec0752981a2c1febed1da4879959ec04a63,r/R   t/c
volume-2/data/pl_100x80_0583rd_6039.txt,https://m-selig.ae.illinois.edu/props/volume-2/data/pl_100x80_0583rd_6039.txt,675,11ce24ca659e60d8980be6aa32dd11012817ce2c06388f40d0d29f6302a2a94c,J         CT        CP        eta
volume-2/data/pl_100x80_0584rd_9045.txt,https://m-selig.ae.illinois.edu/props/volume-2/data/pl_100x80_0584rd_9045.txt,795,bca3428ae4e2182f8a706251c6bbacf0b63840c83d77ba65cece7b7f7a1ed94d,J         CT        CP        eta
volume-2/data/pl_100x80_0585rd_9051.txt,https://m-selig.ae.illinois.edu/props/volume-2/data/pl_100x80_0585rd_9051.txt,395,f8b2e09e95450e3399afc790588928d29be1900d33311baf3d04235278a20d42,J         CT        CP        eta
volume-2/data/pl_100x80_0586rd_12023.txt,https://m-selig.ae.illinois.edu/props/volume-2/data/pl_100x80_0586rd_12023.txt,795,6480c7572adf12446aafc9a858fbaa77f024a2fff9780127cd27b6bfed4edf08,J         CT        CP        eta
volume-2/data/pl_100x80_0587rd_12070.txt,https://m-selig.ae.illinois.edu/props/volume-2/data/pl_100x80_0587rd_12070.txt,715,915065931ef8a8f5624d8a4f74925d95245bb2e7d5b9adcadcef3ed52ffa0528,J         CT        CP        eta
volume-2/data/pl_100x80_geom.txt,https://m-selig.ae.illinois.edu/props/volume-2/data/pl_100x80_geom.txt,416,0f2fb34d3ca75af79fbea2a93f95478af2418e56bcab0a1e0a87fac54933b6b5,r/R   c/R     beta
volume-2/data/pl_100x80_static_0581rd.txt,https://m-selig.ae.illinois.edu/props/volume-2/data/pl_100x80_static_0581rd.txt,707,2ab4802de55eaffed3a2093c2a51b8f1969397abf8411fa9c3b7ffd52f4bbe34,RPM        CT        CP
volume-2/data/pl_57x20_0549rb_12036.txt,https://m-selig.ae.illinois.edu/props/volume-2/data/pl_57x20_0549rb_12036.txt,635,83fb705eb2ef35b925cf389689d2e312354dc1f0ef6b053222b142c3beddbc51,J         CT        CP        eta
volume-2/data/pl_57x20_0550rb_18041.txt,https://m-selig.ae.illinois.edu/props/volume-2/data/pl_57x20_0550rb_18041.txt,795,12455baf2289e2a5878f74a6bfaa5ad93c485c8e50cc8e9085a0d9eedc9f71e6,J         CT        CP        eta
volume-2/data/pl_57x20_0551rb_17983.txt,https://m-selig.ae.illinois.edu/props/volume-2/data/pl_57x20_0551rb_17983.txt,355,b3f00125868b7f62f2815e4861ff81aaf052ce7bd06f163cc1554764ed36388b,J         CT        CP        eta
volume-2/data/pl_57x20_0552rb_24039.txt,https://m-selig.ae.illinois.edu/props/volume-2/data/pl_57x20_0552rb_24039.txt,795,3253cbcd9349334305d7bb63315c5c2ccf8d486379ace9b8f4d2966726ce3a08,J         CT        CP        eta
volume-2/data/pl_57x20_0555rb_24054.txt,https://m-selig.ae.illinois.edu/props/volume-2/data/pl_57x20_0555rb_24054.txt,635,4b952d01da02fb40600f0de17dba8db0665cd6219802bbbf7dbbc340906c636d,J         CT        CP        eta
volume-2/data/pl_57x20_geom.txt,https://m-selig.ae.illinois.edu/props/volume-2/data/pl_57x20_geom.txt,416,9dda4928975cbb71fe72b34c324b603bc89e1f52589f09a48e5a2867e033b450,r/R   c/R     beta
volume-2/data/pl_57x20_static_0531rd.txt,https://m-selig.ae.illinois.edu/props/volume-2/data/pl_57x20_static_0531rd.txt,614,e06153207765f4467d37bd59fcfe1b2a1542122c7e319e03aa9493861e80c31a,RPM        CT        CP
volume-2/data/pl_triturbo_0568rd_10009.txt,https://m-selig.ae.illinois.edu/props/volume-2/data/pl_triturbo_0568rd_10009.txt,715,ff2a950185c89357b5e3fe4882a89980b95d41c490164d4cb5955e9607470b54,J         CT        CP        eta
volume-2/data/pl_triturbo_0569rd_15027.txt,https://m-selig.ae.illinois.edu/props/volume-2/data/pl_triturbo_0569rd_15027.txt,795,2b228af384c18c7e0bd59b1f1c163aa2a2528083052fd1953b2d2ee4c029db04,J         CT        CP        eta
volume-2/data/pl_triturbo_0570rd_14996.txt,https://m-selig.ae.illinois.edu/props/volume-2/data/pl_triturbo_0570rd_14996.txt,435,7cf208631a16a2b966db957b80e1459413efceed66de17a3df764d0a00b48e9b,J         CT        CP        eta
volume-2/data/pl_triturbo_0571rd_20064.txt,https://m-selig.ae.illinois.edu/props/volume-2/data/pl_triturbo_0571rd_20064.txt,795,c29f85a9fb86e96c98bef1f8a43b78ab9192c37ec1e1dfd7708f1f371482da06,J         CT        CP        eta
volume-2/data/pl_triturbo_0572rd_20049.txt,https://m-selig.ae.illinois.edu/props/volume-2/data/pl_triturbo_0572rd_20049.txt,755,1724ddd70f0ec09788d9ce2707504d00e46e4c0142f25522d99ce3a988583272,J         CT        CP        eta
volume-2/data/pl_triturbo_geom.txt,https://m-selig.ae.illinois.edu/props/volume-2/data/pl_triturbo_geom.txt,416,2fa920d1d23e3908b584ea934f3fbe64dc803a9d942047482833a1b21bb64826,r/R   c/R     beta
volume-2/data/pl_triturbo_static_0566rd.txt,https://m-selig.ae.illinois.edu/props/volume-2/data/pl_triturbo_static_0566rd.txt,645,a646945d0dcbc10e43c540f38d8b80aeea8f7bbe4b26aa4c6142e6db01a43204,RPM        CT        CP
volume-2/data/union_u80_0482rd_6053.txt,https://m-selig.ae.illinois.edu/props/volume-2/data/union_u80_0482rd_6053.txt,475,9e113dd7197382ecd29e3f971a18ca17e586c42841c892d34b302eae424795a7,J         CT        CP        eta
volume-2/data/union_u80_0485rd_12036.txt,https://m-selig.ae.illinois.edu/props/volume-2/data/union_u80_0485rd_12036.txt,795,d92d19249bd838e6ee43e7b5a8081461e24ab0c4a1215342f04cc1935c86724a,J         CT        CP        eta
volume-2/data/union_u80_0486rd_12040.txt,https://m-selig.ae.illinois.edu/props/volume-2/data/union_u80_0486rd_12040.txt,355,00bfb2416a7023761d22d084e24f3abfb8c0023820682bb868437f602938de42,J         CT        CP        eta
volume-2/data/union_u80_0489rd_18064.txt,https://m-selig.ae.illinois.edu/props/volume-2/data/union_u80_0489rd_18064.txt,795,ee91ed41803c02407fffa1b1d8a41adcdb852a8e54b91357d3e4247a6dcbbef7,J         CT        CP        eta
volume-2/data/union_u80_0490rd_18078.txt,https://m-selig.ae.illinois.edu/props/volume-2/data/union_u80_0490rd_18078.txt,835,4fdc7533ce15540f2d0356c97145117841397e0121f12114f150cf6eb224b680,J         CT        CP        eta
volume-2/data/union_u80_geom.txt,https://m-selig.ae.illinois.edu/props/volume-2/data/union_u80_geom.txt,416,64e082f1667f415fd2cb05ff6a649dec24061b80d2ca76e9c503164cb22d2c31,r/R   c/R     beta
volume-2/data/union_u80_static_0481rd.txt,https://m-selig.ae.illinois.edu/props/volume-2/data/union_u80_static_0481rd.txt,521,adbc20a2ab0c4b1f7a84d592f8a73220b89d189816416f7fe401ab2404ae810a,RPM        CT        CP
volume-2/data/vp_140x45_0591rd_4991.txt,https://m-selig.ae.illinois.edu/props/volume-2/data/vp_140x45_0591rd_4991.txt,795,998a5d858b39ddea8b5a632460b14fc92047948856a3a60fa833582f3bc343cf,J         CT        CP        eta
volume-2/data/vp_140x45_0593rd_7042.txt,https://m-selig.ae.illinois.edu/props/volume-2/data/vp_140x45_0593rd_7042.txt,555,3f4c8853a96aa6bea31648fcebf6aebaff99634f56123c1dadc1257fa3f32236,J         CT        CP        eta
volume-2/data/vp_140x45_0594rd_9051.txt,https://m-selig.ae.illinois.edu/props/volume-2/data/vp_140x45_0594rd_9051.txt,715,ea9defd3da3b7bab81daa3dae7fd8fb11f62a3a9f4c5a5b6285354f2d1c74c95,J         CT        CP        eta
volume-2/data/vp_140x45_0596rd_11059.txt,https://m-selig.ae.illinois.edu/props/volume-2/data/vp_140x45_0596rd_11059.txt,795,f93ffb0e3732af05ee36b2ab88e78637fe647a12793ffcbc13c4a15b1b4a1da7,J         CT        CP        eta
volume-2/data/vp_140x45_geom.txt,https://m-selig.ae.illinois.edu/props/volume-2/data/vp_140x45_geom.txt,416,7975eb2c475ce05b1a2d11f5fb8adae10ce9e0b6d542bb20351befe3c0fb5100,r/R   c/R     beta
volume-2/data/vp_140x45_static_0590rd.txt,https://m-selig.ae.illinois.edu/props/volume-2/data/vp_140x45_static_0590rd.txt,645,c245abf000789a32802545803796a00d6fea6a1fd0cb66441874b0ca05e1ef93,RPM        CT        CP
volume-3/data/ancf_10x12_0746od_3035.txt,https://m-selig.ae.illinois.edu/props/volume-3/data/ancf_10x12_0746od_3035.txt,697,b22133eb05079b510529680c1873d3aec3416d83506807118c3d816a727aa05e,J         CT        CP        eta
volume-3/data/ancf_10x12_0747od_3042.txt,https://m-selig.ae.illinois.edu/props/volume-3/data/ancf_10x12_0747od_3042.txt,970,bb9f1991a3c318a98c8e9d22e39708d6bb57ed00ac07c7656fe4088d3588ca53,J         CT        CP        eta
volume-3/data/ancf_10x12_0748od_4026.txt,https://m-selig.ae.illinois.edu/props/volume-3/data/ancf_10x12_0748od_4026.txt,658,1def64f4e46960f13a6107051e331f1470861b81f43017dd4cb0b3f6d693fa88,J         CT        CP        eta
volume-3/data/ancf_10x12_0749od_4046.txt,https://m-selig.ae.illinois.edu/props/volume-3/data/ancf_10x12_0749od_4046.txt,970,4555a783fc00636369b745c0320273d5ebaddb61d2beb9c503cff7120bce6021,J         CT        CP        eta
volume-3/data/ancf_10x12_0750od_5010.txt,https://m-selig.ae.illinois.edu/props/volume-3/data/ancf_10x12_0750od_5010.txt,658,6d7ec2e54ed5db06286aed6ba80d1192f9749f27808c9ef6a54759a7d91138ff,J         CT        CP        eta
volume-3/data/ancf_10x12_0751od_5034.txt,https://m-selig.ae.illinois.edu/props/volume-3/data/ancf_10x12_0751od_5034.txt,970,25ee63a5916fae8fde4745c59b61701940d4eede582981311630bf0378153c4c,J         CT        CP        eta
volume-3/data/ancf_10x12_0752od_6036.txt,https://m-selig.ae.illinois.edu/props/volume-3/data/ancf_10x12_0752od_6036.txt,619,a3a0791c87f80e0b6d6aeacb1c65200282d50c142c38c68ae05f5af8efd9e3ed,J         CT        CP        eta
volume-3/data/ancf_10x12_0753od_6031.txt,https://m-selig.ae.illinois.edu/props/volume-3/data/ancf_10x12_0753od_6031.txt,970,0715dc3356f5d66751961cd483f04678f38417b64edb48ac9d03293cc2affd6e,J         CT        CP        eta
volume-3/data/ancf_10x12_static_0754od.txt,https://m-selig.ae.illinois.edu/props/volume-3/data/ancf_10x12_static_0754od.txt,442,dfe65f9611a2b96a71e3bee35c0764c733a59dd42aea88dad7924c25fb97aff1,RPM        CT      CP
volume-3/data/ancf_10x4_0274od_3039.txt,https://m-selig.ae.illinois.edu/props/volume-3/data/ancf_10x4_0274od_3039.txt,697,19824d6a6a9eb47060f4dd71375c6a46f9aa5b762418918ca3bcb56914b2e58d,J         CT        CP        eta
volume-3/data/ancf_10x4_0275od_4035.txt,https://m-selig.ae.illinois.edu/props/volume-3/data/ancf_10x4_0275od_4035.txt,697,300a1b96b379336b885bb01291e3954b32e254a116c5b3627259b72bae8babd1,J         CT        CP        eta
volume-3/data/ancf_10x4_0276od_5030.txt,https://m-selig.ae.illinois.edu/props/volume-3/data/ancf_10x4_0276od_5030.txt,697,e004f8eb5837fff7fa11f1254a15d5a36480a36834e92762d2ace303349cedd9,J         CT        CP        eta
volume-3/data/ancf_10x4_0277od_6026.txt,https://m-selig.ae.illinois.edu/props/volume-3/data/ancf_10x4_0277od_6026.txt,658,449a5c6f40da8da96828519cdba7d8f5329d6af3750f10952fee63beee71392c,J         CT        CP        eta
volume-3/data/ancf_10x4_0278od_6042.txt,https://m-selig.ae.illinois.edu/props/volume-3/data/ancf_10x4_0278od_6042.txt,970,8c0af0b355a553de393752703d133e809aa111c5820179278fe5f3537e7bdeaf,J         CT        CP        eta
volume-3/data/ancf_10x4_0279od_7016.txt,https://m-selig.ae.illinois.edu/props/volume-3/data/ancf_10x4_0279od_7016.txt,658,ecf636a9f0562c7df2647314cc526a10178d429034b79a856608d772c1ba393c,J         CT        CP        eta
volume-3/data/ancf_10x4_0280od_7055.txt,https://m-selig.ae.illinois.edu/props/volume-3/data/ancf_10x4_0280od_7055.txt,970,f77005a10106816fef7186a5776975598a3f99d39aa533f7394783c88c2582cc,J         CT        CP        eta
volume-3/data/ancf_10x4_static_0273od.txt,https://m-selig.ae.illinois.edu/props/volume-3/data/ancf_10x4_static_0273od.txt,442,960f6fbc9e8c2ddcb85d62edf0b58f5710acd175e18292a9a337a9b142286924,RPM        CT      CP
volume-3/data/ancf_10x5_0756od_3036.txt,https://m-selig.ae.illinois.edu/props/volume-3/data/ancf_10x5_0756od_3036.txt,697,d13e9409cd625d682dca476bea7e26d334d0c55ac30039a3232482e6d06bef01,J         CT        CP        eta
volume-3/data/ancf_10x5_0757od_4017.txt,https://m-selig.ae.illinois.edu/props/volume-3/data/ancf_10x5_0757od_4017.txt,697,d0f7d2f62d5315a80061a70d7cb24c93cf1853e733fa69ea9a1d864f4164ad62,J         CT        CP        eta
volume-3/data/ancf_10x5_0758od_5027.txt,https://m-selig.ae.illinois.edu/props/volume-3/data/ancf_10x5_0758od_5027.txt,658,849837377c925af407cd5107139e3d76a57b88f852bed69cf012ef6ba1d099d9,J         CT        CP        eta
volume-3/data/ancf_10x5_0759od_5039.txt,https://m-selig.ae.illinois.edu/props/volume-3/data/ancf_10x5_0759od_5039.txt,970,4bf64401ee5420f5474fcae54358ff2c506f51c3d412a8f1f388ebfdab3c13fa,J         CT        CP        eta
volume-3/data/ancf_10x5_0760od_6003.txt,https://m-selig.ae.illinois.edu/props/volume-3/data/ancf_10x5_0760od_6003.txt,658,1c633fa780754099dbcf007cad602a2f5585c045544c77b6f040107553e1ab50,J         CT        CP        eta
volume-3/data/ancf_10x5_0761od_6052.txt,https://m-selig.ae.illinois.edu/props/volume-3/data/ancf_10x5_0761od_6052.txt,970,fd70ba6edf7fb80a6c6ed7659fc4752e467c9940ad68c0b62a655c074f228abf,J         CT        CP        eta
volume-3/data/ancf_10x5_static_0755od.txt,https://m-selig.ae.illinois.edu/props/volume-3/data/ancf_10x5_static_0755od.txt,442,8b7e24699bd8c345de812cb54ef9daf11d4c730f84ba4605cc802461756e964b,RPM        CT      CP
volume-3/data/ancf_10x6_0730od_3033.txt,https://m-selig.ae.illinois.edu/props/volume-3/data/ancf_10x6_0730od_3033.txt,697,627d3d352915a41a9676527e179ac9d8947b33afd87de717ce8321d2faedc9c4,J         CT        CP        eta
volume-3/data/ancf_10x6_0731od_4011.txt,https://m-selig.ae.illinois.edu/props/volume-3/data/ancf_10x6_0731od_4011.txt,697,b12bfa995efaa7d33cdd0496454d1cefc6e07982b67b5fbfc9c18f795c85a9d4,J         CT        CP        eta
volume-3/data/ancf_10x6_0732od_4998.txt,https://m-selig.ae.illinois.edu/props/volume-3/data/ancf_10x6_0732od_4998.txt,658,65dfec8b69bb0964255c4b019ff29720577c10f2c294fd71d208dd62467cc5aa,J         CT        CP        eta
volume-3/data/ancf_10x6_0733od_5056.txt,https://m-selig.ae.illinois.edu/props/volume-3/data/ancf_10x6_0733od_5056.txt,970,0f03f6acc3952e5faf827ce2e2ffe66218fe4bef82fc338db0e2f7f8dfdc3883,J         CT        CP        eta
volume-3/data/ancf_10x6_0734od_5975.txt,https://m-selig.ae.illinois.edu/props/volume-3/data/ancf_10x6_0734od_5975.txt,658,6918d85b9928ecf87dd59fc0693c6584ace52bf774991377cbd99abad51f72a3,J         CT        CP        eta
volume-3/data/ancf_10x6_0735od_6031.txt,https://m-selig.ae.illinois.edu/props/volume-3/data/ancf_10x6_0735od_6031.txt,970,db4167c8cdae58fa0ba9b21c9a9cd3c79efed4421b6e39f54f5d970d72aa2bca,J         CT        CP        eta
volume-3/data/ancf_10x6_static_0729od.txt,https://m-selig.ae.illinois.edu/props/volume-3/data/ancf_10x6_static_0729od.txt,442,d6642712bbf11fb792f8025d6a0909d4c043f9974f6cbcccdd974c4ae455df45,RPM        CT      CP
volume-3/data/ancf_10x7_0737od_3017.txt,https://m-selig.ae.illinois.edu/props/volume-3/data/ancf_10x7_0737od_3017.txt,697,fcebe395c079b1f0fd7aad7e33681ba7d77580a98b3e36bec1e696eed7103335,J         CT        CP        eta
volume-3/data/ancf_10x7_0738od_4038.txt,https://m-selig.ae.illinois.edu/props/volume-3/data/ancf_10x7_0738od_4038.txt,697,3a2b652514f475a4ba631d9e7f3c3ba87fdef731b00ab85066ea0c5a3339735b,J         CT        CP        eta
volume-3/data/ancf_10x7_0739od_4050.txt,https://m-selig.ae.illinois.edu/props/volume-3/data/ancf_10x7_0739od_4050.txt,970,485b960a92242979ad086726e982dbe58914a03e56414ef7d87ba1aa0fc37481,J         CT        CP        eta
volume-3/data/ancf_10x7_0740od_4994.txt,https://m-selig.ae.illinois.edu/props/volume-3/data/ancf_10x7_0740od_4994.txt,658,3a9a1a5e5db0e0f812aa4855adbabffe8e22d4eff853e84362f08c4c2894ceaf,J         CT        CP        eta
volume-3/data/ancf_10x7_0741od_5050.txt,https://m-selig.ae.illinois.edu/props/volume-3/data/ancf_10x7_0741od_5050.txt,970,6c1d9e745029f9d6d0267de1da355b0bcb542d032a9bb3529fbd3a1d713be91a,J         CT        CP        eta
volume-3/data/ancf_10x7_0742od_5963.txt,https://m-selig.ae.illinois.edu/props/volume-3/data/ancf_10x7_0742od_5963.txt,658,f7a91535ecc47363f7dee278a4d70d59d2d23dadfc955401074c3ed206cf00bf,J         CT        CP        eta
volume-3/data/ancf_10x7_0743od_6029.txt,https://m-selig.ae.illinois.edu/props/volume-3/data/ancf_10x7_0743od_6029.txt,970,a69870c481e137b0d4d1142fbe38fa9b53b9110a162983f2132cd3ce0438251f,J         CT        CP        eta
volume-3/data/ancf_10x7_static_0736od.txt,https://m-selig.ae.illinois.edu/props/volume-3/data/ancf_10x7_static_0736od.txt,442,f10a55fd671535bb4f01ae4d501f82d97239d6166363e97c3806d93855563010,RPM        CT      CP
volume-3/data/ancf_10x8_0763od_3014.txt,https://m-selig.ae.illinois.edu/props/volume-3/data/ancf_10x8_0763od_3014.txt,697,0a181e37bfb735eb9dd442b0f32649a14081538f2c740380889e291716b092e4,J         CT        CP        eta
volume-3/data/ancf_10x8_0764od_3993.txt,https://m-selig.ae.illinois.edu/props/volume-3/data/ancf_10x8_0764od_3993.txt,697,c32d2a2294f9c6bde5333c5bd2215490cda048dd27227a8a0f9a4356c464c2a7,J         CT        CP        eta
volume-3/data/ancf_10x8_0765od_4041.txt,https://m-selig.ae.illinois.edu/props/volume-3/data/ancf_10x8_0765od_4041.txt,970,01683cfff799a08ba13e44813659ba3be016cdd73910de93cefa91910f17d729,J         CT        CP        eta
volume-3/data/ancf_10x8_0767od_4971.txt,https://m-selig.ae.illinois.edu/props/volume-3/data/ancf_10x8_0767od_4971.txt,658,f8cf70419c50a8f45f0d1e7d23892cae6838891b74daf5e681edf4f8a80a66f8,J         CT        CP        eta
volume-3/data/ancf_10x8_0768od_5036.txt,https://m-selig.ae.illinois.edu/props/volume-3/data/ancf_10x8_0768od_5036.txt,970,d6bb095ffcc7d16324c39b26bc76c6ac40f755367b0f84cf7a0629aebb210bc1,J         CT        CP        eta
volume-3/data/ancf_10x8_0769od_5965.txt,https://m-selig.ae.illinois.edu/props/volume-3/data/ancf_10x8_0769od_5965.txt,658,90d3503a54f0cb58f26f123816d645a9a1d515a9433c78cd9a2fe8217e61ac5c,J         CT        CP        eta
volume-3/data/ancf_10x8_0770od_6015.txt,https://m-selig.ae.illinois.edu/props/volume-3/data/ancf_10x8_0770od_6015.txt,970,effef96655fa508e565d3b44305e6bf461101941f484463d12795e6ed8ae01c7,J         CT        CP        eta
volume-3/data/ancf_10x8_static_0762od.txt,https://m-selig.ae.illinois.edu/props/volume-3/data/ancf_10x8_static_0762od.txt,442,9100a3cd40d2b16e20e23084c91dafd1aeeddfa3b7deeafee5340ddedda2e5c0,RPM        CT      CP
volume-3/data/ancf_11x10_0838od_3038.txt,https://m-selig.ae.illinois.edu/props/volume-3/data/ancf_11x10_0838od_3038.txt,697,1e5575c9121580ec431bf189b16cd100867ebe70cbb37107ec42f96745bb0326,J         CT        CP        eta
volume-3/data/ancf_11x10_0839od_3027.txt,https://m-selig.ae.illinois.edu/props/volume-3/data/ancf_11x10_0839od_3027.txt,970,34339b129a892b342a7060da328da9c96627210e59099a737348c3906f1e3c1b,J         CT        CP        eta
volume-3/data/ancf_11x10_0840od_3990.txt,https://m-selig.ae.illinois.edu/props/volume-3/data/ancf_11x10_0840od_3990.txt,658,1d68147d41887282788bd0e7a2a5e3a56b51f06f496c1118fdee3f243bbdc694,J         CT        CP        eta
volume-3/data/ancf_11x10_0841od_4039.txt,https://m-selig.ae.illinois.edu/props/volume-3/data/ancf_11x10_0841od_4039.txt,970,a744995243c7313918bcd860d2109725b9b7f1c3f41b7fc77f68b95162f48def,J         CT        CP        eta
volume-3/data/ancf_11x10_0842od_4987.txt,https://m-selig.ae.illinois.edu/props/volume-3/data/ancf_11x10_0842od_4987.txt,658,72778b4177d50946b2272e1d7c27826be9a92f293eec9478e4f2ee8281d5b9ec,J         CT        CP        eta
volume-3/data/ancf_11x10_0843od_5019.txt,https://m-selig.ae.illinois.edu/props/volume-3/data/ancf_11x10_0843od_5019.txt,970,cd13bedafc71209ebb0edb348c956123f79cffc1833b6b14212fdf1aa8bbe5c4,J         CT        CP        eta
volume-3/data/ancf_11x10_0844od_5980.txt,https://m-selig.ae.illinois.edu/props/volume-3/data/ancf_11x10_0844od_5980.txt,697,cb9b9ad563fb939121ef8e39b4363f0a5926f898047fde00766618020394175b,J         CT        CP        eta
volume-3/data/ancf_11x10_0845od_6040.txt,https://m-selig.ae.illinois.edu/props/volume-3/data/ancf_11x10_0845od_6040.txt,970,33800aa8f84423067ee7e7781809ac66f4848acd2e74d318ee123bbd3c8cf549,J         CT        CP        eta
volume-3/data/ancf_11x10_static_0837od.txt,https://m-selig.ae.illinois.edu/props/volume-3/data/ancf_11x10_static_0837od.txt,442,5a2a76b3e808da06856eebddfdf08098ad7cb57012d97066472ee070ec1ad84b,RPM        CT      CP
volume-3/data/ancf_11x12_0896od_3047.txt,https://m-selig.ae.illinois.edu/props/volume-3/data/ancf_11x12_0896od_3047.txt,697,5e33cdbcb8fe4a11ccf541d003c773cd5db47a911789f6bddeaea74e832ad558,J         CT        CP        eta
volume-3/data/ancf_11x12_0897od_3048.txt,https://m-selig.ae.illinois.edu/props/volume-3/data/ancf_11x12_0897od_3048.txt,970,93babc2ef49537a0adcdb7320563b73fc1ec96a3510688182f18232c08575109,J         CT        CP        eta
volume-3/data/ancf_11x12_0898od_4020.txt,https://m-selig.ae.illinois.edu/props/volume-3/data/ancf_11x12_0898od_4020.txt,697,a3c12df73cbb942446a4313a7c5db575889bc440a611ef4313a32947341cb8b5,J         CT        CP        eta
volume-3/data/ancf_11x12_0899od_4041.txt,https://m-selig.ae.illinois.edu/props/volume-3/data/ancf_11x12_0899od_4041.txt,970,b91fbc96ea96245764a3a270120859bf78be63586270eff541a3bb986b59fd1c,J         CT        CP        eta
volume-3/data/ancf_11x12_0900od_4978.txt,https://m-selig.ae.illinois.edu/props/volume-3/data/ancf_11x12_0900od_4978.txt,658,9ec077f5b63bd84d19edf6afae4aab945131ffb48cd623405ec714ad45fce644,J         CT        CP        eta
volume-3/data/ancf_11x12_0901od_4996.txt,https://m-selig.ae.illinois.edu/props/volume-3/data/ancf_11x12_0901od_4996.txt,970,100473f921753a6131ef209e648c00ec350c27cbff7d66cca0f183aea136fbbc,J         CT        CP        eta
volume-3/data/ancf_11x12_0902od_6010.txt,https://m-selig.ae.illinois.edu/props/volume-3/data/ancf_11x12_0902od_6010.txt,619,9280a4032291c3fb19575fd9131d99016575a4f51e020ace6188f97d70c6a5b7,J         CT        CP        eta
volume-3/data/ancf_11x12_0903od_6021.txt,https://m-selig.ae.illinois.edu/props/volume-3/data/ancf_11x12_0903od_6021.txt,970,7bf6dc8da5f4cd95f61da33578d5b05c0bfc5396d813544c395be056fd3b748c,J         CT        CP        eta
volume-3/data/ancf_11x12_static_0904od.txt,https://m-selig.ae.illinois.edu/props/volume-3/data/ancf_11x12_static_0904od.txt,442,760e0bd95dcd9e7f1cea343f9dbc35faf67424655bf0255eb5d5ba68a96a1db5,RPM        CT      CP
volume-3/data/ancf_11x4_0824od_3021.txt,https://m-selig.ae.illinois.edu/props/volume-3/data/ancf_11x4_0824od_3021.txt,697,9fae6991b00325f2fff54266083aa7897959f213209e488145ed3aae65bcfb25,J         CT        CP        eta
volume-3/data/ancf_11x4_0825od_4025.txt,https://m-selig.ae.illinois.edu/props/volume-3/data/ancf_11x4_0825od_4025.txt,697,ba8254b0e46d0744e0aef31b52345dfafabc430bf485b1ca0e91f82f2ab8efb9,J         CT        CP        eta
volume-3/data/ancf_11x4_0826od_5040.txt,https://m-selig.ae.illinois.edu/props/volume-3/data/ancf_11x4_0826od_5040.txt,658,d09420a950055db26013a18387b0b6a20502cccf5113de327a042fe4a2a44b8d,J         CT        CP        eta
volume-3/data/ancf_11x4_0827od_6030.txt,https://m-selig.ae.illinois.edu/props/volume-3/data/ancf_11x4_0827od_6030.txt,658,248c2b4ed8358caf609250e0601c4a24637f83c8c3b77e3930246f4fb020bece,J         CT        CP        eta
volume-3/data/ancf_11x4_0828od_6055.txt,https://m-selig.ae.illinois.edu/props/volume-3/data/ancf_11x4_0828od_6055.txt,970,8074aa795721eff8b031a5f8b446cbf08d4801e2523bd95b45d17767ec429d03,J         CT        CP        eta
volume-3/data/ancf_11x4_static_0823od.txt,https://m-selig.ae.illinois.edu/props/volume-3/data/ancf_11x4_static_0823od.txt,442,e4a07ee234e6045331bccbecdd3f24ed9fccf61ace6022b96f0344cbe8d24ec1,RPM        CT      CP
volume-3/data/ancf_11x6_0866od_4995.txt,https://m-selig.ae.illinois.edu/props/volume-3/data/ancf_11x6_0866od_4995.txt,658,624a8d1e87301bde938cd5c088052d7952f6f53ec4f8c419c3fafeeba351e557,J         CT        CP        eta
volume-3/data/ancf_11x6_0868od_5050.txt,https://m-selig.ae.illinois.edu/props/volume-3/data/ancf_11x6_0868od_5050.txt,970,82ff5e7127d1809f56ec7db5c0be0d11528880b0f85710c828dbf827a9f15095,J         CT        CP        eta
volume-3/data/ancf_11x6_0869od_3030.txt,https://m-selig.ae.illinois.edu/props/volume-3/data/ancf_11x6_0869od_3030.txt,697,4e5234bb00fcb3fc2543c93e6d55dffbd0367dbee79f0651f3a80af907985e59,J         CT        CP        eta
volume-3/data/ancf_11x6_0870od_4016.txt,https://m-selig.ae.illinois.edu/props/volume-3/data/ancf_11x6_0870od_4016.txt,697,d21d4032a793829cbab764907e304ad601d79a133dc9810e775947a7c850a4ab,J         CT        CP        eta
volume-3/data/ancf_11x6_0871od_4042.txt,https://m-selig.ae.illinois.edu/props/volume-3/data/ancf_11x6_0871od_4042.txt,970,a0c993cbed687e164820735f4feb6f173c58a67b7fc2fc8de7e0498f539ae5e0,J         CT        CP        eta
volume-3/data/ancf_11x6_0872od_5985.txt,https://m-selig.ae.illinois.edu/props/volume-3/data/ancf_11x6_0872od_5985.txt,658,2196c4b4f34973d623740b8cbcf118905cec3724b30e72052a25c1a8bc380dce,J         CT        CP        eta
volume-3/data/ancf_11x6_0873od_6036.txt,https://m-selig.ae.illinois.edu/props/volume-3/data/ancf_11x6_0873od_6036.txt,970,1e9b2e4018ae4d5b83373e11a89a2f86f11c3e2ef33c777c68b49f74b45ed1b7,J         CT        CP        eta
volume-3/data/ancf_11x6_static_0874od.txt,https://m-selig.ae.illinois.edu/props/volume-3/data/ancf_11x6_static_0874od.txt,442,1146b8646a2a1861da079620d0bee55a14996a032dd37695ead98bf1d17e8c13,RPM        CT      CP
volume-3/data/ancf_11x7_0855od_3035.txt,https://m-selig.ae.illinois.edu/props/volume-3/data/ancf_11x7_0855od_3035.txt,697,e5d9b9ffb122dd22556dd36498329d6838c0fd67aba2a0ade066f77ca2215fa0,J         CT        CP        eta
volume-3/data/ancf_11x7_0856od_4013.txt,https://m-selig.ae.illinois.edu/props/volume-3/data/ancf_11x7_0856od_4013.txt,697,88ff74d79a246cb279851f410a31726de3ba64b6eba93316aaf149bc309ed5cf,J         CT        CP        eta
volume-3/data/ancf_11x7_0857od_4056.txt,https://m-selig.ae.illinois.edu/props/volume-3/data/ancf_11x7_0857od_4056.txt,970,f87b1b3e8d45c739c75ece25ca205317d0089ee23fee435fd2b828bba4e80dbc,J         CT        CP        eta
volume-3/data/ancf_11x7_0858od_4976.txt,https://m-selig.ae.illinois.edu/props/volume-3/data/ancf_11x7_0858od_4976.txt,658,83338d301cfa70888f7adc0d33a91c3d503fe8972ce637394d4f3af77b9cfa5b,J         CT        CP        eta
volume-3/data/ancf_11x7_0859od_5037.txt,https://m-selig.ae.illinois.edu/props/volume-3/data/ancf_11x7_0859od_5037.txt,970,5dcc06bed0c37a6ff0a648e5c5dcd249ef0212ab50dffdfd69ace42fd01f1524,J         CT        CP        eta
volume-3/data/ancf_11x7_0860od_5961.txt,https://m-selig.ae.illinois.edu/props/volume-3/data/ancf_11x7_0860od_5961.txt,658,0bca9849264480ade8ce2d90a260fdc7becb06ba09dce4077d838fe2d568a4a8,J         CT        CP        eta
volume-3/data/ancf_11x7_0861od_6020.txt,https://m-selig.ae.illinois.edu/props/volume-3/data/ancf_11x7_0861od_6020.txt,970,e21b8397be917f6302844be17d27f6f3f1a4dea8b254c4406d8627d40c2778e2,J         CT        CP        eta
volume-3/data/ancf_11x7_static_0854od.txt,https://m-selig.ae.illinois.edu/props/volume-3/data/ancf_11x7_static_0854od.txt,442,ac72fa00ed55a8df0760ce121a2a14c53bcd179a433a055024fdee8db60d4b97,RPM        CT      CP
volume-3/data/ancf_11x8_0847od_3037.txt,https://m-selig.ae.illinois.edu/props/volume-3/data/ancf_11x8_0847od_3037.txt,697,2bd4cb9323dcdd69977d763d5571b9dff01199e73b0e5caeaa71b4e834464e67,J         CT        CP        eta
volume-3/data/ancf_11x8_0848od_4004.txt,https://m-selig.ae.illinois.edu/props/volume-3/data/ancf_11x8_0848od_4004.txt,697,2e32c3f965389926dee5163bb6d2c69c624098948bfa9131c83bb0e0c03517e3,J         CT        CP        eta
volume-3/data/ancf_11x8_0849od_4054.txt,https://m-selig.ae.illinois.edu/props/volume-3/data/ancf_11x8_0849od_4054.txt,970,7ecc2ca469bd67b4ffaa144957fa946c8a2366b7fe9b3f9c6e767404a484e1e7,J         CT        CP        eta
volume-3/data/ancf_11x8_0850od_4972.txt,https://m-selig.ae.illinois.edu/props/volume-3/data/ancf_11x8_0850od_4972.txt,658,f3c229a0df2bff396142b57e704880761a4d769a835b48388fd53bd4ec266fe6,J         CT        CP        eta
volume-3/data/ancf_11x8_0851od_5032.txt,https://m-selig.ae.illinois.edu/props/volume-3/data/ancf_11x8_0851od_5032.txt,970,7c8705d682a665dfb7e42d1196f0b9a1aa5d428adad18f083b765e743e6cbf26,J         CT        CP        eta
volume-3/data/ancf_11x8_0852od_5965.txt,https://m-selig.ae.illinois.edu/props/volume-3/data/ancf_11x8_0852od_5965.txt,619,c196569a0c08d45e3cbd6167e52f47df23343cc4b54df8cdd8f104037a87a5ae,J         CT        CP        eta
volume-3/data/ancf_11x8_0853od_6018.txt,https://m-selig.ae.illinois.edu/props/volume-3/data/ancf_11x8_0853od_6018.txt,970,79e6a100a0ccc0aa0007ae549af617f7d5cafda6e6e8fb84cf9cdcab43b911f2,J         CT        CP        eta
volume-3/data/ancf_11x8_static_0846od.txt,https://m-selig.ae.illinois.edu/props/volume-3/data/ancf_11x8_static_0846od.txt,442,707c100032ea2aa65b3537f8613d457740fe7666a0a9709e628f9857356377f8,RPM        CT      CP
volume-3/data/ancf_125x6_0925od_3027.txt,https://m-selig.ae.illinois.edu/props/volume-3/data/ancf_125x6_0925od_3027.txt,697,48b4a38bcf408e1bdaa148aa46cee27a265fd74e5aea9a3faa2329478c4b4373,J         CT        CP        eta
volume-3/data/ancf_125x6_0926od_4020.txt,https://m-selig.ae.illinois.edu/props/volume-3/data/ancf_125x6_0926od_4020.txt,697,ff960140b852754869e4ec3ca05746f06b3ed451e9da77c69dd7e9170b004720,J         CT        CP        eta
volume-3/data/ancf_125x6_0927od_4043.txt,https://m-selig.ae.illinois.edu/props/volume-3/data/ancf_125x6_0927od_4043.txt,970,e065e688a5104c2c8836428b2231c24955d8f01f51fe65429c91f7f5520736ae,J         CT        CP        eta
volume-3/data/ancf_125x6_0928od_4990.txt,https://m-selig.ae.illinois.edu/props/volume-3/data/ancf_125x6_0928od_4990.txt,658,286438cc8a266c159272c8b4703ffe53ec648cbf472412324de65b1b4956acaf,J         CT        CP        eta
volume-3/data/ancf_125x6_0929od_5041.txt,https://m-selig.ae.illinois.edu/props/volume-3/data/ancf_125x6_0929od_5041.txt,970,7eff2be325f295ac1fb71b1e673cb215a91888144984be859c54e8c77ba806fa,J         CT        CP        eta
volume-3/data/ancf_125x6_0930od_5994.txt,https://m-selig.ae.illinois.edu/props/volume-3/data/ancf_125x6_0930od_5994.txt,619,56b928328c1cd06480d63b36b3dd3269ae7347399dff119de655c183f3872a45,J         CT        CP        eta
volume-3/data/ancf_125x6_0931od_6040.txt,https://m-selig.ae.illinois.edu/props/volume-3/data/ancf_125x6_0931od_6040.txt,970,df2cbfcab71a6ffaf9a194916af61dc5eabd101409929eaa68b812d55701989e,J         CT        CP        eta
volume-3/data/ancf_125x6_static_0924od.txt,https://m-selig.ae.illinois.edu/props/volume-3/data/ancf_125x6_static_0924od.txt,442,29f2367a06aaf29cb4f505ec484d2164ef8cc6baab72f1270ded573d5d532f51,RPM        CT      CP
volume-3/data/ancf_125x75_0915od_3014.txt,https://m-selig.ae.illinois.edu/props/volume-3/data/ancf_125x75_0915od_3014.txt,697,ff396675f34accb596d66429c020e389c0a128fda2e8afcdc9cd09ff6539e8a8,J         CT        CP        eta
volume-3/data/ancf_125x75_0916od_4023.txt,https://m-selig.ae.illinois.edu/props/volume-3/data/ancf_125x75_0916od_4023.txt,697,d96bafc70dd8903a4e9bcb08d5e9193d106f2752a30de8d8d34d9bbc97f76d2c,J         CT        CP        eta
volume-3/data/ancf_125x75_0917od_4055.txt,https://m-selig.ae.illinois.edu/props/volume-3/data/ancf_125x75_0917od_4055.txt,970,62c5e5c4456cfa9a2045bac66f7aa936bb9975d986e5b8a21046a5207ba58b9a,J         CT        CP        eta
volume-3/data/ancf_125x75_0918od_4978.txt,https://m-selig.ae.illinois.edu/props/volume-3/data/ancf_125x75_0918od_4978.txt,658,e84839cfacf2fdcd2f81bbd570070a2d73a7b16f4ed67a34807a664de6f42c52,J         CT        CP        eta
volume-3/data/ancf_125x75_0920od_5973.txt,https://m-selig.ae.illinois.edu/props/volume-3/data/ancf_125x75_0920od_5973.txt,619,8c584015b1e9acf1cc394992a0cc5d110ae99fbb98cbcf950dc786e32d165842,J         CT        CP        eta
volume-3/data/ancf_125x75_0921od_6015.txt,https://m-selig.ae.illinois.edu/props/volume-3/data/ancf_125x75_0921od_6015.txt,970,82c469ec07e9283b9142a2f9946923a2b3c7a2a4bbcfd7847a84c7f598ce1910,J         CT        CP        eta
volume-3/data/ancf_125x75_0922od_5017.txt,https://m-selig.ae.illinois.edu/props/volume-3/data/ancf_125x75_0922od_5017.txt,970,c9a43d9cd35d61fe95bd46a089f730e825956a7576ea405d35f728e10cc1c7f6,J         CT        CP        eta
volume-3/data/ancf_125x75_static_0914od.txt,https://m-selig.ae.illinois.edu/props/volume-3/data/ancf_125x75_static_0914od.txt,442,a6f13a4cc757708d24e3fe6115320663b31728f6062f49ba9ae95ea04dc9305a,RPM        CT      CP
volume-3/data/ancf_125x9_0906od_3015.txt,https://m-selig.ae.illinois.edu/props/volume-3/data/ancf_125x9_0906od_3015.txt,697,014c014fe09bd01f2f4d5ea1ccfa5a403f20b3e3dc9d309a7666a9181e427412,J         CT        CP        eta
volume-3/data/ancf_125x9_0907od_3041.txt,https://m-selig.ae.illinois.edu/props/volume-3/data/ancf_125x9_0907od_3041.txt,970,94cb5527ffffe4e9b7aa0e9ffc6721c3a9d7befbe1f2f1bae1d064f1fbfa9814,J         CT        CP        eta
volume-3/data/ancf_125x9_0908od_3982.txt,https://m-selig.ae.illinois.edu/props/volume-3/data/ancf_125x9_0908od_3982.txt,697,68a43fc04bda2f8e1a327987242e4f50fb9298028de50ed69807adcfb043ded8,J         CT        CP        eta
volume-3/data/ancf_125x9_0909od_4050.txt,https://m-selig.ae.illinois.edu/props/volume-3/data/ancf_125x9_0909od_4050.txt,970,5798475fcdefb31246e77db0fc0bba6fe54a51935418e920267780235ca4ab64,J         CT        CP        eta
volume-3/data/ancf_125x9_0910od_4979.txt,https://m-selig.ae.illinois.edu/props/volume-3/data/ancf_125x9_0910od_4979.txt,658,3f308cb77406723fcd1f13c41f11194f446a889157e73778fd6af39d42be99b3,J         CT        CP        eta
volume-3/data/ancf_125x9_0911od_5019.txt,https://m-selig.ae.illinois.edu/props/volume-3/data/ancf_125x9_0911od_5019.txt,970,add8526cf792b3c4d85ce8e0ebd4c42d3834948ffad02d5ee5819e4435108bba,J         CT        CP        eta
volume-3/data/ancf_125x9_0912od_5981.txt,https://m-selig.ae.illinois.edu/props/volume-3/data/ancf_125x9_0912od_5981.txt,619,d5c9acc5e5c11ad5f29b34ee86fdeb514b4e68d5ed9b191715f0f46e2994284a,J         CT        CP        eta
volume-3/data/ancf_125x9_0913od_6013.txt,https://m-selig.ae.illinois.edu/props/volume-3/data/ancf_125x9_0913od_6013.txt,970,9956486aaa89c297dc69e574c20eb714437a70befce5e31b688f0d8da49e0253,J         CT        CP        eta
volume-3/data/ancf_125x9_static_0905od.txt,https://m-selig.ae.illinois.edu/props/volume-3/data/ancf_125x9_static_0905od.txt,442,6cbc81ee611020e9076dc8669d9855d4a618e187b5a8bf82c41d416be098e93a,RPM        CT      CP
volume-3/data/ancf_12x10_0688od_2995.txt,https://m-selig.ae.illinois.edu/props/volume-3/data/ancf_12x10_0688od_2995.txt,697,7293bf858fc78a574c1c05d6eda62c1c080765e449503cb674720b0c948271f8,J         CT        CP        eta
volume-3/data/ancf_12x10_0689od_3055.txt,https://m-selig.ae.illinois.edu/props/volume-3/data/ancf_12x10_0689od_3055.txt,970,f0d5955669316d05839137ecccbf230e47259f68022a491008310f93b3a389b0,J         CT        CP        eta
volume-3/data/ancf_12x10_0690od_3972.txt,https://m-selig.ae.illinois.edu/props/volume-3/data/ancf_12x10_0690od_3972.txt,658,ba439975be11c639b3beab52954dd85624085d242335d0439e4e6daa8dcb72cd,J         CT        CP        eta
volume-3/data/ancf_12x10_0691od_4049.txt,https://m-selig.ae.illinois.edu/props/volume-3/data/ancf_12x10_0691od_4049.txt,970,24494aa6a8c2d4a89c7562227d261b063d32d39bb43a44f1e2f7202e5621e62e,J         CT        CP        eta
volume-3/data/ancf_12x10_0692od_5023.txt,https://m-selig.ae.illinois.edu/props/volume-3/data/ancf_12x10_0692od_5023.txt,658,c8c13dec775d1c6f3a5893fdcddabc0673d74db8efbd411b8f2b6aac75d938e8,J         CT        CP        eta
volume-3/data/ancf_12x10_0693od_5038.txt,https://m-selig.ae.illinois.edu/props/volume-3/data/ancf_12x10_0693od_5038.txt,970,29c3f9bb86d34ff550af28e6d6ebdc98d34878233633f44b46bf7c7e9b411f62,J         CT        CP        eta
volume-3/data/ancf_12x10_0694od_5973.txt,https://m-selig.ae.illinois.edu/props/volume-3/data/ancf_12x10_0694od_5973.txt,619,5f8ff2ee411eb76c4c03c32ee22fb153acbad32b2dc9bb86350fe3d62e65fadc,J         CT        CP        eta
volume-3/data/ancf_12x10_0695od_6004.txt,https://m-selig.ae.illinois.edu/props/volume-3/data/ancf_12x10_0695od_6004.txt,970,aee9d294389411d9da45f022bd056c1f5b85c2a420a4ae31b98ae8a6f513c22e,J         CT        CP        eta
volume-3/data/ancf_12x10_static_0720od.txt,https://m-selig.ae.illinois.edu/props/volume-3/data/ancf_12x10_static_0720od.txt,442,b494d1d5d6c0a056cf075265e5c4b0693bb12ebf875f49b9bad98519844b8a11,RPM        CT      CP
volume-3/data/ancf_12x13_0781od_3020.txt,https://m-selig.ae.illinois.edu/props/volume-3/data/ancf_12x13_0781od_3020.txt,697,d87415c46e07dbef37446d2e339ae33d535387f66b1c6810fdb96649f37c2084,J         CT        CP        eta
volume-3/data/ancf_12x13_0782od_3055.txt,https://m-selig.ae.illinois.edu/props/volume-3/data/ancf_12x13_0782od_3055.txt,970,75a22088c33347641b74dc3f12849925e2c973b647716667c7f088e8387f1b6e,J         CT        CP        eta
volume-3/data/ancf_12x13_0783od_3977.txt,https://m-selig.ae.illinois.edu/props/volume-3/data/ancf_12x13_0783od_3977.txt,658,113fbd2d865e140a9f082e3b4a57a73da0a8280a829656c905cfabedc87a8a89,J         CT        CP        eta
volume-3/data/ancf_12x13_0784od_4015.txt,https://m-selig.ae.illinois.edu/props/volume-3/data/ancf_12x13_0784od_4015.txt,970,42528c91f8f0e7b52df05a5518eb2efb7852926ee221a246a4565dba098d4492,J         CT        CP        eta
volume-3/data/ancf_12x13_0785od_5004.txt,https://m-selig.ae.illinois.edu/props/volume-3/data/ancf_12x13_0785od_5004.txt,658,10c37cf2aaa5fbb2b9bf5401a39d45e3ddfbf6addde6ee4595920780e3c4128d,J         CT        CP        eta
volume-3/data/ancf_12x13_0786od_5017.txt,https://m-selig.ae.illinois.edu/props/volume-3/data/ancf_12x13_0786od_5017.txt,970,601f35e617c147b9ece9609891beb400336c7664197c5b424c84c88b6aced501,J         CT        CP        eta
volume-3/data/ancf_12x13_0787od_5999.txt,https://m-selig.ae.illinois.edu/props/volume-3/data/ancf_12x13_0787od_5999.txt,619,8d43e432405411c082d8de57d6849d07f8f9c303e0c35d26f0fba0667ba28b71,J         CT        CP        eta
volume-3/data/ancf_12x13_0788od_6006.txt,https://m-selig.ae.illinois.edu/props/volume-3/data/ancf_12x13_0788od_6006.txt,970,a8c3e9f33f6fb802e893ab53baee6ddd5bd651341bde0a5c3eb4b8661a1ceda4,J         CT        CP        eta
volume-3/data/ancf_12x13_static_0780od.txt,https://m-selig.ae.illinois.edu/props/volume-3/data/ancf_12x13_static_0780od.txt,412,56bf495bbfa9639fc0624ed72c50c93a49933d460cda782c5c8f3b39a7944cda,RPM        CT      CP
volume-3/data/ancf_12x5_0790od_3014.txt,https://m-selig.ae.illinois.edu/props/volume-3/data/ancf_12x5_0790od_3014.txt,697,133c53ee87e54a495dbed77da9132aaaa2542835ada8df977041c63b98f13b40,J         CT        CP        eta
volume-3/data/ancf_12x5_0791od_4022.txt,https://m-selig.ae.illinois.edu/props/volume-3/data/ancf_12x5_0791od_4022.txt,697,0685147c74ebc310e8a49386f4702b2057bf554a1aaaf0b8675b525724164b58,J         CT        CP        eta
volume-3/data/ancf_12x5_0792od_5018.txt,https://m-selig.ae.illinois.edu/props/volume-3/data/ancf_12x5_0792od_5018.txt,658,7bea8e8540a1c89c43908ce2379c2a9900d892885aa77366c9e50484d0f5d9fc,J         CT        CP        eta
volume-3/data/ancf_12x5_0793od_5056.txt,https://m-selig.ae.illinois.edu/props/volume-3/data/ancf_12x5_0793od_5056.txt,970,d25978f73865a1d34016089fcbc0641505c23edb75409694e068c89a1b08a843,J         CT        CP        eta
volume-3/data/ancf_12x5_0794od_5995.txt,https://m-selig.ae.illinois.edu/props/volume-3/data/ancf_12x5_0794od_5995.txt,658,47d1975ab0f9dd26b0a57ffc44715ffcad5bad85018a9902586ef151635cedef,J         CT        CP        eta
volume-3/data/ancf_12x5_0795od_6048.txt,https://m-selig.ae.illinois.edu/props/volume-3/data/ancf_12x5_0795od_6048.txt,970,e25c332256bf00c52ee67a6604a6f4326f9a0ed443dc08788b4eef6708f7d0b9,J         CT        CP        eta
volume-3/data/ancf_12x5_static_0789od.txt,https://m-selig.ae.illinois.edu/props/volume-3/data/ancf_12x5_static_0789od.txt,442,83cac11f55c481ef998c5b18d802c9e5031b099533e05e302c932fb1656da268,RPM        CT      CP
volume-3/data/ancf_12x6_0722od_3042.txt,https://m-selig.ae.illinois.edu/props/volume-3/data/ancf_12x6_0722od_3042.txt,697,2f45bea11efe4b98b5b31bfb2c713c7a8f0a2d41b3914952c181354a886f7048,J         CT        CP        eta
volume-3/data/ancf_12x6_0723od_4027.txt,https://m-selig.ae.illinois.edu/props/volume-3/data/ancf_12x6_0723od_4027.txt,697,5996718f3c6cab9bf482061c0d33ededb29e98914dcefa5034bee2a2a9deed90,J         CT        CP        eta
volume-3/data/ancf_12x6_0724od_4039.txt,https://m-selig.ae.illinois.edu/props/volume-3/data/ancf_12x6_0724od_4039.txt,970,a1ded197f1eec12db283b0406601e94a1d89824bfc8a44b3c20cd6b8135c849d,J         CT        CP        eta
volume-3/data/ancf_12x6_0725od_5008.txt,https://m-selig.ae.illinois.edu/props/volume-3/data/ancf_12x6_0725od_5008.txt,658,c8941dd33e800b6a9f1ea29eccfb0ce522f7213e2bf111218601f54c99c3e4e5,J         CT        CP        eta
volume-3/data/ancf_12x6_0726od_5044.txt,https://m-selig.ae.illinois.edu/props/volume-3/data/ancf_12x6_0726od_5044.txt,970,1ca16db641228f7642c44c3275c2a518f80d4f5f4c98c17bf98b8eeda4e652c3,J         CT        CP        eta
volume-3/data/ancf_12x6_0727od_5985.txt,https://m-selig.ae.illinois.edu/props/volume-3/data/ancf_12x6_0727od_5985.txt,619,87127c66a244d39d2b4de04a56556b196c3bcc300549a2e5fd93d68fcfd631b2,J         CT        CP        eta
volume-3/data/ancf_12x6_0728od_6039.txt,https://m-selig.ae.illinois.edu/props/volume-3/data/ancf_12x6_0728od_6039.txt,970,6f06bededd74121691c88630708ad98be852aaec520e0ac18771777950d6b618,J         CT        CP        eta
volume-3/data/ancf_12x6_static_0721od.txt,https://m-selig.ae.illinois.edu/props/volume-3/data/ancf_12x6_static_0721od.txt,442,761c21c1fe6e959cb794fe42735d876185251ff1c05c40c470725ed337db0826,RPM        CT      CP
volume-3/data/ancf_12x65_0807od_3032.txt,https://m-selig.ae.illinois.edu/props/volume-3/data/ancf_12x65_0807od_3032.txt,697,fdc95049ec69b343754e685f3604de37a4528f11b6a685e1ed4f3de6e0dba6a5,J         CT        CP        eta
volume-3/data/ancf_12x65_0808od_4025.txt,https://m-selig.ae.illinois.edu/props/volume-3/data/ancf_12x65_0808od_4025.txt,697,be214daf2e9ff322f5dcd58d06323bb5d51b0add1ee27dcd6d562a32eec4fea4,J         CT        CP        eta
volume-3/data/ancf_12x65_0809od_4040.txt,https://m-selig.ae.illinois.edu/props/volume-3/data/ancf_12x65_0809od_4040.txt,970,17fbe97f96017a059c6dfa3ca44fac89271d8f4ecfbbef0eaa621aaf1f73747d,J         CT        CP        eta
volume-3/data/ancf_12x65_0810od_5002.txt,https://m-selig.ae.illinois.edu/props/volume-3/data/ancf_12x65_0810od_5002.txt,658,650c5fabb3b3c02eedf8ebf9c427fe3bc30da7bb90d57942e1164d4b23444136,J         CT        CP        eta
volume-3/data/ancf_12x65_0811od_5043.txt,https://m-selig.ae.illinois.edu/props/volume-3/data/ancf_12x65_0811od_5043.txt,970,a90823f50c82433faa716efb9be4a84ddf6d29ba059545417806f7db01419427,J         CT        CP        eta
volume-3/data/ancf_12x65_0812od_6028.txt,https://m-selig.ae.illinois.edu/props/volume-3/data/ancf_12x65_0812od_6028.txt,658,1916820d32df90720e8860eedec7ad5d7ca737fe48c66f2856f3da5cf07ae2d8,J         CT        CP        eta
volume-3/data/ancf_12x65_0813od_6040.txt,https://m-selig.ae.illinois.edu/props/volume-3/data/ancf_12x65_0813od_6040.txt,970,b2eefa58fb1e8c65fcc5c60f1ca58e916aded9a69686146d3fe00267bf3fbed5,J         CT        CP        eta
volume-3/data/ancf_12x65_static_0806od.txt,https://m-selig.ae.illinois.edu/props/volume-3/data/ancf_12x65_static_0806od.txt,442,e5fee514943a2e02e8f42c5fcbf6467efe8b12f60cbee3b51496fed9072a88ca,RPM        CT      CP
volume-3/data/ancf_12x8_0697od_3032.txt,https://m-selig.ae.illinois.edu/props/volume-3/data/ancf_12x8_0697od_3032.txt,697,49bb74ded1b2e0418f0d722e3e20fe83245a1a814c367a48232128f9d2c7f5ae,J         CT        CP        eta
volume-3/data/ancf_12x8_0698od_4015.txt,https://m-selig.ae.illinois.edu/props/volume-3/data/ancf_12x8_0698od_4015.txt,697,a83e2126729f80502a37110ec57bb2700bd47414c8f240a4ac2fbe4c603eba12,J         CT        CP        eta
volume-3/data/ancf_12x8_0699od_4041.txt,https://m-selig.ae.illinois.edu/props/volume-3/data/ancf_12x8_0699od_4041.txt,970,763a9926a939c31f03a2e0d91123885efd10441a67227f61db26f369e3c5b102,J         CT        CP        eta
volume-3/data/ancf_12x8_0700od_4981.txt,https://m-selig.ae.illinois.edu/props/volume-3/data/ancf_12x8_0700od_4981.txt,658,506250db1e34147b6de2471c6f7fd4f10677e9ad80dcb4b790a8800be63e40e7,J         CT        CP        eta
volume-3/data/ancf_12x8_0701od_5038.txt,https://m-selig.ae.illinois.edu/props/volume-3/data/ancf_12x8_0701od_5038.txt,970,374fe9683fb34c61943b8f3edeeab0926353ab0e81cebb9d70a771f03424400d,J         CT        CP        eta
volume-3/data/ancf_12x8_0702od_5974.txt,https://m-selig.ae.illinois.edu/props/volume-3/data/ancf_12x8_0702od_5974.txt,658,db14f2ff22171c4860c84229cd0f1283d303d82204b8aa2d8a701d679f7db8c9,J         CT        CP        eta
volume-3/data/ancf_12x8_0703od_6021.txt,https://m-selig.ae.illinois.edu/props/volume-3/data/ancf_12x8_0703od_6021.txt,970,fd963e4517fa848d58566cdc150f0d12ee05fa29787dd3b39f98df20e422d64c,J         CT        CP        eta
volume-3/data/ancf_12x8_static_0696od.txt,https://m-selig.ae.illinois.edu/props/volume-3/data/ancf_12x8_static_0696od.txt,442,d418174f8aec7c05f6bb46c3f38e09f6831b573887feaf83548e0c7dfc2ee4c4,RPM        CT      CP
volume-3/data/ancf_12x9_0772od_3000.txt,https://m-selig.ae.illinois.edu/props/volume-3/data/ancf_12x9_0772od_3000.txt,697,39a3bd6d28487800b1a8c6d178d2c7f09dbbbb24812e74bf83f0d1d74e9b2957,J         CT        CP        eta
volume-3/data/ancf_12x9_0773od_3042.txt,https://m-selig.ae.illinois.edu/props/volume-3/data/ancf_12x9_0773od_3042.txt,970,b4e0f1f838d1b1c6e301eeac354fd40fb3285861e414160ce47b31147b661469,J         CT        CP        eta
volume-3/data/ancf_12x9_0774od_3984.txt,https://m-selig.ae.illinois.edu/props/volume-3/data/ancf_12x9_0774od_3984.txt,658,4262b016775fad81cd6bdd23a45c408dde6fdcc20ddc8636390b18583caa1b6f,J         CT        CP        eta
volume-3/data/ancf_12x9_0775od_4036.txt,https://m-selig.ae.illinois.edu/props/volume-3/data/ancf_12x9_0775od_4036.txt,970,c3bb080fa9ed81dfc4a908ae21ce601a16cedfef0d785e237b38e47302b749af,J         CT        CP        eta
volume-3/data/ancf_12x9_0776od_4960.txt,https://m-selig.ae.illinois.edu/props/volume-3/data/ancf_12x9_0776od_4960.txt,658,dea678cec46572f0d4edda5ee4ff15a7be4491e2fb2aaa9660a42e422411ca4b,J         CT        CP        eta
volume-3/data/ancf_12x9_0777od_5019.txt,https://m-selig.ae.illinois.edu/props/volume-3/data/ancf_12x9_0777od_5019.txt,970,f2ebc2965b6a21cdf13998065990127b37faabca49640ea5e1373da99f4db710,J         CT        CP        eta
volume-3/data/ancf_12x9_0778od_5968.txt,https://m-selig.ae.illinois.edu/props/volume-3/data/ancf_12x9_0778od_5968.txt,619,073b1f22a15730d15cd75b2a7cd8a8f4b2f63addb5f68ffd43b2dd3b96a66092,J         CT        CP        eta
volume-3/data/ancf_12x9_0779od_6007.txt,https://m-selig.ae.illinois.edu/props/volume-3/data/ancf_12x9_0779od_6007.txt,970,6d974b12ef84f11d4396b7cd1ee95dab61ad8e5e1916cd03a05d278babad0005,J         CT        CP        eta
volume-3/data/ancf_12x9_static_0771od.txt,https://m-selig.ae.illinois.edu/props/volume-3/data/ancf_12x9_static_0771od.txt,442,27e87b88baa4136fcf02b7fdbd80d435f46e1e792e19832cc67af8d80620d5bb,RPM        CT      CP
volume-3/data/ancf_13x10_0593od_2993.txt,https://m-selig.ae.illinois.edu/props/volume-3/data/ancf_13x10_0593od_2993.txt,697,edcc9a98d16d24e0001d16f7dce687fab6389ba22abf70178578e71b59182d47,J         CT        CP        eta
volume-3/data/ancf_13x10_0594od_3056.txt,https://m-selig.ae.illinois.edu/props/volume-3/data/ancf_13x10_0594od_3056.txt,970,b715f253c0e3d46175818316349a967cd05afe47da77f41210d43d09fa12fbb4,J         CT        CP        eta
volume-3/data/ancf_13x10_0595od_3971.txt,https://m-selig.ae.illinois.edu/props/volume-3/data/ancf_13x10_0595od_3971.txt,658,dd59cffa42d7aa9b8eb2011e6771513c0cc22ee6194616783bc5c68c63bd5600,J         CT        CP        eta
volume-3/data/ancf_13x10_0596od_4034.txt,https://m-selig.ae.illinois.edu/props/volume-3/data/ancf_13x10_0596od_4034.txt,970,1eb0b49c3d19e53ed30426cda13535a3b847667fc9e778dd50085d2ea28b7e6c,J         CT        CP        eta
volume-3/data/ancf_13x10_0597od_4975.txt,https://m-selig.ae.illinois.edu/props/volume-3/data/ancf_13x10_0597od_4975.txt,658,6333c34079558b4b106d13b93d58b8c7cfa74fdba1479855fdae187e7b95f4b1,J         CT        CP        eta
volume-3/data/ancf_13x10_0598od_5016.txt,https://m-selig.ae.illinois.edu/props/volume-3/data/ancf_13x10_0598od_5016.txt,970,a667577c306962411f0fa3dcf0ca3901185bc52e56688af15d6071e9fe68e96f,J         CT        CP        eta
volume-3/data/ancf_13x10_0599od_5985.txt,https://m-selig.ae.illinois.edu/props/volume-3/data/ancf_13x10_0599od_5985.txt,619,c42cac82eff4c7201538391f6116714c6bef00fd08efd8ab1b6ea8cdd7076312,J         CT        CP        eta
volume-3/data/ancf_13x10_0600od_6000.txt,https://m-selig.ae.illinois.edu/props/volume-3/data/ancf_13x10_0600od_6000.txt,970,8ba04837606a7e183a17275102dcf428e45db19bdf78b014148f6b299047909c,J         CT        CP        eta
volume-3/data/ancf_13x10_0601od_6992.txt,https://m-selig.ae.illinois.edu/props/volume-3/data/ancf_13x10_0601od_6992.txt,580,ff92d8f180c753cfc26d8361d577402786b60f6d2749748166d27c24ee2536d9,J         CT        CP        eta
volume-3/data/ancf_13x10_0602od_6980.txt,https://m-selig.ae.illinois.edu/props/volume-3/data/ancf_13x10_0602od_6980.txt,970,abf85b9073a12481cad29958279d9a8a706f1f8151e4aa0be8e94b0cd01a462d,J         CT        CP        eta
volume-3/data/ancf_13x10_static_0592od.txt,https://m-selig.ae.illinois.edu/props/volume-3/data/ancf_13x10_static_0592od.txt,412,8204c08c30fcba96ccd4b9c235d8aa775caf11e4388657c145a54ac4c9540c02,RPM        CT      CP
volume-3/data/ancf_13x11_0815od_2991.txt,https://m-selig.ae.illinois.edu/props/volume-3/data/ancf_13x11_0815od_2991.txt,658,3b40a440f16e4a61c845fc07a8feee911513be601237bed7be4af72b5ebc6557,J         CT        CP        eta
volume-3/data/ancf_13x11_0816od_3043.txt,https://m-selig.ae.illinois.edu/props/volume-3/data/ancf_13x11_0816od_3043.txt,970,6be941fa7fd917dbb98f1ca5eb45a3064f2687d825573ae744bfae59308a63e0,J         CT        CP        eta
volume-3/data/ancf_13x11_0817od_3988.txt,https://m-selig.ae.illinois.edu/props/volume-3/data/ancf_13x11_0817od_3988.txt,658,a7fef300a119a7c5f864b76d1908ebb0b6922302cd5824adec91990079fec94c,J         CT        CP        eta
volume-3/data/ancf_13x11_0818od_4031.txt,https://m-selig.ae.illinois.edu/props/volume-3/data/ancf_13x11_0818od_4031.txt,970,8cd9a204654fbb82a6034c7c4c2d38d1a38e065c1925dddc37c97402d9830d03,J         CT        CP        eta
volume-3/data/ancf_13x11_0819od_4967.txt,https://m-selig.ae.illinois.edu/props/volume-3/data/ancf_13x11_0819od_4967.txt,658,b73617590fa2b09ab8a62ce2d694424904acc3f67c99d795cc5a2ef8b9861af3,J         CT        CP        eta
volume-3/data/ancf_13x11_0820od_5014.txt,https://m-selig.ae.illinois.edu/props/volume-3/data/ancf_13x11_0820od_5014.txt,970,af03bb8383c120a8b26cf4e04c42389c77264f71d9aad5ca386d4f13e6f4eac8,J         CT        CP        eta
volume-3/data/ancf_13x11_0821od_5959.txt,https://m-selig.ae.illinois.edu/props/volume-3/data/ancf_13x11_0821od_5959.txt,619,50bc95ab567e1a0899e618be2c867879cbf01e767f3dcabc33abbe0945db5123,J         CT        CP        eta
volume-3/data/ancf_13x11_0822od_5992.txt,https://m-selig.ae.illinois.edu/props/volume-3/data/ancf_13x11_0822od_5992.txt,970,dd74a17bc7ad0fab674c5ecca07fe0068dfc322d15ed58a9b682d6271dc87c8b,J         CT        CP        eta
volume-3/data/ancf_13x11_static_0814od.txt,https://m-selig.ae.illinois.edu/props/volume-3/data/ancf_13x11_static_0814od.txt,442,e9c0a49faa29a8bc09974242bd0ef81c27fc7c22373ec4dbb57d2a5bb7f50c1a,RPM        CT      CP
volume-3/data/ancf_13x5_0604od_3033.txt,https://m-selig.ae.illinois.edu/props/volume-3/data/ancf_13x5_0604od_3033.txt,697,37c6e57a8a96992a0633c476924af67dbe9f8e67194a2074db7c87d1a9202086,J         CT        CP        eta
volume-3/data/ancf_13x5_0605od_4035.txt,https://m-selig.ae.illinois.edu/props/volume-3/data/ancf_13x5_0605od_4035.txt,658,bf9e0bb1bd88e50ffdfad3151ed654124ce8b4b406907d07f8425a79d4e06b4a,J         CT        CP        eta
volume-3/data/ancf_13x5_0606od_5012.txt,https://m-selig.ae.illinois.edu/props/volume-3/data/ancf_13x5_0606od_5012.txt,658,8dc3171a41296e3e212ffacb3f72a07e77e429310ef22e2178d34bb98deeafa6,J         CT        CP        eta
volume-3/data/ancf_13x5_0607od_5055.txt,https://m-selig.ae.illinois.edu/props/volume-3/data/ancf_13x5_0607od_5055.txt,970,1d38532649f69c0a3a574fbe47f7ba051e1f65d909a06a12bf2aa792407b53b2,J         CT        CP        eta
volume-3/data/ancf_13x5_0608od_6024.txt,https://m-selig.ae.illinois.edu/props/volume-3/data/ancf_13x5_0608od_6024.txt,619,dcd5bddb51a7a128454c27465eab38f7b9504fa5e62060283534c8eedef5baa9,J         CT        CP        eta
volume-3/data/ancf_13x5_0609od_6037.txt,https://m-selig.ae.illinois.edu/props/volume-3/data/ancf_13x5_0609od_6037.txt,970,c0d0cb2a4651930fcbc7c4e3fdb307d7f0fa279e40969927ebc84481192ba892,J         CT        CP        eta
volume-3/data/ancf_13x5_0610od_7010.txt,https://m-selig.ae.illinois.edu/props/volume-3/data/ancf_13x5_0610od_7010.txt,619,abb50c890ddde2ad9ccf23259f4caf33c3735f666028e5fa45122383490fced9,J         CT        CP        eta
volume-3/data/ancf_13x5_0611od_7033.txt,https://m-selig.ae.illinois.edu/props/volume-3/data/ancf_13x5_0611od_7033.txt,970,d2b55da8d0514165e1459647fab7ad79ccce576bb5a43c1d57c34535d21ba4e7,J         CT        CP        eta
volume-3/data/ancf_13x5_static_0603od.txt,https://m-selig.ae.illinois.edu/props/volume-3/data/ancf_13x5_static_0603od.txt,442,cb441e1ea9f15db4abebe507b15d245a5560ea651ba3efa750f1d11077cabb80,RPM        CT      CP
volume-3/data/ancf_13x65_0571od_3035.txt,https://m-selig.ae.illinois.edu/props/volume-3/data/ancf_13x65_0571od_3035.txt,697,040d8866bfa86003fda0aacba9a3fcd2772c406a6c43f73f4b4075bfd0a311ad,J         CT        CP        eta
volume-3/data/ancf_13x65_0572od_4005.txt,https://m-selig.ae.illinois.edu/props/volume-3/data/ancf_13x65_0572od_4005.txt,697,dd5638ea09e3bac041904ad2919096f26f8fa5088d0d5b89088a9a5c3898ee68,J         CT        CP        eta
volume-3/data/ancf_13x65_0573od_4043.txt,https://m-selig.ae.illinois.edu/props/volume-3/data/ancf_13x65_0573od_4043.txt,970,33fffebcc280522045d08610e3e08b90640422b55a036295a3d5240bdbafa537,J         CT        CP        eta
volume-3/data/ancf_13x65_0574od_4993.txt,https://m-selig.ae.illinois.edu/props/volume-3/data/ancf_13x65_0574od_4993.txt,658,e93de4a32257ed81f3e785b35e61eee4f9e017fd91bd15f6c65e542876bb0b17,J         CT        CP        eta
volume-3/data/ancf_13x65_0575od_5049.txt,https://m-selig.ae.illinois.edu/props/volume-3/data/ancf_13x65_0575od_5049.txt,970,7d5a2bc9e99c22d89b86f38ea7b3125c3421ffa13a7cf78a63c50965f4a5f686,J         CT        CP        eta
volume-3/data/ancf_13x65_0576od_5978.txt,https://m-selig.ae.illinois.edu/props/volume-3/data/ancf_13x65_0576od_5978.txt,619,b0bcdbbaf2d76898baa9928ff1d641ff3e5105df0ef87a4a3d659f79efa6b5d2,J         CT        CP        eta
volume-3/data/ancf_13x65_0578od_6028.txt,https://m-selig.ae.illinois.edu/props/volume-3/data/ancf_13x65_0578od_6028.txt,970,f2de2d184469a044a14d06773f87e90d1ffdfb37737976b9a19556d1da4f9641,J         CT        CP        eta
volume-3/data/ancf_13x65_0579od_7009.txt,https://m-selig.ae.illinois.edu/props/volume-3/data/ancf_13x65_0579od_7009.txt,619,8d0abe171f873cd684aac1906f8eb5c882fc8eac528aa8bc1851c1cf3dd28f33,J         CT        CP        eta
volume-3/data/ancf_13x65_0580od_7042.txt,https://m-selig.ae.illinois.edu/props/volume-3/data/ancf_13x65_0580od_7042.txt,970,dc594e87df07cb53e491fb7bbf7917602a4524ebeb000f9b25d708973a36177e,J         CT        CP        eta
volume-3/data/ancf_13x65_static_0570od.txt,https://m-selig.ae.illinois.edu/props/volume-3/data/ancf_13x65_static_0570od.txt,442,43c032b01a76a29731f4b77ab9772771f80b0436eba15dcd651b2bfd503eeab4,RPM        CT      CP
volume-3/data/ancf_13x8_0582od_3015.txt,https://m-selig.ae.illinois.edu/props/volume-3/data/ancf_13x8_0582od_3015.txt,697,2f549694dbbe3956ea5375f784c9adf39b334ad5040c08fa9284dcb86a7fbbbe,J         CT        CP        eta
volume-3/data/ancf_13x8_0583od_3040.txt,https://m-selig.ae.illinois.edu/props/volume-3/data/ancf_13x8_0583od_3040.txt,970,a3de322c0301b5f8ac478a3b7c882cb553cf1e5a31fdffd9f7716a14cc4f3084,J         CT        CP        eta
volume-3/data/ancf_13x8_0584od_3982.txt,https://m-selig.ae.illinois.edu/props/volume-3/data/ancf_13x8_0584od_3982.txt,658,1c4c594e49b13496b4e23f9d1f51fff1d30d58523585a39d919f061ee74b9b6b,J         CT        CP        eta
volume-3/data/ancf_13x8_0585od_4039.txt,https://m-selig.ae.illinois.edu/props/volume-3/data/ancf_13x8_0585od_4039.txt,970,906e37b9f41cf17f56a26a831a22f189f6b0294488b36caae3da58280ef91417,J         CT        CP        eta
volume-3/data/ancf_13x8_0586od_4969.txt,https://m-selig.ae.illinois.edu/props/volume-3/data/ancf_13x8_0586od_4969.txt,658,372e2dcee2b31ae09a6b63e7499d2adaa979f34700697d8d1e3c3ff17cbe9b23,J         CT        CP        eta
volume-3/data/ancf_13x8_0587od_5025.txt,https://m-selig.ae.illinois.edu/props/volume-3/data/ancf_13x8_0587od_5025.txt,970,2dd48de69fcd4092d54124cada9c02c48f3444437cc74a90b69211f852013b56,J         CT        CP        eta
volume-3/data/ancf_13x8_0588od_5968.txt,https://m-selig.ae.illinois.edu/props/volume-3/data/ancf_13x8_0588od_5968.txt,619,799d392c7183f02400e64b31255eaadbd4e8a37b0764c64fcd576b5520e492c1,J         CT        CP        eta
volume-3/data/ancf_13x8_0589od_6013.txt,https://m-selig.ae.illinois.edu/props/volume-3/data/ancf_13x8_0589od_6013.txt,970,9756fbce06b5eab53b4b258e7b426c55e773ed2a1ee77ec68fb164a1c747a923,J         CT        CP        eta
volume-3/data/ancf_13x8_0590od_6956.txt,https://m-selig.ae.illinois.edu/props/volume-3/data/ancf_13x8_0590od_6956.txt,580,bfe8ec44fee185d159c2c657df1d572bcf9d2e8ce8cb666b2332d3abb585008d,J         CT        CP        eta
volume-3/data/ancf_13x8_0591od_7011.txt,https://m-selig.ae.illinois.edu/props/volume-3/data/ancf_13x8_0591od_7011.txt,970,46691349e8c0765f23424d46a7c39a672be6c4bed842ba9aad24a6ffa5fabe34,J         CT        CP        eta
volume-3/data/ancf_13x8_static_0581od.txt,https://m-selig.ae.illinois.edu/props/volume-3/data/ancf_13x8_static_0581od.txt,442,f12581ec71469d7a1716d57a9b803bba9f6d30efc0a0063a690d0b14405ae98c,RPM        CT      CP
volume-3/data/ancf_14x12_0960od_3004.txt,https://m-selig.ae.illinois.edu/props/volume-3/data/ancf_14x12_0960od_3004.txt,619,8a88516bd2c88f38edd03caacb7dbaf71543bcf97e63e1bf1418cea4a1842903,J         CT        CP        eta
volume-3/data/ancf_14x12_0961od_3039.txt,https://m-selig.ae.illinois.edu/props/volume-3/data/ancf_14x12_0961od_3039.txt,970,62ed3e13e10ed5c010637b3a2df813da9e9cdc9187d29dd579adc9b30f6a35b0,J         CT        CP        eta
volume-3/data/ancf_14x12_0962od_3959.txt,https://m-selig.ae.illinois.edu/props/volume-3/data/ancf_14x12_0962od_3959.txt,619,270a41f467040e7b922369a77afcd475be984042d704d4cffd5a9a9172be7604,J         CT        CP        eta
volume-3/data/ancf_14x12_0964od_4021.txt,https://m-selig.ae.illinois.edu/props/volume-3/data/ancf_14x12_0964od_4021.txt,970,6fa23d4e9775b784e6e2a4620b418526cab2d39981ee30d45723a3046931c2c1,J         CT        CP        eta
volume-3/data/ancf_14x12_0965od_4970.txt,https://m-selig.ae.illinois.edu/props/volume-3/data/ancf_14x12_0965od_4970.txt,541,32c5bc91a43e6889a0deb2bee72c1049609c7ab3bfb80903a2c584c9707633e5,J         CT        CP        eta
volume-3/data/ancf_14x12_0966od_4981.txt,https://m-selig.ae.illinois.edu/props/volume-3/data/ancf_14x12_0966od_4981.txt,970,59dd81302d0ff2045fafb32dfb79ea417daded1ab031e5d9435bbffc95c1601d,J         CT        CP        eta
volume-3/data/ancf_14x12_static_0958od.txt,https://m-selig.ae.illinois.edu/props/volume-3/data/ancf_14x12_static_0958od.txt,382,8b9b44ac0f3495a2e62348a6768b994acb05930598fc6ec09d227f0544de1e47,RPM        CT      CP
volume-3/data/ancf_14x6_0933od_3024.txt,https://m-selig.ae.illinois.edu/props/volume-3/data/ancf_14x6_0933od_3024.txt,697,5c9ed19ab7a9a2d81e40cd79633b3e11bcdce9d4f934fcc0e2c04c4e57a2fb96,J         CT        CP        eta
volume-3/data/ancf_14x6_0936od_5002.txt,https://m-selig.ae.illinois.edu/props/volume-3/data/ancf_14x6_0936od_5002.txt,658,bbd5c1f4a767cc62ac32c26b8ea1444818a0d80ae95679e364b6875ea44aaf13,J         CT        CP        eta
volume-3/data/ancf_14x6_0937od_5040.txt,https://m-selig.ae.illinois.edu/props/volume-3/data/ancf_14x6_0937od_5040.txt,970,f129c0e7cd908621c2a71fcffdaa6ffd4604b410d1540d5f17924f87718239cd,J         CT        CP        eta
volume-3/data/ancf_14x6_0938od_6030.txt,https://m-selig.ae.illinois.edu/props/volume-3/data/ancf_14x6_0938od_6030.txt,619,3706dad1131049db23fad9c61d19ff8ea068452d1925e7a8597ca3bf9b7cbc51,J         CT        CP        eta
volume-3/data/ancf_14x6_0939od_6051.txt,https://m-selig.ae.illinois.edu/props/volume-3/data/ancf_14x6_0939od_6051.txt,970,d358f896ecd76907bbfe0211d1be6d6a487fe7850b7b4093cd696ab5ca84d18c,J         CT        CP        eta
volume-3/data/ancf_14x6_0940od_4032.txt,https://m-selig.ae.illinois.edu/props/volume-3/data/ancf_14x6_0940od_4032.txt,658,85488afdd5547535af3457b2cf9a5c7bd689e817349231e9a614b08c1c2a8489,J         CT        CP        eta
volume-3/data/ancf_14x6_0941od_4058.txt,https://m-selig.ae.illinois.edu/props/volume-3/data/ancf_14x6_0941od_4058.txt,970,e589129a05e0f65b06582459e59bf1c3df87f70b0ef381291ea095f2e08ae03b,J         CT        CP        eta
volume-3/data/ancf_14x6_static_0932od.txt,https://m-selig.ae.illinois.edu/props/volume-3/data/ancf_14x6_static_0932od.txt,442,019559e493bdf97be89e8824a9734b4b31566f1d561237062d8518fb841ab3c7,RPM        CT      CP
volume-3/data/ancf_14x8_0943od_3002.txt,https://m-selig.ae.illinois.edu/props/volume-3/data/ancf_14x8_0943od_3002.txt,658,a3b72cf0d0bbae0231dee4f92882d5ebac80131e4c8d26fd9fdaa382e5680014,J         CT        CP        eta
volume-3/data/ancf_14x8_0944od_3042.txt,https://m-selig.ae.illinois.edu/props/volume-3/data/ancf_14x8_0944od_3042.txt,970,42086013ae94735e1bfbd13204002f0772b7dfe7b41f2d56ccd306602831fa54,J         CT        CP        eta
volume-3/data/ancf_14x8_0945od_3970.txt,https://m-selig.ae.illinois.edu/props/volume-3/data/ancf_14x8_0945od_3970.txt,658,bad799f45d669212ee2cc436723c8764efd070ae3343d38deb37775a7c941e67,J         CT        CP        eta
volume-3/data/ancf_14x8_0946od_4038.txt,https://m-selig.ae.illinois.edu/props/volume-3/data/ancf_14x8_0946od_4038.txt,970,833695f558b9d62dc416ae824be4f33eb67b31e5e7ae724ee2bea22ff16bb63c,J         CT        CP        eta
volume-3/data/ancf_14x8_0947od_4971.txt,https://m-selig.ae.illinois.edu/props/volume-3/data/ancf_14x8_0947od_4971.txt,619,9a2286c68b9ae0b1798b2056517aa557710a44454b71069f1b934e634ff8ac91,J         CT        CP        eta
volume-3/data/ancf_14x8_0948od_5031.txt,https://m-selig.ae.illinois.edu/props/volume-3/data/ancf_14x8_0948od_5031.txt,970,8d4f4f70e99b4792fc523eb8960236408ecdc473ded730760f73399439bf6e00,J         CT        CP        eta
volume-3/data/ancf_14x8_static_0942od.txt,https://m-selig.ae.illinois.edu/props/volume-3/data/ancf_14x8_static_0942od.txt,412,fedf315da883e65573772047a9ab45c10cda6ca08e1e95594558fd2866d3a4da,RPM        CT      CP
volume-3/data/ancf_14x9_0950od_2991.txt,https://m-selig.ae.illinois.edu/props/volume-3/data/ancf_14x9_0950od_2991.txt,658,56bcb13205ae3c4ef89a23eb139d708e4242f12cc59f2f7588c379e36dba452b,J         CT        CP        eta
volume-3/data/ancf_14x9_0952od_3977.txt,https://m-selig.ae.illinois.edu/props/volume-3/data/ancf_14x9_0952od_3977.txt,658,05a4e1950460bdee31e9499e35a78d09548b919fc613b66b1806ee1fbf5c1193,J         CT        CP        eta
volume-3/data/ancf_14x9_0953od_4043.txt,https://m-selig.ae.illinois.edu/props/volume-3/data/ancf_14x9_0953od_4043.txt,970,e3b0c21754d4e626e5129d09c49c1da6438bdac4c1139be8450fb76d83a583f6,J         CT        CP        eta
volume-3/data/ancf_14x9_0955od_3055.txt,https://m-selig.ae.illinois.edu/props/volume-3/data/ancf_14x9_0955od_3055.txt,970,4811a3400ebbfa09d425d29514ec4cd2fb295c834500821ef3ac882e12b350f0,J         CT        CP        eta
volume-3/data/ancf_14x9_0956od_4971.txt,https://m-selig.ae.illinois.edu/props/volume-3/data/ancf_14x9_0956od_4971.txt,619,3c7cb1ec73f15c4bb8aaf9179fa994a703b178763369b2f56f4cb9c9a154244f,J         CT        CP        eta
volume-3/data/ancf_14x9_0957od_5026.txt,https://m-selig.ae.illinois.edu/props/volume-3/data/ancf_14x9_0957od_5026.txt,970,34d1425b0448a8dc8a70279d565216d225502c656a507a3993315a2764bacfe3,J         CT        CP        eta
volume-3/data/ancf_14x9_static_0949od.txt,https://m-selig.ae.illinois.edu/props/volume-3/data/ancf_14x9_static_0949od.txt,412,3915c599c74023c2a5325bb598f57fe1226c11e74a7c9f0efaa6c2df04cac3eb,RPM        CT      CP
volume-3/data/ancf_15x10_0984od_3019.txt,https://m-selig.ae.illinois.edu/props/volume-3/data/ancf_15x10_0984od_3019.txt,619,5450985a37745ab71c56abf5d34f79c0653497a808fd89cd522d6cf481280cde,J         CT        CP        eta
volume-3/data/ancf_15x10_0985od_3043.txt,https://m-selig.ae.illinois.edu/props/volume-3/data/ancf_15x10_0985od_3043.txt,970,1a385f9c488b7a7ce8b08b840bb18ff5c097b736c277d64a6852825a7cf35646,J         CT        CP        eta
volume-3/data/ancf_15x10_0986od_3965.txt,https://m-selig.ae.illinois.edu/props/volume-3/data/ancf_15x10_0986od_3965.txt,619,0d1b275a395510c71dcf74095c564ba99514385235efed3f741488717c647221,J         CT        CP        eta
volume-3/data/ancf_15x10_0987od_4029.txt,https://m-selig.ae.illinois.edu/props/volume-3/data/ancf_15x10_0987od_4029.txt,970,3b26e800520d1ca60ca3f1989c95722f23ea4a1c697a9457c12bdec9d15bc7c2,J         CT        CP        eta
volume-3/data/ancf_15x10_0988od_4964.txt,https://m-selig.ae.illinois.edu/props/volume-3/data/ancf_15x10_0988od_4964.txt,580,6ba764582ad06c656035ce2240832670481c98271ee7f6671537d8ea28ed8fb7,J         CT        CP        eta
volume-3/data/ancf_15x10_0989od_5016.txt,https://m-selig.ae.illinois.edu/props/volume-3/data/ancf_15x10_0989od_5016.txt,970,18ce8c20c758382d6f5a775927b2be0e3176ce15fe2d2c1d22ddbb6b5686a571,J         CT        CP        eta
volume-3/data/ancf_15x10_0990od_2050.txt,https://m-selig.ae.illinois.edu/props/volume-3/data/ancf_15x10_0990od_2050.txt,658,d5cae5c1c8ca7d3396e02df9b498aad5a8d2b3a883a492b36bbddfcaddbe1717,J         CT        CP        eta
volume-3/data/ancf_15x10_static_0982od.txt,https://m-selig.ae.illinois.edu/props/volume-3/data/ancf_15x10_static_0982od.txt,352,ac50f4326cc7a1e9c48e56d09ad9fcdea3aae5f12d5db42393e7ed29f3151e44,RPM        CT      CP
volume-3/data/ancf_15x6_0968od_3028.txt,https://m-selig.ae.illinois.edu/props/volume-3/data/ancf_15x6_0968od_3028.txt,658,9095bda5049191d089c36f6ae1adfe28dfe585d21a81d471002cad79e4431c01,J         CT        CP        eta
volume-3/data/ancf_15x6_0969od_4017.txt,https://m-selig.ae.illinois.edu/props/volume-3/data/ancf_15x6_0969od_4017.txt,658,d773b64f4e3012105b08b24338320df0c9bd3dd0ed57a49c07c14ff80a711393,J         CT        CP        eta
volume-3/data/ancf_15x6_0970od_4059.txt,https://m-selig.ae.illinois.edu/props/volume-3/data/ancf_15x6_0970od_4059.txt,970,1338842d0e41eaab0a978e1ea83e4f9dbb2d0dd9a57858027424b0241f93215c,J         CT        CP        eta
volume-3/data/ancf_15x6_0971od_5003.txt,https://m-selig.ae.illinois.edu/props/volume-3/data/ancf_15x6_0971od_5003.txt,580,834a03c170faae29fa825a643e759907ce2fca87621aea7db14e823158989c25,J         CT        CP        eta
volume-3/data/ancf_15x6_0972od_5040.txt,https://m-selig.ae.illinois.edu/props/volume-3/data/ancf_15x6_0972od_5040.txt,970,7ca355fbac34a0d09649d26fd4abd317be9613d23d2d0cfa4bd9d26cb4cd9cb0,J         CT        CP        eta
volume-3/data/ancf_15x6_static_0967od.txt,https://m-selig.ae.illinois.edu/props/volume-3/data/ancf_15x6_static_0967od.txt,352,a4cce3de4fb4b9f051bce197720a27d157124e89a21ceb152a10e068c92b4e54,RPM        CT      CP
volume-3/data/ancf_15x8_0976od_3008.txt,https://m-selig.ae.illinois.edu/props/volume-3/data/ancf_15x8_0976od_3008.txt,658,6f3a1ed9a0eb0b3a1f8ca48d8050bcd8a7e935de8fa5e860a4c913143e97e973,J         CT        CP        eta
volume-3/data/ancf_15x8_0977od_3042.txt,https://m-selig.ae.illinois.edu/props/volume-3/data/ancf_15x8_0977od_3042.txt,970,5e71c0eae7b9a1dfd552bd9b080cd28e0f9522708906ce996c696b433c5c6820,J         CT        CP        eta
volume-3/data/ancf_15x8_0978od_3989.txt,https://m-selig.ae.illinois.edu/props/volume-3/data/ancf_15x8_0978od_3989.txt,658,735d113317181a92c172d830512589071f807706eb4e090a667fe2c859b4977f,J         CT        CP        eta
volume-3/data/ancf_15x8_0979od_4044.txt,https://m-selig.ae.illinois.edu/props/volume-3/data/ancf_15x8_0979od_4044.txt,970,c5e8130239ba52b8b9f3e7ba5cddcd98ccefc5c4f56f324eb62d8a3ac8f04ec2,J         CT        CP        eta
volume-3/data/ancf_15x8_0980od_4970.txt,https://m-selig.ae.illinois.edu/props/volume-3/data/ancf_15x8_0980od_4970.txt,619,c9d2a237c337d2e88a72642c4d7a669fc91e2624baff135078c611d441027c7b,J         CT        CP        eta
volume-3/data/ancf_15x8_0981od_5030.txt,https://m-selig.ae.illinois.edu/props/volume-3/data/ancf_15x8_0981od_5030.txt,970,3ade92a7cd8232ada3cd436328f46cb6aff487eed43c5ebd3ccdad0512004c9b,J         CT        CP        eta
volume-3/data/ancf_15x8_static_0975od.txt,https://m-selig.ae.illinois.edu/props/volume-3/data/ancf_15x8_static_0975od.txt,352,ad4c87d018df7fe618285f17fb744769e770fb8b1a28b366fb72f809556eab45,RPM        CT      CP
volume-3/data/ancf_16x6_0992od_3018.txt,https://m-selig.ae.illinois.edu/props/volume-3/data/ancf_16x6_0992od_3018.txt,658,a764159df707c80db446ef20dc6915386487477ce73265a0d0a3f8e9c6681e14,J         CT        CP        eta
volume-3/data/ancf_16x6_0993od_4015.txt,https://m-selig.ae.illinois.edu/props/volume-3/data/ancf_16x6_0993od_4015.txt,658,bd1c1a69c4ec465050693a06d26b37c81e2371d2d206e8916fc6e4235746bec1,J         CT        CP        eta
volume-3/data/ancf_16x6_0994od_4042.txt,https://m-selig.ae.illinois.edu/props/volume-3/data/ancf_16x6_0994od_4042.txt,970,eebb7a2f58fd1ed28f5814d2ce3946b12143879d91e4b789212bceae4b86887f,J         CT        CP        eta
volume-3/data/ancf_16x6_0995od_4994.txt,https://m-selig.ae.illinois.edu/props/volume-3/data/ancf_16x6_0995od_4994.txt,619,2d7183111195222459bb24a5fdccaab8824cad3b4c59e63b2f2f639a6516ce12,J         CT        CP        eta
volume-3/data/ancf_16x6_0996od_5042.txt,https://m-selig.ae.illinois.edu/props/volume-3/data/ancf_16x6_0996od_5042.txt,970,0fa63601f564107ad7e10045cd2e7e2832ac6218369491f3c98adcb7296b4d1c,J         CT        CP        eta
volume-3/data/ancf_16x6_static_0991od.txt,https://m-selig.ae.illinois.edu/props/volume-3/data/ancf_16x6_static_0991od.txt,352,c0baea161e567650998ad4710b73d2e202067e48e7e1bfa8ac905bb630e7a1a6,RPM        CT      CP
volume-3/data/ancf_16x8_0998od_3017.txt,https://m-selig.ae.illinois.edu/props/volume-3/data/ancf_16x8_0998od_3017.txt,658,5aab75647515c158f9778a54d77dc8be72d4929a0ee25cdad36b72b71c025b85,J         CT        CP        eta
volume-3/data/ancf_16x8_0999od_3043.txt,https://m-selig.ae.illinois.edu/props/volume-3/data/ancf_16x8_0999od_3043.txt,970,fb0d5260cf59df11ae5f8e66f4c7a0aff6a2c6b6718b5dda4f2cc3a327735316,J         CT        CP        eta
volume-3/data/ancf_16x8_1001od_3967.txt,https://m-selig.ae.illinois.edu/props/volume-3/data/ancf_16x8_1001od_3967.txt,619,14eefcccd01378714aa43a4b90015ade138d9ac1feb06a62cfbd669b357b6eee,J         CT        CP        eta
volume-3/data/ancf_16x8_1003od_4034.txt,https://m-selig.ae.illinois.edu/props/volume-3/data/ancf_16x8_1003od_4034.txt,970,7561ff0dbdb7fb70b306937714eae78deb66a4eb69bb1b455f89144ff0f258a8,J         CT        CP        eta
volume-3/data/ancf_16x8_1004od_4994.txt,https://m-selig.ae.illinois.edu/props/volume-3/data/ancf_16x8_1004od_4994.txt,619,9445b9934d79ea09ba29d97be70b44d065a50bee6804270bdad5c581df047d11,J         CT        CP        eta
volume-3/data/ancf_16x8_1005od_5027.txt,https://m-selig.ae.illinois.edu/props/volume-3/data/ancf_16x8_1005od_5027.txt,970,ddef237e6b943ecc5b490cc4544840a0bdc75cc7c9c7840fcff958a0f5cd8695,J         CT        CP        eta
volume-3/data/ancf_16x8_static_0997od.txt,https://m-selig.ae.illinois.edu/props/volume-3/data/ancf_16x8_static_0997od.txt,352,52e88ff09b31b84c79558c505cb3b76e9c5b2dc76c07f1f4052c3d33ddfc6b12,RPM        CT      CP
volume-3/data/ancf_9x4_0890od_3014.txt,https://m-selig.ae.illinois.edu/props/volume-3/data/ancf_9x4_0890od_3014.txt,697,f14e04576bdba0dfc27a00560f7cfbcfc79efc002503e82e806985f753159a2c,J         CT        CP        eta
volume-3/data/ancf_9x4_0891od_4003.txt,https://m-selig.ae.illinois.edu/props/volume-3/data/ancf_9x4_0891od_4003.txt,697,1f2d6c0b2814fcd5247445d4157085dd4ac32f4ab36c10b48940929a32796def,J         CT        CP        eta
volume-3/data/ancf_9x4_0892od_5025.txt,https://m-selig.ae.illinois.edu/props/volume-3/data/ancf_9x4_0892od_5025.txt,697,d7038cbb909a63a15c4967ea49608d231524e6be033f07e76c4493a733b5ab83,J         CT        CP        eta
volume-3/data/ancf_9x4_0893od_6021.txt,https://m-selig.ae.illinois.edu/props/volume-3/data/ancf_9x4_0893od_6021.txt,658,aed7530204b845d64cf66d89883ab8cb75be947a65138261d255b47fff310ca9,J         CT        CP        eta
volume-3/data/ancf_9x4_0894od_6028.txt,https://m-selig.ae.illinois.edu/props/volume-3/data/ancf_9x4_0894od_6028.txt,970,a26a298ee13e0336a827df706cdd5d70d25ecf0d17bb23f1e89acbfaff147ba3,J         CT        CP        eta
volume-3/data/ancf_9x4_static_0889od.txt,https://m-selig.ae.illinois.edu/props/volume-3/data/ancf_9x4_static_0889od.txt,442,7d27648a5367d9b93e29638c5435e2add99f922eafe7c8021fa66436c2b9d3a3,RPM        CT      CP
volume-3/data/ancf_9x5_0883od_3037.txt,https://m-selig.ae.illinois.edu/props/volume-3/data/ancf_9x5_0883od_3037.txt,697,97afe1bbcf3d78436d3e3ff32e7e0a59fc56aaeeecc14e0cccd140a014907a38,J         CT        CP        eta
volume-3/data/ancf_9x5_0884od_4018.txt,https://m-selig.ae.illinois.edu/props/volume-3/data/ancf_9x5_0884od_4018.txt,697,e6ef876279e932b8fe5a7db85b8b781cc2f6e63a6dcfd5964e873e060a6ded8f,J         CT        CP        eta
volume-3/data/ancf_9x5_0885od_5031.txt,https://m-selig.ae.illinois.edu/props/volume-3/data/ancf_9x5_0885od_5031.txt,697,0ffeb15c0630f6889a2e6600b861a321158cb26241386e18b1126b96473aa88a,J         CT        CP        eta
volume-3/data/ancf_9x5_0886od_5024.txt,https://m-selig.ae.illinois.edu/props/volume-3/data/ancf_9x5_0886od_5024.txt,970,04797bc6fb9485405b9e2fabdd3b5048e6d56b010aacffbb1e38f0eb08d6eb26,J         CT        CP        eta
volume-3/data/ancf_9x5_0887od_6010.txt,https://m-selig.ae.illinois.edu/props/volume-3/data/ancf_9x5_0887od_6010.txt,658,c5ab31ac48d9ca57591d16e3ef0cdd06c7f3d52b0709bb3519b521f2ab044c14,J         CT        CP        eta
volume-3/data/ancf_9x5_0888od_6044.txt,https://m-selig.ae.illinois.edu/props/volume-3/data/ancf_9x5_0888od_6044.txt,970,097d0938a3a3e4463e29ffe38cd6986485a7e583a7d8fb2beae97104480affa8,J         CT        CP        eta
volume-3/data/ancf_9x5_static_0882od.txt,https://m-selig.ae.illinois.edu/props/volume-3/data/ancf_9x5_static_0882od.txt,442,5a63e274be8296cb407800a38fccc70964fd468726001b404e1b6f954a535d88,RPM        CT      CP
volume-3/data/ancf_9x6_0876od_3026.txt,https://m-selig.ae.illinois.edu/props/volume-3/data/ancf_9x6_0876od_3026.txt,697,3e5634708bc2d0afbdfd1a7485d25ec4fc4f15745ddb7d65bf156f4d6e0bf917,J         CT        CP        eta
volume-3/data/ancf_9x6_0877od_4035.txt,https://m-selig.ae.illinois.edu/props/volume-3/data/ancf_9x6_0877od_4035.txt,697,cb3892455278e80cf3f87343b5639312ec59c61f2eda3222d2161906a9974381,J         CT        CP        eta
volume-3/data/ancf_9x6_0878od_5014.txt,https://m-selig.ae.illinois.edu/props/volume-3/data/ancf_9x6_0878od_5014.txt,697,ea05336085f10f9d2ad343e7edd3a84725fd332e2eda260028073fdbc6dfe9e3,J         CT        CP        eta
volume-3/data/ancf_9x6_0879od_5016.txt,https://m-selig.ae.illinois.edu/props/volume-3/data/ancf_9x6_0879od_5016.txt,970,bb825f463b2be51565ef74fa0d3f12001e285a81c7d62fbe7bc791cd4054bdcf,J         CT        CP        eta
volume-3/data/ancf_9x6_0880od_5999.txt,https://m-selig.ae.illinois.edu/props/volume-3/data/ancf_9x6_0880od_5999.txt,658,bab70735f5e3851b8eef278d6c30938b2f95ff8d80f4a55dc6765412042c905b,J         CT        CP        eta
volume-3/data/ancf_9x6_0881od_6043.txt,https://m-selig.ae.illinois.edu/props/volume-3/data/ancf_9x6_0881od_6043.txt,970,02f19aa7ee38ae9729e686d62146340d20532a69ae8691f93597953c02c44be5,J         CT        CP        eta
volume-3/data/ancf_9x6_static_0875od.txt,https://m-selig.ae.illinois.edu/props/volume-3/data/ancf_9x6_static_0875od.txt,442,8f8a477158f75f3f9974f17718a5fb74d8c59d1bb923dadc3251c1a8793db6e7,RPM        CT      CP
volume-3/data/ancf_9x7_0829od_6035.txt,https://m-selig.ae.illinois.edu/props/volume-3/data/ancf_9x7_0829od_6035.txt,970,2ef3485d6039c6abf9fc3b2d5cad096d67c6a32b8217a54b2f62fac4b5474b33,J         CT        CP        eta
volume-3/data/ancf_9x7_0830od_5039.txt,https://m-selig.ae.illinois.edu/props/volume-3/data/ancf_9x7_0830od_5039.txt,970,792ef8401f27fbcc426119e71c1f7af57e1da1dfd646b488cc2f7700691f03b0,J         CT        CP        eta
volume-3/data/ancf_9x7_0831od_4010.txt,https://m-selig.ae.illinois.edu/props/volume-3/data/ancf_9x7_0831od_4010.txt,970,a9b7b6edb6d556db53ef9b1569b6a8948a0d7bb1b9f6c959930e3a1d0d64873a,J         CT        CP        eta
volume-3/data/ancf_9x7_0832od_3031.txt,https://m-selig.ae.illinois.edu/props/volume-3/data/ancf_9x7_0832od_3031.txt,697,0686734e99e516bfb408b8b7ca1a9aaede6302e2bf31c75173c2265bb4a4e22b,J         CT        CP        eta
volume-3/data/ancf_9x7_0833od_4029.txt,https://m-selig.ae.illinois.edu/props/volume-3/data/ancf_9x7_0833od_4029.txt,697,701bc72eff42c0161ff0b7d3550c9dc7e4db5612156a78340a2017f84831b227,J         CT        CP        eta
volume-3/data/ancf_9x7_0834od_4993.txt,https://m-selig.ae.illinois.edu/props/volume-3/data/ancf_9x7_0834od_4993.txt,658,8b47e538b0d14f861590493e886cc6b3b465c0e7aa084058cbe1a208eb6313e3,J         CT        CP        eta
volume-3/data/ancf_9x7_0835od_5968.txt,https://m-selig.ae.illinois.edu/props/volume-3/data/ancf_9x7_0835od_5968.txt,658,157ccbb229166fb2d2044e3e66bce9841abc2fe958204b759b60d759f8d8310c,J         CT        CP        eta
volume-3/data/ancf_9x7_static_0836od.txt,https://m-selig.ae.illinois.edu/props/volume-3/data/ancf_9x7_static_0836od.txt,442,4e96b885cf3a642e2717ee34fdc789b3ca1bb82bea5f0fa32bd10bc62dbfd3eb,RPM        CT      CP
volume-4/data/apce_12x10_0613od_3015.txt,https://m-selig.ae.illinois.edu/props/volume-4/data/apce_12x10_0613od_3015.txt,697,f130afca360762cec3fe4db63060b90c33b7e3bb33b60ed78c10292c18bbec87,J         CT        CP        eta
volume-4/data/apce_12x10_0614od_3041.txt,https://m-selig.ae.illinois.edu/props/volume-4/data/apce_12x10_0614od_3041.txt,970,e4ccf99488e5b15c3cd6a256afbe2d5fb2e6c05b22db8b95fb20db2eda139420,J         CT        CP        eta
volume-4/data/apce_12x10_0615od_3987.txt,https://m-selig.ae.illinois.edu/props/volume-4/data/apce_12x10_0615od_3987.txt,658,0b5b22ecb90af006a23ac888df02bd7851ef37bc76e8c2f16961bf9f704b8789,J         CT        CP        eta
volume-4/data/apce_12x10_0616od_4032.txt,https://m-selig.ae.illinois.edu/props/volume-4/data/apce_12x10_0616od_4032.txt,970,88013bc6a9c2c00c5be1bd43a0d3915c657683efe5132c8878ae959f1c4a01dc,J         CT        CP        eta
volume-4/data/apce_12x10_0617od_4969.txt,https://m-selig.ae.illinois.edu/props/volume-4/data/apce_12x10_0617od_4969.txt,658,20e089f110b644c4a78f9ba9905ed0aae1ca4bf9f48383c9ee39449e0c18f6b3,J         CT        CP        eta
volume-4/data/apce_12x10_0618od_5019.txt,https://m-selig.ae.illinois.edu/props/volume-4/data/apce_12x10_0618od_5019.txt,970,6fe45aa4d2e09b8abeb815a8da1b14cfef37dc27fbcfb196e18da6449230a886,J         CT        CP        eta
volume-4/data/apce_12x10_0619od_5962.txt,https://m-selig.ae.illinois.edu/props/volume-4/data/apce_12x10_0619od_5962.txt,619,cfa0f06e5e14d4067b06955db4cceca223dc226ec457f0324f0793f1d6691894,J         CT        CP        eta
volume-4/data/apce_12x10_0620od_5995.txt,https://m-selig.ae.illinois.edu/props/volume-4/data/apce_12x10_0620od_5995.txt,970,2b99db8e917f97c6d4805b83d46b07be5c505e41ab479e43d8db5596790d3bf3,J         CT        CP        eta
volume-4/data/apce_12x10_static_0612od.txt,https://m-selig.ae.illinois.edu/props/volume-4/data/apce_12x10_static_0612od.txt,442,9ac093cf15eb2645c13e7851afc819cdce3ad8aa5e2f4986fa51f33b4f4fc314,RPM        CT      CP
volume-4/data/apce_12x6_0630od_3040.txt,https://m-selig.ae.illinois.edu/props/volume-4/data/apce_12x6_0630od_3040.txt,697,9c4a5f792437654f53e3f82f21dbc9e03aca8fb2ac9161b215d24d9143a101f7,J         CT        CP        eta
volume-4/data/apce_12x6_0631od_4030.txt,https://m-selig.ae.illinois.edu/props/volume-4/data/apce_12x6_0631od_4030.txt,697,9cd03ff9d82859758b8c8ebcfc3808dd7df5fbae5f0ca44b49346a6b3c100991,J         CT        CP        eta
volume-4/data/apce_12x6_0632od_5007.txt,https://m-selig.ae.illinois.edu/props/volume-4/data/apce_12x6_0632od_5007.txt,658,ceca8efee96a894dff65eefff9da84e174de5174f71908d6f468687bc7da078b,J         CT        CP        eta
volume-4/data/apce_12x6_0633od_5042.txt,https://m-selig.ae.illinois.edu/props/volume-4/data/apce_12x6_0633od_5042.txt,970,0605d2560baa05564e3b1d97b56713587ce4899d16560b7eb295756e9890c200,J         CT        CP        eta
volume-4/data/apce_12x6_0634od_5993.txt,https://m-selig.ae.illinois.edu/props/volume-4/data/apce_12x6_0634od_5993.txt,658,20906e8822d16379dac03024da856c94d0f4a9deffd0f23b7ae856589c854d24,J         CT        CP        eta
volume-4/data/apce_12x6_0635od_6044.txt,https://m-selig.ae.illinois.edu/props/volume-4/data/apce_12x6_0635od_6044.txt,970,7e969b7089fc74ac373cefde1fd7c1297938b79457dd1efb6e0876d9fbde6d85,J         CT        CP        eta
volume-4/data/apce_12x6_static_0629od.txt,https://m-selig.ae.illinois.edu/props/volume-4/data/apce_12x6_static_0629od.txt,442,e392a17a430ad2796172f21ee0106152375b298636584b33ba23f836a3a6c96c,RPM        CT      CP
volume-4/data/apce_12x8_0622od_3026.txt,https://m-selig.ae.illinois.edu/props/volume-4/data/apce_12x8_0622od_3026.txt,697,5f8003ed39cb06c5af737a62c3c3f2e1eed111f04d76fb316d6d297fc3e7b9c3,J         CT        CP        eta
volume-4/data/apce_12x8_0623od_3997.txt,https://m-selig.ae.illinois.edu/props/volume-4/data/apce_12x8_0623od_3997.txt,697,a18b101c6977b68b746dcc941bb3f101da7996f82be398b5830a35bb0d921a79,J         CT        CP        eta
volume-4/data/apce_12x8_0624od_4043.txt,https://m-selig.ae.illinois.edu/props/volume-4/data/apce_12x8_0624od_4043.txt,970,a2325fde36fc208302569d5fedcb12a9edd62fd8d1f476462609099964984b9d,J         CT        CP        eta
volume-4/data/apce_12x8_0625od_4991.txt,https://m-selig.ae.illinois.edu/props/volume-4/data/apce_12x8_0625od_4991.txt,658,c0fc3d1bbd9808bc645fd2adcf2d1dbabcd96324e01f2a6369fa570fc9cd142f,J         CT        CP        eta
volume-4/data/apce_12x8_0626od_5045.txt,https://m-selig.ae.illinois.edu/props/volume-4/data/apce_12x8_0626od_5045.txt,970,e4332e2cc858265de6d03d72c5342aefa8ae5c2e69efdb63bc44a4e2fa65837f,J         CT        CP        eta
volume-4/data/apce_12x8_0627od_5964.txt,https://m-selig.ae.illinois.edu/props/volume-4/data/apce_12x8_0627od_5964.txt,619,62e64805647b012bfe1021cd2d0074e31533a524c73df6b6eb60262b051e9a8a,J         CT        CP        eta
volume-4/data/apce_12x8_0628od_6024.txt,https://m-selig.ae.illinois.edu/props/volume-4/data/apce_12x8_0628od_6024.txt,970,8d00aec2c0da3e2656d4184d0b9b7a9c1ee4a81f8ca08ea0a3f516de5313b089,J         CT        CP        eta
volume-4/data/apce_12x8_static_0621od.txt,https://m-selig.ae.illinois.edu/props/volume-4/data/apce_12x8_static_0621od.txt,442,14fded27c1f9a676a183dbcd44fe120c4462c9852ebc1db36f5b5b364053457f,RPM        CT      CP
volume-4/data/apce_13x10_0561od_3040.txt,https://m-selig.ae.illinois.edu/props/volume-4/data/apce_13x10_0561od_3040.txt,970,e2e1c8260def648347d28f14827f733c7d9c25c78623073b51a4065abd36d927,J         CT        CP        eta
volume-4/data/apce_13x10_0562od_3995.txt,https://m-selig.ae.illinois.edu/props/volume-4/data/apce_13x10_0562od_3995.txt,658,406685f5f1ab3048c75b81facd306e43d79be291150effb213e59c626c8bfdc7,J         CT        CP        eta
volume-4/data/apce_13x10_0563od_4044.txt,https://m-selig.ae.illinois.edu/props/volume-4/data/apce_13x10_0563od_4044.txt,970,27056e5f3c8886f160527178066937631eb6afbb07f3e87c6519cb527a936cd3,J         CT        CP        eta
volume-4/data/apce_13x10_0564od_4969.txt,https://m-selig.ae.illinois.edu/props/volume-4/data/apce_13x10_0564od_4969.txt,658,357ecc9fcdd16c49cea97420c494feb00b484472323da48ef6d2f2d6037af098,J         CT        CP        eta
volume-4/data/apce_13x10_0565od_5027.txt,https://m-selig.ae.illinois.edu/props/volume-4/data/apce_13x10_0565od_5027.txt,970,b7c11c05a1ab0fa44a6410a8cf68fe7c75db40ecb9ff3bd3e2892fd20d06be70,J         CT        CP        eta
volume-4/data/apce_13x10_0566od_5958.txt,https://m-selig.ae.illinois.edu/props/volume-4/data/apce_13x10_0566od_5958.txt,619,9ec59edf1363d4e18ae576dcb6f7c4e351394079e22bbf3837d7f0255783bf13,J         CT        CP        eta
volume-4/data/apce_13x10_0567od_5999.txt,https://m-selig.ae.illinois.edu/props/volume-4/data/apce_13x10_0567od_5999.txt,970,b72da21c66655940bf39b60286a19b663d7acf4065834fe38e055e88db32352b,J         CT        CP        eta
volume-4/data/apce_13x10_0568od_6965.txt,https://m-selig.ae.illinois.edu/props/volume-4/data/apce_13x10_0568od_6965.txt,580,8a15cbe378d0c087ca3c23e69ee1c1e0c955cd8f1fae2fb59c29f6543b6fdfb9,J         CT        CP        eta
volume-4/data/apce_13x10_0569od_6991.txt,https://m-selig.ae.illinois.edu/props/volume-4/data/apce_13x10_0569od_6991.txt,970,b5c0b866462577f88f8bd53d8a23e4142e703431ff9644ecffa85e3ed2e4bfe3,J         CT        CP        eta
volume-4/data/apce_13x10_1046od_2997.txt,https://m-selig.ae.illinois.edu/props/volume-4/data/apce_13x10_1046od_2997.txt,697,6a623f4b1d29a681489bdd62ef1d2cd07cf8c26295bfd0c9498d4e45efd5da09,J         CT        CP        eta
volume-4/data/apce_13x10_static_0559od.txt,https://m-selig.ae.illinois.edu/props/volume-4/data/apce_13x10_static_0559od.txt,442,bdb8f7ae0b5c924ca85ad573b6eae2bb7419ca718cf45b5c673e64693da84266,RPM        CT      CP
volume-4/data/apce_13x65_0539od_4018.txt,https://m-selig.ae.illinois.edu/props/volume-4/data/apce_13x65_0539od_4018.txt,658,d4492daaba9427099b86ffb7667bf2d546350c8b06cec98e9bd7c537e05ad2e7,J         CT        CP        eta
volume-4/data/apce_13x65_0540od_4043.txt,https://m-selig.ae.illinois.edu/props/volume-4/data/apce_13x65_0540od_4043.txt,970,0b528a858ac20d536872ea4f5c3a281e74a67338842759def8249c04af7932b5,J         CT        CP        eta
volume-4/data/apce_13x65_0541od_4988.txt,https://m-selig.ae.illinois.edu/props/volume-4/data/apce_13x65_0541od_4988.txt,658,72c7e92c50d4a67edc605f78ba0155b32fa0c90179b3c9330c52627b304b1d33,J         CT        CP        eta
volume-4/data/apce_13x65_0542od_5052.txt,https://m-selig.ae.illinois.edu/props/volume-4/data/apce_13x65_0542od_5052.txt,970,c1b00473b1175e956ea451c9f098fb9fd7a7f138f4cd540f61bf6d3e566f5e37,J         CT        CP        eta
volume-4/data/apce_13x65_0543od_5967.txt,https://m-selig.ae.illinois.edu/props/volume-4/data/apce_13x65_0543od_5967.txt,619,d616a5936d7cefd0cdda2a933e5c97595dfd69b66c1548d259b90b4e7b6adf9d,J         CT        CP        eta
volume-4/data/apce_13x65_0544od_6038.txt,https://m-selig.ae.illinois.edu/props/volume-4/data/apce_13x65_0544od_6038.txt,970,f88634aa96f1fae7f5fb8ee08eadf1eb810770b3539806530ce2cc5ef94d3705,J         CT        CP        eta
volume-4/data/apce_13x65_0545od_6960.txt,https://m-selig.ae.illinois.edu/props/volume-4/data/apce_13x65_0545od_6960.txt,580,5b8db4694faaf0561a415121c836d8aebccccc7b4be852781153f26e1147e5cf,J         CT        CP        eta
volume-4/data/apce_13x65_0546od_7021.txt,https://m-selig.ae.illinois.edu/props/volume-4/data/apce_13x65_0546od_7021.txt,970,e69a6b383f62f5366b5e7fd25aa3d46bbffdaebdaa9841c704e4157c5f940e04,J         CT        CP        eta
volume-4/data/apce_13x65_2011od_3030.txt,https://m-selig.ae.illinois.edu/props/volume-4/data/apce_13x65_2011od_3030.txt,717,460ac1d116e91d25bca8b2ce94d6ef08dd83b9358078a281377902158bf2c905,RPM average =  3030
volume-4/data/apce_13x65_static_0537od.txt,https://m-selig.ae.illinois.edu/props/volume-4/data/apce_13x65_static_0537od.txt,442,97ad99d4fc08a9413e797fb36384467e089bdd72bb0451a35ddbcfc424b3d5bb,RPM        CT      CP
volume-4/data/apce_13x8_0548od_3020.txt,https://m-selig.ae.illinois.edu/props/volume-4/data/apce_13x8_0548od_3020.txt,658,8f9bf51af10f0596b21722849bc5905fa27d76c54d11c1706a8df66a514a2edf,J         CT        CP        eta
volume-4/data/apce_13x8_0549od_4002.txt,https://m-selig.ae.illinois.edu/props/volume-4/data/apce_13x8_0549od_4002.txt,658,e69b38ad186d60a0c2a580f8fe7a2f50667166878e213a55fba63d035cf9b242,J         CT        CP        eta
volume-4/data/apce_13x8_0550od_4056.txt,https://m-selig.ae.illinois.edu/props/volume-4/data/apce_13x8_0550od_4056.txt,970,c3e2b8068fc33cce1bc37aec1674510aaf43ebe9811d9f1f58bc8ea36e874a48,J         CT        CP        eta
volume-4/data/apce_13x8_0551od_4971.txt,https://m-selig.ae.illinois.edu/props/volume-4/data/apce_13x8_0551od_4971.txt,658,ce7912df01698a1251beb1eb9e129aef3a20f2c580dcdca1bf331594a691d975,J         CT        CP        eta
volume-4/data/apce_13x8_0552od_5036.txt,https://m-selig.ae.illinois.edu/props/volume-4/data/apce_13x8_0552od_5036.txt,970,c1323bbed28c1e584acc4d43bff4995889bd53f9c6d5102994d27023f4b1ed4e,J         CT        CP        eta
volume-4/data/apce_13x8_0553od_5964.txt,https://m-selig.ae.illinois.edu/props/volume-4/data/apce_13x8_0553od_5964.txt,619,3b7f232832564646c24d8ee53c27f51502c714df06f0706f064e66ca09021c09,J         CT        CP        eta
volume-4/data/apce_13x8_0554od_6024.txt,https://m-selig.ae.illinois.edu/props/volume-4/data/apce_13x8_0554od_6024.txt,970,5f9d794d52284528a0a09d61eb7654a2af6b1712c894ec7a4c337852c7c5f08d,J         CT        CP        eta
volume-4/data/apce_13x8_0556od_6980.txt,https://m-selig.ae.illinois.edu/props/volume-4/data/apce_13x8_0556od_6980.txt,580,82c6eeed900e49c20f12f338aa92f8cd519aae9910e21748f091a9bdb203995c,J         CT        CP        eta
volume-4/data/apce_13x8_0557od_7012.txt,https://m-selig.ae.illinois.edu/props/volume-4/data/apce_13x8_0557od_7012.txt,970,8b9ed845a2f0dfd582f910a52181a4423be8b6821ae4feeb823bbf32ee19ddc7,J         CT        CP        eta
volume-4/data/apce_13x8_static_0547od.txt,https://m-selig.ae.illinois.edu/props/volume-4/data/apce_13x8_static_0547od.txt,442,74b32ddc436f7e0b2ede02e49555ef40622777c9e25f6d2fb1a2c70372ec8c1b,RPM        CT      CP
volume-4/data/apce_14x10_2141od_3003.txt,https://m-selig.ae.illinois.edu/props/volume-4/data/apce_14x10_2141od_3003.txt,658,f3bfc8d9918e500b8b4ffc7083eb5c8ee98817e615941cf4f02e007a4bb55704,J         CT        CP        eta
volume-4/data/apce_14x10_2142od_3041.txt,https://m-selig.ae.illinois.edu/props/volume-4/data/apce_14x10_2142od_3041.txt,970,bd2e02a03a5126e5d1e73c1d01b2f255d73f4d1cc68c856b65d5159ecbd70dbd,J         CT        CP        eta
volume-4/data/apce_14x10_2143od_3971.txt,https://m-selig.ae.illinois.edu/props/volume-4/data/apce_14x10_2143od_3971.txt,658,c90207ae4dda08c932e81892a3c19af5ab888e39212ce4da5128aacb645101a8,J         CT        CP        eta
volume-4/data/apce_14x10_2144od_4035.txt,https://m-selig.ae.illinois.edu/props/volume-4/data/apce_14x10_2144od_4035.txt,970,32ff461a12ced6fcfda36ed3f529596e4f43069fb43b48e019bb5d505a55854d,J         CT        CP        eta
volume-4/data/apce_14x10_2145od_4955.txt,https://m-selig.ae.illinois.edu/props/volume-4/data/apce_14x10_2145od_4955.txt,619,a243820dcf372e9103bfc53329e841f59827a13a0a6c9aa5b8335e42fc785081,J         CT        CP        eta
volume-4/data/apce_14x10_2146od_5011.txt,https://m-selig.ae.illinois.edu/props/volume-4/data/apce_14x10_2146od_5011.txt,970,ef64664b1f0c3f24e25090b90d2c5b206036ec70320103adc168dd991684758d,J         CT        CP        eta
volume-4/data/apce_14x10_2147od_5961.txt,https://m-selig.ae.illinois.edu/props/volume-4/data/apce_14x10_2147od_5961.txt,580,3d765577ca9bc33c3ec3cb238e8a714dcf537cf7afd2a1825a84ef81d05a23d0,J         CT        CP        eta
volume-4/data/apce_14x10_2148od_5983.txt,https://m-selig.ae.illinois.edu/props/volume-4/data/apce_14x10_2148od_5983.txt,970,bb702e69026cccd3c4349dbd4f9a24752957360d39beb068d1863835a143b1f3,J         CT        CP        eta
volume-4/data/apce_14x10_static_2140od.txt,https://m-selig.ae.illinois.edu/props/volume-4/data/apce_14x10_static_2140od.txt,382,5fa7b0fd28d9a1b0f2f7d96ddc92839237777c999dcacaf75cb2ffb5b1c5b66e,RPM        CT      CP
volume-4/data/apce_14x7_1007od_3016.txt,https://m-selig.ae.illinois.edu/props/volume-4/data/apce_14x7_1007od_3016.txt,697,7545b77a5ffcdf3eba7fd862893c143e5d2ef38b13d1cdb5abeae2fd2b6526cf,J         CT        CP        eta
volume-4/data/apce_14x7_1008od_4015.txt,https://m-selig.ae.illinois.edu/props/volume-4/data/apce_14x7_1008od_4015.txt,658,a758cde8d4fb5268505bc0105ee6f9b99b8f09aaaec16435d1e755f8ab5cc2a6,J         CT        CP        eta
volume-4/data/apce_14x7_1009od_4029.txt,https://m-selig.ae.illinois.edu/props/volume-4/data/apce_14x7_1009od_4029.txt,970,ef29a35ee3e0faada8960d94248e8d2d11260112a8c5b5c04b33f6bbe7b4a877,J         CT        CP        eta
volume-4/data/apce_14x7_1010od_5015.txt,https://m-selig.ae.illinois.edu/props/volume-4/data/apce_14x7_1010od_5015.txt,658,df4866a37cc30c21333ab36c0ed091cefa4df95443a4d185d62c162371a3c61c,J         CT        CP        eta
volume-4/data/apce_14x7_1011od_5049.txt,https://m-selig.ae.illinois.edu/props/volume-4/data/apce_14x7_1011od_5049.txt,970,b2de036aa04ced4c95a6927d0b7aedadc88ae7d94762bed160ae9ac5eed2e5d1,J         CT        CP        eta
volume-4/data/apce_14x7_1012od_5963.txt,https://m-selig.ae.illinois.edu/props/volume-4/data/apce_14x7_1012od_5963.txt,580,a2793d1aa3c5176395125eefd91e09d2a22a1c4fc8ba7c551eca3cb37cd9f74c,J         CT        CP        eta
volume-4/data/apce_14x7_1013od_6038.txt,https://m-selig.ae.illinois.edu/props/volume-4/data/apce_14x7_1013od_6038.txt,970,ec06282c00530d88b524c86fa285a7fb7fb91a4e79270e6a3ebd2128714b1239,J         CT        CP        eta
volume-4/data/apce_14x7_static_1006od.txt,https://m-selig.ae.illinois.edu/props/volume-4/data/apce_14x7_static_1006od.txt,442,19e31c84d7afd3298a882a43480422179d9d35aa95526d498969b54484cbac8e,RPM        CT      CP
volume-4/data/apce_14x85_1015od_3026.txt,https://m-selig.ae.illinois.edu/props/volume-4/data/apce_14x85_1015od_3026.txt,658,44bb07d6d2d7dc2db8e86241c64c652b863c25879c46cca69e31a5d38e09a5b8,J         CT        CP        eta
volume-4/data/apce_14x85_1016od_3979.txt,https://m-selig.ae.illinois.edu/props/volume-4/data/apce_14x85_1016od_3979.txt,658,6d9d0d3b6b898b3e622a430cdb5cf97aa1d38bc1785473a7845fa09cf1ac65e7,J         CT        CP        eta
volume-4/data/apce_14x85_1017od_4041.txt,https://m-selig.ae.illinois.edu/props/volume-4/data/apce_14x85_1017od_4041.txt,970,8a74052672c43cc5b60c82e6b0f4de7a623fd621fc42a2e0bc8199b9976fbf8d,J         CT        CP        eta
volume-4/data/apce_14x85_1018od_4965.txt,https://m-selig.ae.illinois.edu/props/volume-4/data/apce_14x85_1018od_4965.txt,619,ed08a76283478136afd6899805797f734042080e0fd4c62677a8de81c266b778,J         CT        CP        eta
volume-4/data/apce_14x85_1019od_5035.txt,https://m-selig.ae.illinois.edu/props/volume-4/data/apce_14x85_1019od_5035.txt,970,d723d6d457c6cd139db35f94909565e1e3ff998f429dc7680c635c3859cd3842,J         CT        CP        eta
volume-4/data/apce_14x85_1020od_5969.txt,https://m-selig.ae.illinois.edu/props/volume-4/data/apce_14x85_1020od_5969.txt,580,ef78bd02c6596d9f84cbece2e4ba62d9d50dcf3e399370f62edc5b2782f820c7,J         CT        CP        eta
volume-4/data/apce_14x85_1021od_6019.txt,https://m-selig.ae.illinois.edu/props/volume-4/data/apce_14x85_1021od_6019.txt,970,32b332c6d859d165f39aa39a8fb95ed51d1884f17de85f5e40cfe1295e93ae88,J         CT        CP        eta
volume-4/data/apce_14x85_static_1014od.txt,https://m-selig.ae.illinois.edu/props/volume-4/data/apce_14x85_static_1014od.txt,442,c07867d2f0d9ebb9e78cc4e82788765a6ace979fb0f9fc9b57ddf58c6da5f571,RPM        CT      CP
volume-4/data/apce_16x10_2159od_2995.txt,https://m-selig.ae.illinois.edu/props/volume-4/data/apce_16x10_2159od_2995.txt,658,1fbb402022274380da2fedf64c3d092987920e272b5dd57725b0f76589fb846a,J         CT        CP        eta
volume-4/data/apce_16x10_2160od_3054.txt,https://m-selig.ae.illinois.edu/props/volume-4/data/apce_16x10_2160od_3054.txt,970,a6b9367f531cb36a6fbf6efc5a0eaac01e8f384848975452a46d5cb4dcf6f40e,J         CT        CP        eta
volume-4/data/apce_16x10_2161od_3967.txt,https://m-selig.ae.illinois.edu/props/volume-4/data/apce_16x10_2161od_3967.txt,619,07e3256e1752f5143817d3af57358aa29790fc6280436afc412e4e262a53af35,J         CT        CP        eta
volume-4/data/apce_16x10_2162od_4030.txt,https://m-selig.ae.illinois.edu/props/volume-4/data/apce_16x10_2162od_4030.txt,970,ed448cc17de655077efbce31ee61f7bdb6b1e5176d372d8891a3802f7b4429ce,J         CT        CP        eta
volume-4/data/apce_16x10_2163od_4960.txt,https://m-selig.ae.illinois.edu/props/volume-4/data/apce_16x10_2163od_4960.txt,580,da8bd7f6ff86b1661589c44d9713ba02879463f2bcaeb8b38b83ada31c8686b7,J         CT        CP        eta
volume-4/data/apce_16x10_2164od_5008.txt,https://m-selig.ae.illinois.edu/props/volume-4/data/apce_16x10_2164od_5008.txt,970,dc9f1faa495f6e4bd3a81b632e9f121439a5e43fddd53b9749e34a139f705b93,J         CT        CP        eta
volume-4/data/apce_16x10_2165od_5959.txt,https://m-selig.ae.illinois.edu/props/volume-4/data/apce_16x10_2165od_5959.txt,502,89368820263a69d16eaf3184124296a91dd032bc98201aad3b31208be9267000,J         CT        CP        eta
volume-4/data/apce_16x10_2166od_5992.txt,https://m-selig.ae.illinois.edu/props/volume-4/data/apce_16x10_2166od_5992.txt,970,3ccb33c64a0fb25512485cf99e5c590c744a68c5b4ae54cd1541a5cf0f7435fb,J         CT        CP        eta
volume-4/data/apce_16x10_static_2158od.txt,https://m-selig.ae.illinois.edu/props/volume-4/data/apce_16x10_static_2158od.txt,382,f649a888e28706e9a56ef9c1bcf35d52af99f5873a0a804f62b46063c70acf65,RPM        CT      CP
volume-4/data/apce_16x12_2168od_2041.txt,https://m-selig.ae.illinois.edu/props/volume-4/data/apce_16x12_2168od_2041.txt,658,c2d2f15434195b07b12cf6deb5cfbdaf43619710c54c5d3e50293ca37eb9b50f,J         CT        CP        eta
volume-4/data/apce_16x12_2169od_2980.txt,https://m-selig.ae.illinois.edu/props/volume-4/data/apce_16x12_2169od_2980.txt,619,e0220f4128ac2505fc8dcc5d0d3c12b0e2f8032ade18bd3db42f1f0939ad7025,J         CT        CP        eta
volume-4/data/apce_16x12_2170od_3048.txt,https://m-selig.ae.illinois.edu/props/volume-4/data/apce_16x12_2170od_3048.txt,970,d3a16b259bafd08afdeee2dbac65e2ca685f6bda6573d06df97a35aff8ccd532,J         CT        CP        eta
volume-4/data/apce_16x12_2171od_3957.txt,https://m-selig.ae.illinois.edu/props/volume-4/data/apce_16x12_2171od_3957.txt,541,52226e7b7675db237fc40046cdd980269307d571e7f43a51a11f25bdb976daaf,J         CT        CP        eta
volume-4/data/apce_16x12_2172od_4011.txt,https://m-selig.ae.illinois.edu/props/volume-4/data/apce_16x12_2172od_4011.txt,970,ee46b8600f593fb3380109373c5804a5879401f61c222fc3dcd4154b835de9f1,J         CT        CP        eta
volume-4/data/apce_16x12_2173od_4964.txt,https://m-selig.ae.illinois.edu/props/volume-4/data/apce_16x12_2173od_4964.txt,463,13fbfe8389e7b30bc3140451d733361522355c4d0a44cb210249adfe4ee02ce2,J         CT        CP        eta
volume-4/data/apce_16x12_2174od_5000.txt,https://m-selig.ae.illinois.edu/props/volume-4/data/apce_16x12_2174od_5000.txt,970,3096704628a9abea4bba286e7430e316f74ac7219b142615d6f49ab4806b45e9,J         CT        CP        eta
volume-4/data/apce_16x12_static_2167od.txt,https://m-selig.ae.illinois.edu/props/volume-4/data/apce_16x12_static_2167od.txt,352,40d584ccd58907be670bf9573c8a6d5d9c51045faa9d0b1841805e432bf76932,RPM        CT      CP
volume-4/data/apce_16x8_2151od_3018.txt,https://m-selig.ae.illinois.edu/props/volume-4/data/apce_16x8_2151od_3018.txt,658,da63a15fdaccd2123882ad3a27f4995d298667e663e449fe992ca66a9f99b6a5,J         CT        CP        eta
volume-4/data/apce_16x8_2152od_3994.txt,https://m-selig.ae.illinois.edu/props/volume-4/data/apce_16x8_2152od_3994.txt,658,a7fdcee7668312a5f93a76cc6505624de29ab821e06f27338c0636e0f65524da,J         CT        CP        eta
volume-4/data/apce_16x8_2153od_4043.txt,https://m-selig.ae.illinois.edu/props/volume-4/data/apce_16x8_2153od_4043.txt,970,8d9871acb8dea192af52b53fc8b18adeaa25f412cfdad2db8df5c3f6db226ac6,J         CT        CP        eta
volume-4/data/apce_16x8_2154od_4968.txt,https://m-selig.ae.illinois.edu/props/volume-4/data/apce_16x8_2154od_4968.txt,619,c3423c485726d3cd71cb7fd9f2e0faae3f7e590c8e6446ca8543f500c5f8414d,J         CT        CP        eta
volume-4/data/apce_16x8_2155od_5027.txt,https://m-selig.ae.illinois.edu/props/volume-4/data/apce_16x8_2155od_5027.txt,970,e4df90e78f5e9cbca49937a0fecd7e96f37bfd08aa87d52b86cf08660dd4556f,J         CT        CP        eta
volume-4/data/apce_16x8_2156od_5960.txt,https://m-selig.ae.illinois.edu/props/volume-4/data/apce_16x8_2156od_5960.txt,580,875919f17bb6388ae6e3879bc02bd773c369b8952435aaba2157b43e4f859639,J         CT        CP        eta
volume-4/data/apce_16x8_2157od_6010.txt,https://m-selig.ae.illinois.edu/props/volume-4/data/apce_16x8_2157od_6010.txt,970,536388e8ddde8afc97e3ae1cc6bb5c967e893262144482d9cde94e624e1fbf00,J         CT        CP        eta
volume-4/data/apce_16x8_static_2150od.txt,https://m-selig.ae.illinois.edu/props/volume-4/data/apce_16x8_static_2150od.txt,412,2759d782136dcd55379df0a7b4442fdabaa28a64dd2101ebb301efea5d37e462,RPM        CT      CP
volume-4/data/apce_18x10_2186od_2034.txt,https://m-selig.ae.illinois.edu/props/volume-4/data/apce_18x10_2186od_2034.txt,658,f8e6e42338f05f2a85e5f80d1d660449237997da2f455f9a088973baefcae236,J         CT        CP        eta
volume-4/data/apce_18x10_2187od_2995.txt,https://m-selig.ae.illinois.edu/props/volume-4/data/apce_18x10_2187od_2995.txt,619,cdd40a61a57639ea51de50f139b864f31fe38ac48309db1c2dc5636eeab38354,J         CT        CP        eta
volume-4/data/apce_18x10_2188od_3044.txt,https://m-selig.ae.illinois.edu/props/volume-4/data/apce_18x10_2188od_3044.txt,970,521e44710dc0da10c4dd14a4d02863664188364b69af232f371db171686f2f3b,J         CT        CP        eta
volume-4/data/apce_18x10_2189od_3961.txt,https://m-selig.ae.illinois.edu/props/volume-4/data/apce_18x10_2189od_3961.txt,580,f2b629ff9b5407ced308067936faa45619860c972498a4a755692e0a7c51f0c0,J         CT        CP        eta
volume-4/data/apce_18x10_2190od_4023.txt,https://m-selig.ae.illinois.edu/props/volume-4/data/apce_18x10_2190od_4023.txt,970,27e2381efd651359209b10c148fe11aae6ffda691bf9310151d77fd635b36ee1,J         CT        CP        eta
volume-4/data/apce_18x10_2191od_4964.txt,https://m-selig.ae.illinois.edu/props/volume-4/data/apce_18x10_2191od_4964.txt,541,d38e2f17b43de97bd48fa0087808a5a713fc1a4d0fcdae4e4a013ea16fe0cbf0,J         CT        CP        eta
volume-4/data/apce_18x10_2192od_5003.txt,https://m-selig.ae.illinois.edu/props/volume-4/data/apce_18x10_2192od_5003.txt,970,01ba20020e84ac22c0a8d18e20016c355f49d4226f990006d97a9cd502b31670,J         CT        CP        eta
volume-4/data/apce_18x10_static_2185od.txt,https://m-selig.ae.illinois.edu/props/volume-4/data/apce_18x10_static_2185od.txt,322,74a02cdf97f1380bba456c79b3759574990e297d00091e491634e894847c4698,RPM        CT      CP
volume-4/data/apce_18x12_2193od_2012.txt,https://m-selig.ae.illinois.edu/props/volume-4/data/apce_18x12_2193od_2012.txt,658,40234650b3d47034926db7c0b68a690948f778fa5b4046dd06a535559bfa42ce,J         CT        CP        eta
volume-4/data/apce_18x12_2194od_2973.txt,https://m-selig.ae.illinois.edu/props/volume-4/data/apce_18x12_2194od_2973.txt,619,76be98961c7b662436e3f4ea7626d630920bd473ba0e94d6d9f29a513426fe68,J         CT        CP        eta
volume-4/data/apce_18x12_2195od_3032.txt,https://m-selig.ae.illinois.edu/props/volume-4/data/apce_18x12_2195od_3032.txt,970,6c375b549cd98224e87afb4d3c1c319a2f54fa26cc74978e2d6c4aa48404e5e3,J         CT        CP        eta
volume-4/data/apce_18x12_2196od_3958.txt,https://m-selig.ae.illinois.edu/props/volume-4/data/apce_18x12_2196od_3958.txt,580,29d38a437f0467b51e1b1044824e6ea1c97e98f15174b83e502fe30e471c1f3e,J         CT        CP        eta
volume-4/data/apce_18x12_2198od_4017.txt,https://m-selig.ae.illinois.edu/props/volume-4/data/apce_18x12_2198od_4017.txt,970,840013b9855b2eb5eeb23f5949adc484f2aa68e9c172c86fb90262445ebbb2ae,J         CT        CP        eta
volume-4/data/apce_18x12_2199od_4959.txt,https://m-selig.ae.illinois.edu/props/volume-4/data/apce_18x12_2199od_4959.txt,463,6d3a1976e07d0b0710c84b8de9b5eaa3e1c09ac4dda5de44c9a51ee08eb35844,J         CT        CP        eta
volume-4/data/apce_18x12_2200od_4991.txt,https://m-selig.ae.illinois.edu/props/volume-4/data/apce_18x12_2200od_4991.txt,970,6307fae8b70d1145d27e2a1eb5c8f2df4c72799358bae9a4ac801fe64643d167,J         CT        CP        eta
volume-4/data/apce_18x12_static_2201od.txt,https://m-selig.ae.illinois.edu/props/volume-4/data/apce_18x12_static_2201od.txt,322,ed78d8376e186e8da4e503df4ceae4e5ae2b9efa66d8e9185bb07a3bb566e834,RPM        CT      CP
volume-4/data/apce_18x8_2175od_2047.txt,https://m-selig.ae.illinois.edu/props/volume-4/data/apce_18x8_2175od_2047.txt,658,d1009153b45b7b1bec4e5c1df0948c849d62b3c9d8b0859b0ff467bad995a479,J         CT        CP        eta
volume-4/data/apce_18x8_2176od_3018.txt,https://m-selig.ae.illinois.edu/props/volume-4/data/apce_18x8_2176od_3018.txt,658,5edec0cd0faf686b0c601e766d388f69aff6f46a2b5244f40d45af73cc004c37,J         CT        CP        eta
volume-4/data/apce_18x8_2177od_3042.txt,https://m-selig.ae.illinois.edu/props/volume-4/data/apce_18x8_2177od_3042.txt,970,176134707a9f62e9eb3abd9f4f6c493c593778e27d51e49d364f54efd7fde0eb,J         CT        CP        eta
volume-4/data/apce_18x8_2178od_3981.txt,https://m-selig.ae.illinois.edu/props/volume-4/data/apce_18x8_2178od_3981.txt,580,0a6ab2b85bc8e57769aa8ed7fee178dbb5e67d8c8b0d533706cd911bc0ba2671,J         CT        CP        eta
volume-4/data/apce_18x8_2179od_4034.txt,https://m-selig.ae.illinois.edu/props/volume-4/data/apce_18x8_2179od_4034.txt,970,a413b79be8405839a1ac93a58129193ab9322a2197bd1fca24e7f91f28e6b9c2,J         CT        CP        eta
volume-4/data/apce_18x8_2180od_4965.txt,https://m-selig.ae.illinois.edu/props/volume-4/data/apce_18x8_2180od_4965.txt,541,adf77dbd573e4c243da26ef78f137157e019f922fea98a6fafc224b7a00ce0f9,J         CT        CP        eta
volume-4/data/apce_18x8_2181od_5028.txt,https://m-selig.ae.illinois.edu/props/volume-4/data/apce_18x8_2181od_5028.txt,970,f9b53f637e22fc103b64476cc01cd24f1a1b79b5265f7b90d98889136831bb6a,J         CT        CP        eta
volume-4/data/apce_18x8_2182od_5961.txt,https://m-selig.ae.illinois.edu/props/volume-4/data/apce_18x8_2182od_5961.txt,463,39e076b411a870590e5fb6354e0a9f90b61f7d18bce030e800af97309616fbe6,J         CT        CP        eta
volume-4/data/apce_18x8_2183od_6013.txt,https://m-selig.ae.illinois.edu/props/volume-4/data/apce_18x8_2183od_6013.txt,970,c85be49bf55a10fa1b9319908b916d916ae260729b26a843087ff716b4808d1d,J         CT        CP        eta
volume-4/data/apce_18x8_static_2184od.txt,https://m-selig.ae.illinois.edu/props/volume-4/data/apce_18x8_static_2184od.txt,352,c84310c3842e7c15ffe961000e42f8883b38cf985ccd66eba322eef824ec1121,RPM        CT      CP
volume-4/data/apce_20x10_2202od_2020.txt,https://m-selig.ae.illinois.edu/props/volume-4/data/apce_20x10_2202od_2020.txt,658,da96206e9a17eafc71492622e3fc200c7b95d8cf8d3b35cded3d47b5198137c2,J         CT        CP        eta
volume-4/data/apce_20x10_2203od_2979.txt,https://m-selig.ae.illinois.edu/props/volume-4/data/apce_20x10_2203od_2979.txt,619,78e89b307187d0011cf94927510a66427f67761b0995c592f54ba19b8faba067,J         CT        CP        eta
volume-4/data/apce_20x10_2204od_3049.txt,https://m-selig.ae.illinois.edu/props/volume-4/data/apce_20x10_2204od_3049.txt,970,360463118b1b79a264b2e8763b941d7e7408a1bdedc301b7b6e3e691977ea0dd,J         CT        CP        eta
volume-4/data/apce_20x10_2205od_3958.txt,https://m-selig.ae.illinois.edu/props/volume-4/data/apce_20x10_2205od_3958.txt,541,5b4e976298bedfb73052fce058bfa9cf4487992403768a114f2419fcac96abac,J         CT        CP        eta
volume-4/data/apce_20x10_2206od_4025.txt,https://m-selig.ae.illinois.edu/props/volume-4/data/apce_20x10_2206od_4025.txt,970,292122fab9c7f3fe0027695c27dc5586142fadaab17a8cd42374479068d09295,J         CT        CP        eta
volume-4/data/apce_20x10_2208od_4506.txt,https://m-selig.ae.illinois.edu/props/volume-4/data/apce_20x10_2208od_4506.txt,970,e64900f5e7062bbb6576f8c545858b6d6d35ae2f001a9e42a762ecfd3ea82f6b,J         CT        CP        eta
volume-4/data/apce_20x10_static_2210od.txt,https://m-selig.ae.illinois.edu/props/volume-4/data/apce_20x10_static_2210od.txt,262,5b5531d0a38c0ed32cce45a8d0069eb204ab82a00e7480696927d20d6d0e9fb9,RPM        CT      CP
volume-4/data/apce_21x13_2211od_2019.txt,https://m-selig.ae.illinois.edu/props/volume-4/data/apce_21x13_2211od_2019.txt,658,38e1597e455835697e33c2497e7769ef1eb3eb3d3445bcf44073eaa817871f09,J         CT        CP        eta
volume-4/data/apce_21x13_2212od_2043.txt,https://m-selig.ae.illinois.edu/props/volume-4/data/apce_21x13_2212od_2043.txt,970,9ce46f8a9ec8d35ce7698bc9e5beb68c576784f677b0fcc8a83a54cb83e4ac01,J         CT        CP        eta
volume-4/data/apce_21x13_2213od_2953.txt,https://m-selig.ae.illinois.edu/props/volume-4/data/apce_21x13_2213od_2953.txt,580,56db826cde1d7334382efafc3a2b5fb8156fedda0009bfa82ac422e951d0a4ec,J         CT        CP        eta
volume-4/data/apce_21x13_2214od_3021.txt,https://m-selig.ae.illinois.edu/props/volume-4/data/apce_21x13_2214od_3021.txt,970,4bf81c1a7dc1816b86aa22addbc416b0acb0dc036cd526aacdac7b6dd66a6ffd,J         CT        CP        eta
volume-4/data/apce_21x13_2215od_1053.txt,https://m-selig.ae.illinois.edu/props/volume-4/data/apce_21x13_2215od_1053.txt,697,4f679ddb82bca55bb8a4bb019672ebef0b468aa91400e43fa337f06de274df08,J         CT        CP        eta
volume-4/data/apce_21x13_2216od_3514.txt,https://m-selig.ae.illinois.edu/props/volume-4/data/apce_21x13_2216od_3514.txt,970,5d9cc6db21a1f1e42e0beb539f51d20ac980a7d703065119f954725ebab1f103,J         CT        CP        eta
volume-4/data/apce_21x13_static_2218od.txt,https://m-selig.ae.illinois.edu/props/volume-4/data/apce_21x13_static_2218od.txt,232,3d6ab2e754838be18fa635a2aa7fa95034d87ea4b01068582a2aeafc47bd41d5,RPM        CT      CP
